{"method": "GET", "path": "/data-integration/data_transformation", "endpoint": "data_integration.node_page", "view-args": {"path": "data_transformation"}, "status": 200, "user": "67151590075fb3ec@lampenwelt.de", "timestamp": "2019-03-26T13:00:44.710876", "browser": "chrome", "browser-platform": "windows", "browser-version": "72.0.3626.121"}
{"method": "GET", "path": "/data-integration/data_transformation", "endpoint": "data_integration.node_page", "view-args": {"path": "data_transformation"}, "status": 200, "user": "67151590075fb3ec@lampenwelt.de", "timestamp": "2019-03-26T13:00:44.848993", "browser": "chrome", "browser-platform": "windows", "browser-version": "72.0.3626.121"}
{"method": "GET", "path": "/data-integration/data_transformation/dependency-graph", "endpoint": "data_integration.dependency_graph", "view-args": {"path": "data_transformation"}, "status": 200, "user": "67151590075fb3ec@lampenwelt.de", "timestamp": "2019-03-26T13:00:45.199210", "browser": "chrome", "browser-platform": "windows", "browser-version": "72.0.3626.121"}
{"method": "GET", "path": "/data-integration/data_transformation/last-runs-selector", "endpoint": "data_integration.last_runs_selector", "view-args": {"path": "data_transformation"}, "status": 200, "user": "67151590075fb3ec@lampenwelt.de", "timestamp": "2019-03-26T13:00:45.252611", "browser": "chrome", "browser-platform": "windows", "browser-version": "72.0.3626.121"}
{"method": "GET", "path": "/data-integration/data_transformation/system-stats", "endpoint": "data_integration.system_stats", "view-args": {"path": "data_transformation", "run_id": null}, "status": 200, "user": "67151590075fb3ec@lampenwelt.de", "timestamp": "2019-03-26T13:00:45.348734", "browser": "chrome", "browser-platform": "windows", "browser-version": "72.0.3626.121"}
{"method": "GET", "path": "/data-integration/data_transformation/timeline-chart", "endpoint": "data_integration.timeline_chart", "view-args": {"path": "data_transformation", "run_id": null}, "status": 200, "user": "67151590075fb3ec@lampenwelt.de", "timestamp": "2019-03-26T13:00:45.411723", "browser": "chrome", "browser-platform": "windows", "browser-version": "72.0.3626.121"}
{"method": "GET", "path": "/data-integration/data_transformation/run-time-chart", "endpoint": "data_integration.run_time_chart", "view-args": {"path": "data_transformation"}, "status": 200, "user": "67151590075fb3ec@lampenwelt.de", "timestamp": "2019-03-26T13:00:45.811073", "browser": "chrome", "browser-platform": "windows", "browser-version": "72.0.3626.121"}
{"method": "GET", "path": "/data-integration/data_transformation/run-output-limited", "endpoint": "data_integration.run_output", "view-args": {"path": "data_transformation", "run_id": null, "limit": true}, "status": 200, "user": "67151590075fb3ec@lampenwelt.de", "timestamp": "2019-03-26T13:00:46.800918", "browser": "chrome", "browser-platform": "windows", "browser-version": "72.0.3626.121"}
{"method": "GET", "path": "/data-integration/data_transformation/pipeline-children-table", "endpoint": "data_integration.pipeline_children_table", "view-args": {"path": "data_transformation"}, "status": 200, "user": "67151590075fb3ec@lampenwelt.de", "timestamp": "2019-03-26T13:00:46.964059", "browser": "chrome", "browser-platform": "windows", "browser-version": "72.0.3626.121"}
{"method": "GET", "path": "/mondrian", "endpoint": "py_mondrian.schema_page", "view-args": {}, "status": 200, "user": "67151590075fb3ec@lampenwelt.de", "timestamp": "2019-03-26T13:00:52.572556", "browser": "chrome", "browser-platform": "windows", "browser-version": "72.0.3626.121"}
{"method": "GET", "path": "/mondrian/graph/Business targets", "endpoint": "py_mondrian.measures_graph", "view-args": {"cube_name": "Business targets"}, "status": 200, "user": "67151590075fb3ec@lampenwelt.de", "timestamp": "2019-03-26T13:00:53.153521", "browser": "chrome", "browser-platform": "windows", "browser-version": "72.0.3626.121"}
{"method": "GET", "path": "/mondrian/graph/Awin performance", "endpoint": "py_mondrian.measures_graph", "view-args": {"cube_name": "Awin performance"}, "status": 200, "user": "67151590075fb3ec@lampenwelt.de", "timestamp": "2019-03-26T13:00:53.155872", "browser": "chrome", "browser-platform": "windows", "browser-version": "72.0.3626.121"}
{"method": "GET", "path": "/mondrian/graph/Ad performance", "endpoint": "py_mondrian.measures_graph", "view-args": {"cube_name": "Ad performance"}, "status": 200, "user": "67151590075fb3ec@lampenwelt.de", "timestamp": "2019-03-26T13:00:53.164257", "browser": "chrome", "browser-platform": "windows", "browser-version": "72.0.3626.121"}
{"method": "GET", "path": "/mondrian/graph/Call center lost call", "endpoint": "py_mondrian.measures_graph", "view-args": {"cube_name": "Call center lost call"}, "status": 200, "user": "67151590075fb3ec@lampenwelt.de", "timestamp": "2019-03-26T13:00:53.209725", "browser": "chrome", "browser-platform": "windows", "browser-version": "72.0.3626.121"}
{"method": "GET", "path": "/mondrian/graph/Call center performance", "endpoint": "py_mondrian.measures_graph", "view-args": {"cube_name": "Call center performance"}, "status": 200, "user": "67151590075fb3ec@lampenwelt.de", "timestamp": "2019-03-26T13:00:53.218878", "browser": "chrome", "browser-platform": "windows", "browser-version": "72.0.3626.121"}
{"method": "GET", "path": "/mondrian/graph/Database size", "endpoint": "py_mondrian.measures_graph", "view-args": {"cube_name": "Database size"}, "status": 200, "user": "67151590075fb3ec@lampenwelt.de", "timestamp": "2019-03-26T13:00:53.220283", "browser": "chrome", "browser-platform": "windows", "browser-version": "72.0.3626.121"}
{"method": "GET", "path": "/mondrian/graph/Email performance", "endpoint": "py_mondrian.measures_graph", "view-args": {"cube_name": "Email performance"}, "status": 200, "user": "67151590075fb3ec@lampenwelt.de", "timestamp": "2019-03-26T13:00:53.242289", "browser": "chrome", "browser-platform": "windows", "browser-version": "72.0.3626.121"}
{"method": "GET", "path": "/mondrian/graph/Email contacts", "endpoint": "py_mondrian.measures_graph", "view-args": {"cube_name": "Email contacts"}, "status": 200, "user": "67151590075fb3ec@lampenwelt.de", "timestamp": "2019-03-26T13:00:53.272900", "browser": "chrome", "browser-platform": "windows", "browser-version": "72.0.3626.121"}
{"method": "GET", "path": "/mondrian/graph/Keywords", "endpoint": "py_mondrian.measures_graph", "view-args": {"cube_name": "Keywords"}, "status": 200, "user": "67151590075fb3ec@lampenwelt.de", "timestamp": "2019-03-26T13:00:53.283333", "browser": "chrome", "browser-platform": "windows", "browser-version": "72.0.3626.121"}
{"method": "GET", "path": "/mondrian/graph/Marketing cost", "endpoint": "py_mondrian.measures_graph", "view-args": {"cube_name": "Marketing cost"}, "status": 200, "user": "67151590075fb3ec@lampenwelt.de", "timestamp": "2019-03-26T13:00:53.304780", "browser": "chrome", "browser-platform": "windows", "browser-version": "72.0.3626.121"}
{"method": "GET", "path": "/mondrian/graph/Marketing touchpoints", "endpoint": "py_mondrian.measures_graph", "view-args": {"cube_name": "Marketing touchpoints"}, "status": 200, "user": "67151590075fb3ec@lampenwelt.de", "timestamp": "2019-03-26T13:00:53.337186", "browser": "chrome", "browser-platform": "windows", "browser-version": "72.0.3626.121"}
{"method": "GET", "path": "/mondrian/graph/Merged Customers", "endpoint": "py_mondrian.measures_graph", "view-args": {"cube_name": "Merged Customers"}, "status": 200, "user": "67151590075fb3ec@lampenwelt.de", "timestamp": "2019-03-26T13:00:53.343172", "browser": "chrome", "browser-platform": "windows", "browser-version": "72.0.3626.121"}
{"method": "GET", "path": "/mondrian/graph/Order items", "endpoint": "py_mondrian.measures_graph", "view-args": {"cube_name": "Order items"}, "status": 200, "user": "67151590075fb3ec@lampenwelt.de", "timestamp": "2019-03-26T13:00:53.361430", "browser": "chrome", "browser-platform": "windows", "browser-version": "72.0.3626.121"}
{"method": "GET", "path": "/mondrian/graph/Products", "endpoint": "py_mondrian.measures_graph", "view-args": {"cube_name": "Products"}, "status": 200, "user": "67151590075fb3ec@lampenwelt.de", "timestamp": "2019-03-26T13:00:53.603878", "browser": "chrome", "browser-platform": "windows", "browser-version": "72.0.3626.121"}
{"method": "GET", "path": "/mondrian/graph/Quotes", "endpoint": "py_mondrian.measures_graph", "view-args": {"cube_name": "Quotes"}, "status": 200, "user": "67151590075fb3ec@lampenwelt.de", "timestamp": "2019-03-26T13:00:53.610765", "browser": "chrome", "browser-platform": "windows", "browser-version": "72.0.3626.121"}
{"method": "GET", "path": "/mondrian/graph/Products online", "endpoint": "py_mondrian.measures_graph", "view-args": {"cube_name": "Products online"}, "status": 200, "user": "67151590075fb3ec@lampenwelt.de", "timestamp": "2019-03-26T13:00:53.623662", "browser": "chrome", "browser-platform": "windows", "browser-version": "72.0.3626.121"}
{"method": "GET", "path": "/mondrian/graph/Sales", "endpoint": "py_mondrian.measures_graph", "view-args": {"cube_name": "Sales"}, "status": 200, "user": "67151590075fb3ec@lampenwelt.de", "timestamp": "2019-03-26T13:00:53.637848", "browser": "chrome", "browser-platform": "windows", "browser-version": "72.0.3626.121"}
{"method": "GET", "path": "/mondrian/graph/Returns", "endpoint": "py_mondrian.measures_graph", "view-args": {"cube_name": "Returns"}, "status": 200, "user": "67151590075fb3ec@lampenwelt.de", "timestamp": "2019-03-26T13:00:53.658258", "browser": "chrome", "browser-platform": "windows", "browser-version": "72.0.3626.121"}
{"method": "GET", "path": "/mondrian/graph/User stats", "endpoint": "py_mondrian.measures_graph", "view-args": {"cube_name": "User stats"}, "status": 200, "user": "67151590075fb3ec@lampenwelt.de", "timestamp": "2019-03-26T13:00:53.678706", "browser": "chrome", "browser-platform": "windows", "browser-version": "72.0.3626.121"}
{"method": "GET", "path": "/mondrian/graph/Warehouse inventory", "endpoint": "py_mondrian.measures_graph", "view-args": {"cube_name": "Warehouse inventory"}, "status": 200, "user": "67151590075fb3ec@lampenwelt.de", "timestamp": "2019-03-26T13:00:53.696742", "browser": "chrome", "browser-platform": "windows", "browser-version": "72.0.3626.121"}
{"method": "GET", "path": "/mondrian/graph/Warehouse shipment", "endpoint": "py_mondrian.measures_graph", "view-args": {"cube_name": "Warehouse shipment"}, "status": 200, "user": "67151590075fb3ec@lampenwelt.de", "timestamp": "2019-03-26T13:00:53.728872", "browser": "chrome", "browser-platform": "windows", "browser-version": "72.0.3626.121"}
{"method": "GET", "path": "/mondrian/graph/Warehouse parcel", "endpoint": "py_mondrian.measures_graph", "view-args": {"cube_name": "Warehouse parcel"}, "status": 200, "user": "67151590075fb3ec@lampenwelt.de", "timestamp": "2019-03-26T13:00:53.729128", "browser": "chrome", "browser-platform": "windows", "browser-version": "72.0.3626.121"}
{"method": "GET", "path": "/mondrian/graph/Warehouse supplies", "endpoint": "py_mondrian.measures_graph", "view-args": {"cube_name": "Warehouse supplies"}, "status": 200, "user": "67151590075fb3ec@lampenwelt.de", "timestamp": "2019-03-26T13:00:53.758802", "browser": "chrome", "browser-platform": "windows", "browser-version": "72.0.3626.121"}
{"method": "GET", "path": "/mondrian/graph/Webshop performance", "endpoint": "py_mondrian.measures_graph", "view-args": {"cube_name": "Webshop performance"}, "status": 200, "user": "67151590075fb3ec@lampenwelt.de", "timestamp": "2019-03-26T13:00:53.777028", "browser": "chrome", "browser-platform": "windows", "browser-version": "72.0.3626.121"}
{"method": "GET", "path": "/mondrian/graph/Weekly Summary", "endpoint": "py_mondrian.measures_graph", "view-args": {"cube_name": "Weekly Summary"}, "status": 200, "user": "67151590075fb3ec@lampenwelt.de", "timestamp": "2019-03-26T13:00:53.793938", "browser": "chrome", "browser-platform": "windows", "browser-version": "72.0.3626.121"}
{"method": "POST", "path": "/mondrian/excel/authorize", "endpoint": "py_mondrian.excel_authorize", "view-args": {}, "status": 200, "user": "35675e68f4b5af7b@localhost", "timestamp": "2019-03-26T13:06:04.525004", "browser": null, "browser-platform": null, "browser-version": null}
{"method": "POST", "path": "/mondrian/excel/authorize", "endpoint": "py_mondrian.excel_authorize", "view-args": {}, "status": 200, "user": "35675e68f4b5af7b@localhost", "timestamp": "2019-03-26T13:06:05.596615", "browser": null, "browser-platform": null, "browser-version": null}
{"method": "POST", "path": "/mondrian/excel/authorize", "endpoint": "py_mondrian.excel_authorize", "view-args": {}, "status": 200, "user": "35675e68f4b5af7b@localhost", "timestamp": "2019-03-26T13:06:06.382188", "browser": null, "browser-platform": null, "browser-version": null}
{"method": "GET", "path": "/mondrian/excel", "endpoint": "py_mondrian.excel", "view-args": {}, "status": 200, "user": "2945b89f775d264f@lampenwelt.de", "timestamp": "2019-03-26T13:06:29.376994", "browser": "chrome", "browser-platform": "windows", "browser-version": "72.0.3626.121"}
{"method": "POST", "path": "/mondrian/excel/authorize", "endpoint": "py_mondrian.excel_authorize", "view-args": {}, "status": 200, "user": "35675e68f4b5af7b@localhost", "timestamp": "2019-03-26T13:06:36.627798", "browser": null, "browser-platform": null, "browser-version": null}
{"method": "POST", "path": "/mondrian/excel/authorize", "endpoint": "py_mondrian.excel_authorize", "view-args": {}, "status": 200, "user": "35675e68f4b5af7b@localhost", "timestamp": "2019-03-26T13:06:40.707123", "browser": null, "browser-platform": null, "browser-version": null}
{"method": "POST", "path": "/mondrian/saiku/authorize", "endpoint": "py_mondrian.saiku_authorize", "view-args": {}, "status": 200, "user": "35675e68f4b5af7b@localhost", "timestamp": "2019-03-26T13:09:57.480685", "browser": null, "browser-platform": null, "browser-version": null}
{"method": "POST", "path": "/mondrian/saiku/authorize", "endpoint": "py_mondrian.saiku_authorize", "view-args": {}, "status": 200, "user": "35675e68f4b5af7b@localhost", "timestamp": "2019-03-26T13:09:57.698622", "browser": null, "browser-platform": null, "browser-version": null}
{"method": "POST", "path": "/dashboards/sales-comparison", "endpoint": "dashboards.view_dashboard", "view-args": {"id": "sales-comparison"}, "status": 200, "user": "5f50a84c1fa3bcff@lampenwelt.de", "timestamp": "2019-03-26T13:25:48.102118", "browser": "chrome", "browser-platform": "windows", "browser-version": "70.0.3538.102"}
{"method": "GET", "path": "/dashboards/sales-comparison", "endpoint": "dashboards.view_dashboard", "view-args": {"id": "sales-comparison"}, "status": 200, "user": "5f50a84c1fa3bcff@lampenwelt.de", "timestamp": "2019-03-26T13:25:48.390192", "browser": "chrome", "browser-platform": "windows", "browser-version": "70.0.3538.102"}
{"method": "GET", "path": "/dashboards/_render_async_sql_query/9c7deacd-88e8-4cec-a8b9-459ff1a2d765", "endpoint": "dashboards.render_async_sql_query", "view-args": {"id": "9c7deacd-88e8-4cec-a8b9-459ff1a2d765"}, "status": 200, "user": "5f50a84c1fa3bcff@lampenwelt.de", "timestamp": "2019-03-26T13:25:48.510390", "browser": "chrome", "browser-platform": "windows", "browser-version": "70.0.3538.102"}
{"method": "GET", "path": "/dashboards/_render_async_sql_query/ab981d74-1fe5-4c2e-8ae1-b8b091413660", "endpoint": "dashboards.render_async_sql_query", "view-args": {"id": "ab981d74-1fe5-4c2e-8ae1-b8b091413660"}, "status": 200, "user": "5f50a84c1fa3bcff@lampenwelt.de", "timestamp": "2019-03-26T13:25:48.511365", "browser": "chrome", "browser-platform": "windows", "browser-version": "70.0.3538.102"}
{"method": "GET", "path": "/dashboards/_render_async_sql_query/a5a36ea4-61af-44c6-a26c-37779ef14764", "endpoint": "dashboards.render_async_sql_query", "view-args": {"id": "a5a36ea4-61af-44c6-a26c-37779ef14764"}, "status": 200, "user": "5f50a84c1fa3bcff@lampenwelt.de", "timestamp": "2019-03-26T13:25:48.512121", "browser": "chrome", "browser-platform": "windows", "browser-version": "70.0.3538.102"}
{"method": "GET", "path": "/dashboards/_last_marketing_cost/sales-comparison", "endpoint": "dashboards.last_marketing_cost", "view-args": {"id": "sales-comparison"}, "status": 200, "user": "5f50a84c1fa3bcff@lampenwelt.de", "timestamp": "2019-03-26T13:25:48.522244", "browser": "chrome", "browser-platform": "windows", "browser-version": "70.0.3538.102"}
{"method": "GET", "path": "/dashboards/_render_async_sql_query/23bc8b61-b55f-4d10-ab15-8725b9e7ac92", "endpoint": "dashboards.render_async_sql_query", "view-args": {"id": "23bc8b61-b55f-4d10-ab15-8725b9e7ac92"}, "status": 200, "user": "5f50a84c1fa3bcff@lampenwelt.de", "timestamp": "2019-03-26T13:25:48.532439", "browser": "chrome", "browser-platform": "windows", "browser-version": "70.0.3538.102"}
{"method": "GET", "path": "/dashboards/_last_successful_import", "endpoint": "dashboards.last_successful_import", "view-args": {}, "status": 200, "user": "5f50a84c1fa3bcff@lampenwelt.de", "timestamp": "2019-03-26T13:25:48.533585", "browser": "chrome", "browser-platform": "windows", "browser-version": "70.0.3538.102"}
{"method": "GET", "path": "/dashboards/_render_async_sql_query/8b02fe6d-929c-4946-9217-5756d2424c1e", "endpoint": "dashboards.render_async_sql_query", "view-args": {"id": "8b02fe6d-929c-4946-9217-5756d2424c1e"}, "status": 200, "user": "5f50a84c1fa3bcff@lampenwelt.de", "timestamp": "2019-03-26T13:25:48.546046", "browser": "chrome", "browser-platform": "windows", "browser-version": "70.0.3538.102"}
{"method": "GET", "path": "/dashboards/_render_async_sql_query/3b0156c3-4e72-4869-85b4-f7822231155a", "endpoint": "dashboards.render_async_sql_query", "view-args": {"id": "3b0156c3-4e72-4869-85b4-f7822231155a"}, "status": 200, "user": "5f50a84c1fa3bcff@lampenwelt.de", "timestamp": "2019-03-26T13:25:48.553907", "browser": "chrome", "browser-platform": "windows", "browser-version": "70.0.3538.102"}
{"method": "POST", "path": "/mondrian/saiku/authorize", "endpoint": "py_mondrian.saiku_authorize", "view-args": {}, "status": 200, "user": "35675e68f4b5af7b@localhost", "timestamp": "2019-03-26T13:38:20.926351", "browser": null, "browser-platform": null, "browser-version": null}
{"method": "POST", "path": "/mondrian/saiku/authorize", "endpoint": "py_mondrian.saiku_authorize", "view-args": {}, "status": 200, "user": "35675e68f4b5af7b@localhost", "timestamp": "2019-03-26T13:46:49.498744", "browser": null, "browser-platform": null, "browser-version": null}
{"method": "POST", "path": "/mondrian/saiku/authorize", "endpoint": "py_mondrian.saiku_authorize", "view-args": {}, "status": 200, "user": "35675e68f4b5af7b@localhost", "timestamp": "2019-03-26T13:46:49.624416", "browser": null, "browser-platform": null, "browser-version": null}
