{"method": "GET", "path": "/dashboards/sales-comparison", "endpoint": "dashboards.view_dashboard", "view-args": {"id": "sales-comparison"}, "status": 200, "user": "2945b89f775d264f@lampenwelt.de", "timestamp": "2019-03-26T07:17:04.716440", "browser": "chrome", "browser-platform": "windows", "browser-version": "72.0.3626.121"}
{"method": "GET", "path": "/dashboards/_render_async_sql_query/7a5a28ff-ce64-406d-86f8-22a2ea2a07d7", "endpoint": "dashboards.render_async_sql_query", "view-args": {"id": "7a5a28ff-ce64-406d-86f8-22a2ea2a07d7"}, "status": 200, "user": "2945b89f775d264f@lampenwelt.de", "timestamp": "2019-03-26T07:17:05.274626", "browser": "chrome", "browser-platform": "windows", "browser-version": "72.0.3626.121"}
{"method": "GET", "path": "/dashboards/_render_async_sql_query/54030da7-6cb4-4237-8183-060080f9b429", "endpoint": "dashboards.render_async_sql_query", "view-args": {"id": "54030da7-6cb4-4237-8183-060080f9b429"}, "status": 200, "user": "2945b89f775d264f@lampenwelt.de", "timestamp": "2019-03-26T07:17:05.277288", "browser": "chrome", "browser-platform": "windows", "browser-version": "72.0.3626.121"}
{"method": "GET", "path": "/dashboards/_render_async_sql_query/7b239e5c-c319-437b-9c45-f9cff27430e1", "endpoint": "dashboards.render_async_sql_query", "view-args": {"id": "7b239e5c-c319-437b-9c45-f9cff27430e1"}, "status": 200, "user": "2945b89f775d264f@lampenwelt.de", "timestamp": "2019-03-26T07:17:05.280171", "browser": "chrome", "browser-platform": "windows", "browser-version": "72.0.3626.121"}
{"method": "GET", "path": "/dashboards/_last_marketing_cost/sales-comparison", "endpoint": "dashboards.last_marketing_cost", "view-args": {"id": "sales-comparison"}, "status": 200, "user": "2945b89f775d264f@lampenwelt.de", "timestamp": "2019-03-26T07:17:05.287462", "browser": "chrome", "browser-platform": "windows", "browser-version": "72.0.3626.121"}
{"method": "GET", "path": "/dashboards/_render_async_sql_query/333a2e69-d5f6-49f7-8efa-2251357e74f0", "endpoint": "dashboards.render_async_sql_query", "view-args": {"id": "333a2e69-d5f6-49f7-8efa-2251357e74f0"}, "status": 200, "user": "2945b89f775d264f@lampenwelt.de", "timestamp": "2019-03-26T07:17:05.302588", "browser": "chrome", "browser-platform": "windows", "browser-version": "72.0.3626.121"}
{"method": "GET", "path": "/dashboards/_last_successful_import", "endpoint": "dashboards.last_successful_import", "view-args": {}, "status": 200, "user": "2945b89f775d264f@lampenwelt.de", "timestamp": "2019-03-26T07:17:05.303734", "browser": "chrome", "browser-platform": "windows", "browser-version": "72.0.3626.121"}
{"method": "GET", "path": "/dashboards/_render_async_sql_query/d0d4bef7-0097-4233-a5f9-eed06ec64147", "endpoint": "dashboards.render_async_sql_query", "view-args": {"id": "d0d4bef7-0097-4233-a5f9-eed06ec64147"}, "status": 200, "user": "2945b89f775d264f@lampenwelt.de", "timestamp": "2019-03-26T07:17:05.329784", "browser": "chrome", "browser-platform": "windows", "browser-version": "72.0.3626.121"}
{"method": "GET", "path": "/dashboards/_render_async_sql_query/6a612142-c84f-4e28-a072-c6479cb6992c", "endpoint": "dashboards.render_async_sql_query", "view-args": {"id": "6a612142-c84f-4e28-a072-c6479cb6992c"}, "status": 200, "user": "2945b89f775d264f@lampenwelt.de", "timestamp": "2019-03-26T07:17:05.330915", "browser": "chrome", "browser-platform": "windows", "browser-version": "72.0.3626.121"}
{"method": "POST", "path": "/mondrian/excel/authorize", "endpoint": "py_mondrian.excel_authorize", "view-args": {}, "status": 200, "user": "35675e68f4b5af7b@localhost", "timestamp": "2019-03-26T07:19:16.995891", "browser": null, "browser-platform": null, "browser-version": null}
{"method": "GET", "path": "/dashboards/marketing-overview", "endpoint": "dashboards.view_dashboard", "view-args": {"id": "marketing-overview"}, "status": 200, "user": "5b7720289cab3093@lampenwelt.de", "timestamp": "2019-03-26T07:22:48.395866", "browser": "chrome", "browser-platform": "windows", "browser-version": "73.0.3683.86"}
{"method": "GET", "path": "/dashboards/_render_async_sql_query/4cd0bf66-90bc-423d-9ece-d25210eedbaf", "endpoint": "dashboards.render_async_sql_query", "view-args": {"id": "4cd0bf66-90bc-423d-9ece-d25210eedbaf"}, "status": 200, "user": "5b7720289cab3093@lampenwelt.de", "timestamp": "2019-03-26T07:22:57.497749", "browser": "chrome", "browser-platform": "windows", "browser-version": "73.0.3683.86"}
{"method": "GET", "path": "/dashboards/_render_async_sql_query/79b5c4fb-f09d-4b23-baf2-88e3c887811b", "endpoint": "dashboards.render_async_sql_query", "view-args": {"id": "79b5c4fb-f09d-4b23-baf2-88e3c887811b"}, "status": 200, "user": "5b7720289cab3093@lampenwelt.de", "timestamp": "2019-03-26T07:22:57.502362", "browser": "chrome", "browser-platform": "windows", "browser-version": "73.0.3683.86"}
{"method": "GET", "path": "/dashboards/_last_successful_import", "endpoint": "dashboards.last_successful_import", "view-args": {}, "status": 200, "user": "5b7720289cab3093@lampenwelt.de", "timestamp": "2019-03-26T07:22:57.517711", "browser": "chrome", "browser-platform": "windows", "browser-version": "73.0.3683.86"}
{"method": "GET", "path": "/dashboards/_last_marketing_cost/marketing-overview", "endpoint": "dashboards.last_marketing_cost", "view-args": {"id": "marketing-overview"}, "status": 200, "user": "5b7720289cab3093@lampenwelt.de", "timestamp": "2019-03-26T07:22:57.534369", "browser": "chrome", "browser-platform": "windows", "browser-version": "73.0.3683.86"}
{"method": "GET", "path": "/mondrian/excel", "endpoint": "py_mondrian.excel", "view-args": {}, "status": 200, "user": "9942c672b9354771@lampenwelt.de", "timestamp": "2019-03-26T07:22:57.571512", "browser": "chrome", "browser-platform": "windows", "browser-version": "73.0.3683.86"}
{"method": "GET", "path": "/data-sets/orders", "endpoint": "data_sets.data_set_page", "view-args": {"data_set_id": "orders", "query_id": null}, "status": 200, "user": "5b7720289cab3093@lampenwelt.de", "timestamp": "2019-03-26T07:22:57.584398", "browser": "chrome", "browser-platform": "windows", "browser-version": "73.0.3683.86"}
{"method": "GET", "path": "/dashboards/_render_async_sql_query/17c7e087-a5c0-4842-8a00-5554bf174031", "endpoint": "dashboards.render_async_sql_query", "view-args": {"id": "17c7e087-a5c0-4842-8a00-5554bf174031"}, "status": 200, "user": "5b7720289cab3093@lampenwelt.de", "timestamp": "2019-03-26T07:22:57.923030", "browser": "chrome", "browser-platform": "windows", "browser-version": "73.0.3683.86"}
{"method": "GET", "path": "/dashboards/_render_async_sql_query/93aaebc0-c011-443e-b9f2-5c24a7deff45", "endpoint": "dashboards.render_async_sql_query", "view-args": {"id": "93aaebc0-c011-443e-b9f2-5c24a7deff45"}, "status": 200, "user": "5b7720289cab3093@lampenwelt.de", "timestamp": "2019-03-26T07:23:04.793428", "browser": "chrome", "browser-platform": "windows", "browser-version": "73.0.3683.86"}
{"method": "GET", "path": "/dashboards/_render_async_sql_query/ac8455c6-b1e8-4110-8a43-05de41f4c0e1", "endpoint": "dashboards.render_async_sql_query", "view-args": {"id": "ac8455c6-b1e8-4110-8a43-05de41f4c0e1"}, "status": 200, "user": "5b7720289cab3093@lampenwelt.de", "timestamp": "2019-03-26T07:23:05.128015", "browser": "chrome", "browser-platform": "windows", "browser-version": "73.0.3683.86"}
{"method": "POST", "path": "/data-sets/.initialize", "endpoint": "data_sets.initialize_query", "view-args": {}, "status": 200, "user": "5b7720289cab3093@lampenwelt.de", "timestamp": "2019-03-26T07:23:05.527869", "browser": "chrome", "browser-platform": "windows", "browser-version": "73.0.3683.86"}
{"method": "GET", "path": "/dashboards/_render_async_sql_query/24ee5c97-afc7-4d1c-9521-d73222c67ccc", "endpoint": "dashboards.render_async_sql_query", "view-args": {"id": "24ee5c97-afc7-4d1c-9521-d73222c67ccc"}, "status": 200, "user": "5b7720289cab3093@lampenwelt.de", "timestamp": "2019-03-26T07:23:05.594356", "browser": "chrome", "browser-platform": "windows", "browser-version": "73.0.3683.86"}
{"method": "POST", "path": "/data-sets/.preview", "endpoint": "data_sets.preview", "view-args": {}, "status": 200, "user": "5b7720289cab3093@lampenwelt.de", "timestamp": "2019-03-26T07:23:05.655052", "browser": "chrome", "browser-platform": "windows", "browser-version": "73.0.3683.86"}
{"method": "POST", "path": "/data-sets/.row-count", "endpoint": "data_sets.row_count", "view-args": {}, "status": 200, "user": "5b7720289cab3093@lampenwelt.de", "timestamp": "2019-03-26T07:23:05.912205", "browser": "chrome", "browser-platform": "windows", "browser-version": "73.0.3683.86"}
{"method": "POST", "path": "/data-sets/.distribution-chart-6", "endpoint": "data_sets.distribution_chart", "view-args": {"pos": 6}, "status": 200, "user": "5b7720289cab3093@lampenwelt.de", "timestamp": "2019-03-26T07:23:08.751625", "browser": "chrome", "browser-platform": "windows", "browser-version": "73.0.3683.86"}
{"method": "POST", "path": "/mondrian/excel/authorize", "endpoint": "py_mondrian.excel_authorize", "view-args": {}, "status": 200, "user": "35675e68f4b5af7b@localhost", "timestamp": "2019-03-26T07:23:08.761976", "browser": null, "browser-platform": null, "browser-version": null}
{"method": "POST", "path": "/data-sets/.distribution-chart-2", "endpoint": "data_sets.distribution_chart", "view-args": {"pos": 2}, "status": 200, "user": "5b7720289cab3093@lampenwelt.de", "timestamp": "2019-03-26T07:23:10.236382", "browser": "chrome", "browser-platform": "windows", "browser-version": "73.0.3683.86"}
{"method": "POST", "path": "/data-sets/.distribution-chart-0", "endpoint": "data_sets.distribution_chart", "view-args": {"pos": 0}, "status": 200, "user": "5b7720289cab3093@lampenwelt.de", "timestamp": "2019-03-26T07:23:10.802721", "browser": "chrome", "browser-platform": "windows", "browser-version": "73.0.3683.86"}
{"method": "POST", "path": "/data-sets/.distribution-chart-12", "endpoint": "data_sets.distribution_chart", "view-args": {"pos": 12}, "status": 200, "user": "5b7720289cab3093@lampenwelt.de", "timestamp": "2019-03-26T07:23:10.865428", "browser": "chrome", "browser-platform": "windows", "browser-version": "73.0.3683.86"}
{"method": "POST", "path": "/data-sets/.filter-row-count-0", "endpoint": "data_sets.filter_row_count", "view-args": {"filter_pos": 0}, "status": 200, "user": "5b7720289cab3093@lampenwelt.de", "timestamp": "2019-03-26T07:23:10.901737", "browser": "chrome", "browser-platform": "windows", "browser-version": "73.0.3683.86"}
{"method": "POST", "path": "/data-sets/.distribution-chart-0", "endpoint": "data_sets.distribution_chart", "view-args": {"pos": 0}, "status": 200, "user": "5b7720289cab3093@lampenwelt.de", "timestamp": "2019-03-26T07:23:11.303880", "browser": "chrome", "browser-platform": "windows", "browser-version": "73.0.3683.86"}
{"method": "POST", "path": "/data-sets/.distribution-chart-14", "endpoint": "data_sets.distribution_chart", "view-args": {"pos": 14}, "status": 200, "user": "5b7720289cab3093@lampenwelt.de", "timestamp": "2019-03-26T07:23:11.513994", "browser": "chrome", "browser-platform": "windows", "browser-version": "73.0.3683.86"}
{"method": "POST", "path": "/data-sets/.preview", "endpoint": "data_sets.preview", "view-args": {}, "status": 200, "user": "5b7720289cab3093@lampenwelt.de", "timestamp": "2019-03-26T07:23:11.565853", "browser": "chrome", "browser-platform": "windows", "browser-version": "73.0.3683.86"}
{"method": "POST", "path": "/data-sets/.distribution-chart-2", "endpoint": "data_sets.distribution_chart", "view-args": {"pos": 2}, "status": 200, "user": "5b7720289cab3093@lampenwelt.de", "timestamp": "2019-03-26T07:23:11.982011", "browser": "chrome", "browser-platform": "windows", "browser-version": "73.0.3683.86"}
{"method": "POST", "path": "/data-sets/.distribution-chart-6", "endpoint": "data_sets.distribution_chart", "view-args": {"pos": 6}, "status": 200, "user": "5b7720289cab3093@lampenwelt.de", "timestamp": "2019-03-26T07:23:12.027862", "browser": "chrome", "browser-platform": "windows", "browser-version": "73.0.3683.86"}
{"method": "POST", "path": "/data-sets/.distribution-chart-10", "endpoint": "data_sets.distribution_chart", "view-args": {"pos": 10}, "status": 200, "user": "5b7720289cab3093@lampenwelt.de", "timestamp": "2019-03-26T07:23:12.562764", "browser": "chrome", "browser-platform": "windows", "browser-version": "73.0.3683.86"}
{"method": "POST", "path": "/data-sets/.distribution-chart-12", "endpoint": "data_sets.distribution_chart", "view-args": {"pos": 12}, "status": 200, "user": "5b7720289cab3093@lampenwelt.de", "timestamp": "2019-03-26T07:23:12.617778", "browser": "chrome", "browser-platform": "windows", "browser-version": "73.0.3683.86"}
{"method": "GET", "path": "/data-sets/.auto-complete", "endpoint": "data_sets.auto_complete", "view-args": {}, "status": 200, "user": "5b7720289cab3093@lampenwelt.de", "timestamp": "2019-03-26T07:23:12.680052", "browser": "chrome", "browser-platform": "windows", "browser-version": "73.0.3683.86"}
{"method": "POST", "path": "/data-sets/.distribution-chart-10", "endpoint": "data_sets.distribution_chart", "view-args": {"pos": 10}, "status": 200, "user": "5b7720289cab3093@lampenwelt.de", "timestamp": "2019-03-26T07:23:12.856493", "browser": "chrome", "browser-platform": "windows", "browser-version": "73.0.3683.86"}
{"method": "POST", "path": "/data-sets/.row-count", "endpoint": "data_sets.row_count", "view-args": {}, "status": 200, "user": "5b7720289cab3093@lampenwelt.de", "timestamp": "2019-03-26T07:23:12.891071", "browser": "chrome", "browser-platform": "windows", "browser-version": "73.0.3683.86"}
{"method": "POST", "path": "/data-sets/.distribution-chart-14", "endpoint": "data_sets.distribution_chart", "view-args": {"pos": 14}, "status": 200, "user": "5b7720289cab3093@lampenwelt.de", "timestamp": "2019-03-26T07:23:13.013341", "browser": "chrome", "browser-platform": "windows", "browser-version": "73.0.3683.86"}
{"method": "POST", "path": "/data-sets/.distribution-chart-15", "endpoint": "data_sets.distribution_chart", "view-args": {"pos": 15}, "status": 200, "user": "5b7720289cab3093@lampenwelt.de", "timestamp": "2019-03-26T07:23:13.213805", "browser": "chrome", "browser-platform": "windows", "browser-version": "73.0.3683.86"}
{"method": "POST", "path": "/data-sets/.row-count", "endpoint": "data_sets.row_count", "view-args": {}, "status": 200, "user": "5b7720289cab3093@lampenwelt.de", "timestamp": "2019-03-26T07:23:13.377545", "browser": "chrome", "browser-platform": "windows", "browser-version": "73.0.3683.86"}
{"method": "POST", "path": "/data-sets/.filter-row-count-0", "endpoint": "data_sets.filter_row_count", "view-args": {"filter_pos": 0}, "status": 200, "user": "5b7720289cab3093@lampenwelt.de", "timestamp": "2019-03-26T07:23:13.637972", "browser": "chrome", "browser-platform": "windows", "browser-version": "73.0.3683.86"}
{"method": "POST", "path": "/data-sets/.preview", "endpoint": "data_sets.preview", "view-args": {}, "status": 200, "user": "5b7720289cab3093@lampenwelt.de", "timestamp": "2019-03-26T07:23:13.665217", "browser": "chrome", "browser-platform": "windows", "browser-version": "73.0.3683.86"}
{"method": "POST", "path": "/data-sets/.distribution-chart-0", "endpoint": "data_sets.distribution_chart", "view-args": {"pos": 0}, "status": 200, "user": "5b7720289cab3093@lampenwelt.de", "timestamp": "2019-03-26T07:23:13.806175", "browser": "chrome", "browser-platform": "windows", "browser-version": "73.0.3683.86"}
{"method": "POST", "path": "/data-sets/.distribution-chart-6", "endpoint": "data_sets.distribution_chart", "view-args": {"pos": 6}, "status": 200, "user": "5b7720289cab3093@lampenwelt.de", "timestamp": "2019-03-26T07:23:14.238591", "browser": "chrome", "browser-platform": "windows", "browser-version": "73.0.3683.86"}
{"method": "POST", "path": "/data-sets/.distribution-chart-2", "endpoint": "data_sets.distribution_chart", "view-args": {"pos": 2}, "status": 200, "user": "5b7720289cab3093@lampenwelt.de", "timestamp": "2019-03-26T07:23:14.296285", "browser": "chrome", "browser-platform": "windows", "browser-version": "73.0.3683.86"}
{"method": "POST", "path": "/data-sets/.distribution-chart-10", "endpoint": "data_sets.distribution_chart", "view-args": {"pos": 10}, "status": 200, "user": "5b7720289cab3093@lampenwelt.de", "timestamp": "2019-03-26T07:23:14.503619", "browser": "chrome", "browser-platform": "windows", "browser-version": "73.0.3683.86"}
{"method": "POST", "path": "/data-sets/.distribution-chart-12", "endpoint": "data_sets.distribution_chart", "view-args": {"pos": 12}, "status": 200, "user": "5b7720289cab3093@lampenwelt.de", "timestamp": "2019-03-26T07:23:14.728503", "browser": "chrome", "browser-platform": "windows", "browser-version": "73.0.3683.86"}
{"method": "POST", "path": "/data-sets/.distribution-chart-14", "endpoint": "data_sets.distribution_chart", "view-args": {"pos": 14}, "status": 200, "user": "5b7720289cab3093@lampenwelt.de", "timestamp": "2019-03-26T07:23:14.839862", "browser": "chrome", "browser-platform": "windows", "browser-version": "73.0.3683.86"}
{"method": "POST", "path": "/data-sets/.distribution-chart-15", "endpoint": "data_sets.distribution_chart", "view-args": {"pos": 15}, "status": 200, "user": "5b7720289cab3093@lampenwelt.de", "timestamp": "2019-03-26T07:23:14.997997", "browser": "chrome", "browser-platform": "windows", "browser-version": "73.0.3683.86"}
{"method": "POST", "path": "/data-sets/.row-count", "endpoint": "data_sets.row_count", "view-args": {}, "status": 200, "user": "5b7720289cab3093@lampenwelt.de", "timestamp": "2019-03-26T07:23:28.481636", "browser": "chrome", "browser-platform": "windows", "browser-version": "73.0.3683.86"}
{"method": "POST", "path": "/data-sets/.filter-row-count-0", "endpoint": "data_sets.filter_row_count", "view-args": {"filter_pos": 0}, "status": 200, "user": "5b7720289cab3093@lampenwelt.de", "timestamp": "2019-03-26T07:23:28.493582", "browser": "chrome", "browser-platform": "windows", "browser-version": "73.0.3683.86"}
{"method": "POST", "path": "/data-sets/.preview", "endpoint": "data_sets.preview", "view-args": {}, "status": 200, "user": "5b7720289cab3093@lampenwelt.de", "timestamp": "2019-03-26T07:23:28.497667", "browser": "chrome", "browser-platform": "windows", "browser-version": "73.0.3683.86"}
{"method": "POST", "path": "/data-sets/.distribution-chart-6", "endpoint": "data_sets.distribution_chart", "view-args": {"pos": 6}, "status": 200, "user": "5b7720289cab3093@lampenwelt.de", "timestamp": "2019-03-26T07:23:28.985540", "browser": "chrome", "browser-platform": "windows", "browser-version": "73.0.3683.86"}
{"method": "POST", "path": "/data-sets/.distribution-chart-0", "endpoint": "data_sets.distribution_chart", "view-args": {"pos": 0}, "status": 200, "user": "5b7720289cab3093@lampenwelt.de", "timestamp": "2019-03-26T07:23:28.988049", "browser": "chrome", "browser-platform": "windows", "browser-version": "73.0.3683.86"}
{"method": "POST", "path": "/data-sets/.distribution-chart-2", "endpoint": "data_sets.distribution_chart", "view-args": {"pos": 2}, "status": 200, "user": "5b7720289cab3093@lampenwelt.de", "timestamp": "2019-03-26T07:23:29.052850", "browser": "chrome", "browser-platform": "windows", "browser-version": "73.0.3683.86"}
{"method": "POST", "path": "/data-sets/.distribution-chart-12", "endpoint": "data_sets.distribution_chart", "view-args": {"pos": 12}, "status": 200, "user": "5b7720289cab3093@lampenwelt.de", "timestamp": "2019-03-26T07:23:29.446861", "browser": "chrome", "browser-platform": "windows", "browser-version": "73.0.3683.86"}
{"method": "POST", "path": "/data-sets/.distribution-chart-10", "endpoint": "data_sets.distribution_chart", "view-args": {"pos": 10}, "status": 200, "user": "5b7720289cab3093@lampenwelt.de", "timestamp": "2019-03-26T07:23:29.484254", "browser": "chrome", "browser-platform": "windows", "browser-version": "73.0.3683.86"}
{"method": "POST", "path": "/data-sets/.distribution-chart-14", "endpoint": "data_sets.distribution_chart", "view-args": {"pos": 14}, "status": 200, "user": "5b7720289cab3093@lampenwelt.de", "timestamp": "2019-03-26T07:23:29.513977", "browser": "chrome", "browser-platform": "windows", "browser-version": "73.0.3683.86"}
{"method": "POST", "path": "/data-sets/.row-count", "endpoint": "data_sets.row_count", "view-args": {}, "status": 200, "user": "5b7720289cab3093@lampenwelt.de", "timestamp": "2019-03-26T07:23:29.795784", "browser": "chrome", "browser-platform": "windows", "browser-version": "73.0.3683.86"}
{"method": "POST", "path": "/data-sets/.filter-row-count-0", "endpoint": "data_sets.filter_row_count", "view-args": {"filter_pos": 0}, "status": 200, "user": "5b7720289cab3093@lampenwelt.de", "timestamp": "2019-03-26T07:23:29.833090", "browser": "chrome", "browser-platform": "windows", "browser-version": "73.0.3683.86"}
{"method": "POST", "path": "/data-sets/.preview", "endpoint": "data_sets.preview", "view-args": {}, "status": 200, "user": "5b7720289cab3093@lampenwelt.de", "timestamp": "2019-03-26T07:23:30.121083", "browser": "chrome", "browser-platform": "windows", "browser-version": "73.0.3683.86"}
{"method": "POST", "path": "/data-sets/.distribution-chart-0", "endpoint": "data_sets.distribution_chart", "view-args": {"pos": 0}, "status": 200, "user": "5b7720289cab3093@lampenwelt.de", "timestamp": "2019-03-26T07:23:30.182164", "browser": "chrome", "browser-platform": "windows", "browser-version": "73.0.3683.86"}
{"method": "POST", "path": "/data-sets/.distribution-chart-2", "endpoint": "data_sets.distribution_chart", "view-args": {"pos": 2}, "status": 200, "user": "5b7720289cab3093@lampenwelt.de", "timestamp": "2019-03-26T07:23:30.352018", "browser": "chrome", "browser-platform": "windows", "browser-version": "73.0.3683.86"}
{"method": "POST", "path": "/data-sets/.distribution-chart-6", "endpoint": "data_sets.distribution_chart", "view-args": {"pos": 6}, "status": 200, "user": "5b7720289cab3093@lampenwelt.de", "timestamp": "2019-03-26T07:23:30.648487", "browser": "chrome", "browser-platform": "windows", "browser-version": "73.0.3683.86"}
{"method": "POST", "path": "/data-sets/.distribution-chart-10", "endpoint": "data_sets.distribution_chart", "view-args": {"pos": 10}, "status": 200, "user": "5b7720289cab3093@lampenwelt.de", "timestamp": "2019-03-26T07:23:30.748871", "browser": "chrome", "browser-platform": "windows", "browser-version": "73.0.3683.86"}
{"method": "POST", "path": "/data-sets/.distribution-chart-12", "endpoint": "data_sets.distribution_chart", "view-args": {"pos": 12}, "status": 200, "user": "5b7720289cab3093@lampenwelt.de", "timestamp": "2019-03-26T07:23:30.814026", "browser": "chrome", "browser-platform": "windows", "browser-version": "73.0.3683.86"}
{"method": "POST", "path": "/data-sets/.distribution-chart-14", "endpoint": "data_sets.distribution_chart", "view-args": {"pos": 14}, "status": 200, "user": "5b7720289cab3093@lampenwelt.de", "timestamp": "2019-03-26T07:23:31.099564", "browser": "chrome", "browser-platform": "windows", "browser-version": "73.0.3683.86"}
{"method": "POST", "path": "/data-sets/.distribution-chart-15", "endpoint": "data_sets.distribution_chart", "view-args": {"pos": 15}, "status": 200, "user": "5b7720289cab3093@lampenwelt.de", "timestamp": "2019-03-26T07:23:31.193643", "browser": "chrome", "browser-platform": "windows", "browser-version": "73.0.3683.86"}
{"method": "POST", "path": "/data-sets/.row-count", "endpoint": "data_sets.row_count", "view-args": {}, "status": 200, "user": "5b7720289cab3093@lampenwelt.de", "timestamp": "2019-03-26T07:23:42.726641", "browser": "chrome", "browser-platform": "windows", "browser-version": "73.0.3683.86"}
{"method": "POST", "path": "/data-sets/.filter-row-count-0", "endpoint": "data_sets.filter_row_count", "view-args": {"filter_pos": 0}, "status": 200, "user": "5b7720289cab3093@lampenwelt.de", "timestamp": "2019-03-26T07:23:42.735667", "browser": "chrome", "browser-platform": "windows", "browser-version": "73.0.3683.86"}
{"method": "POST", "path": "/data-sets/.preview", "endpoint": "data_sets.preview", "view-args": {}, "status": 200, "user": "5b7720289cab3093@lampenwelt.de", "timestamp": "2019-03-26T07:23:42.745224", "browser": "chrome", "browser-platform": "windows", "browser-version": "73.0.3683.86"}
{"method": "POST", "path": "/data-sets/.distribution-chart-0", "endpoint": "data_sets.distribution_chart", "view-args": {"pos": 0}, "status": 200, "user": "5b7720289cab3093@lampenwelt.de", "timestamp": "2019-03-26T07:23:43.150813", "browser": "chrome", "browser-platform": "windows", "browser-version": "73.0.3683.86"}
{"method": "POST", "path": "/data-sets/.distribution-chart-6", "endpoint": "data_sets.distribution_chart", "view-args": {"pos": 6}, "status": 200, "user": "5b7720289cab3093@lampenwelt.de", "timestamp": "2019-03-26T07:23:43.209600", "browser": "chrome", "browser-platform": "windows", "browser-version": "73.0.3683.86"}
{"method": "POST", "path": "/data-sets/.distribution-chart-2", "endpoint": "data_sets.distribution_chart", "view-args": {"pos": 2}, "status": 200, "user": "5b7720289cab3093@lampenwelt.de", "timestamp": "2019-03-26T07:23:43.283390", "browser": "chrome", "browser-platform": "windows", "browser-version": "73.0.3683.86"}
{"method": "POST", "path": "/data-sets/.distribution-chart-10", "endpoint": "data_sets.distribution_chart", "view-args": {"pos": 10}, "status": 200, "user": "5b7720289cab3093@lampenwelt.de", "timestamp": "2019-03-26T07:23:43.645999", "browser": "chrome", "browser-platform": "windows", "browser-version": "73.0.3683.86"}
{"method": "POST", "path": "/data-sets/.distribution-chart-12", "endpoint": "data_sets.distribution_chart", "view-args": {"pos": 12}, "status": 200, "user": "5b7720289cab3093@lampenwelt.de", "timestamp": "2019-03-26T07:23:43.684050", "browser": "chrome", "browser-platform": "windows", "browser-version": "73.0.3683.86"}
{"method": "POST", "path": "/data-sets/.distribution-chart-14", "endpoint": "data_sets.distribution_chart", "view-args": {"pos": 14}, "status": 200, "user": "5b7720289cab3093@lampenwelt.de", "timestamp": "2019-03-26T07:23:43.749977", "browser": "chrome", "browser-platform": "windows", "browser-version": "73.0.3683.86"}
{"method": "POST", "path": "/data-sets/.filter-row-count-0", "endpoint": "data_sets.filter_row_count", "view-args": {"filter_pos": 0}, "status": 200, "user": "5b7720289cab3093@lampenwelt.de", "timestamp": "2019-03-26T07:23:44.060940", "browser": "chrome", "browser-platform": "windows", "browser-version": "73.0.3683.86"}
{"method": "POST", "path": "/data-sets/.row-count", "endpoint": "data_sets.row_count", "view-args": {}, "status": 200, "user": "5b7720289cab3093@lampenwelt.de", "timestamp": "2019-03-26T07:23:44.133136", "browser": "chrome", "browser-platform": "windows", "browser-version": "73.0.3683.86"}
{"method": "POST", "path": "/data-sets/.preview", "endpoint": "data_sets.preview", "view-args": {}, "status": 200, "user": "5b7720289cab3093@lampenwelt.de", "timestamp": "2019-03-26T07:23:44.420858", "browser": "chrome", "browser-platform": "windows", "browser-version": "73.0.3683.86"}
{"method": "POST", "path": "/data-sets/.distribution-chart-0", "endpoint": "data_sets.distribution_chart", "view-args": {"pos": 0}, "status": 200, "user": "5b7720289cab3093@lampenwelt.de", "timestamp": "2019-03-26T07:23:44.493155", "browser": "chrome", "browser-platform": "windows", "browser-version": "73.0.3683.86"}
{"method": "POST", "path": "/data-sets/.distribution-chart-2", "endpoint": "data_sets.distribution_chart", "view-args": {"pos": 2}, "status": 200, "user": "5b7720289cab3093@lampenwelt.de", "timestamp": "2019-03-26T07:23:44.734401", "browser": "chrome", "browser-platform": "windows", "browser-version": "73.0.3683.86"}
{"method": "POST", "path": "/data-sets/.distribution-chart-6", "endpoint": "data_sets.distribution_chart", "view-args": {"pos": 6}, "status": 200, "user": "5b7720289cab3093@lampenwelt.de", "timestamp": "2019-03-26T07:23:44.926083", "browser": "chrome", "browser-platform": "windows", "browser-version": "73.0.3683.86"}
{"method": "POST", "path": "/data-sets/.distribution-chart-10", "endpoint": "data_sets.distribution_chart", "view-args": {"pos": 10}, "status": 200, "user": "5b7720289cab3093@lampenwelt.de", "timestamp": "2019-03-26T07:23:45.022481", "browser": "chrome", "browser-platform": "windows", "browser-version": "73.0.3683.86"}
{"method": "POST", "path": "/data-sets/.distribution-chart-12", "endpoint": "data_sets.distribution_chart", "view-args": {"pos": 12}, "status": 200, "user": "5b7720289cab3093@lampenwelt.de", "timestamp": "2019-03-26T07:23:45.266373", "browser": "chrome", "browser-platform": "windows", "browser-version": "73.0.3683.86"}
{"method": "POST", "path": "/data-sets/.distribution-chart-14", "endpoint": "data_sets.distribution_chart", "view-args": {"pos": 14}, "status": 200, "user": "5b7720289cab3093@lampenwelt.de", "timestamp": "2019-03-26T07:23:45.396692", "browser": "chrome", "browser-platform": "windows", "browser-version": "73.0.3683.86"}
{"method": "POST", "path": "/data-sets/.distribution-chart-15", "endpoint": "data_sets.distribution_chart", "view-args": {"pos": 15}, "status": 200, "user": "5b7720289cab3093@lampenwelt.de", "timestamp": "2019-03-26T07:23:45.486495", "browser": "chrome", "browser-platform": "windows", "browser-version": "73.0.3683.86"}
{"method": "POST", "path": "/data-sets/.filter-row-count-0", "endpoint": "data_sets.filter_row_count", "view-args": {"filter_pos": 0}, "status": 200, "user": "5b7720289cab3093@lampenwelt.de", "timestamp": "2019-03-26T07:23:53.184224", "browser": "chrome", "browser-platform": "windows", "browser-version": "73.0.3683.86"}
{"method": "POST", "path": "/data-sets/.row-count", "endpoint": "data_sets.row_count", "view-args": {}, "status": 200, "user": "5b7720289cab3093@lampenwelt.de", "timestamp": "2019-03-26T07:23:53.184223", "browser": "chrome", "browser-platform": "windows", "browser-version": "73.0.3683.86"}
{"method": "POST", "path": "/data-sets/.preview", "endpoint": "data_sets.preview", "view-args": {}, "status": 200, "user": "5b7720289cab3093@lampenwelt.de", "timestamp": "2019-03-26T07:23:53.187122", "browser": "chrome", "browser-platform": "windows", "browser-version": "73.0.3683.86"}
{"method": "POST", "path": "/data-sets/.distribution-chart-0", "endpoint": "data_sets.distribution_chart", "view-args": {"pos": 0}, "status": 200, "user": "5b7720289cab3093@lampenwelt.de", "timestamp": "2019-03-26T07:23:53.637735", "browser": "chrome", "browser-platform": "windows", "browser-version": "73.0.3683.86"}
{"method": "POST", "path": "/data-sets/.distribution-chart-6", "endpoint": "data_sets.distribution_chart", "view-args": {"pos": 6}, "status": 200, "user": "5b7720289cab3093@lampenwelt.de", "timestamp": "2019-03-26T07:23:53.730922", "browser": "chrome", "browser-platform": "windows", "browser-version": "73.0.3683.86"}
{"method": "POST", "path": "/data-sets/.distribution-chart-2", "endpoint": "data_sets.distribution_chart", "view-args": {"pos": 2}, "status": 200, "user": "5b7720289cab3093@lampenwelt.de", "timestamp": "2019-03-26T07:23:53.832303", "browser": "chrome", "browser-platform": "windows", "browser-version": "73.0.3683.86"}
{"method": "POST", "path": "/data-sets/.distribution-chart-10", "endpoint": "data_sets.distribution_chart", "view-args": {"pos": 10}, "status": 200, "user": "5b7720289cab3093@lampenwelt.de", "timestamp": "2019-03-26T07:23:54.161985", "browser": "chrome", "browser-platform": "windows", "browser-version": "73.0.3683.86"}
{"method": "POST", "path": "/data-sets/.distribution-chart-12", "endpoint": "data_sets.distribution_chart", "view-args": {"pos": 12}, "status": 200, "user": "5b7720289cab3093@lampenwelt.de", "timestamp": "2019-03-26T07:23:54.256136", "browser": "chrome", "browser-platform": "windows", "browser-version": "73.0.3683.86"}
{"method": "POST", "path": "/data-sets/.row-count", "endpoint": "data_sets.row_count", "view-args": {}, "status": 200, "user": "5b7720289cab3093@lampenwelt.de", "timestamp": "2019-03-26T07:23:54.496923", "browser": "chrome", "browser-platform": "windows", "browser-version": "73.0.3683.86"}
{"method": "POST", "path": "/data-sets/.preview", "endpoint": "data_sets.preview", "view-args": {}, "status": 200, "user": "5b7720289cab3093@lampenwelt.de", "timestamp": "2019-03-26T07:23:54.573771", "browser": "chrome", "browser-platform": "windows", "browser-version": "73.0.3683.86"}
{"method": "POST", "path": "/data-sets/.filter-row-count-0", "endpoint": "data_sets.filter_row_count", "view-args": {"filter_pos": 0}, "status": 200, "user": "5b7720289cab3093@lampenwelt.de", "timestamp": "2019-03-26T07:23:54.579948", "browser": "chrome", "browser-platform": "windows", "browser-version": "73.0.3683.86"}
{"method": "POST", "path": "/data-sets/.distribution-chart-0", "endpoint": "data_sets.distribution_chart", "view-args": {"pos": 0}, "status": 200, "user": "5b7720289cab3093@lampenwelt.de", "timestamp": "2019-03-26T07:23:54.927408", "browser": "chrome", "browser-platform": "windows", "browser-version": "73.0.3683.86"}
{"method": "POST", "path": "/data-sets/.distribution-chart-6", "endpoint": "data_sets.distribution_chart", "view-args": {"pos": 6}, "status": 200, "user": "5b7720289cab3093@lampenwelt.de", "timestamp": "2019-03-26T07:23:55.077446", "browser": "chrome", "browser-platform": "windows", "browser-version": "73.0.3683.86"}
{"method": "POST", "path": "/data-sets/.distribution-chart-2", "endpoint": "data_sets.distribution_chart", "view-args": {"pos": 2}, "status": 200, "user": "5b7720289cab3093@lampenwelt.de", "timestamp": "2019-03-26T07:23:55.136701", "browser": "chrome", "browser-platform": "windows", "browser-version": "73.0.3683.86"}
{"method": "POST", "path": "/data-sets/.distribution-chart-10", "endpoint": "data_sets.distribution_chart", "view-args": {"pos": 10}, "status": 200, "user": "5b7720289cab3093@lampenwelt.de", "timestamp": "2019-03-26T07:23:55.434314", "browser": "chrome", "browser-platform": "windows", "browser-version": "73.0.3683.86"}
{"method": "POST", "path": "/data-sets/.distribution-chart-12", "endpoint": "data_sets.distribution_chart", "view-args": {"pos": 12}, "status": 200, "user": "5b7720289cab3093@lampenwelt.de", "timestamp": "2019-03-26T07:23:55.516574", "browser": "chrome", "browser-platform": "windows", "browser-version": "73.0.3683.86"}
{"method": "POST", "path": "/data-sets/.distribution-chart-14", "endpoint": "data_sets.distribution_chart", "view-args": {"pos": 14}, "status": 200, "user": "5b7720289cab3093@lampenwelt.de", "timestamp": "2019-03-26T07:23:55.638253", "browser": "chrome", "browser-platform": "windows", "browser-version": "73.0.3683.86"}
{"method": "POST", "path": "/data-sets/.distribution-chart-15", "endpoint": "data_sets.distribution_chart", "view-args": {"pos": 15}, "status": 200, "user": "5b7720289cab3093@lampenwelt.de", "timestamp": "2019-03-26T07:23:55.935329", "browser": "chrome", "browser-platform": "windows", "browser-version": "73.0.3683.86"}
{"method": "GET", "path": "/", "endpoint": "start_page.start_page", "view-args": {}, "status": 302, "user": "e5063e1f25c24f00@lampenwelt.de", "timestamp": "2019-03-26T07:46:27.598989", "browser": "chrome", "browser-platform": "windows", "browser-version": "73.0.3683.86"}
{"method": "GET", "path": "/dashboards/marketing-overview", "endpoint": "dashboards.view_dashboard", "view-args": {"id": "marketing-overview"}, "status": 200, "user": "e5063e1f25c24f00@lampenwelt.de", "timestamp": "2019-03-26T07:46:27.827855", "browser": "chrome", "browser-platform": "windows", "browser-version": "73.0.3683.86"}
{"method": "GET", "path": "/dashboards/_render_async_sql_query/486e8fda-03f8-4fa8-b02b-3ccb9fa46f2c", "endpoint": "dashboards.render_async_sql_query", "view-args": {"id": "486e8fda-03f8-4fa8-b02b-3ccb9fa46f2c"}, "status": 200, "user": "e5063e1f25c24f00@lampenwelt.de", "timestamp": "2019-03-26T07:46:28.329302", "browser": "chrome", "browser-platform": "windows", "browser-version": "73.0.3683.86"}
{"method": "GET", "path": "/dashboards/_render_async_sql_query/0d41f5c7-e1b5-4417-a30e-5d23228445e3", "endpoint": "dashboards.render_async_sql_query", "view-args": {"id": "0d41f5c7-e1b5-4417-a30e-5d23228445e3"}, "status": 200, "user": "e5063e1f25c24f00@lampenwelt.de", "timestamp": "2019-03-26T07:46:28.330116", "browser": "chrome", "browser-platform": "windows", "browser-version": "73.0.3683.86"}
{"method": "GET", "path": "/dashboards/_render_async_sql_query/b2e837f6-5851-4f42-9f9c-69ab66a82308", "endpoint": "dashboards.render_async_sql_query", "view-args": {"id": "b2e837f6-5851-4f42-9f9c-69ab66a82308"}, "status": 200, "user": "e5063e1f25c24f00@lampenwelt.de", "timestamp": "2019-03-26T07:46:28.334025", "browser": "chrome", "browser-platform": "windows", "browser-version": "73.0.3683.86"}
{"method": "GET", "path": "/dashboards/_last_successful_import", "endpoint": "dashboards.last_successful_import", "view-args": {}, "status": 200, "user": "e5063e1f25c24f00@lampenwelt.de", "timestamp": "2019-03-26T07:46:28.344348", "browser": "chrome", "browser-platform": "windows", "browser-version": "73.0.3683.86"}
{"method": "GET", "path": "/dashboards/_last_marketing_cost/marketing-overview", "endpoint": "dashboards.last_marketing_cost", "view-args": {"id": "marketing-overview"}, "status": 200, "user": "e5063e1f25c24f00@lampenwelt.de", "timestamp": "2019-03-26T07:46:28.349349", "browser": "chrome", "browser-platform": "windows", "browser-version": "73.0.3683.86"}
{"method": "GET", "path": "/dashboards/_render_async_sql_query/afbed91e-f386-4e5f-8836-816b415330e0", "endpoint": "dashboards.render_async_sql_query", "view-args": {"id": "afbed91e-f386-4e5f-8836-816b415330e0"}, "status": 200, "user": "e5063e1f25c24f00@lampenwelt.de", "timestamp": "2019-03-26T07:46:28.357865", "browser": "chrome", "browser-platform": "windows", "browser-version": "73.0.3683.86"}
{"method": "GET", "path": "/dashboards/_render_async_sql_query/d40c4a35-505a-49c6-876c-fa0ffab7fc6c", "endpoint": "dashboards.render_async_sql_query", "view-args": {"id": "d40c4a35-505a-49c6-876c-fa0ffab7fc6c"}, "status": 200, "user": "e5063e1f25c24f00@lampenwelt.de", "timestamp": "2019-03-26T07:46:28.406124", "browser": "chrome", "browser-platform": "windows", "browser-version": "73.0.3683.86"}
{"method": "GET", "path": "/dashboards/_render_async_sql_query/8e576eb2-94a7-4917-9c95-634040bb47b2", "endpoint": "dashboards.render_async_sql_query", "view-args": {"id": "8e576eb2-94a7-4917-9c95-634040bb47b2"}, "status": 200, "user": "e5063e1f25c24f00@lampenwelt.de", "timestamp": "2019-03-26T07:46:28.413600", "browser": "chrome", "browser-platform": "windows", "browser-version": "73.0.3683.86"}
{"method": "GET", "path": "/dashboards/_render_async_sql_query/4b04235f-9b1a-4f86-9dfa-7dc547af876b", "endpoint": "dashboards.render_async_sql_query", "view-args": {"id": "4b04235f-9b1a-4f86-9dfa-7dc547af876b"}, "status": 200, "user": "e5063e1f25c24f00@lampenwelt.de", "timestamp": "2019-03-26T07:46:34.970670", "browser": "chrome", "browser-platform": "windows", "browser-version": "73.0.3683.86"}
{"method": "GET", "path": "/dashboards/_render_async_sql_query/e0e3de11-b8a4-47c6-8f15-85a111e76919", "endpoint": "dashboards.render_async_sql_query", "view-args": {"id": "e0e3de11-b8a4-47c6-8f15-85a111e76919"}, "status": 200, "user": "e5063e1f25c24f00@lampenwelt.de", "timestamp": "2019-03-26T07:46:34.990004", "browser": "chrome", "browser-platform": "windows", "browser-version": "73.0.3683.86"}
{"method": "GET", "path": "/dashboards/_render_async_sql_query/e61cb6a2-1464-46f0-a886-4085089ad028", "endpoint": "dashboards.render_async_sql_query", "view-args": {"id": "e61cb6a2-1464-46f0-a886-4085089ad028"}, "status": 200, "user": "e5063e1f25c24f00@lampenwelt.de", "timestamp": "2019-03-26T07:46:34.995336", "browser": "chrome", "browser-platform": "windows", "browser-version": "73.0.3683.86"}
{"method": "GET", "path": "/data-integration", "endpoint": "data_integration.node_page", "view-args": {"path": ""}, "status": 200, "user": "e5063e1f25c24f00@lampenwelt.de", "timestamp": "2019-03-26T07:46:35.000556", "browser": "chrome", "browser-platform": "windows", "browser-version": "73.0.3683.86"}
{"method": "GET", "path": "/dashboards/_render_async_sql_query/6d170e49-d90d-41c6-9922-3d0930430be6", "endpoint": "dashboards.render_async_sql_query", "view-args": {"id": "6d170e49-d90d-41c6-9922-3d0930430be6"}, "status": 200, "user": "e5063e1f25c24f00@lampenwelt.de", "timestamp": "2019-03-26T07:46:41.738211", "browser": "chrome", "browser-platform": "windows", "browser-version": "73.0.3683.86"}
{"method": "GET", "path": "/dashboards/_render_async_sql_query/7efc5209-2d8a-4197-b34a-2cbd7d7368e3", "endpoint": "dashboards.render_async_sql_query", "view-args": {"id": "7efc5209-2d8a-4197-b34a-2cbd7d7368e3"}, "status": 200, "user": "e5063e1f25c24f00@lampenwelt.de", "timestamp": "2019-03-26T07:46:41.756683", "browser": "chrome", "browser-platform": "windows", "browser-version": "73.0.3683.86"}
{"method": "GET", "path": "/data-integration/dependency-graph", "endpoint": "data_integration.dependency_graph", "view-args": {"path": ""}, "status": 200, "user": "e5063e1f25c24f00@lampenwelt.de", "timestamp": "2019-03-26T07:46:42.040385", "browser": "chrome", "browser-platform": "windows", "browser-version": "73.0.3683.86"}
{"method": "GET", "path": "/data-integration/run-time-chart", "endpoint": "data_integration.run_time_chart", "view-args": {"path": ""}, "status": 200, "user": "e5063e1f25c24f00@lampenwelt.de", "timestamp": "2019-03-26T07:46:42.397618", "browser": "chrome", "browser-platform": "windows", "browser-version": "73.0.3683.86"}
{"method": "GET", "path": "/dashboards/_render_async_sql_query/95cf57e5-a75b-4700-a36f-35a3d8cd938a", "endpoint": "dashboards.render_async_sql_query", "view-args": {"id": "95cf57e5-a75b-4700-a36f-35a3d8cd938a"}, "status": 200, "user": "e5063e1f25c24f00@lampenwelt.de", "timestamp": "2019-03-26T07:46:43.676630", "browser": "chrome", "browser-platform": "windows", "browser-version": "73.0.3683.86"}
{"method": "GET", "path": "/data-integration/last-runs-selector", "endpoint": "data_integration.last_runs_selector", "view-args": {"path": ""}, "status": 200, "user": "e5063e1f25c24f00@lampenwelt.de", "timestamp": "2019-03-26T07:46:43.699548", "browser": "chrome", "browser-platform": "windows", "browser-version": "73.0.3683.86"}
{"method": "GET", "path": "/data-integration/system-stats", "endpoint": "data_integration.system_stats", "view-args": {"path": "", "run_id": null}, "status": 200, "user": "e5063e1f25c24f00@lampenwelt.de", "timestamp": "2019-03-26T07:46:43.717409", "browser": "chrome", "browser-platform": "windows", "browser-version": "73.0.3683.86"}
{"method": "GET", "path": "/data-integration/timeline-chart", "endpoint": "data_integration.timeline_chart", "view-args": {"path": "", "run_id": null}, "status": 200, "user": "e5063e1f25c24f00@lampenwelt.de", "timestamp": "2019-03-26T07:46:43.736681", "browser": "chrome", "browser-platform": "windows", "browser-version": "73.0.3683.86"}
{"method": "GET", "path": "/data-integration/run-output-limited", "endpoint": "data_integration.run_output", "view-args": {"path": "", "run_id": null, "limit": true}, "status": 200, "user": "e5063e1f25c24f00@lampenwelt.de", "timestamp": "2019-03-26T07:46:43.757852", "browser": "chrome", "browser-platform": "windows", "browser-version": "73.0.3683.86"}
{"method": "GET", "path": "/data-integration/data_transformation", "endpoint": "data_integration.node_page", "view-args": {"path": "data_transformation"}, "status": 200, "user": "e5063e1f25c24f00@lampenwelt.de", "timestamp": "2019-03-26T07:46:43.958232", "browser": "chrome", "browser-platform": "windows", "browser-version": "73.0.3683.86"}
{"method": "GET", "path": "/data-integration/data_transformation/dependency-graph", "endpoint": "data_integration.dependency_graph", "view-args": {"path": "data_transformation"}, "status": 200, "user": "e5063e1f25c24f00@lampenwelt.de", "timestamp": "2019-03-26T07:46:44.104577", "browser": "chrome", "browser-platform": "windows", "browser-version": "73.0.3683.86"}
{"method": "GET", "path": "/data-integration/data_transformation/run-time-chart", "endpoint": "data_integration.run_time_chart", "view-args": {"path": "data_transformation"}, "status": 200, "user": "e5063e1f25c24f00@lampenwelt.de", "timestamp": "2019-03-26T07:46:44.263873", "browser": "chrome", "browser-platform": "windows", "browser-version": "73.0.3683.86"}
{"method": "GET", "path": "/dashboards/_render_async_sql_query/2b99d94d-19d2-4a1c-a7b7-da1f8f35be3e", "endpoint": "dashboards.render_async_sql_query", "view-args": {"id": "2b99d94d-19d2-4a1c-a7b7-da1f8f35be3e"}, "status": 200, "user": "e5063e1f25c24f00@lampenwelt.de", "timestamp": "2019-03-26T07:46:45.183748", "browser": "chrome", "browser-platform": "windows", "browser-version": "73.0.3683.86"}
{"method": "GET", "path": "/data-integration/data_transformation/last-runs-selector", "endpoint": "data_integration.last_runs_selector", "view-args": {"path": "data_transformation"}, "status": 200, "user": "e5063e1f25c24f00@lampenwelt.de", "timestamp": "2019-03-26T07:46:45.204544", "browser": "chrome", "browser-platform": "windows", "browser-version": "73.0.3683.86"}
{"method": "GET", "path": "/data-integration/data_transformation/system-stats", "endpoint": "data_integration.system_stats", "view-args": {"path": "data_transformation", "run_id": null}, "status": 200, "user": "e5063e1f25c24f00@lampenwelt.de", "timestamp": "2019-03-26T07:46:45.263059", "browser": "chrome", "browser-platform": "windows", "browser-version": "73.0.3683.86"}
{"method": "GET", "path": "/data-integration/data_transformation/timeline-chart", "endpoint": "data_integration.timeline_chart", "view-args": {"path": "data_transformation", "run_id": null}, "status": 200, "user": "e5063e1f25c24f00@lampenwelt.de", "timestamp": "2019-03-26T07:46:45.382979", "browser": "chrome", "browser-platform": "windows", "browser-version": "73.0.3683.86"}
{"method": "GET", "path": "/data-integration/data_transformation/run-output-limited", "endpoint": "data_integration.run_output", "view-args": {"path": "data_transformation", "run_id": null, "limit": true}, "status": 200, "user": "e5063e1f25c24f00@lampenwelt.de", "timestamp": "2019-03-26T07:46:45.529701", "browser": "chrome", "browser-platform": "windows", "browser-version": "73.0.3683.86"}
{"method": "GET", "path": "/data-integration/data_transformation/pipeline-children-table", "endpoint": "data_integration.pipeline_children_table", "view-args": {"path": "data_transformation"}, "status": 200, "user": "e5063e1f25c24f00@lampenwelt.de", "timestamp": "2019-03-26T07:46:45.910199", "browser": "chrome", "browser-platform": "windows", "browser-version": "73.0.3683.86"}
{"method": "GET", "path": "/data-integration/pipeline-children-table", "endpoint": "data_integration.pipeline_children_table", "view-args": {"path": ""}, "status": 200, "user": "e5063e1f25c24f00@lampenwelt.de", "timestamp": "2019-03-26T07:46:45.950736", "browser": "chrome", "browser-platform": "windows", "browser-version": "73.0.3683.86"}
{"method": "GET", "path": "/data-integration/data_transformation/marketing_touchpoints/transform_marketing_cost/before", "endpoint": "data_integration.node_page", "view-args": {"path": "data_transformation/marketing_touchpoints/transform_marketing_cost/before"}, "status": 302, "user": "e5063e1f25c24f00@lampenwelt.de", "timestamp": "2019-03-26T07:46:54.118049", "browser": "chrome", "browser-platform": "windows", "browser-version": "73.0.3683.86"}
{"method": "GET", "path": "/data-integration/data_transformation/marketing_touchpoints/transform_marketing_cost", "endpoint": "data_integration.node_page", "view-args": {"path": "data_transformation/marketing_touchpoints/transform_marketing_cost"}, "status": 200, "user": "e5063e1f25c24f00@lampenwelt.de", "timestamp": "2019-03-26T07:46:54.550200", "browser": "chrome", "browser-platform": "windows", "browser-version": "73.0.3683.86"}
{"method": "GET", "path": "/data-integration/data_transformation/marketing_touchpoints/transform_marketing_cost/dependency-graph", "endpoint": "data_integration.dependency_graph", "view-args": {"path": "data_transformation/marketing_touchpoints/transform_marketing_cost"}, "status": 200, "user": "e5063e1f25c24f00@lampenwelt.de", "timestamp": "2019-03-26T07:46:54.872795", "browser": "chrome", "browser-platform": "windows", "browser-version": "73.0.3683.86"}
{"method": "GET", "path": "/data-integration/data_transformation/marketing_touchpoints/transform_marketing_cost/last-runs-selector", "endpoint": "data_integration.last_runs_selector", "view-args": {"path": "data_transformation/marketing_touchpoints/transform_marketing_cost"}, "status": 200, "user": "e5063e1f25c24f00@lampenwelt.de", "timestamp": "2019-03-26T07:46:54.882049", "browser": "chrome", "browser-platform": "windows", "browser-version": "73.0.3683.86"}
{"method": "GET", "path": "/data-integration/data_transformation/marketing_touchpoints/transform_marketing_cost/system-stats", "endpoint": "data_integration.system_stats", "view-args": {"path": "data_transformation/marketing_touchpoints/transform_marketing_cost", "run_id": null}, "status": 200, "user": "e5063e1f25c24f00@lampenwelt.de", "timestamp": "2019-03-26T07:46:54.905306", "browser": "chrome", "browser-platform": "windows", "browser-version": "73.0.3683.86"}
{"method": "GET", "path": "/data-integration/data_transformation/marketing_touchpoints/transform_marketing_cost/timeline-chart", "endpoint": "data_integration.timeline_chart", "view-args": {"path": "data_transformation/marketing_touchpoints/transform_marketing_cost", "run_id": null}, "status": 200, "user": "e5063e1f25c24f00@lampenwelt.de", "timestamp": "2019-03-26T07:46:54.912442", "browser": "chrome", "browser-platform": "windows", "browser-version": "73.0.3683.86"}
{"method": "GET", "path": "/data-integration/data_transformation/marketing_touchpoints/transform_marketing_cost/run-output-limited", "endpoint": "data_integration.run_output", "view-args": {"path": "data_transformation/marketing_touchpoints/transform_marketing_cost", "run_id": null, "limit": true}, "status": 200, "user": "e5063e1f25c24f00@lampenwelt.de", "timestamp": "2019-03-26T07:46:54.952803", "browser": "chrome", "browser-platform": "windows", "browser-version": "73.0.3683.86"}
{"method": "GET", "path": "/data-integration/data_transformation/marketing_touchpoints/transform_marketing_cost/run-time-chart", "endpoint": "data_integration.run_time_chart", "view-args": {"path": "data_transformation/marketing_touchpoints/transform_marketing_cost"}, "status": 200, "user": "e5063e1f25c24f00@lampenwelt.de", "timestamp": "2019-03-26T07:46:54.989339", "browser": "chrome", "browser-platform": "windows", "browser-version": "73.0.3683.86"}
{"method": "GET", "path": "/data-integration/data_transformation", "endpoint": "data_integration.node_page", "view-args": {"path": "data_transformation"}, "status": 200, "user": "67151590075fb3ec@lampenwelt.de", "timestamp": "2019-03-26T07:47:14.674268", "browser": "chrome", "browser-platform": "windows", "browser-version": "72.0.3626.121"}
{"method": "GET", "path": "/data-integration/data_transformation", "endpoint": "data_integration.node_page", "view-args": {"path": "data_transformation"}, "status": 200, "user": "67151590075fb3ec@lampenwelt.de", "timestamp": "2019-03-26T07:47:15.507812", "browser": "chrome", "browser-platform": "windows", "browser-version": "72.0.3626.121"}
{"method": "GET", "path": "/data-integration/data_transformation/dependency-graph", "endpoint": "data_integration.dependency_graph", "view-args": {"path": "data_transformation"}, "status": 200, "user": "67151590075fb3ec@lampenwelt.de", "timestamp": "2019-03-26T07:47:15.948879", "browser": "chrome", "browser-platform": "windows", "browser-version": "72.0.3626.121"}
{"method": "GET", "path": "/data-integration/data_transformation/last-runs-selector", "endpoint": "data_integration.last_runs_selector", "view-args": {"path": "data_transformation"}, "status": 200, "user": "67151590075fb3ec@lampenwelt.de", "timestamp": "2019-03-26T07:47:15.971910", "browser": "chrome", "browser-platform": "windows", "browser-version": "72.0.3626.121"}
{"method": "GET", "path": "/data-integration/data_transformation/system-stats", "endpoint": "data_integration.system_stats", "view-args": {"path": "data_transformation", "run_id": null}, "status": 200, "user": "67151590075fb3ec@lampenwelt.de", "timestamp": "2019-03-26T07:47:16.016269", "browser": "chrome", "browser-platform": "windows", "browser-version": "72.0.3626.121"}
{"method": "GET", "path": "/data-integration/data_transformation/run-time-chart", "endpoint": "data_integration.run_time_chart", "view-args": {"path": "data_transformation"}, "status": 200, "user": "67151590075fb3ec@lampenwelt.de", "timestamp": "2019-03-26T07:47:16.047626", "browser": "chrome", "browser-platform": "windows", "browser-version": "72.0.3626.121"}
{"method": "GET", "path": "/data-integration/data_transformation/run-output-limited", "endpoint": "data_integration.run_output", "view-args": {"path": "data_transformation", "run_id": null, "limit": true}, "status": 200, "user": "67151590075fb3ec@lampenwelt.de", "timestamp": "2019-03-26T07:47:16.138198", "browser": "chrome", "browser-platform": "windows", "browser-version": "72.0.3626.121"}
{"method": "GET", "path": "/data-integration/data_transformation/timeline-chart", "endpoint": "data_integration.timeline_chart", "view-args": {"path": "data_transformation", "run_id": null}, "status": 200, "user": "67151590075fb3ec@lampenwelt.de", "timestamp": "2019-03-26T07:47:16.139434", "browser": "chrome", "browser-platform": "windows", "browser-version": "72.0.3626.121"}
{"method": "GET", "path": "/data-integration/data_transformation/pipeline-children-table", "endpoint": "data_integration.pipeline_children_table", "view-args": {"path": "data_transformation"}, "status": 200, "user": "67151590075fb3ec@lampenwelt.de", "timestamp": "2019-03-26T07:47:17.625197", "browser": "chrome", "browser-platform": "windows", "browser-version": "72.0.3626.121"}
{"method": "GET", "path": "/data-integration/data_transformation/marketing_touchpoints", "endpoint": "data_integration.node_page", "view-args": {"path": "data_transformation/marketing_touchpoints"}, "status": 200, "user": "67151590075fb3ec@lampenwelt.de", "timestamp": "2019-03-26T07:47:25.453272", "browser": "chrome", "browser-platform": "windows", "browser-version": "72.0.3626.121"}
{"method": "GET", "path": "/data-integration/data_transformation/marketing_touchpoints/dependency-graph", "endpoint": "data_integration.dependency_graph", "view-args": {"path": "data_transformation/marketing_touchpoints"}, "status": 200, "user": "67151590075fb3ec@lampenwelt.de", "timestamp": "2019-03-26T07:47:25.705683", "browser": "chrome", "browser-platform": "windows", "browser-version": "72.0.3626.121"}
{"method": "GET", "path": "/data-integration/data_transformation/marketing_touchpoints/last-runs-selector", "endpoint": "data_integration.last_runs_selector", "view-args": {"path": "data_transformation/marketing_touchpoints"}, "status": 200, "user": "67151590075fb3ec@lampenwelt.de", "timestamp": "2019-03-26T07:47:25.738031", "browser": "chrome", "browser-platform": "windows", "browser-version": "72.0.3626.121"}
{"method": "GET", "path": "/data-integration/data_transformation/marketing_touchpoints/system-stats", "endpoint": "data_integration.system_stats", "view-args": {"path": "data_transformation/marketing_touchpoints", "run_id": null}, "status": 200, "user": "67151590075fb3ec@lampenwelt.de", "timestamp": "2019-03-26T07:47:25.772164", "browser": "chrome", "browser-platform": "windows", "browser-version": "72.0.3626.121"}
{"method": "GET", "path": "/data-integration/data_transformation/marketing_touchpoints/timeline-chart", "endpoint": "data_integration.timeline_chart", "view-args": {"path": "data_transformation/marketing_touchpoints", "run_id": null}, "status": 200, "user": "67151590075fb3ec@lampenwelt.de", "timestamp": "2019-03-26T07:47:25.816163", "browser": "chrome", "browser-platform": "windows", "browser-version": "72.0.3626.121"}
{"method": "GET", "path": "/data-integration/data_transformation/marketing_touchpoints/run-output-limited", "endpoint": "data_integration.run_output", "view-args": {"path": "data_transformation/marketing_touchpoints", "run_id": null, "limit": true}, "status": 200, "user": "67151590075fb3ec@lampenwelt.de", "timestamp": "2019-03-26T07:47:25.867377", "browser": "chrome", "browser-platform": "windows", "browser-version": "72.0.3626.121"}
{"method": "GET", "path": "/data-integration/data_transformation/marketing_touchpoints/run-time-chart", "endpoint": "data_integration.run_time_chart", "view-args": {"path": "data_transformation/marketing_touchpoints"}, "status": 200, "user": "67151590075fb3ec@lampenwelt.de", "timestamp": "2019-03-26T07:47:25.877352", "browser": "chrome", "browser-platform": "windows", "browser-version": "72.0.3626.121"}
{"method": "GET", "path": "/data-integration/data_transformation/marketing_touchpoints/pipeline-children-table", "endpoint": "data_integration.pipeline_children_table", "view-args": {"path": "data_transformation/marketing_touchpoints"}, "status": 200, "user": "67151590075fb3ec@lampenwelt.de", "timestamp": "2019-03-26T07:47:26.120205", "browser": "chrome", "browser-platform": "windows", "browser-version": "72.0.3626.121"}
{"method": "GET", "path": "/data-integration/data_transformation/marketing_touchpoints/transform_marketing_cost", "endpoint": "data_integration.node_page", "view-args": {"path": "data_transformation/marketing_touchpoints/transform_marketing_cost"}, "status": 200, "user": "67151590075fb3ec@lampenwelt.de", "timestamp": "2019-03-26T07:47:44.128306", "browser": "chrome", "browser-platform": "windows", "browser-version": "72.0.3626.121"}
{"method": "GET", "path": "/data-integration/data_transformation/marketing_touchpoints/transform_marketing_cost/dependency-graph", "endpoint": "data_integration.dependency_graph", "view-args": {"path": "data_transformation/marketing_touchpoints/transform_marketing_cost"}, "status": 200, "user": "67151590075fb3ec@lampenwelt.de", "timestamp": "2019-03-26T07:47:44.522082", "browser": "chrome", "browser-platform": "windows", "browser-version": "72.0.3626.121"}
{"method": "GET", "path": "/data-integration/data_transformation/marketing_touchpoints/transform_marketing_cost/last-runs-selector", "endpoint": "data_integration.last_runs_selector", "view-args": {"path": "data_transformation/marketing_touchpoints/transform_marketing_cost"}, "status": 200, "user": "67151590075fb3ec@lampenwelt.de", "timestamp": "2019-03-26T07:47:44.537567", "browser": "chrome", "browser-platform": "windows", "browser-version": "72.0.3626.121"}
{"method": "GET", "path": "/data-integration/data_transformation/marketing_touchpoints/transform_marketing_cost/system-stats", "endpoint": "data_integration.system_stats", "view-args": {"path": "data_transformation/marketing_touchpoints/transform_marketing_cost", "run_id": null}, "status": 200, "user": "67151590075fb3ec@lampenwelt.de", "timestamp": "2019-03-26T07:47:44.551219", "browser": "chrome", "browser-platform": "windows", "browser-version": "72.0.3626.121"}
{"method": "GET", "path": "/data-integration/data_transformation/marketing_touchpoints/transform_marketing_cost/timeline-chart", "endpoint": "data_integration.timeline_chart", "view-args": {"path": "data_transformation/marketing_touchpoints/transform_marketing_cost", "run_id": null}, "status": 200, "user": "67151590075fb3ec@lampenwelt.de", "timestamp": "2019-03-26T07:47:44.569761", "browser": "chrome", "browser-platform": "windows", "browser-version": "72.0.3626.121"}
{"method": "GET", "path": "/data-integration/data_transformation/marketing_touchpoints/transform_marketing_cost/run-output-limited", "endpoint": "data_integration.run_output", "view-args": {"path": "data_transformation/marketing_touchpoints/transform_marketing_cost", "run_id": null, "limit": true}, "status": 200, "user": "67151590075fb3ec@lampenwelt.de", "timestamp": "2019-03-26T07:47:44.585648", "browser": "chrome", "browser-platform": "windows", "browser-version": "72.0.3626.121"}
{"method": "GET", "path": "/data-integration/data_transformation/marketing_touchpoints/transform_marketing_cost/run-time-chart", "endpoint": "data_integration.run_time_chart", "view-args": {"path": "data_transformation/marketing_touchpoints/transform_marketing_cost"}, "status": 200, "user": "67151590075fb3ec@lampenwelt.de", "timestamp": "2019-03-26T07:47:44.611753", "browser": "chrome", "browser-platform": "windows", "browser-version": "72.0.3626.121"}
{"method": "GET", "path": "/data-integration/data_transformation/marketing_touchpoints/preprocess_touchpoint", "endpoint": "data_integration.node_page", "view-args": {"path": "data_transformation/marketing_touchpoints/preprocess_touchpoint"}, "status": 200, "user": "67151590075fb3ec@lampenwelt.de", "timestamp": "2019-03-26T07:48:03.193847", "browser": "chrome", "browser-platform": "windows", "browser-version": "72.0.3626.121"}
{"method": "GET", "path": "/data-integration/data_transformation/marketing_touchpoints/preprocess_touchpoint/last-runs-selector", "endpoint": "data_integration.last_runs_selector", "view-args": {"path": "data_transformation/marketing_touchpoints/preprocess_touchpoint"}, "status": 200, "user": "67151590075fb3ec@lampenwelt.de", "timestamp": "2019-03-26T07:48:03.566406", "browser": "chrome", "browser-platform": "windows", "browser-version": "72.0.3626.121"}
{"method": "GET", "path": "/data-integration/data_transformation/marketing_touchpoints/preprocess_touchpoint/dependency-graph", "endpoint": "data_integration.dependency_graph", "view-args": {"path": "data_transformation/marketing_touchpoints/preprocess_touchpoint"}, "status": 200, "user": "67151590075fb3ec@lampenwelt.de", "timestamp": "2019-03-26T07:48:03.575180", "browser": "chrome", "browser-platform": "windows", "browser-version": "72.0.3626.121"}
{"method": "GET", "path": "/data-integration/data_transformation/marketing_touchpoints/preprocess_touchpoint/system-stats", "endpoint": "data_integration.system_stats", "view-args": {"path": "data_transformation/marketing_touchpoints/preprocess_touchpoint", "run_id": null}, "status": 200, "user": "67151590075fb3ec@lampenwelt.de", "timestamp": "2019-03-26T07:48:03.599052", "browser": "chrome", "browser-platform": "windows", "browser-version": "72.0.3626.121"}
{"method": "GET", "path": "/data-integration/data_transformation/marketing_touchpoints/preprocess_touchpoint/timeline-chart", "endpoint": "data_integration.timeline_chart", "view-args": {"path": "data_transformation/marketing_touchpoints/preprocess_touchpoint", "run_id": null}, "status": 200, "user": "67151590075fb3ec@lampenwelt.de", "timestamp": "2019-03-26T07:48:03.620975", "browser": "chrome", "browser-platform": "windows", "browser-version": "72.0.3626.121"}
{"method": "GET", "path": "/data-integration/data_transformation/marketing_touchpoints/preprocess_touchpoint/run-output-limited", "endpoint": "data_integration.run_output", "view-args": {"path": "data_transformation/marketing_touchpoints/preprocess_touchpoint", "run_id": null, "limit": true}, "status": 200, "user": "67151590075fb3ec@lampenwelt.de", "timestamp": "2019-03-26T07:48:03.648222", "browser": "chrome", "browser-platform": "windows", "browser-version": "72.0.3626.121"}
{"method": "GET", "path": "/data-integration/data_transformation/marketing_touchpoints/preprocess_touchpoint/run-time-chart", "endpoint": "data_integration.run_time_chart", "view-args": {"path": "data_transformation/marketing_touchpoints/preprocess_touchpoint"}, "status": 200, "user": "67151590075fb3ec@lampenwelt.de", "timestamp": "2019-03-26T07:48:03.674526", "browser": "chrome", "browser-platform": "windows", "browser-version": "72.0.3626.121"}
{"method": "GET", "path": "/data-integration/data_transformation/marketing_touchpoints", "endpoint": "data_integration.node_page", "view-args": {"path": "data_transformation/marketing_touchpoints"}, "status": 200, "user": "67151590075fb3ec@lampenwelt.de", "timestamp": "2019-03-26T07:48:23.636381", "browser": "chrome", "browser-platform": "windows", "browser-version": "72.0.3626.121"}
{"method": "GET", "path": "/data-integration/data_transformation/marketing_touchpoints/dependency-graph", "endpoint": "data_integration.dependency_graph", "view-args": {"path": "data_transformation/marketing_touchpoints"}, "status": 200, "user": "67151590075fb3ec@lampenwelt.de", "timestamp": "2019-03-26T07:48:23.836100", "browser": "chrome", "browser-platform": "windows", "browser-version": "72.0.3626.121"}
{"method": "GET", "path": "/data-integration/data_transformation/marketing_touchpoints/last-runs-selector", "endpoint": "data_integration.last_runs_selector", "view-args": {"path": "data_transformation/marketing_touchpoints"}, "status": 200, "user": "67151590075fb3ec@lampenwelt.de", "timestamp": "2019-03-26T07:48:23.856695", "browser": "chrome", "browser-platform": "windows", "browser-version": "72.0.3626.121"}
{"method": "GET", "path": "/data-integration/data_transformation/marketing_touchpoints/system-stats", "endpoint": "data_integration.system_stats", "view-args": {"path": "data_transformation/marketing_touchpoints", "run_id": null}, "status": 200, "user": "67151590075fb3ec@lampenwelt.de", "timestamp": "2019-03-26T07:48:23.888630", "browser": "chrome", "browser-platform": "windows", "browser-version": "72.0.3626.121"}
{"method": "GET", "path": "/data-integration/data_transformation/marketing_touchpoints/run-time-chart", "endpoint": "data_integration.run_time_chart", "view-args": {"path": "data_transformation/marketing_touchpoints"}, "status": 200, "user": "67151590075fb3ec@lampenwelt.de", "timestamp": "2019-03-26T07:48:23.923510", "browser": "chrome", "browser-platform": "windows", "browser-version": "72.0.3626.121"}
{"method": "GET", "path": "/data-integration/data_transformation/marketing_touchpoints/timeline-chart", "endpoint": "data_integration.timeline_chart", "view-args": {"path": "data_transformation/marketing_touchpoints", "run_id": null}, "status": 200, "user": "67151590075fb3ec@lampenwelt.de", "timestamp": "2019-03-26T07:48:23.933432", "browser": "chrome", "browser-platform": "windows", "browser-version": "72.0.3626.121"}
{"method": "GET", "path": "/data-integration/data_transformation/marketing_touchpoints/run-output-limited", "endpoint": "data_integration.run_output", "view-args": {"path": "data_transformation/marketing_touchpoints", "run_id": null, "limit": true}, "status": 200, "user": "67151590075fb3ec@lampenwelt.de", "timestamp": "2019-03-26T07:48:23.973635", "browser": "chrome", "browser-platform": "windows", "browser-version": "72.0.3626.121"}
{"method": "GET", "path": "/data-integration/data_transformation/marketing_touchpoints/pipeline-children-table", "endpoint": "data_integration.pipeline_children_table", "view-args": {"path": "data_transformation/marketing_touchpoints"}, "status": 200, "user": "67151590075fb3ec@lampenwelt.de", "timestamp": "2019-03-26T07:48:24.272715", "browser": "chrome", "browser-platform": "windows", "browser-version": "72.0.3626.121"}
{"method": "GET", "path": "/data-integration/data_transformation/marketing_touchpoints/transform_marketing_cost", "endpoint": "data_integration.node_page", "view-args": {"path": "data_transformation/marketing_touchpoints/transform_marketing_cost"}, "status": 200, "user": "67151590075fb3ec@lampenwelt.de", "timestamp": "2019-03-26T07:48:26.789217", "browser": "chrome", "browser-platform": "windows", "browser-version": "72.0.3626.121"}
{"method": "GET", "path": "/data-integration/data_transformation/marketing_touchpoints/transform_marketing_cost", "endpoint": "data_integration.node_page", "view-args": {"path": "data_transformation/marketing_touchpoints/transform_marketing_cost"}, "status": 200, "user": "67151590075fb3ec@lampenwelt.de", "timestamp": "2019-03-26T07:48:26.837955", "browser": "chrome", "browser-platform": "windows", "browser-version": "72.0.3626.121"}
{"method": "GET", "path": "/data-integration/data_transformation/marketing_touchpoints/transform_marketing_cost/dependency-graph", "endpoint": "data_integration.dependency_graph", "view-args": {"path": "data_transformation/marketing_touchpoints/transform_marketing_cost"}, "status": 200, "user": "67151590075fb3ec@lampenwelt.de", "timestamp": "2019-03-26T07:48:27.322740", "browser": "chrome", "browser-platform": "windows", "browser-version": "72.0.3626.121"}
{"method": "GET", "path": "/data-integration/data_transformation/marketing_touchpoints/transform_marketing_cost/last-runs-selector", "endpoint": "data_integration.last_runs_selector", "view-args": {"path": "data_transformation/marketing_touchpoints/transform_marketing_cost"}, "status": 200, "user": "67151590075fb3ec@lampenwelt.de", "timestamp": "2019-03-26T07:48:27.345989", "browser": "chrome", "browser-platform": "windows", "browser-version": "72.0.3626.121"}
{"method": "GET", "path": "/data-integration/data_transformation/marketing_touchpoints/transform_marketing_cost/system-stats", "endpoint": "data_integration.system_stats", "view-args": {"path": "data_transformation/marketing_touchpoints/transform_marketing_cost", "run_id": null}, "status": 200, "user": "67151590075fb3ec@lampenwelt.de", "timestamp": "2019-03-26T07:48:27.361112", "browser": "chrome", "browser-platform": "windows", "browser-version": "72.0.3626.121"}
{"method": "GET", "path": "/data-integration/data_transformation/marketing_touchpoints/transform_marketing_cost/timeline-chart", "endpoint": "data_integration.timeline_chart", "view-args": {"path": "data_transformation/marketing_touchpoints/transform_marketing_cost", "run_id": null}, "status": 200, "user": "67151590075fb3ec@lampenwelt.de", "timestamp": "2019-03-26T07:48:27.384077", "browser": "chrome", "browser-platform": "windows", "browser-version": "72.0.3626.121"}
{"method": "GET", "path": "/data-integration/data_transformation/marketing_touchpoints/transform_marketing_cost/run-output-limited", "endpoint": "data_integration.run_output", "view-args": {"path": "data_transformation/marketing_touchpoints/transform_marketing_cost", "run_id": null, "limit": true}, "status": 200, "user": "67151590075fb3ec@lampenwelt.de", "timestamp": "2019-03-26T07:48:27.396496", "browser": "chrome", "browser-platform": "windows", "browser-version": "72.0.3626.121"}
{"method": "GET", "path": "/data-integration/data_transformation/marketing_touchpoints/transform_marketing_cost/run-time-chart", "endpoint": "data_integration.run_time_chart", "view-args": {"path": "data_transformation/marketing_touchpoints/transform_marketing_cost"}, "status": 200, "user": "67151590075fb3ec@lampenwelt.de", "timestamp": "2019-03-26T07:48:27.459653", "browser": "chrome", "browser-platform": "windows", "browser-version": "72.0.3626.121"}
{"method": "POST", "path": "/dashboards/sales-comparison", "endpoint": "dashboards.view_dashboard", "view-args": {"id": "sales-comparison"}, "status": 200, "user": "2945b89f775d264f@lampenwelt.de", "timestamp": "2019-03-26T07:56:45.647875", "browser": "chrome", "browser-platform": "windows", "browser-version": "72.0.3626.121"}
{"method": "GET", "path": "/dashboards/_render_async_sql_query/8918b556-3282-4fb6-8222-b6e50db35e9b", "endpoint": "dashboards.render_async_sql_query", "view-args": {"id": "8918b556-3282-4fb6-8222-b6e50db35e9b"}, "status": 200, "user": "2945b89f775d264f@lampenwelt.de", "timestamp": "2019-03-26T07:56:45.917593", "browser": "chrome", "browser-platform": "windows", "browser-version": "72.0.3626.121"}
{"method": "GET", "path": "/dashboards/_render_async_sql_query/aecbb42a-b15a-48ec-9cf5-fcec9bfd3f69", "endpoint": "dashboards.render_async_sql_query", "view-args": {"id": "aecbb42a-b15a-48ec-9cf5-fcec9bfd3f69"}, "status": 200, "user": "2945b89f775d264f@lampenwelt.de", "timestamp": "2019-03-26T07:56:45.941608", "browser": "chrome", "browser-platform": "windows", "browser-version": "72.0.3626.121"}
{"method": "GET", "path": "/dashboards/_render_async_sql_query/7c558a7b-fb2f-4645-8854-e86e068a3ea3", "endpoint": "dashboards.render_async_sql_query", "view-args": {"id": "7c558a7b-fb2f-4645-8854-e86e068a3ea3"}, "status": 200, "user": "2945b89f775d264f@lampenwelt.de", "timestamp": "2019-03-26T07:56:45.950184", "browser": "chrome", "browser-platform": "windows", "browser-version": "72.0.3626.121"}
{"method": "GET", "path": "/dashboards/_last_successful_import", "endpoint": "dashboards.last_successful_import", "view-args": {}, "status": 200, "user": "2945b89f775d264f@lampenwelt.de", "timestamp": "2019-03-26T07:56:45.956555", "browser": "chrome", "browser-platform": "windows", "browser-version": "72.0.3626.121"}
{"method": "GET", "path": "/dashboards/_last_marketing_cost/sales-comparison", "endpoint": "dashboards.last_marketing_cost", "view-args": {"id": "sales-comparison"}, "status": 200, "user": "2945b89f775d264f@lampenwelt.de", "timestamp": "2019-03-26T07:56:45.959903", "browser": "chrome", "browser-platform": "windows", "browser-version": "72.0.3626.121"}
{"method": "GET", "path": "/dashboards/_render_async_sql_query/37dcecac-7209-48d7-8898-fc97c97db312", "endpoint": "dashboards.render_async_sql_query", "view-args": {"id": "37dcecac-7209-48d7-8898-fc97c97db312"}, "status": 200, "user": "2945b89f775d264f@lampenwelt.de", "timestamp": "2019-03-26T07:56:45.967667", "browser": "chrome", "browser-platform": "windows", "browser-version": "72.0.3626.121"}
{"method": "GET", "path": "/dashboards/_render_async_sql_query/060ecc57-d905-46c5-afb3-95529d0eda71", "endpoint": "dashboards.render_async_sql_query", "view-args": {"id": "060ecc57-d905-46c5-afb3-95529d0eda71"}, "status": 200, "user": "2945b89f775d264f@lampenwelt.de", "timestamp": "2019-03-26T07:56:45.978050", "browser": "chrome", "browser-platform": "windows", "browser-version": "72.0.3626.121"}
{"method": "GET", "path": "/dashboards/_render_async_sql_query/3aa5dc52-577e-4856-a20e-d263b5c8ecd9", "endpoint": "dashboards.render_async_sql_query", "view-args": {"id": "3aa5dc52-577e-4856-a20e-d263b5c8ecd9"}, "status": 200, "user": "2945b89f775d264f@lampenwelt.de", "timestamp": "2019-03-26T07:56:46.011577", "browser": "chrome", "browser-platform": "windows", "browser-version": "72.0.3626.121"}
