{"method": "GET", "path": "/dashboards/marketing-overview", "endpoint": "dashboards.view_dashboard", "view-args": {"id": "marketing-overview"}, "status": 200, "user": "7bca496a2b6506a9@lampenwelt.de", "timestamp": "2019-03-15T09:06:56.612026", "browser": "chrome", "browser-platform": "windows", "browser-version": "73.0.3683.75"}
{"method": "GET", "path": "/dashboards/_render_async_sql_query/fda92f35-3a95-41b2-a19f-8ae0b91d3acf", "endpoint": "dashboards.render_async_sql_query", "view-args": {"id": "fda92f35-3a95-41b2-a19f-8ae0b91d3acf"}, "status": 200, "user": "7bca496a2b6506a9@lampenwelt.de", "timestamp": "2019-03-15T09:06:57.102577", "browser": "chrome", "browser-platform": "windows", "browser-version": "73.0.3683.75"}
{"method": "GET", "path": "/dashboards/_render_async_sql_query/9c25b8cf-57ef-4ba7-be53-8ea3f2eeaf0f", "endpoint": "dashboards.render_async_sql_query", "view-args": {"id": "9c25b8cf-57ef-4ba7-be53-8ea3f2eeaf0f"}, "status": 200, "user": "7bca496a2b6506a9@lampenwelt.de", "timestamp": "2019-03-15T09:06:57.106992", "browser": "chrome", "browser-platform": "windows", "browser-version": "73.0.3683.75"}
{"method": "GET", "path": "/dashboards/_render_async_sql_query/7a29cbe3-7607-4e98-b803-561d396209ae", "endpoint": "dashboards.render_async_sql_query", "view-args": {"id": "7a29cbe3-7607-4e98-b803-561d396209ae"}, "status": 200, "user": "7bca496a2b6506a9@lampenwelt.de", "timestamp": "2019-03-15T09:06:57.112723", "browser": "chrome", "browser-platform": "windows", "browser-version": "73.0.3683.75"}
{"method": "GET", "path": "/dashboards/_last_successful_import", "endpoint": "dashboards.last_successful_import", "view-args": {}, "status": 200, "user": "7bca496a2b6506a9@lampenwelt.de", "timestamp": "2019-03-15T09:06:57.123892", "browser": "chrome", "browser-platform": "windows", "browser-version": "73.0.3683.75"}
{"method": "GET", "path": "/dashboards/_render_async_sql_query/3d5730e1-afdf-4c36-bf1d-35dadebf5fc8", "endpoint": "dashboards.render_async_sql_query", "view-args": {"id": "3d5730e1-afdf-4c36-bf1d-35dadebf5fc8"}, "status": 200, "user": "7bca496a2b6506a9@lampenwelt.de", "timestamp": "2019-03-15T09:06:57.129338", "browser": "chrome", "browser-platform": "windows", "browser-version": "73.0.3683.75"}
{"method": "GET", "path": "/dashboards/_last_marketing_cost/marketing-overview", "endpoint": "dashboards.last_marketing_cost", "view-args": {"id": "marketing-overview"}, "status": 200, "user": "7bca496a2b6506a9@lampenwelt.de", "timestamp": "2019-03-15T09:06:57.131112", "browser": "chrome", "browser-platform": "windows", "browser-version": "73.0.3683.75"}
{"method": "GET", "path": "/dashboards/_render_async_sql_query/a1e2955e-255a-47ef-a0a4-86b237537653", "endpoint": "dashboards.render_async_sql_query", "view-args": {"id": "a1e2955e-255a-47ef-a0a4-86b237537653"}, "status": 200, "user": "7bca496a2b6506a9@lampenwelt.de", "timestamp": "2019-03-15T09:06:57.203988", "browser": "chrome", "browser-platform": "windows", "browser-version": "73.0.3683.75"}
{"method": "GET", "path": "/dashboards/_render_async_sql_query/961726b2-142d-4a88-af12-ee423711d449", "endpoint": "dashboards.render_async_sql_query", "view-args": {"id": "961726b2-142d-4a88-af12-ee423711d449"}, "status": 200, "user": "7bca496a2b6506a9@lampenwelt.de", "timestamp": "2019-03-15T09:06:57.216174", "browser": "chrome", "browser-platform": "windows", "browser-version": "73.0.3683.75"}
{"method": "GET", "path": "/dashboards/_render_async_sql_query/69afa082-d6ff-49bc-a3a1-ea2087287acb", "endpoint": "dashboards.render_async_sql_query", "view-args": {"id": "69afa082-d6ff-49bc-a3a1-ea2087287acb"}, "status": 200, "user": "7bca496a2b6506a9@lampenwelt.de", "timestamp": "2019-03-15T09:06:57.221268", "browser": "chrome", "browser-platform": "windows", "browser-version": "73.0.3683.75"}
{"method": "GET", "path": "/dashboards/_render_async_sql_query/aa8fb805-07d4-4598-970d-51cbaf932e8d", "endpoint": "dashboards.render_async_sql_query", "view-args": {"id": "aa8fb805-07d4-4598-970d-51cbaf932e8d"}, "status": 200, "user": "7bca496a2b6506a9@lampenwelt.de", "timestamp": "2019-03-15T09:06:57.228558", "browser": "chrome", "browser-platform": "windows", "browser-version": "73.0.3683.75"}
{"method": "GET", "path": "/dashboards/_render_async_sql_query/a8e24fbd-1a99-4928-8f62-618adf2fee9a", "endpoint": "dashboards.render_async_sql_query", "view-args": {"id": "a8e24fbd-1a99-4928-8f62-618adf2fee9a"}, "status": 200, "user": "7bca496a2b6506a9@lampenwelt.de", "timestamp": "2019-03-15T09:06:57.260729", "browser": "chrome", "browser-platform": "windows", "browser-version": "73.0.3683.75"}
{"method": "GET", "path": "/dashboards/_render_async_sql_query/9626a8c3-0e9e-4433-a9c5-c46a36c3f625", "endpoint": "dashboards.render_async_sql_query", "view-args": {"id": "9626a8c3-0e9e-4433-a9c5-c46a36c3f625"}, "status": 200, "user": "7bca496a2b6506a9@lampenwelt.de", "timestamp": "2019-03-15T09:06:57.276211", "browser": "chrome", "browser-platform": "windows", "browser-version": "73.0.3683.75"}
{"method": "GET", "path": "/dashboards/_render_async_sql_query/bd86af9a-50d1-4e46-a4fc-309856397677", "endpoint": "dashboards.render_async_sql_query", "view-args": {"id": "bd86af9a-50d1-4e46-a4fc-309856397677"}, "status": 200, "user": "7bca496a2b6506a9@lampenwelt.de", "timestamp": "2019-03-15T09:06:57.283990", "browser": "chrome", "browser-platform": "windows", "browser-version": "73.0.3683.75"}
{"method": "GET", "path": "/dashboards/_render_async_sql_query/e3819878-429a-44a1-aece-7e27acc20be5", "endpoint": "dashboards.render_async_sql_query", "view-args": {"id": "e3819878-429a-44a1-aece-7e27acc20be5"}, "status": 200, "user": "7bca496a2b6506a9@lampenwelt.de", "timestamp": "2019-03-15T09:06:57.289171", "browser": "chrome", "browser-platform": "windows", "browser-version": "73.0.3683.75"}
{"method": "GET", "path": "/dashboards/_render_async_sql_query/bfc6c5de-2a45-4736-bf30-2170acfa89f5", "endpoint": "dashboards.render_async_sql_query", "view-args": {"id": "bfc6c5de-2a45-4736-bf30-2170acfa89f5"}, "status": 200, "user": "7bca496a2b6506a9@lampenwelt.de", "timestamp": "2019-03-15T09:06:57.296474", "browser": "chrome", "browser-platform": "windows", "browser-version": "73.0.3683.75"}
{"method": "GET", "path": "/dashboards/_render_async_sql_query/13376f12-ef89-48e1-a6b1-c048e5799c49", "endpoint": "dashboards.render_async_sql_query", "view-args": {"id": "13376f12-ef89-48e1-a6b1-c048e5799c49"}, "status": 200, "user": "7bca496a2b6506a9@lampenwelt.de", "timestamp": "2019-03-15T09:06:57.505189", "browser": "chrome", "browser-platform": "windows", "browser-version": "73.0.3683.75"}
{"method": "GET", "path": "/dashboards/_render_async_sql_query/1da2e7bc-c82a-4b28-93b8-7258440f379f", "endpoint": "dashboards.render_async_sql_query", "view-args": {"id": "1da2e7bc-c82a-4b28-93b8-7258440f379f"}, "status": 200, "user": "7bca496a2b6506a9@lampenwelt.de", "timestamp": "2019-03-15T09:06:57.522107", "browser": "chrome", "browser-platform": "windows", "browser-version": "73.0.3683.75"}
{"method": "GET", "path": "/dashboards/_render_async_sql_query/f0750b82-a3d8-447b-96c4-ddeeb01b6cf8", "endpoint": "dashboards.render_async_sql_query", "view-args": {"id": "f0750b82-a3d8-447b-96c4-ddeeb01b6cf8"}, "status": 200, "user": "7bca496a2b6506a9@lampenwelt.de", "timestamp": "2019-03-15T09:06:57.526973", "browser": "chrome", "browser-platform": "windows", "browser-version": "73.0.3683.75"}
{"method": "POST", "path": "/mondrian/saiku/authorize", "endpoint": "py_mondrian.saiku_authorize", "view-args": {}, "status": 200, "user": "35675e68f4b5af7b@localhost", "timestamp": "2019-03-15T09:07:06.182736", "browser": null, "browser-platform": null, "browser-version": null}
{"method": "POST", "path": "/mondrian/saiku/authorize", "endpoint": "py_mondrian.saiku_authorize", "view-args": {}, "status": 200, "user": "35675e68f4b5af7b@localhost", "timestamp": "2019-03-15T09:07:07.245161", "browser": null, "browser-platform": null, "browser-version": null}
{"method": "POST", "path": "/mondrian/saiku/authorize", "endpoint": "py_mondrian.saiku_authorize", "view-args": {}, "status": 200, "user": "35675e68f4b5af7b@localhost", "timestamp": "2019-03-15T09:10:31.925193", "browser": null, "browser-platform": null, "browser-version": null}
{"method": "POST", "path": "/mondrian/saiku/authorize", "endpoint": "py_mondrian.saiku_authorize", "view-args": {}, "status": 200, "user": "35675e68f4b5af7b@localhost", "timestamp": "2019-03-15T09:10:31.925226", "browser": null, "browser-platform": null, "browser-version": null}
{"method": "POST", "path": "/mondrian/saiku/authorize", "endpoint": "py_mondrian.saiku_authorize", "view-args": {}, "status": 200, "user": "35675e68f4b5af7b@localhost", "timestamp": "2019-03-15T09:10:32.085037", "browser": null, "browser-platform": null, "browser-version": null}
{"method": "POST", "path": "/mondrian/saiku/authorize", "endpoint": "py_mondrian.saiku_authorize", "view-args": {}, "status": 200, "user": "35675e68f4b5af7b@localhost", "timestamp": "2019-03-15T09:42:36.526856", "browser": null, "browser-platform": null, "browser-version": null}
{"method": "POST", "path": "/mondrian/saiku/authorize", "endpoint": "py_mondrian.saiku_authorize", "view-args": {}, "status": 200, "user": "35675e68f4b5af7b@localhost", "timestamp": "2019-03-15T09:42:36.739534", "browser": null, "browser-platform": null, "browser-version": null}
{"method": "GET", "path": "/", "endpoint": "start_page.start_page", "view-args": {}, "status": 302, "user": "e5063e1f25c24f00@lampenwelt.de", "timestamp": "2019-03-15T09:42:49.224909", "browser": "chrome", "browser-platform": "windows", "browser-version": "72.0.3626.121"}
{"method": "GET", "path": "/dashboards/marketing-overview", "endpoint": "dashboards.view_dashboard", "view-args": {"id": "marketing-overview"}, "status": 200, "user": "e5063e1f25c24f00@lampenwelt.de", "timestamp": "2019-03-15T09:42:49.429055", "browser": "chrome", "browser-platform": "windows", "browser-version": "72.0.3626.121"}
{"method": "GET", "path": "/", "endpoint": "start_page.start_page", "view-args": {}, "status": 302, "user": "e5063e1f25c24f00@lampenwelt.de", "timestamp": "2019-03-15T09:42:50.290441", "browser": "chrome", "browser-platform": "windows", "browser-version": "72.0.3626.121"}
{"method": "GET", "path": "/dashboards/marketing-overview", "endpoint": "dashboards.view_dashboard", "view-args": {"id": "marketing-overview"}, "status": 200, "user": "e5063e1f25c24f00@lampenwelt.de", "timestamp": "2019-03-15T09:42:50.517697", "browser": "chrome", "browser-platform": "windows", "browser-version": "72.0.3626.121"}
{"method": "GET", "path": "/dashboards/_render_async_sql_query/cd8d534b-8a2f-4ea7-8615-d910d3f68596", "endpoint": "dashboards.render_async_sql_query", "view-args": {"id": "cd8d534b-8a2f-4ea7-8615-d910d3f68596"}, "status": 200, "user": "e5063e1f25c24f00@lampenwelt.de", "timestamp": "2019-03-15T09:42:51.007132", "browser": "chrome", "browser-platform": "windows", "browser-version": "72.0.3626.121"}
{"method": "GET", "path": "/dashboards/_render_async_sql_query/027baff9-bcb0-49cc-b11d-fe50bb81b464", "endpoint": "dashboards.render_async_sql_query", "view-args": {"id": "027baff9-bcb0-49cc-b11d-fe50bb81b464"}, "status": 200, "user": "e5063e1f25c24f00@lampenwelt.de", "timestamp": "2019-03-15T09:42:51.010217", "browser": "chrome", "browser-platform": "windows", "browser-version": "72.0.3626.121"}
{"method": "GET", "path": "/dashboards/_render_async_sql_query/fb0c7c7a-62e3-40f7-9c98-0eb3b1b10031", "endpoint": "dashboards.render_async_sql_query", "view-args": {"id": "fb0c7c7a-62e3-40f7-9c98-0eb3b1b10031"}, "status": 200, "user": "e5063e1f25c24f00@lampenwelt.de", "timestamp": "2019-03-15T09:42:51.010659", "browser": "chrome", "browser-platform": "windows", "browser-version": "72.0.3626.121"}
{"method": "GET", "path": "/dashboards/_last_successful_import", "endpoint": "dashboards.last_successful_import", "view-args": {}, "status": 200, "user": "e5063e1f25c24f00@lampenwelt.de", "timestamp": "2019-03-15T09:42:51.026209", "browser": "chrome", "browser-platform": "windows", "browser-version": "72.0.3626.121"}
{"method": "GET", "path": "/dashboards/_render_async_sql_query/e2d7508e-6bdd-47e7-ad8b-49b6a3bff4ba", "endpoint": "dashboards.render_async_sql_query", "view-args": {"id": "e2d7508e-6bdd-47e7-ad8b-49b6a3bff4ba"}, "status": 200, "user": "e5063e1f25c24f00@lampenwelt.de", "timestamp": "2019-03-15T09:42:51.034595", "browser": "chrome", "browser-platform": "windows", "browser-version": "72.0.3626.121"}
{"method": "GET", "path": "/dashboards/_last_marketing_cost/marketing-overview", "endpoint": "dashboards.last_marketing_cost", "view-args": {"id": "marketing-overview"}, "status": 200, "user": "e5063e1f25c24f00@lampenwelt.de", "timestamp": "2019-03-15T09:42:51.037328", "browser": "chrome", "browser-platform": "windows", "browser-version": "72.0.3626.121"}
{"method": "GET", "path": "/dashboards/_render_async_sql_query/5632a8f8-4bc5-4318-8650-d691d3bebcae", "endpoint": "dashboards.render_async_sql_query", "view-args": {"id": "5632a8f8-4bc5-4318-8650-d691d3bebcae"}, "status": 200, "user": "e5063e1f25c24f00@lampenwelt.de", "timestamp": "2019-03-15T09:42:51.102303", "browser": "chrome", "browser-platform": "windows", "browser-version": "72.0.3626.121"}
{"method": "GET", "path": "/dashboards/_render_async_sql_query/8f8fa531-0e49-4457-b084-db31f58d5286", "endpoint": "dashboards.render_async_sql_query", "view-args": {"id": "8f8fa531-0e49-4457-b084-db31f58d5286"}, "status": 200, "user": "e5063e1f25c24f00@lampenwelt.de", "timestamp": "2019-03-15T09:42:51.114477", "browser": "chrome", "browser-platform": "windows", "browser-version": "72.0.3626.121"}
{"method": "GET", "path": "/dashboards/_render_async_sql_query/a1326dd5-d0a4-4a79-b1ec-617ffba2563a", "endpoint": "dashboards.render_async_sql_query", "view-args": {"id": "a1326dd5-d0a4-4a79-b1ec-617ffba2563a"}, "status": 200, "user": "e5063e1f25c24f00@lampenwelt.de", "timestamp": "2019-03-15T09:42:51.115861", "browser": "chrome", "browser-platform": "windows", "browser-version": "72.0.3626.121"}
{"method": "GET", "path": "/dashboards/_render_async_sql_query/b08aeb49-6835-49fb-b6ad-3b165a265808", "endpoint": "dashboards.render_async_sql_query", "view-args": {"id": "b08aeb49-6835-49fb-b6ad-3b165a265808"}, "status": 200, "user": "e5063e1f25c24f00@lampenwelt.de", "timestamp": "2019-03-15T09:42:51.135964", "browser": "chrome", "browser-platform": "windows", "browser-version": "72.0.3626.121"}
{"method": "GET", "path": "/dashboards/_render_async_sql_query/f0f9d00f-d773-4fd7-a388-e70a2e884fa0", "endpoint": "dashboards.render_async_sql_query", "view-args": {"id": "f0f9d00f-d773-4fd7-a388-e70a2e884fa0"}, "status": 200, "user": "e5063e1f25c24f00@lampenwelt.de", "timestamp": "2019-03-15T09:42:51.257789", "browser": "chrome", "browser-platform": "windows", "browser-version": "72.0.3626.121"}
{"method": "GET", "path": "/dashboards/_render_async_sql_query/ade6f9fd-53cf-4d20-978b-5107ed91e9b7", "endpoint": "dashboards.render_async_sql_query", "view-args": {"id": "ade6f9fd-53cf-4d20-978b-5107ed91e9b7"}, "status": 200, "user": "e5063e1f25c24f00@lampenwelt.de", "timestamp": "2019-03-15T09:42:51.262850", "browser": "chrome", "browser-platform": "windows", "browser-version": "72.0.3626.121"}
{"method": "GET", "path": "/dashboards/_render_async_sql_query/e4cb3111-c7f1-4bfd-8aa4-7f184f57ef7f", "endpoint": "dashboards.render_async_sql_query", "view-args": {"id": "e4cb3111-c7f1-4bfd-8aa4-7f184f57ef7f"}, "status": 200, "user": "e5063e1f25c24f00@lampenwelt.de", "timestamp": "2019-03-15T09:42:51.262953", "browser": "chrome", "browser-platform": "windows", "browser-version": "72.0.3626.121"}
{"method": "GET", "path": "/dashboards/_render_async_sql_query/591de0c2-ea16-4ff0-bf84-53d97d905025", "endpoint": "dashboards.render_async_sql_query", "view-args": {"id": "591de0c2-ea16-4ff0-bf84-53d97d905025"}, "status": 200, "user": "e5063e1f25c24f00@lampenwelt.de", "timestamp": "2019-03-15T09:42:51.288809", "browser": "chrome", "browser-platform": "windows", "browser-version": "72.0.3626.121"}
{"method": "GET", "path": "/dashboards/_render_async_sql_query/dfa1a42f-213c-4bc5-b952-3ce646e47e58", "endpoint": "dashboards.render_async_sql_query", "view-args": {"id": "dfa1a42f-213c-4bc5-b952-3ce646e47e58"}, "status": 200, "user": "e5063e1f25c24f00@lampenwelt.de", "timestamp": "2019-03-15T09:42:51.304273", "browser": "chrome", "browser-platform": "windows", "browser-version": "72.0.3626.121"}
{"method": "GET", "path": "/dashboards/_render_async_sql_query/1dd67055-2a4d-4666-bd89-203d50ffaff0", "endpoint": "dashboards.render_async_sql_query", "view-args": {"id": "1dd67055-2a4d-4666-bd89-203d50ffaff0"}, "status": 200, "user": "e5063e1f25c24f00@lampenwelt.de", "timestamp": "2019-03-15T09:42:51.307073", "browser": "chrome", "browser-platform": "windows", "browser-version": "72.0.3626.121"}
{"method": "GET", "path": "/dashboards/_render_async_sql_query/6ddc080c-b157-4e53-8283-71d208964611", "endpoint": "dashboards.render_async_sql_query", "view-args": {"id": "6ddc080c-b157-4e53-8283-71d208964611"}, "status": 200, "user": "e5063e1f25c24f00@lampenwelt.de", "timestamp": "2019-03-15T09:42:51.308546", "browser": "chrome", "browser-platform": "windows", "browser-version": "72.0.3626.121"}
{"method": "GET", "path": "/dashboards/_render_async_sql_query/f26c7c99-1f41-4cb6-a7a3-d790c27e1e11", "endpoint": "dashboards.render_async_sql_query", "view-args": {"id": "f26c7c99-1f41-4cb6-a7a3-d790c27e1e11"}, "status": 200, "user": "e5063e1f25c24f00@lampenwelt.de", "timestamp": "2019-03-15T09:42:51.330503", "browser": "chrome", "browser-platform": "windows", "browser-version": "72.0.3626.121"}
{"method": "GET", "path": "/", "endpoint": "start_page.start_page", "view-args": {}, "status": 302, "user": "78b858772f907e50@lampenwelt.de", "timestamp": "2019-03-15T09:42:52.126512", "browser": "chrome", "browser-platform": "windows", "browser-version": "72.0.3626.121"}
{"method": "GET", "path": "/", "endpoint": "start_page.start_page", "view-args": {}, "status": 302, "user": "78b858772f907e50@lampenwelt.de", "timestamp": "2019-03-15T09:42:52.403762", "browser": "chrome", "browser-platform": "windows", "browser-version": "72.0.3626.121"}
{"method": "GET", "path": "/dashboards/marketing-overview", "endpoint": "dashboards.view_dashboard", "view-args": {"id": "marketing-overview"}, "status": 200, "user": "78b858772f907e50@lampenwelt.de", "timestamp": "2019-03-15T09:42:52.416765", "browser": "chrome", "browser-platform": "windows", "browser-version": "72.0.3626.121"}
{"method": "GET", "path": "/dashboards/marketing-overview", "endpoint": "dashboards.view_dashboard", "view-args": {"id": "marketing-overview"}, "status": 200, "user": "78b858772f907e50@lampenwelt.de", "timestamp": "2019-03-15T09:42:52.710385", "browser": "chrome", "browser-platform": "windows", "browser-version": "72.0.3626.121"}
{"method": "GET", "path": "/dashboards/_render_async_sql_query/c61f6c58-2947-446a-9382-e9172646f3eb", "endpoint": "dashboards.render_async_sql_query", "view-args": {"id": "c61f6c58-2947-446a-9382-e9172646f3eb"}, "status": 200, "user": "78b858772f907e50@lampenwelt.de", "timestamp": "2019-03-15T09:42:53.187309", "browser": "chrome", "browser-platform": "windows", "browser-version": "72.0.3626.121"}
{"method": "GET", "path": "/dashboards/_render_async_sql_query/6f971160-a5e9-45d0-bb29-bce35c9c2e78", "endpoint": "dashboards.render_async_sql_query", "view-args": {"id": "6f971160-a5e9-45d0-bb29-bce35c9c2e78"}, "status": 200, "user": "78b858772f907e50@lampenwelt.de", "timestamp": "2019-03-15T09:42:53.189827", "browser": "chrome", "browser-platform": "windows", "browser-version": "72.0.3626.121"}
{"method": "GET", "path": "/dashboards/_render_async_sql_query/5085fa34-b291-49d4-a5a1-cb2de00c084f", "endpoint": "dashboards.render_async_sql_query", "view-args": {"id": "5085fa34-b291-49d4-a5a1-cb2de00c084f"}, "status": 200, "user": "78b858772f907e50@lampenwelt.de", "timestamp": "2019-03-15T09:42:53.194727", "browser": "chrome", "browser-platform": "windows", "browser-version": "72.0.3626.121"}
{"method": "GET", "path": "/dashboards/_last_successful_import", "endpoint": "dashboards.last_successful_import", "view-args": {}, "status": 200, "user": "78b858772f907e50@lampenwelt.de", "timestamp": "2019-03-15T09:42:53.209837", "browser": "chrome", "browser-platform": "windows", "browser-version": "72.0.3626.121"}
{"method": "GET", "path": "/dashboards/_last_marketing_cost/marketing-overview", "endpoint": "dashboards.last_marketing_cost", "view-args": {"id": "marketing-overview"}, "status": 200, "user": "78b858772f907e50@lampenwelt.de", "timestamp": "2019-03-15T09:42:53.212858", "browser": "chrome", "browser-platform": "windows", "browser-version": "72.0.3626.121"}
{"method": "GET", "path": "/dashboards/_render_async_sql_query/3be4e227-6543-4b43-b2d5-3a1d67d6d9cc", "endpoint": "dashboards.render_async_sql_query", "view-args": {"id": "3be4e227-6543-4b43-b2d5-3a1d67d6d9cc"}, "status": 200, "user": "78b858772f907e50@lampenwelt.de", "timestamp": "2019-03-15T09:42:53.222071", "browser": "chrome", "browser-platform": "windows", "browser-version": "72.0.3626.121"}
{"method": "GET", "path": "/dashboards/_render_async_sql_query/b31bc397-3878-4062-b3d7-1b803fc8595f", "endpoint": "dashboards.render_async_sql_query", "view-args": {"id": "b31bc397-3878-4062-b3d7-1b803fc8595f"}, "status": 200, "user": "78b858772f907e50@lampenwelt.de", "timestamp": "2019-03-15T09:42:53.287335", "browser": "chrome", "browser-platform": "windows", "browser-version": "72.0.3626.121"}
{"method": "GET", "path": "/dashboards/_render_async_sql_query/acedf666-b65a-42b3-81cd-87cfb8503499", "endpoint": "dashboards.render_async_sql_query", "view-args": {"id": "acedf666-b65a-42b3-81cd-87cfb8503499"}, "status": 200, "user": "78b858772f907e50@lampenwelt.de", "timestamp": "2019-03-15T09:42:53.292733", "browser": "chrome", "browser-platform": "windows", "browser-version": "72.0.3626.121"}
{"method": "GET", "path": "/dashboards/_render_async_sql_query/389a0abe-c087-4eb9-b871-d4fa00ea203c", "endpoint": "dashboards.render_async_sql_query", "view-args": {"id": "389a0abe-c087-4eb9-b871-d4fa00ea203c"}, "status": 200, "user": "78b858772f907e50@lampenwelt.de", "timestamp": "2019-03-15T09:42:53.294751", "browser": "chrome", "browser-platform": "windows", "browser-version": "72.0.3626.121"}
{"method": "GET", "path": "/dashboards/_render_async_sql_query/efaaca33-8140-44cb-867d-ab1ec37b0e5e", "endpoint": "dashboards.render_async_sql_query", "view-args": {"id": "efaaca33-8140-44cb-867d-ab1ec37b0e5e"}, "status": 200, "user": "78b858772f907e50@lampenwelt.de", "timestamp": "2019-03-15T09:42:53.311150", "browser": "chrome", "browser-platform": "windows", "browser-version": "72.0.3626.121"}
{"method": "GET", "path": "/dashboards/_render_async_sql_query/7f41fb86-456a-490d-8e71-073ceb44bbec", "endpoint": "dashboards.render_async_sql_query", "view-args": {"id": "7f41fb86-456a-490d-8e71-073ceb44bbec"}, "status": 200, "user": "78b858772f907e50@lampenwelt.de", "timestamp": "2019-03-15T09:42:53.338739", "browser": "chrome", "browser-platform": "windows", "browser-version": "72.0.3626.121"}
{"method": "GET", "path": "/dashboards/_render_async_sql_query/c8c154d2-c9f4-4c27-8f9c-4f35fea48f39", "endpoint": "dashboards.render_async_sql_query", "view-args": {"id": "c8c154d2-c9f4-4c27-8f9c-4f35fea48f39"}, "status": 200, "user": "78b858772f907e50@lampenwelt.de", "timestamp": "2019-03-15T09:42:53.342242", "browser": "chrome", "browser-platform": "windows", "browser-version": "72.0.3626.121"}
{"method": "GET", "path": "/dashboards/_render_async_sql_query/957fb9ca-0471-49df-a846-356992d963cb", "endpoint": "dashboards.render_async_sql_query", "view-args": {"id": "957fb9ca-0471-49df-a846-356992d963cb"}, "status": 200, "user": "78b858772f907e50@lampenwelt.de", "timestamp": "2019-03-15T09:42:53.350436", "browser": "chrome", "browser-platform": "windows", "browser-version": "72.0.3626.121"}
{"method": "GET", "path": "/dashboards/_render_async_sql_query/78287a3f-4ac9-4ebd-b4cb-4a0b248bfe20", "endpoint": "dashboards.render_async_sql_query", "view-args": {"id": "78287a3f-4ac9-4ebd-b4cb-4a0b248bfe20"}, "status": 200, "user": "78b858772f907e50@lampenwelt.de", "timestamp": "2019-03-15T09:42:53.512552", "browser": "chrome", "browser-platform": "windows", "browser-version": "72.0.3626.121"}
{"method": "GET", "path": "/dashboards/_render_async_sql_query/03679fbf-c714-4f9b-9269-e93a8e713c96", "endpoint": "dashboards.render_async_sql_query", "view-args": {"id": "03679fbf-c714-4f9b-9269-e93a8e713c96"}, "status": 200, "user": "78b858772f907e50@lampenwelt.de", "timestamp": "2019-03-15T09:42:53.513393", "browser": "chrome", "browser-platform": "windows", "browser-version": "72.0.3626.121"}
{"method": "GET", "path": "/dashboards/_render_async_sql_query/05a83563-056c-4770-afca-e2c629849cd0", "endpoint": "dashboards.render_async_sql_query", "view-args": {"id": "05a83563-056c-4770-afca-e2c629849cd0"}, "status": 200, "user": "78b858772f907e50@lampenwelt.de", "timestamp": "2019-03-15T09:42:53.518435", "browser": "chrome", "browser-platform": "windows", "browser-version": "72.0.3626.121"}
{"method": "GET", "path": "/dashboards/_render_async_sql_query/ec6b129b-dabb-4d8b-bc79-bbd315d14af1", "endpoint": "dashboards.render_async_sql_query", "view-args": {"id": "ec6b129b-dabb-4d8b-bc79-bbd315d14af1"}, "status": 200, "user": "78b858772f907e50@lampenwelt.de", "timestamp": "2019-03-15T09:42:53.532314", "browser": "chrome", "browser-platform": "windows", "browser-version": "72.0.3626.121"}
{"method": "GET", "path": "/dashboards/_render_async_sql_query/1ecbc86c-9a5f-4c5a-a792-bf2fa62e4f1f", "endpoint": "dashboards.render_async_sql_query", "view-args": {"id": "1ecbc86c-9a5f-4c5a-a792-bf2fa62e4f1f"}, "status": 200, "user": "78b858772f907e50@lampenwelt.de", "timestamp": "2019-03-15T09:42:53.558591", "browser": "chrome", "browser-platform": "windows", "browser-version": "72.0.3626.121"}
{"method": "GET", "path": "/data-integration/data_load", "endpoint": "data_integration.node_page", "view-args": {"path": "data_load"}, "status": 200, "user": "78b858772f907e50@lampenwelt.de", "timestamp": "2019-03-15T09:42:57.239114", "browser": "chrome", "browser-platform": "windows", "browser-version": "72.0.3626.121"}
{"method": "GET", "path": "/data-integration/data_load/dependency-graph", "endpoint": "data_integration.dependency_graph", "view-args": {"path": "data_load"}, "status": 200, "user": "78b858772f907e50@lampenwelt.de", "timestamp": "2019-03-15T09:42:57.444403", "browser": "chrome", "browser-platform": "windows", "browser-version": "72.0.3626.121"}
{"method": "GET", "path": "/data-integration/data_load/last-runs-selector", "endpoint": "data_integration.last_runs_selector", "view-args": {"path": "data_load"}, "status": 200, "user": "78b858772f907e50@lampenwelt.de", "timestamp": "2019-03-15T09:42:57.470733", "browser": "chrome", "browser-platform": "windows", "browser-version": "72.0.3626.121"}
{"method": "GET", "path": "/data-integration/data_load/run-time-chart", "endpoint": "data_integration.run_time_chart", "view-args": {"path": "data_load"}, "status": 200, "user": "78b858772f907e50@lampenwelt.de", "timestamp": "2019-03-15T09:42:57.497993", "browser": "chrome", "browser-platform": "windows", "browser-version": "72.0.3626.121"}
{"method": "GET", "path": "/data-integration/data_load/system-stats", "endpoint": "data_integration.system_stats", "view-args": {"path": "data_load", "run_id": null}, "status": 200, "user": "78b858772f907e50@lampenwelt.de", "timestamp": "2019-03-15T09:42:57.505197", "browser": "chrome", "browser-platform": "windows", "browser-version": "72.0.3626.121"}
{"method": "GET", "path": "/data-integration/data_load/timeline-chart", "endpoint": "data_integration.timeline_chart", "view-args": {"path": "data_load", "run_id": null}, "status": 200, "user": "78b858772f907e50@lampenwelt.de", "timestamp": "2019-03-15T09:42:57.531771", "browser": "chrome", "browser-platform": "windows", "browser-version": "72.0.3626.121"}
{"method": "GET", "path": "/data-integration/data_load/run-output-limited", "endpoint": "data_integration.run_output", "view-args": {"path": "data_load", "run_id": null, "limit": true}, "status": 200, "user": "78b858772f907e50@lampenwelt.de", "timestamp": "2019-03-15T09:42:57.574701", "browser": "chrome", "browser-platform": "windows", "browser-version": "72.0.3626.121"}
{"method": "GET", "path": "/data-integration/data_load/pipeline-children-table", "endpoint": "data_integration.pipeline_children_table", "view-args": {"path": "data_load"}, "status": 200, "user": "78b858772f907e50@lampenwelt.de", "timestamp": "2019-03-15T09:42:57.598639", "browser": "chrome", "browser-platform": "windows", "browser-version": "72.0.3626.121"}
{"method": "GET", "path": "/dashboards/marketing-overview", "endpoint": "dashboards.view_dashboard", "view-args": {"id": "marketing-overview"}, "status": 200, "user": "78b858772f907e50@lampenwelt.de", "timestamp": "2019-03-15T09:42:59.606181", "browser": "chrome", "browser-platform": "windows", "browser-version": "72.0.3626.121"}
{"method": "GET", "path": "/data-integration", "endpoint": "data_integration.node_page", "view-args": {"path": ""}, "status": 200, "user": "e5063e1f25c24f00@lampenwelt.de", "timestamp": "2019-03-15T09:42:59.709832", "browser": "chrome", "browser-platform": "windows", "browser-version": "72.0.3626.121"}
{"method": "GET", "path": "/data-integration/dependency-graph", "endpoint": "data_integration.dependency_graph", "view-args": {"path": ""}, "status": 200, "user": "e5063e1f25c24f00@lampenwelt.de", "timestamp": "2019-03-15T09:42:59.854136", "browser": "chrome", "browser-platform": "windows", "browser-version": "72.0.3626.121"}
{"method": "GET", "path": "/data-integration/last-runs-selector", "endpoint": "data_integration.last_runs_selector", "view-args": {"path": ""}, "status": 200, "user": "e5063e1f25c24f00@lampenwelt.de", "timestamp": "2019-03-15T09:42:59.910614", "browser": "chrome", "browser-platform": "windows", "browser-version": "72.0.3626.121"}
{"method": "GET", "path": "/data-integration/run-time-chart", "endpoint": "data_integration.run_time_chart", "view-args": {"path": ""}, "status": 200, "user": "e5063e1f25c24f00@lampenwelt.de", "timestamp": "2019-03-15T09:42:59.923578", "browser": "chrome", "browser-platform": "windows", "browser-version": "72.0.3626.121"}
{"method": "GET", "path": "/data-integration/system-stats", "endpoint": "data_integration.system_stats", "view-args": {"path": "", "run_id": null}, "status": 200, "user": "e5063e1f25c24f00@lampenwelt.de", "timestamp": "2019-03-15T09:42:59.934259", "browser": "chrome", "browser-platform": "windows", "browser-version": "72.0.3626.121"}
{"method": "GET", "path": "/data-integration/timeline-chart", "endpoint": "data_integration.timeline_chart", "view-args": {"path": "", "run_id": null}, "status": 200, "user": "e5063e1f25c24f00@lampenwelt.de", "timestamp": "2019-03-15T09:42:59.944559", "browser": "chrome", "browser-platform": "windows", "browser-version": "72.0.3626.121"}
{"method": "GET", "path": "/data-integration/run-output-limited", "endpoint": "data_integration.run_output", "view-args": {"path": "", "run_id": null, "limit": true}, "status": 200, "user": "e5063e1f25c24f00@lampenwelt.de", "timestamp": "2019-03-15T09:42:59.954071", "browser": "chrome", "browser-platform": "windows", "browser-version": "72.0.3626.121"}
{"method": "GET", "path": "/dashboards/_render_async_sql_query/8c0b506a-ddce-4f5f-a0cb-46bb60e7fb2a", "endpoint": "dashboards.render_async_sql_query", "view-args": {"id": "8c0b506a-ddce-4f5f-a0cb-46bb60e7fb2a"}, "status": 200, "user": "78b858772f907e50@lampenwelt.de", "timestamp": "2019-03-15T09:42:59.967726", "browser": "chrome", "browser-platform": "windows", "browser-version": "72.0.3626.121"}
{"method": "GET", "path": "/dashboards/_render_async_sql_query/bdb8d26d-c792-4503-b92f-ae79dab18430", "endpoint": "dashboards.render_async_sql_query", "view-args": {"id": "bdb8d26d-c792-4503-b92f-ae79dab18430"}, "status": 200, "user": "78b858772f907e50@lampenwelt.de", "timestamp": "2019-03-15T09:42:59.977644", "browser": "chrome", "browser-platform": "windows", "browser-version": "72.0.3626.121"}
{"method": "GET", "path": "/dashboards/_render_async_sql_query/15869469-e891-4c0f-bbb7-c9278cc66d63", "endpoint": "dashboards.render_async_sql_query", "view-args": {"id": "15869469-e891-4c0f-bbb7-c9278cc66d63"}, "status": 200, "user": "78b858772f907e50@lampenwelt.de", "timestamp": "2019-03-15T09:42:59.993809", "browser": "chrome", "browser-platform": "windows", "browser-version": "72.0.3626.121"}
{"method": "GET", "path": "/dashboards/_render_async_sql_query/22bdab70-1832-4022-8cd3-976813c8a521", "endpoint": "dashboards.render_async_sql_query", "view-args": {"id": "22bdab70-1832-4022-8cd3-976813c8a521"}, "status": 200, "user": "78b858772f907e50@lampenwelt.de", "timestamp": "2019-03-15T09:43:00.000393", "browser": "chrome", "browser-platform": "windows", "browser-version": "72.0.3626.121"}
{"method": "GET", "path": "/dashboards/_last_successful_import", "endpoint": "dashboards.last_successful_import", "view-args": {}, "status": 200, "user": "78b858772f907e50@lampenwelt.de", "timestamp": "2019-03-15T09:43:00.008267", "browser": "chrome", "browser-platform": "windows", "browser-version": "72.0.3626.121"}
{"method": "GET", "path": "/dashboards/_last_marketing_cost/marketing-overview", "endpoint": "dashboards.last_marketing_cost", "view-args": {"id": "marketing-overview"}, "status": 200, "user": "78b858772f907e50@lampenwelt.de", "timestamp": "2019-03-15T09:43:00.016183", "browser": "chrome", "browser-platform": "windows", "browser-version": "72.0.3626.121"}
{"method": "GET", "path": "/dashboards/_render_async_sql_query/536ac7fc-22e0-4851-b7b3-640132124036", "endpoint": "dashboards.render_async_sql_query", "view-args": {"id": "536ac7fc-22e0-4851-b7b3-640132124036"}, "status": 200, "user": "78b858772f907e50@lampenwelt.de", "timestamp": "2019-03-15T09:43:00.051733", "browser": "chrome", "browser-platform": "windows", "browser-version": "72.0.3626.121"}
{"method": "GET", "path": "/dashboards/_render_async_sql_query/5255d7e9-6fc3-4985-aa3c-12138e886758", "endpoint": "dashboards.render_async_sql_query", "view-args": {"id": "5255d7e9-6fc3-4985-aa3c-12138e886758"}, "status": 200, "user": "78b858772f907e50@lampenwelt.de", "timestamp": "2019-03-15T09:43:00.052214", "browser": "chrome", "browser-platform": "windows", "browser-version": "72.0.3626.121"}
{"method": "GET", "path": "/dashboards/_render_async_sql_query/faa5de73-b113-42f8-b861-0f5da93e786d", "endpoint": "dashboards.render_async_sql_query", "view-args": {"id": "faa5de73-b113-42f8-b861-0f5da93e786d"}, "status": 200, "user": "78b858772f907e50@lampenwelt.de", "timestamp": "2019-03-15T09:43:00.077212", "browser": "chrome", "browser-platform": "windows", "browser-version": "72.0.3626.121"}
{"method": "GET", "path": "/dashboards/_render_async_sql_query/af01d32d-18ef-480b-b3b7-980de396ed7b", "endpoint": "dashboards.render_async_sql_query", "view-args": {"id": "af01d32d-18ef-480b-b3b7-980de396ed7b"}, "status": 200, "user": "78b858772f907e50@lampenwelt.de", "timestamp": "2019-03-15T09:43:00.079604", "browser": "chrome", "browser-platform": "windows", "browser-version": "72.0.3626.121"}
{"method": "GET", "path": "/dashboards/_render_async_sql_query/14036d9b-363b-476d-bf19-51fc382c38bc", "endpoint": "dashboards.render_async_sql_query", "view-args": {"id": "14036d9b-363b-476d-bf19-51fc382c38bc"}, "status": 200, "user": "78b858772f907e50@lampenwelt.de", "timestamp": "2019-03-15T09:43:00.109431", "browser": "chrome", "browser-platform": "windows", "browser-version": "72.0.3626.121"}
{"method": "GET", "path": "/dashboards/_render_async_sql_query/1ed093cf-fa39-4f99-97d8-02f903d3ca61", "endpoint": "dashboards.render_async_sql_query", "view-args": {"id": "1ed093cf-fa39-4f99-97d8-02f903d3ca61"}, "status": 200, "user": "78b858772f907e50@lampenwelt.de", "timestamp": "2019-03-15T09:43:00.309789", "browser": "chrome", "browser-platform": "windows", "browser-version": "72.0.3626.121"}
{"method": "GET", "path": "/dashboards/_render_async_sql_query/af1f249d-625c-4546-8853-b578ce33ce63", "endpoint": "dashboards.render_async_sql_query", "view-args": {"id": "af1f249d-625c-4546-8853-b578ce33ce63"}, "status": 200, "user": "78b858772f907e50@lampenwelt.de", "timestamp": "2019-03-15T09:43:00.318971", "browser": "chrome", "browser-platform": "windows", "browser-version": "72.0.3626.121"}
{"method": "GET", "path": "/dashboards/_render_async_sql_query/83268485-51cb-4917-bd36-063e38860581", "endpoint": "dashboards.render_async_sql_query", "view-args": {"id": "83268485-51cb-4917-bd36-063e38860581"}, "status": 200, "user": "78b858772f907e50@lampenwelt.de", "timestamp": "2019-03-15T09:43:00.331240", "browser": "chrome", "browser-platform": "windows", "browser-version": "72.0.3626.121"}
{"method": "GET", "path": "/dashboards/_render_async_sql_query/85ccd8f3-d3c2-49cc-b7fd-032dfea88ed4", "endpoint": "dashboards.render_async_sql_query", "view-args": {"id": "85ccd8f3-d3c2-49cc-b7fd-032dfea88ed4"}, "status": 200, "user": "78b858772f907e50@lampenwelt.de", "timestamp": "2019-03-15T09:43:00.337582", "browser": "chrome", "browser-platform": "windows", "browser-version": "72.0.3626.121"}
{"method": "GET", "path": "/dashboards/_render_async_sql_query/cf8ec506-9d2b-41cf-8f6e-6bab86cc0cd7", "endpoint": "dashboards.render_async_sql_query", "view-args": {"id": "cf8ec506-9d2b-41cf-8f6e-6bab86cc0cd7"}, "status": 200, "user": "78b858772f907e50@lampenwelt.de", "timestamp": "2019-03-15T09:43:00.692782", "browser": "chrome", "browser-platform": "windows", "browser-version": "72.0.3626.121"}
{"method": "GET", "path": "/dashboards/_render_async_sql_query/589c3f7b-3f45-4241-98ca-64e5478428b4", "endpoint": "dashboards.render_async_sql_query", "view-args": {"id": "589c3f7b-3f45-4241-98ca-64e5478428b4"}, "status": 200, "user": "78b858772f907e50@lampenwelt.de", "timestamp": "2019-03-15T09:43:00.719200", "browser": "chrome", "browser-platform": "windows", "browser-version": "72.0.3626.121"}
{"method": "GET", "path": "/dashboards/_render_async_sql_query/8ae07018-e867-4257-bfad-0f70a44f0ea2", "endpoint": "dashboards.render_async_sql_query", "view-args": {"id": "8ae07018-e867-4257-bfad-0f70a44f0ea2"}, "status": 200, "user": "78b858772f907e50@lampenwelt.de", "timestamp": "2019-03-15T09:43:00.742511", "browser": "chrome", "browser-platform": "windows", "browser-version": "72.0.3626.121"}
{"method": "GET", "path": "/data-integration/data_transformation", "endpoint": "data_integration.node_page", "view-args": {"path": "data_transformation"}, "status": 200, "user": "e5063e1f25c24f00@lampenwelt.de", "timestamp": "2019-03-15T09:43:01.708940", "browser": "chrome", "browser-platform": "windows", "browser-version": "72.0.3626.121"}
{"method": "GET", "path": "/data-integration/data_transformation/dependency-graph", "endpoint": "data_integration.dependency_graph", "view-args": {"path": "data_transformation"}, "status": 200, "user": "e5063e1f25c24f00@lampenwelt.de", "timestamp": "2019-03-15T09:43:01.836982", "browser": "chrome", "browser-platform": "windows", "browser-version": "72.0.3626.121"}
{"method": "GET", "path": "/data-integration/data_transformation/run-time-chart", "endpoint": "data_integration.run_time_chart", "view-args": {"path": "data_transformation"}, "status": 200, "user": "e5063e1f25c24f00@lampenwelt.de", "timestamp": "2019-03-15T09:43:01.942554", "browser": "chrome", "browser-platform": "windows", "browser-version": "72.0.3626.121"}
{"method": "GET", "path": "/data-integration/data_transformation/last-runs-selector", "endpoint": "data_integration.last_runs_selector", "view-args": {"path": "data_transformation"}, "status": 200, "user": "e5063e1f25c24f00@lampenwelt.de", "timestamp": "2019-03-15T09:43:01.971395", "browser": "chrome", "browser-platform": "windows", "browser-version": "72.0.3626.121"}
{"method": "GET", "path": "/data-integration/data_transformation/system-stats", "endpoint": "data_integration.system_stats", "view-args": {"path": "data_transformation", "run_id": null}, "status": 200, "user": "e5063e1f25c24f00@lampenwelt.de", "timestamp": "2019-03-15T09:43:02.025032", "browser": "chrome", "browser-platform": "windows", "browser-version": "72.0.3626.121"}
{"method": "GET", "path": "/data-integration/data_transformation/timeline-chart", "endpoint": "data_integration.timeline_chart", "view-args": {"path": "data_transformation", "run_id": null}, "status": 200, "user": "e5063e1f25c24f00@lampenwelt.de", "timestamp": "2019-03-15T09:43:02.079150", "browser": "chrome", "browser-platform": "windows", "browser-version": "72.0.3626.121"}
{"method": "GET", "path": "/data-integration/data_transformation/run-output-limited", "endpoint": "data_integration.run_output", "view-args": {"path": "data_transformation", "run_id": null, "limit": true}, "status": 200, "user": "e5063e1f25c24f00@lampenwelt.de", "timestamp": "2019-03-15T09:43:02.178460", "browser": "chrome", "browser-platform": "windows", "browser-version": "72.0.3626.121"}
{"method": "GET", "path": "/data-integration/pipeline-children-table", "endpoint": "data_integration.pipeline_children_table", "view-args": {"path": ""}, "status": 200, "user": "e5063e1f25c24f00@lampenwelt.de", "timestamp": "2019-03-15T09:43:03.630684", "browser": "chrome", "browser-platform": "windows", "browser-version": "72.0.3626.121"}
{"method": "GET", "path": "/data-integration/data_transformation/pipeline-children-table", "endpoint": "data_integration.pipeline_children_table", "view-args": {"path": "data_transformation"}, "status": 200, "user": "e5063e1f25c24f00@lampenwelt.de", "timestamp": "2019-03-15T09:43:03.667691", "browser": "chrome", "browser-platform": "windows", "browser-version": "72.0.3626.121"}
{"method": "GET", "path": "/data-integration/data_transformation/consistency_checks", "endpoint": "data_integration.node_page", "view-args": {"path": "data_transformation/consistency_checks"}, "status": 200, "user": "78b858772f907e50@lampenwelt.de", "timestamp": "2019-03-15T09:43:18.938147", "browser": "chrome", "browser-platform": "windows", "browser-version": "72.0.3626.121"}
{"method": "GET", "path": "/data-integration/data_transformation/consistency_checks/dependency-graph", "endpoint": "data_integration.dependency_graph", "view-args": {"path": "data_transformation/consistency_checks"}, "status": 200, "user": "78b858772f907e50@lampenwelt.de", "timestamp": "2019-03-15T09:43:19.238346", "browser": "chrome", "browser-platform": "windows", "browser-version": "72.0.3626.121"}
{"method": "GET", "path": "/data-integration/data_transformation/consistency_checks/last-runs-selector", "endpoint": "data_integration.last_runs_selector", "view-args": {"path": "data_transformation/consistency_checks"}, "status": 200, "user": "78b858772f907e50@lampenwelt.de", "timestamp": "2019-03-15T09:43:19.266721", "browser": "chrome", "browser-platform": "windows", "browser-version": "72.0.3626.121"}
{"method": "GET", "path": "/data-integration/data_transformation/consistency_checks/pipeline-children-table", "endpoint": "data_integration.pipeline_children_table", "view-args": {"path": "data_transformation/consistency_checks"}, "status": 200, "user": "78b858772f907e50@lampenwelt.de", "timestamp": "2019-03-15T09:43:19.312751", "browser": "chrome", "browser-platform": "windows", "browser-version": "72.0.3626.121"}
{"method": "GET", "path": "/data-integration/data_transformation/consistency_checks/system-stats", "endpoint": "data_integration.system_stats", "view-args": {"path": "data_transformation/consistency_checks", "run_id": null}, "status": 200, "user": "78b858772f907e50@lampenwelt.de", "timestamp": "2019-03-15T09:43:19.321363", "browser": "chrome", "browser-platform": "windows", "browser-version": "72.0.3626.121"}
{"method": "GET", "path": "/data-integration/data_transformation/consistency_checks/timeline-chart", "endpoint": "data_integration.timeline_chart", "view-args": {"path": "data_transformation/consistency_checks", "run_id": null}, "status": 200, "user": "78b858772f907e50@lampenwelt.de", "timestamp": "2019-03-15T09:43:19.362227", "browser": "chrome", "browser-platform": "windows", "browser-version": "72.0.3626.121"}
{"method": "GET", "path": "/data-integration/data_transformation/consistency_checks/run-output-limited", "endpoint": "data_integration.run_output", "view-args": {"path": "data_transformation/consistency_checks", "run_id": null, "limit": true}, "status": 200, "user": "78b858772f907e50@lampenwelt.de", "timestamp": "2019-03-15T09:43:19.382638", "browser": "chrome", "browser-platform": "windows", "browser-version": "72.0.3626.121"}
{"method": "GET", "path": "/data-integration/data_transformation/consistency_checks/run-time-chart", "endpoint": "data_integration.run_time_chart", "view-args": {"path": "data_transformation/consistency_checks"}, "status": 200, "user": "78b858772f907e50@lampenwelt.de", "timestamp": "2019-03-15T09:43:19.394416", "browser": "chrome", "browser-platform": "windows", "browser-version": "72.0.3626.121"}
{"method": "GET", "path": "/data-integration/data_transformation/consistency_checks/webshop_checks", "endpoint": "data_integration.node_page", "view-args": {"path": "data_transformation/consistency_checks/webshop_checks"}, "status": 200, "user": "78b858772f907e50@lampenwelt.de", "timestamp": "2019-03-15T09:43:24.825898", "browser": "chrome", "browser-platform": "windows", "browser-version": "72.0.3626.121"}
{"method": "GET", "path": "/data-integration/data_transformation/consistency_checks/webshop_checks/dependency-graph", "endpoint": "data_integration.dependency_graph", "view-args": {"path": "data_transformation/consistency_checks/webshop_checks"}, "status": 200, "user": "78b858772f907e50@lampenwelt.de", "timestamp": "2019-03-15T09:43:25.026963", "browser": "chrome", "browser-platform": "windows", "browser-version": "72.0.3626.121"}
{"method": "GET", "path": "/data-integration/data_transformation/consistency_checks/webshop_checks/last-runs-selector", "endpoint": "data_integration.last_runs_selector", "view-args": {"path": "data_transformation/consistency_checks/webshop_checks"}, "status": 200, "user": "78b858772f907e50@lampenwelt.de", "timestamp": "2019-03-15T09:43:25.074026", "browser": "chrome", "browser-platform": "windows", "browser-version": "72.0.3626.121"}
{"method": "GET", "path": "/data-integration/data_transformation/consistency_checks/webshop_checks/pipeline-children-table", "endpoint": "data_integration.pipeline_children_table", "view-args": {"path": "data_transformation/consistency_checks/webshop_checks"}, "status": 200, "user": "78b858772f907e50@lampenwelt.de", "timestamp": "2019-03-15T09:43:25.089122", "browser": "chrome", "browser-platform": "windows", "browser-version": "72.0.3626.121"}
{"method": "GET", "path": "/data-integration/data_transformation/consistency_checks/webshop_checks/run-time-chart", "endpoint": "data_integration.run_time_chart", "view-args": {"path": "data_transformation/consistency_checks/webshop_checks"}, "status": 200, "user": "78b858772f907e50@lampenwelt.de", "timestamp": "2019-03-15T09:43:25.098976", "browser": "chrome", "browser-platform": "windows", "browser-version": "72.0.3626.121"}
{"method": "GET", "path": "/data-integration/data_transformation/consistency_checks/webshop_checks/system-stats", "endpoint": "data_integration.system_stats", "view-args": {"path": "data_transformation/consistency_checks/webshop_checks", "run_id": null}, "status": 200, "user": "78b858772f907e50@lampenwelt.de", "timestamp": "2019-03-15T09:43:25.116088", "browser": "chrome", "browser-platform": "windows", "browser-version": "72.0.3626.121"}
{"method": "GET", "path": "/data-integration/data_transformation/consistency_checks/webshop_checks/timeline-chart", "endpoint": "data_integration.timeline_chart", "view-args": {"path": "data_transformation/consistency_checks/webshop_checks", "run_id": null}, "status": 200, "user": "78b858772f907e50@lampenwelt.de", "timestamp": "2019-03-15T09:43:25.128642", "browser": "chrome", "browser-platform": "windows", "browser-version": "72.0.3626.121"}
{"method": "GET", "path": "/data-integration/data_transformation/consistency_checks/webshop_checks/run-output-limited", "endpoint": "data_integration.run_output", "view-args": {"path": "data_transformation/consistency_checks/webshop_checks", "run_id": null, "limit": true}, "status": 200, "user": "78b858772f907e50@lampenwelt.de", "timestamp": "2019-03-15T09:43:25.158730", "browser": "chrome", "browser-platform": "windows", "browser-version": "72.0.3626.121"}
{"method": "GET", "path": "/data-integration/data_transformation/consistency_checks", "endpoint": "data_integration.node_page", "view-args": {"path": "data_transformation/consistency_checks"}, "status": 200, "user": "e5063e1f25c24f00@lampenwelt.de", "timestamp": "2019-03-15T09:46:52.597620", "browser": "chrome", "browser-platform": "windows", "browser-version": "72.0.3626.121"}
{"method": "GET", "path": "/data-integration/data_transformation/consistency_checks/run-time-chart", "endpoint": "data_integration.run_time_chart", "view-args": {"path": "data_transformation/consistency_checks"}, "status": 200, "user": "e5063e1f25c24f00@lampenwelt.de", "timestamp": "2019-03-15T09:46:52.967870", "browser": "chrome", "browser-platform": "windows", "browser-version": "72.0.3626.121"}
{"method": "GET", "path": "/data-integration/data_transformation/consistency_checks/last-runs-selector", "endpoint": "data_integration.last_runs_selector", "view-args": {"path": "data_transformation/consistency_checks"}, "status": 200, "user": "e5063e1f25c24f00@lampenwelt.de", "timestamp": "2019-03-15T09:46:52.989934", "browser": "chrome", "browser-platform": "windows", "browser-version": "72.0.3626.121"}
{"method": "GET", "path": "/data-integration/data_transformation/consistency_checks/pipeline-children-table", "endpoint": "data_integration.pipeline_children_table", "view-args": {"path": "data_transformation/consistency_checks"}, "status": 200, "user": "e5063e1f25c24f00@lampenwelt.de", "timestamp": "2019-03-15T09:46:52.968030", "browser": "chrome", "browser-platform": "windows", "browser-version": "72.0.3626.121"}
{"method": "GET", "path": "/data-integration/data_transformation/consistency_checks/system-stats", "endpoint": "data_integration.system_stats", "view-args": {"path": "data_transformation/consistency_checks", "run_id": null}, "status": 200, "user": "e5063e1f25c24f00@lampenwelt.de", "timestamp": "2019-03-15T09:46:53.015039", "browser": "chrome", "browser-platform": "windows", "browser-version": "72.0.3626.121"}
{"method": "GET", "path": "/data-integration/data_transformation/consistency_checks/timeline-chart", "endpoint": "data_integration.timeline_chart", "view-args": {"path": "data_transformation/consistency_checks", "run_id": null}, "status": 200, "user": "e5063e1f25c24f00@lampenwelt.de", "timestamp": "2019-03-15T09:46:53.024369", "browser": "chrome", "browser-platform": "windows", "browser-version": "72.0.3626.121"}
{"method": "GET", "path": "/data-integration/data_transformation/consistency_checks/dependency-graph", "endpoint": "data_integration.dependency_graph", "view-args": {"path": "data_transformation/consistency_checks"}, "status": 200, "user": "e5063e1f25c24f00@lampenwelt.de", "timestamp": "2019-03-15T09:46:52.999178", "browser": "chrome", "browser-platform": "windows", "browser-version": "72.0.3626.121"}
{"method": "GET", "path": "/data-integration/data_transformation/consistency_checks/run-output-limited", "endpoint": "data_integration.run_output", "view-args": {"path": "data_transformation/consistency_checks", "run_id": null, "limit": true}, "status": 200, "user": "e5063e1f25c24f00@lampenwelt.de", "timestamp": "2019-03-15T09:46:53.069023", "browser": "chrome", "browser-platform": "windows", "browser-version": "72.0.3626.121"}
{"method": "GET", "path": "/data-integration/data_transformation/consistency_checks", "endpoint": "data_integration.node_page", "view-args": {"path": "data_transformation/consistency_checks"}, "status": 200, "user": "78b858772f907e50@lampenwelt.de", "timestamp": "2019-03-15T09:47:11.099385", "browser": "chrome", "browser-platform": "windows", "browser-version": "72.0.3626.121"}
{"method": "GET", "path": "/data-integration/data_transformation/consistency_checks/dependency-graph", "endpoint": "data_integration.dependency_graph", "view-args": {"path": "data_transformation/consistency_checks"}, "status": 200, "user": "78b858772f907e50@lampenwelt.de", "timestamp": "2019-03-15T09:47:11.539555", "browser": "chrome", "browser-platform": "windows", "browser-version": "72.0.3626.121"}
{"method": "GET", "path": "/data-integration/data_transformation/consistency_checks/last-runs-selector", "endpoint": "data_integration.last_runs_selector", "view-args": {"path": "data_transformation/consistency_checks"}, "status": 200, "user": "78b858772f907e50@lampenwelt.de", "timestamp": "2019-03-15T09:47:11.566775", "browser": "chrome", "browser-platform": "windows", "browser-version": "72.0.3626.121"}
{"method": "GET", "path": "/data-integration/data_transformation/consistency_checks/pipeline-children-table", "endpoint": "data_integration.pipeline_children_table", "view-args": {"path": "data_transformation/consistency_checks"}, "status": 200, "user": "78b858772f907e50@lampenwelt.de", "timestamp": "2019-03-15T09:47:11.581468", "browser": "chrome", "browser-platform": "windows", "browser-version": "72.0.3626.121"}
{"method": "GET", "path": "/data-integration/data_transformation/consistency_checks/run-time-chart", "endpoint": "data_integration.run_time_chart", "view-args": {"path": "data_transformation/consistency_checks"}, "status": 200, "user": "78b858772f907e50@lampenwelt.de", "timestamp": "2019-03-15T09:47:11.587264", "browser": "chrome", "browser-platform": "windows", "browser-version": "72.0.3626.121"}
{"method": "GET", "path": "/data-integration/data_transformation/consistency_checks/system-stats", "endpoint": "data_integration.system_stats", "view-args": {"path": "data_transformation/consistency_checks", "run_id": null}, "status": 200, "user": "78b858772f907e50@lampenwelt.de", "timestamp": "2019-03-15T09:47:11.601056", "browser": "chrome", "browser-platform": "windows", "browser-version": "72.0.3626.121"}
{"method": "GET", "path": "/data-integration/data_transformation/consistency_checks/timeline-chart", "endpoint": "data_integration.timeline_chart", "view-args": {"path": "data_transformation/consistency_checks", "run_id": null}, "status": 200, "user": "78b858772f907e50@lampenwelt.de", "timestamp": "2019-03-15T09:47:11.618692", "browser": "chrome", "browser-platform": "windows", "browser-version": "72.0.3626.121"}
{"method": "GET", "path": "/data-integration/data_transformation/consistency_checks/run-output-limited", "endpoint": "data_integration.run_output", "view-args": {"path": "data_transformation/consistency_checks", "run_id": null, "limit": true}, "status": 200, "user": "78b858772f907e50@lampenwelt.de", "timestamp": "2019-03-15T09:47:11.641416", "browser": "chrome", "browser-platform": "windows", "browser-version": "72.0.3626.121"}
{"method": "GET", "path": "/data-integration/data_transformation/consistency_checks/timeline-chart/5515", "endpoint": "data_integration.timeline_chart", "view-args": {"path": "data_transformation/consistency_checks", "run_id": 5515}, "status": 200, "user": "e5063e1f25c24f00@lampenwelt.de", "timestamp": "2019-03-15T09:48:33.208816", "browser": "chrome", "browser-platform": "windows", "browser-version": "72.0.3626.121"}
{"method": "GET", "path": "/data-integration/data_transformation/consistency_checks/system-stats/5515", "endpoint": "data_integration.system_stats", "view-args": {"path": "data_transformation/consistency_checks", "run_id": 5515}, "status": 200, "user": "e5063e1f25c24f00@lampenwelt.de", "timestamp": "2019-03-15T09:48:33.257585", "browser": "chrome", "browser-platform": "windows", "browser-version": "72.0.3626.121"}
{"method": "GET", "path": "/data-integration/data_transformation/consistency_checks/run-output-limited/5515", "endpoint": "data_integration.run_output", "view-args": {"path": "data_transformation/consistency_checks", "run_id": 5515, "limit": true}, "status": 200, "user": "e5063e1f25c24f00@lampenwelt.de", "timestamp": "2019-03-15T09:48:33.277915", "browser": "chrome", "browser-platform": "windows", "browser-version": "72.0.3626.121"}
{"method": "GET", "path": "/data-integration/data_transformation/consistency_checks/timeline-chart/5663", "endpoint": "data_integration.timeline_chart", "view-args": {"path": "data_transformation/consistency_checks", "run_id": 5663}, "status": 200, "user": "e5063e1f25c24f00@lampenwelt.de", "timestamp": "2019-03-15T09:49:34.678481", "browser": "chrome", "browser-platform": "windows", "browser-version": "72.0.3626.121"}
{"method": "GET", "path": "/data-integration/data_transformation/consistency_checks/system-stats/5663", "endpoint": "data_integration.system_stats", "view-args": {"path": "data_transformation/consistency_checks", "run_id": 5663}, "status": 200, "user": "e5063e1f25c24f00@lampenwelt.de", "timestamp": "2019-03-15T09:49:34.681441", "browser": "chrome", "browser-platform": "windows", "browser-version": "72.0.3626.121"}
{"method": "GET", "path": "/data-integration/data_transformation/consistency_checks/run-output-limited/5663", "endpoint": "data_integration.run_output", "view-args": {"path": "data_transformation/consistency_checks", "run_id": 5663, "limit": true}, "status": 200, "user": "e5063e1f25c24f00@lampenwelt.de", "timestamp": "2019-03-15T09:49:34.722354", "browser": "chrome", "browser-platform": "windows", "browser-version": "72.0.3626.121"}
{"method": "GET", "path": "/data-integration/data_transformation", "endpoint": "data_integration.node_page", "view-args": {"path": "data_transformation"}, "status": 200, "user": "e5063e1f25c24f00@lampenwelt.de", "timestamp": "2019-03-15T09:49:36.834175", "browser": "chrome", "browser-platform": "windows", "browser-version": "72.0.3626.121"}
{"method": "GET", "path": "/data-integration/data_transformation/dependency-graph", "endpoint": "data_integration.dependency_graph", "view-args": {"path": "data_transformation"}, "status": 200, "user": "e5063e1f25c24f00@lampenwelt.de", "timestamp": "2019-03-15T09:49:37.127104", "browser": "chrome", "browser-platform": "windows", "browser-version": "72.0.3626.121"}
{"method": "GET", "path": "/data-integration/data_transformation/run-time-chart", "endpoint": "data_integration.run_time_chart", "view-args": {"path": "data_transformation"}, "status": 200, "user": "e5063e1f25c24f00@lampenwelt.de", "timestamp": "2019-03-15T09:49:37.139899", "browser": "chrome", "browser-platform": "windows", "browser-version": "72.0.3626.121"}
{"method": "GET", "path": "/data-integration/data_transformation/last-runs-selector", "endpoint": "data_integration.last_runs_selector", "view-args": {"path": "data_transformation"}, "status": 200, "user": "e5063e1f25c24f00@lampenwelt.de", "timestamp": "2019-03-15T09:49:37.153678", "browser": "chrome", "browser-platform": "windows", "browser-version": "72.0.3626.121"}
{"method": "GET", "path": "/data-integration/data_transformation/system-stats", "endpoint": "data_integration.system_stats", "view-args": {"path": "data_transformation", "run_id": null}, "status": 200, "user": "e5063e1f25c24f00@lampenwelt.de", "timestamp": "2019-03-15T09:49:37.184462", "browser": "chrome", "browser-platform": "windows", "browser-version": "72.0.3626.121"}
{"method": "GET", "path": "/data-integration/data_transformation/run-output-limited", "endpoint": "data_integration.run_output", "view-args": {"path": "data_transformation", "run_id": null, "limit": true}, "status": 200, "user": "e5063e1f25c24f00@lampenwelt.de", "timestamp": "2019-03-15T09:49:37.277203", "browser": "chrome", "browser-platform": "windows", "browser-version": "72.0.3626.121"}
{"method": "GET", "path": "/data-integration/data_transformation/timeline-chart", "endpoint": "data_integration.timeline_chart", "view-args": {"path": "data_transformation", "run_id": null}, "status": 200, "user": "e5063e1f25c24f00@lampenwelt.de", "timestamp": "2019-03-15T09:49:37.287069", "browser": "chrome", "browser-platform": "windows", "browser-version": "72.0.3626.121"}
{"method": "GET", "path": "/data-integration/data_transformation/pipeline-children-table", "endpoint": "data_integration.pipeline_children_table", "view-args": {"path": "data_transformation"}, "status": 200, "user": "e5063e1f25c24f00@lampenwelt.de", "timestamp": "2019-03-15T09:49:38.699728", "browser": "chrome", "browser-platform": "windows", "browser-version": "72.0.3626.121"}
{"method": "GET", "path": "/dashboards/marketing-overview", "endpoint": "dashboards.view_dashboard", "view-args": {"id": "marketing-overview"}, "status": 200, "user": "6efd081691a44e5f@lampenwelt.de", "timestamp": "2019-03-15T09:52:15.817293", "browser": "chrome", "browser-platform": "windows", "browser-version": "72.0.3626.121"}
{"method": "GET", "path": "/dashboards/_render_async_sql_query/b5f61e06-850a-4592-a2a9-692d72cb8ffa", "endpoint": "dashboards.render_async_sql_query", "view-args": {"id": "b5f61e06-850a-4592-a2a9-692d72cb8ffa"}, "status": 200, "user": "6efd081691a44e5f@lampenwelt.de", "timestamp": "2019-03-15T09:52:16.511646", "browser": "chrome", "browser-platform": "windows", "browser-version": "72.0.3626.121"}
{"method": "GET", "path": "/dashboards/_render_async_sql_query/87b447eb-0515-4e8b-b666-625e8daf8a4c", "endpoint": "dashboards.render_async_sql_query", "view-args": {"id": "87b447eb-0515-4e8b-b666-625e8daf8a4c"}, "status": 200, "user": "6efd081691a44e5f@lampenwelt.de", "timestamp": "2019-03-15T09:52:16.518039", "browser": "chrome", "browser-platform": "windows", "browser-version": "72.0.3626.121"}
{"method": "GET", "path": "/dashboards/_render_async_sql_query/b2ce41ca-b360-4229-ade8-74d1d3527781", "endpoint": "dashboards.render_async_sql_query", "view-args": {"id": "b2ce41ca-b360-4229-ade8-74d1d3527781"}, "status": 200, "user": "6efd081691a44e5f@lampenwelt.de", "timestamp": "2019-03-15T09:52:16.518928", "browser": "chrome", "browser-platform": "windows", "browser-version": "72.0.3626.121"}
{"method": "GET", "path": "/dashboards/_last_successful_import", "endpoint": "dashboards.last_successful_import", "view-args": {}, "status": 200, "user": "6efd081691a44e5f@lampenwelt.de", "timestamp": "2019-03-15T09:52:16.535185", "browser": "chrome", "browser-platform": "windows", "browser-version": "72.0.3626.121"}
{"method": "GET", "path": "/dashboards/_render_async_sql_query/028ae22b-37c7-4c84-b54c-19cb3d99765b", "endpoint": "dashboards.render_async_sql_query", "view-args": {"id": "028ae22b-37c7-4c84-b54c-19cb3d99765b"}, "status": 200, "user": "6efd081691a44e5f@lampenwelt.de", "timestamp": "2019-03-15T09:52:16.540325", "browser": "chrome", "browser-platform": "windows", "browser-version": "72.0.3626.121"}
{"method": "GET", "path": "/dashboards/_last_marketing_cost/marketing-overview", "endpoint": "dashboards.last_marketing_cost", "view-args": {"id": "marketing-overview"}, "status": 200, "user": "6efd081691a44e5f@lampenwelt.de", "timestamp": "2019-03-15T09:52:16.541707", "browser": "chrome", "browser-platform": "windows", "browser-version": "72.0.3626.121"}
{"method": "GET", "path": "/dashboards/_render_async_sql_query/b94d605d-60f3-488d-85b2-353713bad8f2", "endpoint": "dashboards.render_async_sql_query", "view-args": {"id": "b94d605d-60f3-488d-85b2-353713bad8f2"}, "status": 200, "user": "6efd081691a44e5f@lampenwelt.de", "timestamp": "2019-03-15T09:52:16.569894", "browser": "chrome", "browser-platform": "windows", "browser-version": "72.0.3626.121"}
{"method": "GET", "path": "/dashboards/_render_async_sql_query/a110e33d-9e02-458a-9adc-81c2875360fc", "endpoint": "dashboards.render_async_sql_query", "view-args": {"id": "a110e33d-9e02-458a-9adc-81c2875360fc"}, "status": 200, "user": "6efd081691a44e5f@lampenwelt.de", "timestamp": "2019-03-15T09:52:16.576402", "browser": "chrome", "browser-platform": "windows", "browser-version": "72.0.3626.121"}
{"method": "GET", "path": "/dashboards/_render_async_sql_query/2ec1aeb4-bb59-4ede-975d-0049b11f5d3f", "endpoint": "dashboards.render_async_sql_query", "view-args": {"id": "2ec1aeb4-bb59-4ede-975d-0049b11f5d3f"}, "status": 200, "user": "6efd081691a44e5f@lampenwelt.de", "timestamp": "2019-03-15T09:52:16.577288", "browser": "chrome", "browser-platform": "windows", "browser-version": "72.0.3626.121"}
{"method": "GET", "path": "/dashboards/_render_async_sql_query/631a0277-a65a-469b-9b50-288cd61050ff", "endpoint": "dashboards.render_async_sql_query", "view-args": {"id": "631a0277-a65a-469b-9b50-288cd61050ff"}, "status": 200, "user": "6efd081691a44e5f@lampenwelt.de", "timestamp": "2019-03-15T09:52:16.649090", "browser": "chrome", "browser-platform": "windows", "browser-version": "72.0.3626.121"}
{"method": "GET", "path": "/dashboards/_render_async_sql_query/9c633684-c12e-4c65-82bc-f2cd08f07b8e", "endpoint": "dashboards.render_async_sql_query", "view-args": {"id": "9c633684-c12e-4c65-82bc-f2cd08f07b8e"}, "status": 200, "user": "6efd081691a44e5f@lampenwelt.de", "timestamp": "2019-03-15T09:52:16.649390", "browser": "chrome", "browser-platform": "windows", "browser-version": "72.0.3626.121"}
{"method": "GET", "path": "/dashboards/_render_async_sql_query/ba376bd1-53be-4318-b5af-fb86f8890967", "endpoint": "dashboards.render_async_sql_query", "view-args": {"id": "ba376bd1-53be-4318-b5af-fb86f8890967"}, "status": 200, "user": "6efd081691a44e5f@lampenwelt.de", "timestamp": "2019-03-15T09:52:16.656415", "browser": "chrome", "browser-platform": "windows", "browser-version": "72.0.3626.121"}
{"method": "GET", "path": "/dashboards/_render_async_sql_query/ae12ef06-d363-4ed2-9adb-629873f2f8c0", "endpoint": "dashboards.render_async_sql_query", "view-args": {"id": "ae12ef06-d363-4ed2-9adb-629873f2f8c0"}, "status": 200, "user": "6efd081691a44e5f@lampenwelt.de", "timestamp": "2019-03-15T09:52:16.681130", "browser": "chrome", "browser-platform": "windows", "browser-version": "72.0.3626.121"}
{"method": "GET", "path": "/dashboards/_render_async_sql_query/c47144f0-ae38-4dd8-8c75-23a90894a64f", "endpoint": "dashboards.render_async_sql_query", "view-args": {"id": "c47144f0-ae38-4dd8-8c75-23a90894a64f"}, "status": 200, "user": "6efd081691a44e5f@lampenwelt.de", "timestamp": "2019-03-15T09:52:16.711149", "browser": "chrome", "browser-platform": "windows", "browser-version": "72.0.3626.121"}
{"method": "GET", "path": "/dashboards/_render_async_sql_query/fa443c7f-49ad-4cfe-8ca5-e3229ae3f468", "endpoint": "dashboards.render_async_sql_query", "view-args": {"id": "fa443c7f-49ad-4cfe-8ca5-e3229ae3f468"}, "status": 200, "user": "6efd081691a44e5f@lampenwelt.de", "timestamp": "2019-03-15T09:52:16.716017", "browser": "chrome", "browser-platform": "windows", "browser-version": "72.0.3626.121"}
{"method": "GET", "path": "/dashboards/_render_async_sql_query/df3506b4-795d-4595-af17-99edeba7429f", "endpoint": "dashboards.render_async_sql_query", "view-args": {"id": "df3506b4-795d-4595-af17-99edeba7429f"}, "status": 200, "user": "6efd081691a44e5f@lampenwelt.de", "timestamp": "2019-03-15T09:52:16.721396", "browser": "chrome", "browser-platform": "windows", "browser-version": "72.0.3626.121"}
{"method": "GET", "path": "/dashboards/_render_async_sql_query/330bd896-8d4c-4a08-a0de-c80c463d6120", "endpoint": "dashboards.render_async_sql_query", "view-args": {"id": "330bd896-8d4c-4a08-a0de-c80c463d6120"}, "status": 200, "user": "6efd081691a44e5f@lampenwelt.de", "timestamp": "2019-03-15T09:52:16.738255", "browser": "chrome", "browser-platform": "windows", "browser-version": "72.0.3626.121"}
{"method": "GET", "path": "/dashboards/_render_async_sql_query/86466683-9eec-4623-98b4-532691cd3a02", "endpoint": "dashboards.render_async_sql_query", "view-args": {"id": "86466683-9eec-4623-98b4-532691cd3a02"}, "status": 200, "user": "6efd081691a44e5f@lampenwelt.de", "timestamp": "2019-03-15T09:52:16.895651", "browser": "chrome", "browser-platform": "windows", "browser-version": "72.0.3626.121"}
{"method": "GET", "path": "/mondrian/saiku", "endpoint": "py_mondrian.saiku", "view-args": {}, "status": 302, "user": "6efd081691a44e5f@lampenwelt.de", "timestamp": "2019-03-15T09:52:19.775608", "browser": "chrome", "browser-platform": "windows", "browser-version": "72.0.3626.121"}
{"method": "POST", "path": "/mondrian/saiku/authorize", "endpoint": "py_mondrian.saiku_authorize", "view-args": {}, "status": 200, "user": "35675e68f4b5af7b@localhost", "timestamp": "2019-03-15T09:52:19.802808", "browser": null, "browser-platform": null, "browser-version": null}
{"method": "POST", "path": "/mondrian/saiku/authorize", "endpoint": "py_mondrian.saiku_authorize", "view-args": {}, "status": 200, "user": "35675e68f4b5af7b@localhost", "timestamp": "2019-03-15T09:52:20.602029", "browser": null, "browser-platform": null, "browser-version": null}
{"method": "POST", "path": "/mondrian/saiku/authorize", "endpoint": "py_mondrian.saiku_authorize", "view-args": {}, "status": 200, "user": "35675e68f4b5af7b@localhost", "timestamp": "2019-03-15T09:53:49.201977", "browser": null, "browser-platform": null, "browser-version": null}
{"method": "POST", "path": "/mondrian/saiku/authorize", "endpoint": "py_mondrian.saiku_authorize", "view-args": {}, "status": 200, "user": "35675e68f4b5af7b@localhost", "timestamp": "2019-03-15T09:53:50.496681", "browser": null, "browser-platform": null, "browser-version": null}
{"method": "GET", "path": "/dashboards/marketing-overview", "endpoint": "dashboards.view_dashboard", "view-args": {"id": "marketing-overview"}, "status": 200, "user": "6efd081691a44e5f@lampenwelt.de", "timestamp": "2019-03-15T09:55:08.820979", "browser": "chrome", "browser-platform": "windows", "browser-version": "72.0.3626.121"}
{"method": "GET", "path": "/dashboards/_render_async_sql_query/1086b4d1-152d-4469-9f48-ed488ff757dd", "endpoint": "dashboards.render_async_sql_query", "view-args": {"id": "1086b4d1-152d-4469-9f48-ed488ff757dd"}, "status": 200, "user": "6efd081691a44e5f@lampenwelt.de", "timestamp": "2019-03-15T09:55:09.591724", "browser": "chrome", "browser-platform": "windows", "browser-version": "72.0.3626.121"}
{"method": "GET", "path": "/dashboards/_render_async_sql_query/10f59a80-e6fa-4c51-90f9-7b40d17116a7", "endpoint": "dashboards.render_async_sql_query", "view-args": {"id": "10f59a80-e6fa-4c51-90f9-7b40d17116a7"}, "status": 200, "user": "6efd081691a44e5f@lampenwelt.de", "timestamp": "2019-03-15T09:55:09.598293", "browser": "chrome", "browser-platform": "windows", "browser-version": "72.0.3626.121"}
{"method": "GET", "path": "/dashboards/_render_async_sql_query/ddacd2b5-8fa4-409d-9bb8-26981fae23db", "endpoint": "dashboards.render_async_sql_query", "view-args": {"id": "ddacd2b5-8fa4-409d-9bb8-26981fae23db"}, "status": 200, "user": "6efd081691a44e5f@lampenwelt.de", "timestamp": "2019-03-15T09:55:09.601891", "browser": "chrome", "browser-platform": "windows", "browser-version": "72.0.3626.121"}
{"method": "GET", "path": "/dashboards/_last_successful_import", "endpoint": "dashboards.last_successful_import", "view-args": {}, "status": 200, "user": "6efd081691a44e5f@lampenwelt.de", "timestamp": "2019-03-15T09:55:09.612006", "browser": "chrome", "browser-platform": "windows", "browser-version": "72.0.3626.121"}
{"method": "GET", "path": "/dashboards/_last_marketing_cost/marketing-overview", "endpoint": "dashboards.last_marketing_cost", "view-args": {"id": "marketing-overview"}, "status": 200, "user": "6efd081691a44e5f@lampenwelt.de", "timestamp": "2019-03-15T09:55:09.620881", "browser": "chrome", "browser-platform": "windows", "browser-version": "72.0.3626.121"}
{"method": "GET", "path": "/dashboards/_render_async_sql_query/7508a5cb-d170-4982-a1e5-266806d49e4c", "endpoint": "dashboards.render_async_sql_query", "view-args": {"id": "7508a5cb-d170-4982-a1e5-266806d49e4c"}, "status": 200, "user": "6efd081691a44e5f@lampenwelt.de", "timestamp": "2019-03-15T09:55:09.624441", "browser": "chrome", "browser-platform": "windows", "browser-version": "72.0.3626.121"}
{"method": "GET", "path": "/dashboards/_render_async_sql_query/12cdb05e-98f0-4394-9414-bea26103a7d9", "endpoint": "dashboards.render_async_sql_query", "view-args": {"id": "12cdb05e-98f0-4394-9414-bea26103a7d9"}, "status": 200, "user": "6efd081691a44e5f@lampenwelt.de", "timestamp": "2019-03-15T09:55:09.646936", "browser": "chrome", "browser-platform": "windows", "browser-version": "72.0.3626.121"}
{"method": "GET", "path": "/dashboards/_render_async_sql_query/07bfd7d1-9e45-44bc-b8f1-fcc39eaf0095", "endpoint": "dashboards.render_async_sql_query", "view-args": {"id": "07bfd7d1-9e45-44bc-b8f1-fcc39eaf0095"}, "status": 200, "user": "6efd081691a44e5f@lampenwelt.de", "timestamp": "2019-03-15T09:55:09.652368", "browser": "chrome", "browser-platform": "windows", "browser-version": "72.0.3626.121"}
{"method": "GET", "path": "/dashboards/_render_async_sql_query/dac3eb3e-1d83-4259-93e8-3cb4dc5bfb34", "endpoint": "dashboards.render_async_sql_query", "view-args": {"id": "dac3eb3e-1d83-4259-93e8-3cb4dc5bfb34"}, "status": 200, "user": "6efd081691a44e5f@lampenwelt.de", "timestamp": "2019-03-15T09:55:09.666927", "browser": "chrome", "browser-platform": "windows", "browser-version": "72.0.3626.121"}
{"method": "GET", "path": "/dashboards/_render_async_sql_query/9f49c10e-4ef6-4184-a846-1b8fa180fc71", "endpoint": "dashboards.render_async_sql_query", "view-args": {"id": "9f49c10e-4ef6-4184-a846-1b8fa180fc71"}, "status": 200, "user": "6efd081691a44e5f@lampenwelt.de", "timestamp": "2019-03-15T09:55:09.710150", "browser": "chrome", "browser-platform": "windows", "browser-version": "72.0.3626.121"}
{"method": "GET", "path": "/dashboards/_render_async_sql_query/3a2419ac-52ee-44fc-9f20-1695d32f0d8f", "endpoint": "dashboards.render_async_sql_query", "view-args": {"id": "3a2419ac-52ee-44fc-9f20-1695d32f0d8f"}, "status": 200, "user": "6efd081691a44e5f@lampenwelt.de", "timestamp": "2019-03-15T09:55:09.710625", "browser": "chrome", "browser-platform": "windows", "browser-version": "72.0.3626.121"}
{"method": "GET", "path": "/dashboards/_render_async_sql_query/21dd6a79-5495-41d1-93fc-a68707ea4adf", "endpoint": "dashboards.render_async_sql_query", "view-args": {"id": "21dd6a79-5495-41d1-93fc-a68707ea4adf"}, "status": 200, "user": "6efd081691a44e5f@lampenwelt.de", "timestamp": "2019-03-15T09:55:09.714999", "browser": "chrome", "browser-platform": "windows", "browser-version": "72.0.3626.121"}
{"method": "GET", "path": "/dashboards/_render_async_sql_query/53065f2e-60a3-4d6c-b436-fb4e6d52564e", "endpoint": "dashboards.render_async_sql_query", "view-args": {"id": "53065f2e-60a3-4d6c-b436-fb4e6d52564e"}, "status": 200, "user": "6efd081691a44e5f@lampenwelt.de", "timestamp": "2019-03-15T09:55:09.735003", "browser": "chrome", "browser-platform": "windows", "browser-version": "72.0.3626.121"}
{"method": "GET", "path": "/dashboards/_render_async_sql_query/7032d293-6d17-44dc-88cc-5c34e4982f50", "endpoint": "dashboards.render_async_sql_query", "view-args": {"id": "7032d293-6d17-44dc-88cc-5c34e4982f50"}, "status": 200, "user": "6efd081691a44e5f@lampenwelt.de", "timestamp": "2019-03-15T09:55:09.786437", "browser": "chrome", "browser-platform": "windows", "browser-version": "72.0.3626.121"}
{"method": "GET", "path": "/dashboards/_render_async_sql_query/e10ba34e-f6d8-4641-9e5a-34d29459a356", "endpoint": "dashboards.render_async_sql_query", "view-args": {"id": "e10ba34e-f6d8-4641-9e5a-34d29459a356"}, "status": 200, "user": "6efd081691a44e5f@lampenwelt.de", "timestamp": "2019-03-15T09:55:09.786968", "browser": "chrome", "browser-platform": "windows", "browser-version": "72.0.3626.121"}
{"method": "GET", "path": "/dashboards/_render_async_sql_query/cc7abfb8-295d-45df-8c49-80e19a21fdd6", "endpoint": "dashboards.render_async_sql_query", "view-args": {"id": "cc7abfb8-295d-45df-8c49-80e19a21fdd6"}, "status": 200, "user": "6efd081691a44e5f@lampenwelt.de", "timestamp": "2019-03-15T09:55:09.792325", "browser": "chrome", "browser-platform": "windows", "browser-version": "72.0.3626.121"}
{"method": "GET", "path": "/dashboards/_render_async_sql_query/b1237fcc-c4f0-451d-80b7-42ee881cf1f8", "endpoint": "dashboards.render_async_sql_query", "view-args": {"id": "b1237fcc-c4f0-451d-80b7-42ee881cf1f8"}, "status": 200, "user": "6efd081691a44e5f@lampenwelt.de", "timestamp": "2019-03-15T09:55:09.804680", "browser": "chrome", "browser-platform": "windows", "browser-version": "72.0.3626.121"}
{"method": "GET", "path": "/dashboards/_render_async_sql_query/f24ea5b3-7907-498c-bc4e-77f3071af2b7", "endpoint": "dashboards.render_async_sql_query", "view-args": {"id": "f24ea5b3-7907-498c-bc4e-77f3071af2b7"}, "status": 200, "user": "6efd081691a44e5f@lampenwelt.de", "timestamp": "2019-03-15T09:55:09.820413", "browser": "chrome", "browser-platform": "windows", "browser-version": "72.0.3626.121"}
{"method": "GET", "path": "/mondrian/saiku", "endpoint": "py_mondrian.saiku", "view-args": {}, "status": 302, "user": "6efd081691a44e5f@lampenwelt.de", "timestamp": "2019-03-15T09:55:13.140435", "browser": "chrome", "browser-platform": "windows", "browser-version": "72.0.3626.121"}
{"method": "POST", "path": "/mondrian/saiku/authorize", "endpoint": "py_mondrian.saiku_authorize", "view-args": {}, "status": 200, "user": "35675e68f4b5af7b@localhost", "timestamp": "2019-03-15T09:55:13.726214", "browser": null, "browser-platform": null, "browser-version": null}
{"method": "POST", "path": "/mondrian/saiku/authorize", "endpoint": "py_mondrian.saiku_authorize", "view-args": {}, "status": 200, "user": "35675e68f4b5af7b@localhost", "timestamp": "2019-03-15T09:57:32.244323", "browser": null, "browser-platform": null, "browser-version": null}
{"method": "POST", "path": "/mondrian/saiku/authorize", "endpoint": "py_mondrian.saiku_authorize", "view-args": {}, "status": 200, "user": "35675e68f4b5af7b@localhost", "timestamp": "2019-03-15T09:57:32.351955", "browser": null, "browser-platform": null, "browser-version": null}
{"method": "GET", "path": "/data-integration/data_transformation/consistency_checks", "endpoint": "data_integration.node_page", "view-args": {"path": "data_transformation/consistency_checks"}, "status": 200, "user": "e5063e1f25c24f00@lampenwelt.de", "timestamp": "2019-03-15T09:58:47.693005", "browser": "chrome", "browser-platform": "windows", "browser-version": "72.0.3626.121"}
{"method": "GET", "path": "/data-integration/data_transformation/consistency_checks/dependency-graph", "endpoint": "data_integration.dependency_graph", "view-args": {"path": "data_transformation/consistency_checks"}, "status": 200, "user": "e5063e1f25c24f00@lampenwelt.de", "timestamp": "2019-03-15T09:58:47.871638", "browser": "chrome", "browser-platform": "windows", "browser-version": "72.0.3626.121"}
{"method": "GET", "path": "/data-integration/data_transformation/consistency_checks/last-runs-selector", "endpoint": "data_integration.last_runs_selector", "view-args": {"path": "data_transformation/consistency_checks"}, "status": 200, "user": "e5063e1f25c24f00@lampenwelt.de", "timestamp": "2019-03-15T09:58:47.933843", "browser": "chrome", "browser-platform": "windows", "browser-version": "72.0.3626.121"}
{"method": "GET", "path": "/data-integration/data_transformation/consistency_checks/run-time-chart", "endpoint": "data_integration.run_time_chart", "view-args": {"path": "data_transformation/consistency_checks"}, "status": 200, "user": "e5063e1f25c24f00@lampenwelt.de", "timestamp": "2019-03-15T09:58:47.960140", "browser": "chrome", "browser-platform": "windows", "browser-version": "72.0.3626.121"}
{"method": "GET", "path": "/data-integration/data_transformation/consistency_checks/pipeline-children-table", "endpoint": "data_integration.pipeline_children_table", "view-args": {"path": "data_transformation/consistency_checks"}, "status": 200, "user": "e5063e1f25c24f00@lampenwelt.de", "timestamp": "2019-03-15T09:58:47.974243", "browser": "chrome", "browser-platform": "windows", "browser-version": "72.0.3626.121"}
{"method": "GET", "path": "/data-integration/data_transformation/consistency_checks/system-stats", "endpoint": "data_integration.system_stats", "view-args": {"path": "data_transformation/consistency_checks", "run_id": null}, "status": 200, "user": "e5063e1f25c24f00@lampenwelt.de", "timestamp": "2019-03-15T09:58:47.980806", "browser": "chrome", "browser-platform": "windows", "browser-version": "72.0.3626.121"}
{"method": "GET", "path": "/data-integration/data_transformation/consistency_checks/timeline-chart", "endpoint": "data_integration.timeline_chart", "view-args": {"path": "data_transformation/consistency_checks", "run_id": null}, "status": 200, "user": "e5063e1f25c24f00@lampenwelt.de", "timestamp": "2019-03-15T09:58:47.993990", "browser": "chrome", "browser-platform": "windows", "browser-version": "72.0.3626.121"}
{"method": "GET", "path": "/data-integration/data_transformation/consistency_checks/run-output-limited", "endpoint": "data_integration.run_output", "view-args": {"path": "data_transformation/consistency_checks", "run_id": null, "limit": true}, "status": 200, "user": "e5063e1f25c24f00@lampenwelt.de", "timestamp": "2019-03-15T09:58:48.043658", "browser": "chrome", "browser-platform": "windows", "browser-version": "72.0.3626.121"}
{"method": "GET", "path": "/data-integration/data_transformation/consistency_checks/optimove_export", "endpoint": "data_integration.node_page", "view-args": {"path": "data_transformation/consistency_checks/optimove_export"}, "status": 200, "user": "e5063e1f25c24f00@lampenwelt.de", "timestamp": "2019-03-15T09:58:53.236046", "browser": "chrome", "browser-platform": "windows", "browser-version": "72.0.3626.121"}
{"method": "GET", "path": "/data-integration/data_transformation/consistency_checks/optimove_export/pipeline-children-table", "endpoint": "data_integration.pipeline_children_table", "view-args": {"path": "data_transformation/consistency_checks/optimove_export"}, "status": 200, "user": "e5063e1f25c24f00@lampenwelt.de", "timestamp": "2019-03-15T09:58:53.869216", "browser": "chrome", "browser-platform": "windows", "browser-version": "72.0.3626.121"}
{"method": "GET", "path": "/data-integration/data_transformation/consistency_checks/optimove_export/last-runs-selector", "endpoint": "data_integration.last_runs_selector", "view-args": {"path": "data_transformation/consistency_checks/optimove_export"}, "status": 200, "user": "e5063e1f25c24f00@lampenwelt.de", "timestamp": "2019-03-15T09:58:53.893177", "browser": "chrome", "browser-platform": "windows", "browser-version": "72.0.3626.121"}
{"method": "GET", "path": "/data-integration/data_transformation/consistency_checks/optimove_export/run-time-chart", "endpoint": "data_integration.run_time_chart", "view-args": {"path": "data_transformation/consistency_checks/optimove_export"}, "status": 200, "user": "e5063e1f25c24f00@lampenwelt.de", "timestamp": "2019-03-15T09:58:53.966944", "browser": "chrome", "browser-platform": "windows", "browser-version": "72.0.3626.121"}
{"method": "GET", "path": "/data-integration/data_transformation/consistency_checks/optimove_export/dependency-graph", "endpoint": "data_integration.dependency_graph", "view-args": {"path": "data_transformation/consistency_checks/optimove_export"}, "status": 200, "user": "e5063e1f25c24f00@lampenwelt.de", "timestamp": "2019-03-15T09:58:53.989004", "browser": "chrome", "browser-platform": "windows", "browser-version": "72.0.3626.121"}
{"method": "GET", "path": "/data-integration/data_transformation/consistency_checks/optimove_export/timeline-chart", "endpoint": "data_integration.timeline_chart", "view-args": {"path": "data_transformation/consistency_checks/optimove_export", "run_id": null}, "status": 200, "user": "e5063e1f25c24f00@lampenwelt.de", "timestamp": "2019-03-15T09:58:54.191673", "browser": "chrome", "browser-platform": "windows", "browser-version": "72.0.3626.121"}
{"method": "GET", "path": "/data-integration/data_transformation/consistency_checks/optimove_export/run-output-limited", "endpoint": "data_integration.run_output", "view-args": {"path": "data_transformation/consistency_checks/optimove_export", "run_id": null, "limit": true}, "status": 200, "user": "e5063e1f25c24f00@lampenwelt.de", "timestamp": "2019-03-15T09:58:54.196454", "browser": "chrome", "browser-platform": "windows", "browser-version": "72.0.3626.121"}
{"method": "GET", "path": "/data-integration/data_transformation/consistency_checks/optimove_export/system-stats", "endpoint": "data_integration.system_stats", "view-args": {"path": "data_transformation/consistency_checks/optimove_export", "run_id": null}, "status": 200, "user": "e5063e1f25c24f00@lampenwelt.de", "timestamp": "2019-03-15T09:58:54.214759", "browser": "chrome", "browser-platform": "windows", "browser-version": "72.0.3626.121"}
{"method": "GET", "path": "/data-integration/data_transformation/consistency_checks", "endpoint": "data_integration.node_page", "view-args": {"path": "data_transformation/consistency_checks"}, "status": 200, "user": "e5063e1f25c24f00@lampenwelt.de", "timestamp": "2019-03-15T09:58:58.979037", "browser": "chrome", "browser-platform": "windows", "browser-version": "72.0.3626.121"}
{"method": "GET", "path": "/data-integration/data_transformation/consistency_checks/dependency-graph", "endpoint": "data_integration.dependency_graph", "view-args": {"path": "data_transformation/consistency_checks"}, "status": 200, "user": "e5063e1f25c24f00@lampenwelt.de", "timestamp": "2019-03-15T09:58:59.136894", "browser": "chrome", "browser-platform": "windows", "browser-version": "72.0.3626.121"}
{"method": "GET", "path": "/data-integration/data_transformation/consistency_checks/pipeline-children-table", "endpoint": "data_integration.pipeline_children_table", "view-args": {"path": "data_transformation/consistency_checks"}, "status": 200, "user": "e5063e1f25c24f00@lampenwelt.de", "timestamp": "2019-03-15T09:58:59.178587", "browser": "chrome", "browser-platform": "windows", "browser-version": "72.0.3626.121"}
{"method": "GET", "path": "/data-integration/data_transformation/consistency_checks/last-runs-selector", "endpoint": "data_integration.last_runs_selector", "view-args": {"path": "data_transformation/consistency_checks"}, "status": 200, "user": "e5063e1f25c24f00@lampenwelt.de", "timestamp": "2019-03-15T09:58:59.179425", "browser": "chrome", "browser-platform": "windows", "browser-version": "72.0.3626.121"}
{"method": "GET", "path": "/data-integration/data_transformation/consistency_checks/timeline-chart", "endpoint": "data_integration.timeline_chart", "view-args": {"path": "data_transformation/consistency_checks", "run_id": null}, "status": 200, "user": "e5063e1f25c24f00@lampenwelt.de", "timestamp": "2019-03-15T09:58:59.227010", "browser": "chrome", "browser-platform": "windows", "browser-version": "72.0.3626.121"}
{"method": "GET", "path": "/data-integration/data_transformation/consistency_checks/run-time-chart", "endpoint": "data_integration.run_time_chart", "view-args": {"path": "data_transformation/consistency_checks"}, "status": 200, "user": "e5063e1f25c24f00@lampenwelt.de", "timestamp": "2019-03-15T09:58:59.227429", "browser": "chrome", "browser-platform": "windows", "browser-version": "72.0.3626.121"}
{"method": "GET", "path": "/data-integration/data_transformation/consistency_checks/system-stats", "endpoint": "data_integration.system_stats", "view-args": {"path": "data_transformation/consistency_checks", "run_id": null}, "status": 200, "user": "e5063e1f25c24f00@lampenwelt.de", "timestamp": "2019-03-15T09:58:59.239890", "browser": "chrome", "browser-platform": "windows", "browser-version": "72.0.3626.121"}
{"method": "GET", "path": "/data-integration/data_transformation/consistency_checks/run-output-limited", "endpoint": "data_integration.run_output", "view-args": {"path": "data_transformation/consistency_checks", "run_id": null, "limit": true}, "status": 200, "user": "e5063e1f25c24f00@lampenwelt.de", "timestamp": "2019-03-15T09:58:59.287467", "browser": "chrome", "browser-platform": "windows", "browser-version": "72.0.3626.121"}
{"method": "GET", "path": "/data-integration/data_transformation/consistency_checks/run-output", "endpoint": "data_integration.run_output", "view-args": {"path": "data_transformation/consistency_checks", "run_id": null, "limit": false}, "status": 200, "user": "e5063e1f25c24f00@lampenwelt.de", "timestamp": "2019-03-15T09:59:06.485054", "browser": "chrome", "browser-platform": "windows", "browser-version": "72.0.3626.121"}
{"method": "GET", "path": "/data-integration/data_transformation", "endpoint": "data_integration.node_page", "view-args": {"path": "data_transformation"}, "status": 200, "user": "e5063e1f25c24f00@lampenwelt.de", "timestamp": "2019-03-15T09:59:13.085960", "browser": "chrome", "browser-platform": "windows", "browser-version": "72.0.3626.121"}
{"method": "GET", "path": "/data-integration/data_transformation/dependency-graph", "endpoint": "data_integration.dependency_graph", "view-args": {"path": "data_transformation"}, "status": 200, "user": "e5063e1f25c24f00@lampenwelt.de", "timestamp": "2019-03-15T09:59:13.234803", "browser": "chrome", "browser-platform": "windows", "browser-version": "72.0.3626.121"}
{"method": "GET", "path": "/data-integration/data_transformation/last-runs-selector", "endpoint": "data_integration.last_runs_selector", "view-args": {"path": "data_transformation"}, "status": 200, "user": "e5063e1f25c24f00@lampenwelt.de", "timestamp": "2019-03-15T09:59:13.349106", "browser": "chrome", "browser-platform": "windows", "browser-version": "72.0.3626.121"}
{"method": "GET", "path": "/data-integration/data_transformation/run-time-chart", "endpoint": "data_integration.run_time_chart", "view-args": {"path": "data_transformation"}, "status": 200, "user": "e5063e1f25c24f00@lampenwelt.de", "timestamp": "2019-03-15T09:59:13.387987", "browser": "chrome", "browser-platform": "windows", "browser-version": "72.0.3626.121"}
{"method": "GET", "path": "/data-integration/data_transformation/system-stats", "endpoint": "data_integration.system_stats", "view-args": {"path": "data_transformation", "run_id": null}, "status": 200, "user": "e5063e1f25c24f00@lampenwelt.de", "timestamp": "2019-03-15T09:59:13.510947", "browser": "chrome", "browser-platform": "windows", "browser-version": "72.0.3626.121"}
{"method": "GET", "path": "/data-integration/data_transformation/timeline-chart", "endpoint": "data_integration.timeline_chart", "view-args": {"path": "data_transformation", "run_id": null}, "status": 200, "user": "e5063e1f25c24f00@lampenwelt.de", "timestamp": "2019-03-15T09:59:13.612151", "browser": "chrome", "browser-platform": "windows", "browser-version": "72.0.3626.121"}
{"method": "GET", "path": "/data-integration/data_transformation/run-output-limited", "endpoint": "data_integration.run_output", "view-args": {"path": "data_transformation", "run_id": null, "limit": true}, "status": 200, "user": "e5063e1f25c24f00@lampenwelt.de", "timestamp": "2019-03-15T09:59:13.705261", "browser": "chrome", "browser-platform": "windows", "browser-version": "72.0.3626.121"}
{"method": "GET", "path": "/data-integration/data_transformation/pipeline-children-table", "endpoint": "data_integration.pipeline_children_table", "view-args": {"path": "data_transformation"}, "status": 200, "user": "e5063e1f25c24f00@lampenwelt.de", "timestamp": "2019-03-15T09:59:15.075025", "browser": "chrome", "browser-platform": "windows", "browser-version": "72.0.3626.121"}
{"method": "GET", "path": "/data-integration/data_transformation", "endpoint": "data_integration.node_page", "view-args": {"path": "data_transformation"}, "status": 200, "user": "78b858772f907e50@lampenwelt.de", "timestamp": "2019-03-15T09:59:27.730612", "browser": "chrome", "browser-platform": "windows", "browser-version": "72.0.3626.121"}
{"method": "GET", "path": "/data-integration/data_transformation/dependency-graph", "endpoint": "data_integration.dependency_graph", "view-args": {"path": "data_transformation"}, "status": 200, "user": "78b858772f907e50@lampenwelt.de", "timestamp": "2019-03-15T09:59:28.210223", "browser": "chrome", "browser-platform": "windows", "browser-version": "72.0.3626.121"}
{"method": "GET", "path": "/data-integration/data_transformation/run-time-chart", "endpoint": "data_integration.run_time_chart", "view-args": {"path": "data_transformation"}, "status": 200, "user": "78b858772f907e50@lampenwelt.de", "timestamp": "2019-03-15T09:59:28.302665", "browser": "chrome", "browser-platform": "windows", "browser-version": "72.0.3626.121"}
{"method": "GET", "path": "/data-integration/data_transformation/last-runs-selector", "endpoint": "data_integration.last_runs_selector", "view-args": {"path": "data_transformation"}, "status": 200, "user": "78b858772f907e50@lampenwelt.de", "timestamp": "2019-03-15T09:59:28.324339", "browser": "chrome", "browser-platform": "windows", "browser-version": "72.0.3626.121"}
{"method": "GET", "path": "/data-integration/data_transformation/system-stats", "endpoint": "data_integration.system_stats", "view-args": {"path": "data_transformation", "run_id": null}, "status": 200, "user": "78b858772f907e50@lampenwelt.de", "timestamp": "2019-03-15T09:59:28.374980", "browser": "chrome", "browser-platform": "windows", "browser-version": "72.0.3626.121"}
{"method": "GET", "path": "/data-integration/data_transformation/timeline-chart", "endpoint": "data_integration.timeline_chart", "view-args": {"path": "data_transformation", "run_id": null}, "status": 200, "user": "78b858772f907e50@lampenwelt.de", "timestamp": "2019-03-15T09:59:28.540390", "browser": "chrome", "browser-platform": "windows", "browser-version": "72.0.3626.121"}
{"method": "GET", "path": "/data-integration/data_transformation/run-output-limited", "endpoint": "data_integration.run_output", "view-args": {"path": "data_transformation", "run_id": null, "limit": true}, "status": 200, "user": "78b858772f907e50@lampenwelt.de", "timestamp": "2019-03-15T09:59:28.585076", "browser": "chrome", "browser-platform": "windows", "browser-version": "72.0.3626.121"}
{"method": "GET", "path": "/data-integration/data_transformation/pipeline-children-table", "endpoint": "data_integration.pipeline_children_table", "view-args": {"path": "data_transformation"}, "status": 200, "user": "78b858772f907e50@lampenwelt.de", "timestamp": "2019-03-15T09:59:30.056095", "browser": "chrome", "browser-platform": "windows", "browser-version": "72.0.3626.121"}
