{"method": "POST", "path": "/mondrian/excel/authorize", "endpoint": "py_mondrian.excel_authorize", "view-args": {}, "status": 200, "user": "35675e68f4b5af7b@localhost", "timestamp": "2019-03-15T17:31:37.696382", "browser": null, "browser-platform": null, "browser-version": null}
{"method": "POST", "path": "/mondrian/excel/authorize", "endpoint": "py_mondrian.excel_authorize", "view-args": {}, "status": 200, "user": "35675e68f4b5af7b@localhost", "timestamp": "2019-03-15T17:31:41.609391", "browser": null, "browser-platform": null, "browser-version": null}
{"method": "POST", "path": "/mondrian/excel/authorize", "endpoint": "py_mondrian.excel_authorize", "view-args": {}, "status": 200, "user": "35675e68f4b5af7b@localhost", "timestamp": "2019-03-15T17:31:41.956773", "browser": null, "browser-platform": null, "browser-version": null}
{"method": "POST", "path": "/mondrian/excel/authorize", "endpoint": "py_mondrian.excel_authorize", "view-args": {}, "status": 200, "user": "35675e68f4b5af7b@localhost", "timestamp": "2019-03-15T17:31:42.164703", "browser": null, "browser-platform": null, "browser-version": null}
{"method": "POST", "path": "/mondrian/excel/authorize", "endpoint": "py_mondrian.excel_authorize", "view-args": {}, "status": 200, "user": "35675e68f4b5af7b@localhost", "timestamp": "2019-03-15T17:31:43.414761", "browser": null, "browser-platform": null, "browser-version": null}
{"method": "POST", "path": "/mondrian/excel/authorize", "endpoint": "py_mondrian.excel_authorize", "view-args": {}, "status": 200, "user": "35675e68f4b5af7b@localhost", "timestamp": "2019-03-15T17:31:43.683100", "browser": null, "browser-platform": null, "browser-version": null}
{"method": "GET", "path": "/data-sets", "endpoint": "data_sets.index_page", "view-args": {}, "status": 200, "user": "a2d55844c6dd3c75@lampenwelt.de", "timestamp": "2019-03-15T17:46:16.578808", "browser": "chrome", "browser-platform": "windows", "browser-version": "72.0.3626.121"}
{"method": "GET", "path": "/data-sets/affiliate-sales-validation/.preview", "endpoint": "data_sets.data_set_preview", "view-args": {"data_set_id": "affiliate-sales-validation"}, "status": 500, "user": "a2d55844c6dd3c75@lampenwelt.de", "timestamp": "2019-03-15T17:46:17.340314", "browser": "chrome", "browser-platform": "windows", "browser-version": "72.0.3626.121"}
{"method": "GET", "path": "/data-sets/deduplication-errors/.preview", "endpoint": "data_sets.data_set_preview", "view-args": {"data_set_id": "deduplication-errors"}, "status": 200, "user": "a2d55844c6dd3c75@lampenwelt.de", "timestamp": "2019-03-15T17:46:17.415397", "browser": "chrome", "browser-platform": "windows", "browser-version": "72.0.3626.121"}
{"method": "GET", "path": "/data-sets/customers/.preview", "endpoint": "data_sets.data_set_preview", "view-args": {"data_set_id": "customers"}, "status": 200, "user": "a2d55844c6dd3c75@lampenwelt.de", "timestamp": "2019-03-15T17:46:17.501643", "browser": "chrome", "browser-platform": "windows", "browser-version": "72.0.3626.121"}
{"method": "GET", "path": "/data-sets/email-contacts/.preview", "endpoint": "data_sets.data_set_preview", "view-args": {"data_set_id": "email-contacts"}, "status": 200, "user": "a2d55844c6dd3c75@lampenwelt.de", "timestamp": "2019-03-15T17:46:17.521400", "browser": "chrome", "browser-platform": "windows", "browser-version": "72.0.3626.121"}
{"method": "GET", "path": "/data-sets/mail-campaign-performance/.preview", "endpoint": "data_sets.data_set_preview", "view-args": {"data_set_id": "mail-campaign-performance"}, "status": 200, "user": "a2d55844c6dd3c75@lampenwelt.de", "timestamp": "2019-03-15T17:46:17.575797", "browser": "chrome", "browser-platform": "windows", "browser-version": "72.0.3626.121"}
{"method": "GET", "path": "/data-sets/ad-performance/.preview", "endpoint": "data_sets.data_set_preview", "view-args": {"data_set_id": "ad-performance"}, "status": 200, "user": "a2d55844c6dd3c75@lampenwelt.de", "timestamp": "2019-03-15T17:46:17.656531", "browser": "chrome", "browser-platform": "windows", "browser-version": "72.0.3626.121"}
{"method": "GET", "path": "/data-sets/orders/.preview", "endpoint": "data_sets.data_set_preview", "view-args": {"data_set_id": "orders"}, "status": 200, "user": "a2d55844c6dd3c75@lampenwelt.de", "timestamp": "2019-03-15T17:46:17.688391", "browser": "chrome", "browser-platform": "windows", "browser-version": "72.0.3626.121"}
{"method": "GET", "path": "/data-sets/merged-customers/.preview", "endpoint": "data_sets.data_set_preview", "view-args": {"data_set_id": "merged-customers"}, "status": 200, "user": "a2d55844c6dd3c75@lampenwelt.de", "timestamp": "2019-03-15T17:46:17.867756", "browser": "chrome", "browser-platform": "windows", "browser-version": "72.0.3626.121"}
{"method": "GET", "path": "/data-sets/marketing-cost/.preview", "endpoint": "data_sets.data_set_preview", "view-args": {"data_set_id": "marketing-cost"}, "status": 200, "user": "a2d55844c6dd3c75@lampenwelt.de", "timestamp": "2019-03-15T17:46:18.062919", "browser": "chrome", "browser-platform": "windows", "browser-version": "72.0.3626.121"}
{"method": "GET", "path": "/data-sets/sales/.preview", "endpoint": "data_sets.data_set_preview", "view-args": {"data_set_id": "sales"}, "status": 200, "user": "a2d55844c6dd3c75@lampenwelt.de", "timestamp": "2019-03-15T17:46:18.082558", "browser": "chrome", "browser-platform": "windows", "browser-version": "72.0.3626.121"}
{"method": "GET", "path": "/data-sets/marketing-touchpoints/.preview", "endpoint": "data_sets.data_set_preview", "view-args": {"data_set_id": "marketing-touchpoints"}, "status": 200, "user": "a2d55844c6dd3c75@lampenwelt.de", "timestamp": "2019-03-15T17:46:18.147828", "browser": "chrome", "browser-platform": "windows", "browser-version": "72.0.3626.121"}
{"method": "GET", "path": "/data-sets/quotes/.preview", "endpoint": "data_sets.data_set_preview", "view-args": {"data_set_id": "quotes"}, "status": 200, "user": "a2d55844c6dd3c75@lampenwelt.de", "timestamp": "2019-03-15T17:46:18.157004", "browser": "chrome", "browser-platform": "windows", "browser-version": "72.0.3626.121"}
{"method": "GET", "path": "/data-sets/shop-performance-test/.preview", "endpoint": "data_sets.data_set_preview", "view-args": {"data_set_id": "shop-performance-test"}, "status": 200, "user": "a2d55844c6dd3c75@lampenwelt.de", "timestamp": "2019-03-15T17:46:18.224499", "browser": "chrome", "browser-platform": "windows", "browser-version": "72.0.3626.121"}
{"method": "GET", "path": "/data-sets/warehouse-shipment/.preview", "endpoint": "data_sets.data_set_preview", "view-args": {"data_set_id": "warehouse-shipment"}, "status": 200, "user": "a2d55844c6dd3c75@lampenwelt.de", "timestamp": "2019-03-15T17:46:18.320972", "browser": "chrome", "browser-platform": "windows", "browser-version": "72.0.3626.121"}
{"method": "GET", "path": "/data-sets/warehouse-inventory/.preview", "endpoint": "data_sets.data_set_preview", "view-args": {"data_set_id": "warehouse-inventory"}, "status": 200, "user": "a2d55844c6dd3c75@lampenwelt.de", "timestamp": "2019-03-15T17:46:18.675770", "browser": "chrome", "browser-platform": "windows", "browser-version": "72.0.3626.121"}
{"method": "GET", "path": "/data-sets/mail-campaign-performance", "endpoint": "data_sets.data_set_page", "view-args": {"data_set_id": "mail-campaign-performance", "query_id": null}, "status": 200, "user": "a2d55844c6dd3c75@lampenwelt.de", "timestamp": "2019-03-15T17:46:22.228525", "browser": "chrome", "browser-platform": "windows", "browser-version": "72.0.3626.121"}
{"method": "POST", "path": "/data-sets/.initialize", "endpoint": "data_sets.initialize_query", "view-args": {}, "status": 200, "user": "a2d55844c6dd3c75@lampenwelt.de", "timestamp": "2019-03-15T17:46:22.518626", "browser": "chrome", "browser-platform": "windows", "browser-version": "72.0.3626.121"}
{"method": "POST", "path": "/data-sets/.row-count", "endpoint": "data_sets.row_count", "view-args": {}, "status": 200, "user": "a2d55844c6dd3c75@lampenwelt.de", "timestamp": "2019-03-15T17:46:22.609239", "browser": "chrome", "browser-platform": "windows", "browser-version": "72.0.3626.121"}
{"method": "POST", "path": "/data-sets/.preview", "endpoint": "data_sets.preview", "view-args": {}, "status": 200, "user": "a2d55844c6dd3c75@lampenwelt.de", "timestamp": "2019-03-15T17:46:22.620088", "browser": "chrome", "browser-platform": "windows", "browser-version": "72.0.3626.121"}
{"method": "POST", "path": "/data-sets/.distribution-chart-0", "endpoint": "data_sets.distribution_chart", "view-args": {"pos": 0}, "status": 200, "user": "a2d55844c6dd3c75@lampenwelt.de", "timestamp": "2019-03-15T17:46:22.681479", "browser": "chrome", "browser-platform": "windows", "browser-version": "72.0.3626.121"}
{"method": "POST", "path": "/data-sets/.distribution-chart-1", "endpoint": "data_sets.distribution_chart", "view-args": {"pos": 1}, "status": 200, "user": "a2d55844c6dd3c75@lampenwelt.de", "timestamp": "2019-03-15T17:46:22.775762", "browser": "chrome", "browser-platform": "windows", "browser-version": "72.0.3626.121"}
{"method": "POST", "path": "/data-sets/.distribution-chart-3", "endpoint": "data_sets.distribution_chart", "view-args": {"pos": 3}, "status": 200, "user": "a2d55844c6dd3c75@lampenwelt.de", "timestamp": "2019-03-15T17:46:22.886293", "browser": "chrome", "browser-platform": "windows", "browser-version": "72.0.3626.121"}
{"method": "POST", "path": "/data-sets/.distribution-chart-5", "endpoint": "data_sets.distribution_chart", "view-args": {"pos": 5}, "status": 200, "user": "a2d55844c6dd3c75@lampenwelt.de", "timestamp": "2019-03-15T17:46:22.900669", "browser": "chrome", "browser-platform": "windows", "browser-version": "72.0.3626.121"}
{"method": "POST", "path": "/data-sets/.distribution-chart-4", "endpoint": "data_sets.distribution_chart", "view-args": {"pos": 4}, "status": 200, "user": "a2d55844c6dd3c75@lampenwelt.de", "timestamp": "2019-03-15T17:46:22.903818", "browser": "chrome", "browser-platform": "windows", "browser-version": "72.0.3626.121"}
{"method": "POST", "path": "/data-sets/.distribution-chart-6", "endpoint": "data_sets.distribution_chart", "view-args": {"pos": 6}, "status": 200, "user": "a2d55844c6dd3c75@lampenwelt.de", "timestamp": "2019-03-15T17:46:23.548459", "browser": "chrome", "browser-platform": "windows", "browser-version": "72.0.3626.121"}
{"method": "POST", "path": "/data-sets/.filter-row-count-0", "endpoint": "data_sets.filter_row_count", "view-args": {"filter_pos": 0}, "status": 200, "user": "a2d55844c6dd3c75@lampenwelt.de", "timestamp": "2019-03-15T17:48:15.511896", "browser": "chrome", "browser-platform": "windows", "browser-version": "72.0.3626.121"}
{"method": "POST", "path": "/data-sets/.distribution-chart-0", "endpoint": "data_sets.distribution_chart", "view-args": {"pos": 0}, "status": 200, "user": "a2d55844c6dd3c75@lampenwelt.de", "timestamp": "2019-03-15T17:48:15.534356", "browser": "chrome", "browser-platform": "windows", "browser-version": "72.0.3626.121"}
{"method": "POST", "path": "/data-sets/.distribution-chart-1", "endpoint": "data_sets.distribution_chart", "view-args": {"pos": 1}, "status": 200, "user": "a2d55844c6dd3c75@lampenwelt.de", "timestamp": "2019-03-15T17:48:15.544275", "browser": "chrome", "browser-platform": "windows", "browser-version": "72.0.3626.121"}
{"method": "POST", "path": "/data-sets/.preview", "endpoint": "data_sets.preview", "view-args": {}, "status": 200, "user": "a2d55844c6dd3c75@lampenwelt.de", "timestamp": "2019-03-15T17:48:15.696121", "browser": "chrome", "browser-platform": "windows", "browser-version": "72.0.3626.121"}
{"method": "POST", "path": "/data-sets/.distribution-chart-3", "endpoint": "data_sets.distribution_chart", "view-args": {"pos": 3}, "status": 200, "user": "a2d55844c6dd3c75@lampenwelt.de", "timestamp": "2019-03-15T17:48:15.696161", "browser": "chrome", "browser-platform": "windows", "browser-version": "72.0.3626.121"}
{"method": "POST", "path": "/data-sets/.distribution-chart-4", "endpoint": "data_sets.distribution_chart", "view-args": {"pos": 4}, "status": 200, "user": "a2d55844c6dd3c75@lampenwelt.de", "timestamp": "2019-03-15T17:48:16.070184", "browser": "chrome", "browser-platform": "windows", "browser-version": "72.0.3626.121"}
{"method": "POST", "path": "/data-sets/.distribution-chart-5", "endpoint": "data_sets.distribution_chart", "view-args": {"pos": 5}, "status": 200, "user": "a2d55844c6dd3c75@lampenwelt.de", "timestamp": "2019-03-15T17:48:16.230923", "browser": "chrome", "browser-platform": "windows", "browser-version": "72.0.3626.121"}
{"method": "POST", "path": "/data-sets/.distribution-chart-6", "endpoint": "data_sets.distribution_chart", "view-args": {"pos": 6}, "status": 200, "user": "a2d55844c6dd3c75@lampenwelt.de", "timestamp": "2019-03-15T17:48:16.231331", "browser": "chrome", "browser-platform": "windows", "browser-version": "72.0.3626.121"}
{"method": "POST", "path": "/data-sets/.distribution-chart-2", "endpoint": "data_sets.distribution_chart", "view-args": {"pos": 2}, "status": 200, "user": "a2d55844c6dd3c75@lampenwelt.de", "timestamp": "2019-03-15T17:48:16.253932", "browser": "chrome", "browser-platform": "windows", "browser-version": "72.0.3626.121"}
{"method": "POST", "path": "/data-sets/.row-count", "endpoint": "data_sets.row_count", "view-args": {}, "status": 200, "user": "a2d55844c6dd3c75@lampenwelt.de", "timestamp": "2019-03-15T17:48:16.268330", "browser": "chrome", "browser-platform": "windows", "browser-version": "72.0.3626.121"}
{"method": "GET", "path": "/data-sets/.auto-complete", "endpoint": "data_sets.auto_complete", "view-args": {}, "status": 500, "user": "a2d55844c6dd3c75@lampenwelt.de", "timestamp": "2019-03-15T17:48:17.042890", "browser": "chrome", "browser-platform": "windows", "browser-version": "72.0.3626.121"}
{"method": "GET", "path": "/data-sets/.auto-complete", "endpoint": "data_sets.auto_complete", "view-args": {}, "status": 500, "user": "a2d55844c6dd3c75@lampenwelt.de", "timestamp": "2019-03-15T17:48:22.378995", "browser": "chrome", "browser-platform": "windows", "browser-version": "72.0.3626.121"}
{"method": "GET", "path": "/data-sets/.auto-complete", "endpoint": "data_sets.auto_complete", "view-args": {}, "status": 500, "user": "a2d55844c6dd3c75@lampenwelt.de", "timestamp": "2019-03-15T17:48:23.712723", "browser": "chrome", "browser-platform": "windows", "browser-version": "72.0.3626.121"}
{"method": "GET", "path": "/data-sets/.auto-complete", "endpoint": "data_sets.auto_complete", "view-args": {}, "status": 500, "user": "a2d55844c6dd3c75@lampenwelt.de", "timestamp": "2019-03-15T17:48:24.848464", "browser": "chrome", "browser-platform": "windows", "browser-version": "72.0.3626.121"}
{"method": "GET", "path": "/data-sets/.auto-complete", "endpoint": "data_sets.auto_complete", "view-args": {}, "status": 500, "user": "a2d55844c6dd3c75@lampenwelt.de", "timestamp": "2019-03-15T17:48:26.100691", "browser": "chrome", "browser-platform": "windows", "browser-version": "72.0.3626.121"}
{"method": "POST", "path": "/data-sets/.row-count", "endpoint": "data_sets.row_count", "view-args": {}, "status": 200, "user": "a2d55844c6dd3c75@lampenwelt.de", "timestamp": "2019-03-15T17:48:29.612554", "browser": "chrome", "browser-platform": "windows", "browser-version": "72.0.3626.121"}
{"method": "POST", "path": "/data-sets/.preview", "endpoint": "data_sets.preview", "view-args": {}, "status": 200, "user": "a2d55844c6dd3c75@lampenwelt.de", "timestamp": "2019-03-15T17:48:29.622628", "browser": "chrome", "browser-platform": "windows", "browser-version": "72.0.3626.121"}
{"method": "POST", "path": "/data-sets/.distribution-chart-0", "endpoint": "data_sets.distribution_chart", "view-args": {"pos": 0}, "status": 200, "user": "a2d55844c6dd3c75@lampenwelt.de", "timestamp": "2019-03-15T17:48:29.627627", "browser": "chrome", "browser-platform": "windows", "browser-version": "72.0.3626.121"}
{"method": "POST", "path": "/data-sets/.distribution-chart-1", "endpoint": "data_sets.distribution_chart", "view-args": {"pos": 1}, "status": 200, "user": "a2d55844c6dd3c75@lampenwelt.de", "timestamp": "2019-03-15T17:48:29.691581", "browser": "chrome", "browser-platform": "windows", "browser-version": "72.0.3626.121"}
{"method": "POST", "path": "/data-sets/.distribution-chart-2", "endpoint": "data_sets.distribution_chart", "view-args": {"pos": 2}, "status": 200, "user": "a2d55844c6dd3c75@lampenwelt.de", "timestamp": "2019-03-15T17:48:29.852795", "browser": "chrome", "browser-platform": "windows", "browser-version": "72.0.3626.121"}
{"method": "POST", "path": "/data-sets/.distribution-chart-3", "endpoint": "data_sets.distribution_chart", "view-args": {"pos": 3}, "status": 200, "user": "a2d55844c6dd3c75@lampenwelt.de", "timestamp": "2019-03-15T17:48:29.855081", "browser": "chrome", "browser-platform": "windows", "browser-version": "72.0.3626.121"}
{"method": "POST", "path": "/data-sets/.distribution-chart-4", "endpoint": "data_sets.distribution_chart", "view-args": {"pos": 4}, "status": 200, "user": "a2d55844c6dd3c75@lampenwelt.de", "timestamp": "2019-03-15T17:48:29.937653", "browser": "chrome", "browser-platform": "windows", "browser-version": "72.0.3626.121"}
{"method": "POST", "path": "/data-sets/.distribution-chart-5", "endpoint": "data_sets.distribution_chart", "view-args": {"pos": 5}, "status": 200, "user": "a2d55844c6dd3c75@lampenwelt.de", "timestamp": "2019-03-15T17:48:30.018868", "browser": "chrome", "browser-platform": "windows", "browser-version": "72.0.3626.121"}
{"method": "POST", "path": "/data-sets/.distribution-chart-6", "endpoint": "data_sets.distribution_chart", "view-args": {"pos": 6}, "status": 200, "user": "a2d55844c6dd3c75@lampenwelt.de", "timestamp": "2019-03-15T17:48:30.144984", "browser": "chrome", "browser-platform": "windows", "browser-version": "72.0.3626.121"}
{"method": "POST", "path": "/data-sets/.filter-row-count-0", "endpoint": "data_sets.filter_row_count", "view-args": {"filter_pos": 0}, "status": 200, "user": "a2d55844c6dd3c75@lampenwelt.de", "timestamp": "2019-03-15T17:48:33.488248", "browser": "chrome", "browser-platform": "windows", "browser-version": "72.0.3626.121"}
{"method": "POST", "path": "/data-sets/.distribution-chart-1", "endpoint": "data_sets.distribution_chart", "view-args": {"pos": 1}, "status": 200, "user": "a2d55844c6dd3c75@lampenwelt.de", "timestamp": "2019-03-15T17:48:33.499916", "browser": "chrome", "browser-platform": "windows", "browser-version": "72.0.3626.121"}
{"method": "POST", "path": "/data-sets/.distribution-chart-0", "endpoint": "data_sets.distribution_chart", "view-args": {"pos": 0}, "status": 200, "user": "a2d55844c6dd3c75@lampenwelt.de", "timestamp": "2019-03-15T17:48:33.501088", "browser": "chrome", "browser-platform": "windows", "browser-version": "72.0.3626.121"}
{"method": "POST", "path": "/data-sets/.distribution-chart-2", "endpoint": "data_sets.distribution_chart", "view-args": {"pos": 2}, "status": 200, "user": "a2d55844c6dd3c75@lampenwelt.de", "timestamp": "2019-03-15T17:48:33.577286", "browser": "chrome", "browser-platform": "windows", "browser-version": "72.0.3626.121"}
{"method": "POST", "path": "/data-sets/.distribution-chart-3", "endpoint": "data_sets.distribution_chart", "view-args": {"pos": 3}, "status": 200, "user": "a2d55844c6dd3c75@lampenwelt.de", "timestamp": "2019-03-15T17:48:33.577616", "browser": "chrome", "browser-platform": "windows", "browser-version": "72.0.3626.121"}
{"method": "POST", "path": "/data-sets/.preview", "endpoint": "data_sets.preview", "view-args": {}, "status": 200, "user": "a2d55844c6dd3c75@lampenwelt.de", "timestamp": "2019-03-15T17:48:33.579547", "browser": "chrome", "browser-platform": "windows", "browser-version": "72.0.3626.121"}
{"method": "POST", "path": "/data-sets/.distribution-chart-4", "endpoint": "data_sets.distribution_chart", "view-args": {"pos": 4}, "status": 200, "user": "a2d55844c6dd3c75@lampenwelt.de", "timestamp": "2019-03-15T17:48:33.631028", "browser": "chrome", "browser-platform": "windows", "browser-version": "72.0.3626.121"}
{"method": "POST", "path": "/data-sets/.distribution-chart-5", "endpoint": "data_sets.distribution_chart", "view-args": {"pos": 5}, "status": 200, "user": "a2d55844c6dd3c75@lampenwelt.de", "timestamp": "2019-03-15T17:48:33.635977", "browser": "chrome", "browser-platform": "windows", "browser-version": "72.0.3626.121"}
{"method": "POST", "path": "/data-sets/.distribution-chart-6", "endpoint": "data_sets.distribution_chart", "view-args": {"pos": 6}, "status": 200, "user": "a2d55844c6dd3c75@lampenwelt.de", "timestamp": "2019-03-15T17:48:33.671307", "browser": "chrome", "browser-platform": "windows", "browser-version": "72.0.3626.121"}
{"method": "POST", "path": "/data-sets/.row-count", "endpoint": "data_sets.row_count", "view-args": {}, "status": 200, "user": "a2d55844c6dd3c75@lampenwelt.de", "timestamp": "2019-03-15T17:48:33.674261", "browser": "chrome", "browser-platform": "windows", "browser-version": "72.0.3626.121"}
{"method": "GET", "path": "/data-sets/.auto-complete", "endpoint": "data_sets.auto_complete", "view-args": {}, "status": 500, "user": "a2d55844c6dd3c75@lampenwelt.de", "timestamp": "2019-03-15T17:48:35.340907", "browser": "chrome", "browser-platform": "windows", "browser-version": "72.0.3626.121"}
{"method": "GET", "path": "/data-sets/.auto-complete", "endpoint": "data_sets.auto_complete", "view-args": {}, "status": 500, "user": "a2d55844c6dd3c75@lampenwelt.de", "timestamp": "2019-03-15T17:48:36.804612", "browser": "chrome", "browser-platform": "windows", "browser-version": "72.0.3626.121"}
{"method": "GET", "path": "/data-sets/.auto-complete", "endpoint": "data_sets.auto_complete", "view-args": {}, "status": 500, "user": "a2d55844c6dd3c75@lampenwelt.de", "timestamp": "2019-03-15T17:48:37.327617", "browser": "chrome", "browser-platform": "windows", "browser-version": "72.0.3626.121"}
{"method": "GET", "path": "/data-sets/.auto-complete", "endpoint": "data_sets.auto_complete", "view-args": {}, "status": 500, "user": "a2d55844c6dd3c75@lampenwelt.de", "timestamp": "2019-03-15T17:48:37.883796", "browser": "chrome", "browser-platform": "windows", "browser-version": "72.0.3626.121"}
{"method": "GET", "path": "/data-sets/.auto-complete", "endpoint": "data_sets.auto_complete", "view-args": {}, "status": 500, "user": "a2d55844c6dd3c75@lampenwelt.de", "timestamp": "2019-03-15T17:48:38.345976", "browser": "chrome", "browser-platform": "windows", "browser-version": "72.0.3626.121"}
{"method": "GET", "path": "/data-sets/.auto-complete", "endpoint": "data_sets.auto_complete", "view-args": {}, "status": 500, "user": "a2d55844c6dd3c75@lampenwelt.de", "timestamp": "2019-03-15T17:48:39.094227", "browser": "chrome", "browser-platform": "windows", "browser-version": "72.0.3626.121"}
{"method": "GET", "path": "/data-sets/.auto-complete", "endpoint": "data_sets.auto_complete", "view-args": {}, "status": 500, "user": "a2d55844c6dd3c75@lampenwelt.de", "timestamp": "2019-03-15T17:48:40.409423", "browser": "chrome", "browser-platform": "windows", "browser-version": "72.0.3626.121"}
{"method": "GET", "path": "/data-sets/.auto-complete", "endpoint": "data_sets.auto_complete", "view-args": {}, "status": 500, "user": "a2d55844c6dd3c75@lampenwelt.de", "timestamp": "2019-03-15T17:48:40.731269", "browser": "chrome", "browser-platform": "windows", "browser-version": "72.0.3626.121"}
{"method": "POST", "path": "/data-sets/.row-count", "endpoint": "data_sets.row_count", "view-args": {}, "status": 200, "user": "a2d55844c6dd3c75@lampenwelt.de", "timestamp": "2019-03-15T17:48:41.403640", "browser": "chrome", "browser-platform": "windows", "browser-version": "72.0.3626.121"}
{"method": "POST", "path": "/data-sets/.filter-row-count-0", "endpoint": "data_sets.filter_row_count", "view-args": {"filter_pos": 0}, "status": 200, "user": "a2d55844c6dd3c75@lampenwelt.de", "timestamp": "2019-03-15T17:48:41.405748", "browser": "chrome", "browser-platform": "windows", "browser-version": "72.0.3626.121"}
{"method": "POST", "path": "/data-sets/.preview", "endpoint": "data_sets.preview", "view-args": {}, "status": 200, "user": "a2d55844c6dd3c75@lampenwelt.de", "timestamp": "2019-03-15T17:48:41.409248", "browser": "chrome", "browser-platform": "windows", "browser-version": "72.0.3626.121"}
{"method": "POST", "path": "/data-sets/.distribution-chart-1", "endpoint": "data_sets.distribution_chart", "view-args": {"pos": 1}, "status": 200, "user": "a2d55844c6dd3c75@lampenwelt.de", "timestamp": "2019-03-15T17:48:41.446614", "browser": "chrome", "browser-platform": "windows", "browser-version": "72.0.3626.121"}
{"method": "POST", "path": "/data-sets/.distribution-chart-0", "endpoint": "data_sets.distribution_chart", "view-args": {"pos": 0}, "status": 200, "user": "a2d55844c6dd3c75@lampenwelt.de", "timestamp": "2019-03-15T17:48:41.449382", "browser": "chrome", "browser-platform": "windows", "browser-version": "72.0.3626.121"}
{"method": "POST", "path": "/data-sets/.distribution-chart-2", "endpoint": "data_sets.distribution_chart", "view-args": {"pos": 2}, "status": 200, "user": "a2d55844c6dd3c75@lampenwelt.de", "timestamp": "2019-03-15T17:48:41.472734", "browser": "chrome", "browser-platform": "windows", "browser-version": "72.0.3626.121"}
{"method": "POST", "path": "/data-sets/.distribution-chart-3", "endpoint": "data_sets.distribution_chart", "view-args": {"pos": 3}, "status": 200, "user": "a2d55844c6dd3c75@lampenwelt.de", "timestamp": "2019-03-15T17:48:41.486246", "browser": "chrome", "browser-platform": "windows", "browser-version": "72.0.3626.121"}
{"method": "POST", "path": "/data-sets/.distribution-chart-4", "endpoint": "data_sets.distribution_chart", "view-args": {"pos": 4}, "status": 200, "user": "a2d55844c6dd3c75@lampenwelt.de", "timestamp": "2019-03-15T17:48:41.491572", "browser": "chrome", "browser-platform": "windows", "browser-version": "72.0.3626.121"}
{"method": "POST", "path": "/data-sets/.distribution-chart-5", "endpoint": "data_sets.distribution_chart", "view-args": {"pos": 5}, "status": 200, "user": "a2d55844c6dd3c75@lampenwelt.de", "timestamp": "2019-03-15T17:48:41.532456", "browser": "chrome", "browser-platform": "windows", "browser-version": "72.0.3626.121"}
{"method": "POST", "path": "/data-sets/.distribution-chart-6", "endpoint": "data_sets.distribution_chart", "view-args": {"pos": 6}, "status": 200, "user": "a2d55844c6dd3c75@lampenwelt.de", "timestamp": "2019-03-15T17:48:41.533512", "browser": "chrome", "browser-platform": "windows", "browser-version": "72.0.3626.121"}
{"method": "GET", "path": "/data-sets/.auto-complete", "endpoint": "data_sets.auto_complete", "view-args": {}, "status": 500, "user": "a2d55844c6dd3c75@lampenwelt.de", "timestamp": "2019-03-15T17:48:41.696661", "browser": "chrome", "browser-platform": "windows", "browser-version": "72.0.3626.121"}
{"method": "POST", "path": "/data-sets/.filter-row-count-0", "endpoint": "data_sets.filter_row_count", "view-args": {"filter_pos": 0}, "status": 200, "user": "a2d55844c6dd3c75@lampenwelt.de", "timestamp": "2019-03-15T17:48:43.434582", "browser": "chrome", "browser-platform": "windows", "browser-version": "72.0.3626.121"}
{"method": "POST", "path": "/data-sets/.row-count", "endpoint": "data_sets.row_count", "view-args": {}, "status": 200, "user": "a2d55844c6dd3c75@lampenwelt.de", "timestamp": "2019-03-15T17:48:43.437876", "browser": "chrome", "browser-platform": "windows", "browser-version": "72.0.3626.121"}
{"method": "POST", "path": "/data-sets/.preview", "endpoint": "data_sets.preview", "view-args": {}, "status": 200, "user": "a2d55844c6dd3c75@lampenwelt.de", "timestamp": "2019-03-15T17:48:43.442329", "browser": "chrome", "browser-platform": "windows", "browser-version": "72.0.3626.121"}
{"method": "POST", "path": "/data-sets/.distribution-chart-0", "endpoint": "data_sets.distribution_chart", "view-args": {"pos": 0}, "status": 200, "user": "a2d55844c6dd3c75@lampenwelt.de", "timestamp": "2019-03-15T17:48:43.481792", "browser": "chrome", "browser-platform": "windows", "browser-version": "72.0.3626.121"}
{"method": "POST", "path": "/data-sets/.distribution-chart-1", "endpoint": "data_sets.distribution_chart", "view-args": {"pos": 1}, "status": 200, "user": "a2d55844c6dd3c75@lampenwelt.de", "timestamp": "2019-03-15T17:48:43.484028", "browser": "chrome", "browser-platform": "windows", "browser-version": "72.0.3626.121"}
{"method": "POST", "path": "/data-sets/.distribution-chart-2", "endpoint": "data_sets.distribution_chart", "view-args": {"pos": 2}, "status": 200, "user": "a2d55844c6dd3c75@lampenwelt.de", "timestamp": "2019-03-15T17:48:43.524935", "browser": "chrome", "browser-platform": "windows", "browser-version": "72.0.3626.121"}
{"method": "POST", "path": "/data-sets/.distribution-chart-3", "endpoint": "data_sets.distribution_chart", "view-args": {"pos": 3}, "status": 200, "user": "a2d55844c6dd3c75@lampenwelt.de", "timestamp": "2019-03-15T17:48:43.539444", "browser": "chrome", "browser-platform": "windows", "browser-version": "72.0.3626.121"}
{"method": "POST", "path": "/data-sets/.distribution-chart-4", "endpoint": "data_sets.distribution_chart", "view-args": {"pos": 4}, "status": 200, "user": "a2d55844c6dd3c75@lampenwelt.de", "timestamp": "2019-03-15T17:48:43.572055", "browser": "chrome", "browser-platform": "windows", "browser-version": "72.0.3626.121"}
{"method": "POST", "path": "/data-sets/.distribution-chart-5", "endpoint": "data_sets.distribution_chart", "view-args": {"pos": 5}, "status": 200, "user": "a2d55844c6dd3c75@lampenwelt.de", "timestamp": "2019-03-15T17:48:43.581638", "browser": "chrome", "browser-platform": "windows", "browser-version": "72.0.3626.121"}
{"method": "POST", "path": "/data-sets/.distribution-chart-6", "endpoint": "data_sets.distribution_chart", "view-args": {"pos": 6}, "status": 200, "user": "a2d55844c6dd3c75@lampenwelt.de", "timestamp": "2019-03-15T17:48:43.582829", "browser": "chrome", "browser-platform": "windows", "browser-version": "72.0.3626.121"}
{"method": "GET", "path": "/data-sets/mail-campaign-performance/.query-list", "endpoint": "data_sets.query_list", "view-args": {"data_set_id": "mail-campaign-performance"}, "status": 200, "user": "a2d55844c6dd3c75@lampenwelt.de", "timestamp": "2019-03-15T17:48:46.300458", "browser": "chrome", "browser-platform": "windows", "browser-version": "72.0.3626.121"}
{"method": "GET", "path": "/data-sets/mail-campaign-performance/b2b_mail_performance", "endpoint": "data_sets.data_set_page", "view-args": {"data_set_id": "mail-campaign-performance", "query_id": "b2b_mail_performance"}, "status": 200, "user": "a2d55844c6dd3c75@lampenwelt.de", "timestamp": "2019-03-15T17:48:48.013242", "browser": "chrome", "browser-platform": "windows", "browser-version": "72.0.3626.121"}
{"method": "POST", "path": "/data-sets/.initialize", "endpoint": "data_sets.initialize_query", "view-args": {}, "status": 200, "user": "a2d55844c6dd3c75@lampenwelt.de", "timestamp": "2019-03-15T17:48:48.588420", "browser": "chrome", "browser-platform": "windows", "browser-version": "72.0.3626.121"}
{"method": "POST", "path": "/data-sets/.filter-row-count-0", "endpoint": "data_sets.filter_row_count", "view-args": {"filter_pos": 0}, "status": 200, "user": "a2d55844c6dd3c75@lampenwelt.de", "timestamp": "2019-03-15T17:48:48.756420", "browser": "chrome", "browser-platform": "windows", "browser-version": "72.0.3626.121"}
{"method": "POST", "path": "/data-sets/.preview", "endpoint": "data_sets.preview", "view-args": {}, "status": 200, "user": "a2d55844c6dd3c75@lampenwelt.de", "timestamp": "2019-03-15T17:48:48.829903", "browser": "chrome", "browser-platform": "windows", "browser-version": "72.0.3626.121"}
{"method": "POST", "path": "/data-sets/.row-count", "endpoint": "data_sets.row_count", "view-args": {}, "status": 200, "user": "a2d55844c6dd3c75@lampenwelt.de", "timestamp": "2019-03-15T17:48:49.051816", "browser": "chrome", "browser-platform": "windows", "browser-version": "72.0.3626.121"}
{"method": "POST", "path": "/data-sets/.distribution-chart-1", "endpoint": "data_sets.distribution_chart", "view-args": {"pos": 1}, "status": 200, "user": "a2d55844c6dd3c75@lampenwelt.de", "timestamp": "2019-03-15T17:48:49.481556", "browser": "chrome", "browser-platform": "windows", "browser-version": "72.0.3626.121"}
{"method": "POST", "path": "/data-sets/.distribution-chart-6", "endpoint": "data_sets.distribution_chart", "view-args": {"pos": 6}, "status": 200, "user": "a2d55844c6dd3c75@lampenwelt.de", "timestamp": "2019-03-15T17:48:49.846807", "browser": "chrome", "browser-platform": "windows", "browser-version": "72.0.3626.121"}
{"method": "POST", "path": "/data-sets/.distribution-chart-9", "endpoint": "data_sets.distribution_chart", "view-args": {"pos": 9}, "status": 200, "user": "a2d55844c6dd3c75@lampenwelt.de", "timestamp": "2019-03-15T17:48:49.862214", "browser": "chrome", "browser-platform": "windows", "browser-version": "72.0.3626.121"}
{"method": "POST", "path": "/data-sets/.distribution-chart-12", "endpoint": "data_sets.distribution_chart", "view-args": {"pos": 12}, "status": 200, "user": "a2d55844c6dd3c75@lampenwelt.de", "timestamp": "2019-03-15T17:48:50.022814", "browser": "chrome", "browser-platform": "windows", "browser-version": "72.0.3626.121"}
{"method": "POST", "path": "/data-sets/.distribution-chart-13", "endpoint": "data_sets.distribution_chart", "view-args": {"pos": 13}, "status": 200, "user": "a2d55844c6dd3c75@lampenwelt.de", "timestamp": "2019-03-15T17:48:50.070230", "browser": "chrome", "browser-platform": "windows", "browser-version": "72.0.3626.121"}
{"method": "POST", "path": "/data-sets/.distribution-chart-14", "endpoint": "data_sets.distribution_chart", "view-args": {"pos": 14}, "status": 200, "user": "a2d55844c6dd3c75@lampenwelt.de", "timestamp": "2019-03-15T17:48:50.086933", "browser": "chrome", "browser-platform": "windows", "browser-version": "72.0.3626.121"}
{"method": "POST", "path": "/data-sets/.distribution-chart-15", "endpoint": "data_sets.distribution_chart", "view-args": {"pos": 15}, "status": 200, "user": "a2d55844c6dd3c75@lampenwelt.de", "timestamp": "2019-03-15T17:48:50.135713", "browser": "chrome", "browser-platform": "windows", "browser-version": "72.0.3626.121"}
{"method": "POST", "path": "/data-sets/.distribution-chart-16", "endpoint": "data_sets.distribution_chart", "view-args": {"pos": 16}, "status": 200, "user": "a2d55844c6dd3c75@lampenwelt.de", "timestamp": "2019-03-15T17:48:50.162296", "browser": "chrome", "browser-platform": "windows", "browser-version": "72.0.3626.121"}
{"method": "POST", "path": "/data-sets/.distribution-chart-17", "endpoint": "data_sets.distribution_chart", "view-args": {"pos": 17}, "status": 200, "user": "a2d55844c6dd3c75@lampenwelt.de", "timestamp": "2019-03-15T17:48:50.168534", "browser": "chrome", "browser-platform": "windows", "browser-version": "72.0.3626.121"}
{"method": "POST", "path": "/data-sets/.distribution-chart-19", "endpoint": "data_sets.distribution_chart", "view-args": {"pos": 19}, "status": 200, "user": "a2d55844c6dd3c75@lampenwelt.de", "timestamp": "2019-03-15T17:48:50.243183", "browser": "chrome", "browser-platform": "windows", "browser-version": "72.0.3626.121"}
{"method": "POST", "path": "/data-sets/.distribution-chart-20", "endpoint": "data_sets.distribution_chart", "view-args": {"pos": 20}, "status": 200, "user": "a2d55844c6dd3c75@lampenwelt.de", "timestamp": "2019-03-15T17:48:50.256786", "browser": "chrome", "browser-platform": "windows", "browser-version": "72.0.3626.121"}
{"method": "POST", "path": "/data-sets/.distribution-chart-21", "endpoint": "data_sets.distribution_chart", "view-args": {"pos": 21}, "status": 200, "user": "a2d55844c6dd3c75@lampenwelt.de", "timestamp": "2019-03-15T17:48:50.263164", "browser": "chrome", "browser-platform": "windows", "browser-version": "72.0.3626.121"}
{"method": "POST", "path": "/data-sets/.distribution-chart-23", "endpoint": "data_sets.distribution_chart", "view-args": {"pos": 23}, "status": 200, "user": "a2d55844c6dd3c75@lampenwelt.de", "timestamp": "2019-03-15T17:48:50.607001", "browser": "chrome", "browser-platform": "windows", "browser-version": "72.0.3626.121"}
{"method": "POST", "path": "/data-sets/.distribution-chart-22", "endpoint": "data_sets.distribution_chart", "view-args": {"pos": 22}, "status": 200, "user": "a2d55844c6dd3c75@lampenwelt.de", "timestamp": "2019-03-15T17:48:50.611223", "browser": "chrome", "browser-platform": "windows", "browser-version": "72.0.3626.121"}
{"method": "POST", "path": "/data-sets/.distribution-chart-24", "endpoint": "data_sets.distribution_chart", "view-args": {"pos": 24}, "status": 200, "user": "a2d55844c6dd3c75@lampenwelt.de", "timestamp": "2019-03-15T17:48:50.624065", "browser": "chrome", "browser-platform": "windows", "browser-version": "72.0.3626.121"}
{"method": "POST", "path": "/data-sets/.distribution-chart-26", "endpoint": "data_sets.distribution_chart", "view-args": {"pos": 26}, "status": 200, "user": "a2d55844c6dd3c75@lampenwelt.de", "timestamp": "2019-03-15T17:48:50.662474", "browser": "chrome", "browser-platform": "windows", "browser-version": "72.0.3626.121"}
{"method": "POST", "path": "/data-sets/.distribution-chart-25", "endpoint": "data_sets.distribution_chart", "view-args": {"pos": 25}, "status": 200, "user": "a2d55844c6dd3c75@lampenwelt.de", "timestamp": "2019-03-15T17:48:50.662890", "browser": "chrome", "browser-platform": "windows", "browser-version": "72.0.3626.121"}
{"method": "POST", "path": "/data-sets/.distribution-chart-27", "endpoint": "data_sets.distribution_chart", "view-args": {"pos": 27}, "status": 200, "user": "a2d55844c6dd3c75@lampenwelt.de", "timestamp": "2019-03-15T17:48:50.680287", "browser": "chrome", "browser-platform": "windows", "browser-version": "72.0.3626.121"}
{"method": "POST", "path": "/data-sets/.distribution-chart-28", "endpoint": "data_sets.distribution_chart", "view-args": {"pos": 28}, "status": 200, "user": "a2d55844c6dd3c75@lampenwelt.de", "timestamp": "2019-03-15T17:48:51.771974", "browser": "chrome", "browser-platform": "windows", "browser-version": "72.0.3626.121"}
{"method": "POST", "path": "/data-sets/.distribution-chart-29", "endpoint": "data_sets.distribution_chart", "view-args": {"pos": 29}, "status": 200, "user": "a2d55844c6dd3c75@lampenwelt.de", "timestamp": "2019-03-15T17:48:51.859251", "browser": "chrome", "browser-platform": "windows", "browser-version": "72.0.3626.121"}
{"method": "POST", "path": "/data-sets/.distribution-chart-31", "endpoint": "data_sets.distribution_chart", "view-args": {"pos": 31}, "status": 200, "user": "a2d55844c6dd3c75@lampenwelt.de", "timestamp": "2019-03-15T17:48:51.914367", "browser": "chrome", "browser-platform": "windows", "browser-version": "72.0.3626.121"}
{"method": "POST", "path": "/data-sets/.distribution-chart-32", "endpoint": "data_sets.distribution_chart", "view-args": {"pos": 32}, "status": 200, "user": "a2d55844c6dd3c75@lampenwelt.de", "timestamp": "2019-03-15T17:48:52.056942", "browser": "chrome", "browser-platform": "windows", "browser-version": "72.0.3626.121"}
{"method": "POST", "path": "/data-sets/.distribution-chart-33", "endpoint": "data_sets.distribution_chart", "view-args": {"pos": 33}, "status": 200, "user": "a2d55844c6dd3c75@lampenwelt.de", "timestamp": "2019-03-15T17:48:52.087664", "browser": "chrome", "browser-platform": "windows", "browser-version": "72.0.3626.121"}
{"method": "POST", "path": "/data-sets/.distribution-chart-34", "endpoint": "data_sets.distribution_chart", "view-args": {"pos": 34}, "status": 200, "user": "a2d55844c6dd3c75@lampenwelt.de", "timestamp": "2019-03-15T17:48:52.149784", "browser": "chrome", "browser-platform": "windows", "browser-version": "72.0.3626.121"}
{"method": "POST", "path": "/data-sets/.distribution-chart-35", "endpoint": "data_sets.distribution_chart", "view-args": {"pos": 35}, "status": 200, "user": "a2d55844c6dd3c75@lampenwelt.de", "timestamp": "2019-03-15T17:48:52.249439", "browser": "chrome", "browser-platform": "windows", "browser-version": "72.0.3626.121"}
{"method": "POST", "path": "/data-sets/.distribution-chart-36", "endpoint": "data_sets.distribution_chart", "view-args": {"pos": 36}, "status": 200, "user": "a2d55844c6dd3c75@lampenwelt.de", "timestamp": "2019-03-15T17:48:52.311115", "browser": "chrome", "browser-platform": "windows", "browser-version": "72.0.3626.121"}
{"method": "GET", "path": "/data-sets/.auto-complete", "endpoint": "data_sets.auto_complete", "view-args": {}, "status": 500, "user": "a2d55844c6dd3c75@lampenwelt.de", "timestamp": "2019-03-15T17:49:11.007770", "browser": "chrome", "browser-platform": "windows", "browser-version": "72.0.3626.121"}
{"method": "POST", "path": "/data-sets/.preview", "endpoint": "data_sets.preview", "view-args": {}, "status": 200, "user": "a2d55844c6dd3c75@lampenwelt.de", "timestamp": "2019-03-15T17:49:41.409124", "browser": "chrome", "browser-platform": "windows", "browser-version": "72.0.3626.121"}
{"method": "POST", "path": "/data-sets/.preview", "endpoint": "data_sets.preview", "view-args": {}, "status": 200, "user": "a2d55844c6dd3c75@lampenwelt.de", "timestamp": "2019-03-15T17:50:10.339152", "browser": "chrome", "browser-platform": "windows", "browser-version": "72.0.3626.121"}
{"method": "POST", "path": "/data-sets/.preview", "endpoint": "data_sets.preview", "view-args": {}, "status": 200, "user": "a2d55844c6dd3c75@lampenwelt.de", "timestamp": "2019-03-15T17:50:18.583402", "browser": "chrome", "browser-platform": "windows", "browser-version": "72.0.3626.121"}
{"method": "POST", "path": "/data-sets/.preview", "endpoint": "data_sets.preview", "view-args": {}, "status": 200, "user": "a2d55844c6dd3c75@lampenwelt.de", "timestamp": "2019-03-15T17:50:54.800883", "browser": "chrome", "browser-platform": "windows", "browser-version": "72.0.3626.121"}
