{"method": "GET", "path": "/product-performance-analyzer/", "endpoint": "product-performance-analyzer.product_filter_panel", "view-args": {}, "status": 200, "user": "13f7e9ada41f2425@lampenwelt.de", "timestamp": "2019-03-15T16:07:15.395836", "browser": "chrome", "browser-platform": "windows", "browser-version": "72.0.3626.121"}
{"method": "GET", "path": "/product-performance-analyzer/_last_successful_import", "endpoint": "product-performance-analyzer.last_successful_import", "view-args": {}, "status": 200, "user": "13f7e9ada41f2425@lampenwelt.de", "timestamp": "2019-03-15T16:07:16.734553", "browser": "chrome", "browser-platform": "windows", "browser-version": "72.0.3626.121"}
{"method": "GET", "path": "/acl", "endpoint": "mara_acl.acl_page", "view-args": {}, "status": 200, "user": "13f7e9ada41f2425@lampenwelt.de", "timestamp": "2019-03-15T16:07:22.406820", "browser": "chrome", "browser-platform": "windows", "browser-version": "72.0.3626.121"}
{"method": "POST", "path": "/product-performance-analyzer/_render-mdx-request", "endpoint": "product-performance-analyzer.render_mdx_request", "view-args": {}, "status": 200, "user": "13f7e9ada41f2425@lampenwelt.de", "timestamp": "2019-03-15T16:07:25.368698", "browser": "chrome", "browser-platform": "windows", "browser-version": "72.0.3626.121"}
{"method": "POST", "path": "/acl/save-permissions", "endpoint": "mara_acl.save_permissions", "view-args": {}, "status": 302, "user": "13f7e9ada41f2425@lampenwelt.de", "timestamp": "2019-03-15T16:08:21.617947", "browser": "chrome", "browser-platform": "windows", "browser-version": "72.0.3626.121"}
{"method": "GET", "path": "/acl", "endpoint": "mara_acl.acl_page", "view-args": {}, "status": 200, "user": "13f7e9ada41f2425@lampenwelt.de", "timestamp": "2019-03-15T16:08:22.078024", "browser": "chrome", "browser-platform": "windows", "browser-version": "72.0.3626.121"}
{"method": "POST", "path": "/mondrian/excel/authorize", "endpoint": "py_mondrian.excel_authorize", "view-args": {}, "status": 200, "user": "35675e68f4b5af7b@localhost", "timestamp": "2019-03-15T16:10:34.259008", "browser": null, "browser-platform": null, "browser-version": null}
{"method": "GET", "path": "/mondrian/excel", "endpoint": "py_mondrian.excel", "view-args": {}, "status": 200, "user": "9942c672b9354771@lampenwelt.de", "timestamp": "2019-03-15T16:10:38.277419", "browser": "chrome", "browser-platform": "windows", "browser-version": "72.0.3626.121"}
{"method": "POST", "path": "/mondrian/excel/authorize", "endpoint": "py_mondrian.excel_authorize", "view-args": {}, "status": 200, "user": "35675e68f4b5af7b@localhost", "timestamp": "2019-03-15T16:10:41.749686", "browser": null, "browser-platform": null, "browser-version": null}
{"method": "GET", "path": "/product-performance-analyzer/", "endpoint": "product-performance-analyzer.product_filter_panel", "view-args": {}, "status": 200, "user": "9942c672b9354771@lampenwelt.de", "timestamp": "2019-03-15T16:12:14.214129", "browser": "chrome", "browser-platform": "windows", "browser-version": "72.0.3626.121"}
{"method": "GET", "path": "/product-performance-analyzer/_last_successful_import", "endpoint": "product-performance-analyzer.last_successful_import", "view-args": {}, "status": 200, "user": "9942c672b9354771@lampenwelt.de", "timestamp": "2019-03-15T16:12:14.579954", "browser": "chrome", "browser-platform": "windows", "browser-version": "72.0.3626.121"}
{"method": "POST", "path": "/product-performance-analyzer/_render-mdx-request", "endpoint": "product-performance-analyzer.render_mdx_request", "view-args": {}, "status": 200, "user": "9942c672b9354771@lampenwelt.de", "timestamp": "2019-03-15T16:12:17.473613", "browser": "chrome", "browser-platform": "windows", "browser-version": "72.0.3626.121"}
{"method": "GET", "path": "/product-performance-analyzer/_auto-complete/global_dim.product_group/product_group_name/", "endpoint": "product-performance-analyzer.auto_complete", "view-args": {"table_name": "global_dim.product_group", "column_name": "product_group_name"}, "status": 200, "user": "9942c672b9354771@lampenwelt.de", "timestamp": "2019-03-15T16:12:18.837332", "browser": "chrome", "browser-platform": "windows", "browser-version": "72.0.3626.121"}
{"method": "GET", "path": "/product-performance-analyzer/_auto-complete/global_dim.product_assortment_type/product_assortment_type/", "endpoint": "product-performance-analyzer.auto_complete", "view-args": {"table_name": "global_dim.product_assortment_type", "column_name": "product_assortment_type"}, "status": 200, "user": "9942c672b9354771@lampenwelt.de", "timestamp": "2019-03-15T16:12:19.889443", "browser": "chrome", "browser-platform": "windows", "browser-version": "72.0.3626.121"}
{"method": "GET", "path": "/product-performance-analyzer/_auto-complete/global_dim.product_assortment_type/product_assortment_type/H", "endpoint": "product-performance-analyzer.auto_complete", "view-args": {"table_name": "global_dim.product_assortment_type", "column_name": "product_assortment_type", "term": "H"}, "status": 200, "user": "9942c672b9354771@lampenwelt.de", "timestamp": "2019-03-15T16:12:21.211627", "browser": "chrome", "browser-platform": "windows", "browser-version": "72.0.3626.121"}
{"method": "POST", "path": "/product-performance-analyzer/_render-mdx-request", "endpoint": "product-performance-analyzer.render_mdx_request", "view-args": {}, "status": 200, "user": "9942c672b9354771@lampenwelt.de", "timestamp": "2019-03-15T16:13:06.997962", "browser": "chrome", "browser-platform": "windows", "browser-version": "72.0.3626.121"}
{"method": "GET", "path": "/product-performance-analyzer/_product_images/1/1509147.jpg", "endpoint": "product-performance-analyzer.get_product_image", "view-args": {"filename": "1/1509147.jpg"}, "status": 200, "user": "9942c672b9354771@lampenwelt.de", "timestamp": "2019-03-15T16:13:07.075081", "browser": "chrome", "browser-platform": "windows", "browser-version": "72.0.3626.121"}
{"method": "GET", "path": "/product-performance-analyzer/_product_images/1/3052055.jpg", "endpoint": "product-performance-analyzer.get_product_image", "view-args": {"filename": "1/3052055.jpg"}, "status": 200, "user": "9942c672b9354771@lampenwelt.de", "timestamp": "2019-03-15T16:13:07.075173", "browser": "chrome", "browser-platform": "windows", "browser-version": "72.0.3626.121"}
{"method": "GET", "path": "/product-performance-analyzer/_product_images/1/7531864.jpg", "endpoint": "product-performance-analyzer.get_product_image", "view-args": {"filename": "1/7531864.jpg"}, "status": 200, "user": "9942c672b9354771@lampenwelt.de", "timestamp": "2019-03-15T16:13:07.076550", "browser": "chrome", "browser-platform": "windows", "browser-version": "72.0.3626.121"}
{"method": "GET", "path": "/product-performance-analyzer/_product_images/1/7531866.jpg", "endpoint": "product-performance-analyzer.get_product_image", "view-args": {"filename": "1/7531866.jpg"}, "status": 200, "user": "9942c672b9354771@lampenwelt.de", "timestamp": "2019-03-15T16:13:07.092941", "browser": "chrome", "browser-platform": "windows", "browser-version": "72.0.3626.121"}
{"method": "GET", "path": "/product-performance-analyzer/_product_images/1/8505677.jpg", "endpoint": "product-performance-analyzer.get_product_image", "view-args": {"filename": "1/8505677.jpg"}, "status": 200, "user": "9942c672b9354771@lampenwelt.de", "timestamp": "2019-03-15T16:13:07.095142", "browser": "chrome", "browser-platform": "windows", "browser-version": "72.0.3626.121"}
{"method": "GET", "path": "/product-performance-analyzer/_product_images/1/3002123.jpg", "endpoint": "product-performance-analyzer.get_product_image", "view-args": {"filename": "1/3002123.jpg"}, "status": 200, "user": "9942c672b9354771@lampenwelt.de", "timestamp": "2019-03-15T16:13:07.100994", "browser": "chrome", "browser-platform": "windows", "browser-version": "72.0.3626.121"}
{"method": "GET", "path": "/product-performance-analyzer/_product_images/1/3052037.jpg", "endpoint": "product-performance-analyzer.get_product_image", "view-args": {"filename": "1/3052037.jpg"}, "status": 200, "user": "9942c672b9354771@lampenwelt.de", "timestamp": "2019-03-15T16:13:07.151005", "browser": "chrome", "browser-platform": "windows", "browser-version": "72.0.3626.121"}
{"method": "GET", "path": "/product-performance-analyzer/_product_images/1/5515074.jpg", "endpoint": "product-performance-analyzer.get_product_image", "view-args": {"filename": "1/5515074.jpg"}, "status": 200, "user": "9942c672b9354771@lampenwelt.de", "timestamp": "2019-03-15T16:13:07.151938", "browser": "chrome", "browser-platform": "windows", "browser-version": "72.0.3626.121"}
{"method": "GET", "path": "/product-performance-analyzer/_product_images/1/9602289.jpg", "endpoint": "product-performance-analyzer.get_product_image", "view-args": {"filename": "1/9602289.jpg"}, "status": 200, "user": "9942c672b9354771@lampenwelt.de", "timestamp": "2019-03-15T16:13:07.171651", "browser": "chrome", "browser-platform": "windows", "browser-version": "72.0.3626.121"}
{"method": "GET", "path": "/product-performance-analyzer/_product_images/1/9602162.jpg", "endpoint": "product-performance-analyzer.get_product_image", "view-args": {"filename": "1/9602162.jpg"}, "status": 200, "user": "9942c672b9354771@lampenwelt.de", "timestamp": "2019-03-15T16:13:07.171710", "browser": "chrome", "browser-platform": "windows", "browser-version": "72.0.3626.121"}
{"method": "GET", "path": "/product-performance-analyzer/_product_images/1/6500209.jpg", "endpoint": "product-performance-analyzer.get_product_image", "view-args": {"filename": "1/6500209.jpg"}, "status": 200, "user": "9942c672b9354771@lampenwelt.de", "timestamp": "2019-03-15T16:13:07.191646", "browser": "chrome", "browser-platform": "windows", "browser-version": "72.0.3626.121"}
{"method": "GET", "path": "/product-performance-analyzer/_product_images/1/7531913.jpg", "endpoint": "product-performance-analyzer.get_product_image", "view-args": {"filename": "1/7531913.jpg"}, "status": 200, "user": "9942c672b9354771@lampenwelt.de", "timestamp": "2019-03-15T16:13:07.192147", "browser": "chrome", "browser-platform": "windows", "browser-version": "72.0.3626.121"}
{"method": "GET", "path": "/product-performance-analyzer/_product_images/1/4516442.jpg", "endpoint": "product-performance-analyzer.get_product_image", "view-args": {"filename": "1/4516442.jpg"}, "status": 200, "user": "9942c672b9354771@lampenwelt.de", "timestamp": "2019-03-15T16:13:07.202336", "browser": "chrome", "browser-platform": "windows", "browser-version": "72.0.3626.121"}
{"method": "GET", "path": "/product-performance-analyzer/_product_images/1/9505943.jpg", "endpoint": "product-performance-analyzer.get_product_image", "view-args": {"filename": "1/9505943.jpg"}, "status": 200, "user": "9942c672b9354771@lampenwelt.de", "timestamp": "2019-03-15T16:13:07.205699", "browser": "chrome", "browser-platform": "windows", "browser-version": "72.0.3626.121"}
{"method": "GET", "path": "/product-performance-analyzer/_product_images/1/9602230.jpg", "endpoint": "product-performance-analyzer.get_product_image", "view-args": {"filename": "1/9602230.jpg"}, "status": 200, "user": "9942c672b9354771@lampenwelt.de", "timestamp": "2019-03-15T16:13:07.207546", "browser": "chrome", "browser-platform": "windows", "browser-version": "72.0.3626.121"}
{"method": "GET", "path": "/product-performance-analyzer/_product_images/1/7601028.jpg", "endpoint": "product-performance-analyzer.get_product_image", "view-args": {"filename": "1/7601028.jpg"}, "status": 200, "user": "9942c672b9354771@lampenwelt.de", "timestamp": "2019-03-15T16:13:07.224857", "browser": "chrome", "browser-platform": "windows", "browser-version": "72.0.3626.121"}
{"method": "GET", "path": "/product-performance-analyzer/_product_images/1/9004759.jpg", "endpoint": "product-performance-analyzer.get_product_image", "view-args": {"filename": "1/9004759.jpg"}, "status": 200, "user": "9942c672b9354771@lampenwelt.de", "timestamp": "2019-03-15T16:13:07.225190", "browser": "chrome", "browser-platform": "windows", "browser-version": "72.0.3626.121"}
{"method": "GET", "path": "/product-performance-analyzer/_product_images/1/2515025.jpg", "endpoint": "product-performance-analyzer.get_product_image", "view-args": {"filename": "1/2515025.jpg"}, "status": 200, "user": "9942c672b9354771@lampenwelt.de", "timestamp": "2019-03-15T16:13:07.251003", "browser": "chrome", "browser-platform": "windows", "browser-version": "72.0.3626.121"}
{"method": "GET", "path": "/product-performance-analyzer/_product_images/1/7531924.jpg", "endpoint": "product-performance-analyzer.get_product_image", "view-args": {"filename": "1/7531924.jpg"}, "status": 200, "user": "9942c672b9354771@lampenwelt.de", "timestamp": "2019-03-15T16:13:07.261146", "browser": "chrome", "browser-platform": "windows", "browser-version": "72.0.3626.121"}
{"method": "GET", "path": "/product-performance-analyzer/_product_images/1/7610576.jpg", "endpoint": "product-performance-analyzer.get_product_image", "view-args": {"filename": "1/7610576.jpg"}, "status": 200, "user": "9942c672b9354771@lampenwelt.de", "timestamp": "2019-03-15T16:13:07.282355", "browser": "chrome", "browser-platform": "windows", "browser-version": "72.0.3626.121"}
{"method": "GET", "path": "/product-performance-analyzer/_product_images/1/9602244.jpg", "endpoint": "product-performance-analyzer.get_product_image", "view-args": {"filename": "1/9602244.jpg"}, "status": 200, "user": "9942c672b9354771@lampenwelt.de", "timestamp": "2019-03-15T16:13:07.283868", "browser": "chrome", "browser-platform": "windows", "browser-version": "72.0.3626.121"}
{"method": "GET", "path": "/product-performance-analyzer/_product_images/1/7610577.jpg", "endpoint": "product-performance-analyzer.get_product_image", "view-args": {"filename": "1/7610577.jpg"}, "status": 200, "user": "9942c672b9354771@lampenwelt.de", "timestamp": "2019-03-15T16:13:07.290175", "browser": "chrome", "browser-platform": "windows", "browser-version": "72.0.3626.121"}
{"method": "GET", "path": "/product-performance-analyzer/_product_images/1/3012539.jpg", "endpoint": "product-performance-analyzer.get_product_image", "view-args": {"filename": "1/3012539.jpg"}, "status": 200, "user": "9942c672b9354771@lampenwelt.de", "timestamp": "2019-03-15T16:13:07.298268", "browser": "chrome", "browser-platform": "windows", "browser-version": "72.0.3626.121"}
{"method": "GET", "path": "/product-performance-analyzer/_product_images/1/7531955.jpg", "endpoint": "product-performance-analyzer.get_product_image", "view-args": {"filename": "1/7531955.jpg"}, "status": 200, "user": "9942c672b9354771@lampenwelt.de", "timestamp": "2019-03-15T16:13:07.308907", "browser": "chrome", "browser-platform": "windows", "browser-version": "72.0.3626.121"}
{"method": "GET", "path": "/product-performance-analyzer/_product_images/1/6542339.jpg", "endpoint": "product-performance-analyzer.get_product_image", "view-args": {"filename": "1/6542339.jpg"}, "status": 200, "user": "9942c672b9354771@lampenwelt.de", "timestamp": "2019-03-15T16:13:07.313542", "browser": "chrome", "browser-platform": "windows", "browser-version": "72.0.3626.121"}
{"method": "GET", "path": "/product-performance-analyzer/_product_images/1/9602288.jpg", "endpoint": "product-performance-analyzer.get_product_image", "view-args": {"filename": "1/9602288.jpg"}, "status": 200, "user": "9942c672b9354771@lampenwelt.de", "timestamp": "2019-03-15T16:13:07.333770", "browser": "chrome", "browser-platform": "windows", "browser-version": "72.0.3626.121"}
{"method": "GET", "path": "/product-performance-analyzer/_product_images/1/9602280.jpg", "endpoint": "product-performance-analyzer.get_product_image", "view-args": {"filename": "1/9602280.jpg"}, "status": 200, "user": "9942c672b9354771@lampenwelt.de", "timestamp": "2019-03-15T16:13:07.338224", "browser": "chrome", "browser-platform": "windows", "browser-version": "72.0.3626.121"}
{"method": "GET", "path": "/product-performance-analyzer/_product_images/1/6002767.jpg", "endpoint": "product-performance-analyzer.get_product_image", "view-args": {"filename": "1/6002767.jpg"}, "status": 200, "user": "9942c672b9354771@lampenwelt.de", "timestamp": "2019-03-15T16:13:07.340164", "browser": "chrome", "browser-platform": "windows", "browser-version": "72.0.3626.121"}
{"method": "GET", "path": "/product-performance-analyzer/_product_images/1/9602177.jpg", "endpoint": "product-performance-analyzer.get_product_image", "view-args": {"filename": "1/9602177.jpg"}, "status": 200, "user": "9942c672b9354771@lampenwelt.de", "timestamp": "2019-03-15T16:13:07.354980", "browser": "chrome", "browser-platform": "windows", "browser-version": "72.0.3626.121"}
{"method": "GET", "path": "/product-performance-analyzer/_product_images/1/8029090.jpg", "endpoint": "product-performance-analyzer.get_product_image", "view-args": {"filename": "1/8029090.jpg"}, "status": 200, "user": "9942c672b9354771@lampenwelt.de", "timestamp": "2019-03-15T16:13:07.360997", "browser": "chrome", "browser-platform": "windows", "browser-version": "72.0.3626.121"}
{"method": "GET", "path": "/product-performance-analyzer/_product_images/1/7531865.jpg", "endpoint": "product-performance-analyzer.get_product_image", "view-args": {"filename": "1/7531865.jpg"}, "status": 200, "user": "9942c672b9354771@lampenwelt.de", "timestamp": "2019-03-15T16:13:07.363224", "browser": "chrome", "browser-platform": "windows", "browser-version": "72.0.3626.121"}
{"method": "GET", "path": "/product-performance-analyzer/_product_images/1/6089033.jpg", "endpoint": "product-performance-analyzer.get_product_image", "view-args": {"filename": "1/6089033.jpg"}, "status": 200, "user": "9942c672b9354771@lampenwelt.de", "timestamp": "2019-03-15T16:13:07.387781", "browser": "chrome", "browser-platform": "windows", "browser-version": "72.0.3626.121"}
{"method": "GET", "path": "/product-performance-analyzer/_product_images/1/3032038.jpg", "endpoint": "product-performance-analyzer.get_product_image", "view-args": {"filename": "1/3032038.jpg"}, "status": 200, "user": "9942c672b9354771@lampenwelt.de", "timestamp": "2019-03-15T16:13:07.389225", "browser": "chrome", "browser-platform": "windows", "browser-version": "72.0.3626.121"}
{"method": "GET", "path": "/product-performance-analyzer/_product_images/1/8505693.jpg", "endpoint": "product-performance-analyzer.get_product_image", "view-args": {"filename": "1/8505693.jpg"}, "status": 200, "user": "9942c672b9354771@lampenwelt.de", "timestamp": "2019-03-15T16:13:07.400477", "browser": "chrome", "browser-platform": "windows", "browser-version": "72.0.3626.121"}
{"method": "GET", "path": "/product-performance-analyzer/_product_images/1/9004773.jpg", "endpoint": "product-performance-analyzer.get_product_image", "view-args": {"filename": "1/9004773.jpg"}, "status": 200, "user": "9942c672b9354771@lampenwelt.de", "timestamp": "2019-03-15T16:13:07.406810", "browser": "chrome", "browser-platform": "windows", "browser-version": "72.0.3626.121"}
{"method": "GET", "path": "/product-performance-analyzer/_product_images/1/3032037.jpg", "endpoint": "product-performance-analyzer.get_product_image", "view-args": {"filename": "1/3032037.jpg"}, "status": 200, "user": "9942c672b9354771@lampenwelt.de", "timestamp": "2019-03-15T16:13:07.418041", "browser": "chrome", "browser-platform": "windows", "browser-version": "72.0.3626.121"}
{"method": "GET", "path": "/product-performance-analyzer/_product_images/1/8582269.jpg", "endpoint": "product-performance-analyzer.get_product_image", "view-args": {"filename": "1/8582269.jpg"}, "status": 200, "user": "9942c672b9354771@lampenwelt.de", "timestamp": "2019-03-15T16:13:07.428673", "browser": "chrome", "browser-platform": "windows", "browser-version": "72.0.3626.121"}
{"method": "GET", "path": "/product-performance-analyzer/_product_images/1/5000327.jpg", "endpoint": "product-performance-analyzer.get_product_image", "view-args": {"filename": "1/5000327.jpg"}, "status": 304, "user": "9942c672b9354771@lampenwelt.de", "timestamp": "2019-03-15T16:13:07.434811", "browser": "chrome", "browser-platform": "windows", "browser-version": "72.0.3626.121"}
{"method": "GET", "path": "/product-performance-analyzer/_product_images/1/5517515.jpg", "endpoint": "product-performance-analyzer.get_product_image", "view-args": {"filename": "1/5517515.jpg"}, "status": 200, "user": "9942c672b9354771@lampenwelt.de", "timestamp": "2019-03-15T16:13:07.435114", "browser": "chrome", "browser-platform": "windows", "browser-version": "72.0.3626.121"}
{"method": "GET", "path": "/product-performance-analyzer/_product_images/1/4581319.jpg", "endpoint": "product-performance-analyzer.get_product_image", "view-args": {"filename": "1/4581319.jpg"}, "status": 200, "user": "9942c672b9354771@lampenwelt.de", "timestamp": "2019-03-15T16:13:07.452138", "browser": "chrome", "browser-platform": "windows", "browser-version": "72.0.3626.121"}
{"method": "GET", "path": "/product-performance-analyzer/_product_images/1/7265072.jpg", "endpoint": "product-performance-analyzer.get_product_image", "view-args": {"filename": "1/7265072.jpg"}, "status": 404, "user": "9942c672b9354771@lampenwelt.de", "timestamp": "2019-03-15T16:13:07.459045", "browser": "chrome", "browser-platform": "windows", "browser-version": "72.0.3626.121"}
{"method": "GET", "path": "/product-performance-analyzer/_product_images/1/8505619.jpg", "endpoint": "product-performance-analyzer.get_product_image", "view-args": {"filename": "1/8505619.jpg"}, "status": 200, "user": "9942c672b9354771@lampenwelt.de", "timestamp": "2019-03-15T16:13:07.464788", "browser": "chrome", "browser-platform": "windows", "browser-version": "72.0.3626.121"}
{"method": "GET", "path": "/product-performance-analyzer/_product_images/1/4014128.jpg", "endpoint": "product-performance-analyzer.get_product_image", "view-args": {"filename": "1/4014128.jpg"}, "status": 200, "user": "9942c672b9354771@lampenwelt.de", "timestamp": "2019-03-15T16:13:07.481509", "browser": "chrome", "browser-platform": "windows", "browser-version": "72.0.3626.121"}
{"method": "POST", "path": "/product-performance-analyzer/_render-mdx-request", "endpoint": "product-performance-analyzer.render_mdx_request", "view-args": {}, "status": 200, "user": "9942c672b9354771@lampenwelt.de", "timestamp": "2019-03-15T16:14:06.238988", "browser": "chrome", "browser-platform": "windows", "browser-version": "72.0.3626.121"}
{"method": "GET", "path": "/product-performance-analyzer/_product_images/1/7265072.jpg", "endpoint": "product-performance-analyzer.get_product_image", "view-args": {"filename": "1/7265072.jpg"}, "status": 404, "user": "9942c672b9354771@lampenwelt.de", "timestamp": "2019-03-15T16:14:06.335088", "browser": "chrome", "browser-platform": "windows", "browser-version": "72.0.3626.121"}
{"method": "POST", "path": "/mondrian/saiku/authorize", "endpoint": "py_mondrian.saiku_authorize", "view-args": {}, "status": 200, "user": "35675e68f4b5af7b@localhost", "timestamp": "2019-03-15T16:21:01.187799", "browser": null, "browser-platform": null, "browser-version": null}
{"method": "POST", "path": "/mondrian/saiku/authorize", "endpoint": "py_mondrian.saiku_authorize", "view-args": {}, "status": 200, "user": "35675e68f4b5af7b@localhost", "timestamp": "2019-03-15T16:21:01.187953", "browser": null, "browser-platform": null, "browser-version": null}
{"method": "POST", "path": "/mondrian/saiku/authorize", "endpoint": "py_mondrian.saiku_authorize", "view-args": {}, "status": 200, "user": "35675e68f4b5af7b@localhost", "timestamp": "2019-03-15T16:21:01.258213", "browser": null, "browser-platform": null, "browser-version": null}
{"method": "POST", "path": "/mondrian/saiku/authorize", "endpoint": "py_mondrian.saiku_authorize", "view-args": {}, "status": 200, "user": "35675e68f4b5af7b@localhost", "timestamp": "2019-03-15T16:42:18.960268", "browser": null, "browser-platform": null, "browser-version": null}
{"method": "POST", "path": "/mondrian/saiku/authorize", "endpoint": "py_mondrian.saiku_authorize", "view-args": {}, "status": 200, "user": "35675e68f4b5af7b@localhost", "timestamp": "2019-03-15T16:44:19.134240", "browser": null, "browser-platform": null, "browser-version": null}
{"method": "POST", "path": "/dashboards/marketing-channel-overview", "endpoint": "dashboards.view_dashboard", "view-args": {"id": "marketing-channel-overview"}, "status": 200, "user": "5b0cbd07d7e145a9@lampenwelt.de", "timestamp": "2019-03-15T16:44:52.593419", "browser": "chrome", "browser-platform": "windows", "browser-version": "72.0.3626.121"}
{"method": "GET", "path": "/dashboards/_render_async_sql_query/204da78d-5204-46d2-beff-1b8c1ca22ca4", "endpoint": "dashboards.render_async_sql_query", "view-args": {"id": "204da78d-5204-46d2-beff-1b8c1ca22ca4"}, "status": 200, "user": "5b0cbd07d7e145a9@lampenwelt.de", "timestamp": "2019-03-15T16:44:55.380659", "browser": "chrome", "browser-platform": "windows", "browser-version": "72.0.3626.121"}
{"method": "GET", "path": "/dashboards/_render_async_sql_query/54ce2999-cd08-485d-b51c-ce64b2b39676", "endpoint": "dashboards.render_async_sql_query", "view-args": {"id": "54ce2999-cd08-485d-b51c-ce64b2b39676"}, "status": 200, "user": "5b0cbd07d7e145a9@lampenwelt.de", "timestamp": "2019-03-15T16:44:56.984551", "browser": "chrome", "browser-platform": "windows", "browser-version": "72.0.3626.121"}
{"method": "GET", "path": "/dashboards/_last_marketing_cost/marketing-channel-overview", "endpoint": "dashboards.last_marketing_cost", "view-args": {"id": "marketing-channel-overview"}, "status": 200, "user": "5b0cbd07d7e145a9@lampenwelt.de", "timestamp": "2019-03-15T16:44:57.027675", "browser": "chrome", "browser-platform": "windows", "browser-version": "72.0.3626.121"}
{"method": "GET", "path": "/dashboards/_last_successful_import", "endpoint": "dashboards.last_successful_import", "view-args": {}, "status": 200, "user": "5b0cbd07d7e145a9@lampenwelt.de", "timestamp": "2019-03-15T16:44:57.042733", "browser": "chrome", "browser-platform": "windows", "browser-version": "72.0.3626.121"}
{"method": "GET", "path": "/dashboards/_render_async_sql_query/1f0c28f2-3952-4011-aec4-73aebccd4d01", "endpoint": "dashboards.render_async_sql_query", "view-args": {"id": "1f0c28f2-3952-4011-aec4-73aebccd4d01"}, "status": 200, "user": "5b0cbd07d7e145a9@lampenwelt.de", "timestamp": "2019-03-15T16:44:57.489648", "browser": "chrome", "browser-platform": "windows", "browser-version": "72.0.3626.121"}
{"method": "GET", "path": "/dashboards/_render_async_sql_query/4458bfc1-47af-48e2-a4bb-d51389dc7d05", "endpoint": "dashboards.render_async_sql_query", "view-args": {"id": "4458bfc1-47af-48e2-a4bb-d51389dc7d05"}, "status": 200, "user": "5b0cbd07d7e145a9@lampenwelt.de", "timestamp": "2019-03-15T16:44:57.548504", "browser": "chrome", "browser-platform": "windows", "browser-version": "72.0.3626.121"}
{"method": "GET", "path": "/dashboards/_render_async_sql_query/3a77fd0c-a446-4a46-83f4-07df9926d436", "endpoint": "dashboards.render_async_sql_query", "view-args": {"id": "3a77fd0c-a446-4a46-83f4-07df9926d436"}, "status": 200, "user": "5b0cbd07d7e145a9@lampenwelt.de", "timestamp": "2019-03-15T16:44:59.559242", "browser": "chrome", "browser-platform": "windows", "browser-version": "72.0.3626.121"}
{"method": "GET", "path": "/dashboards/_render_async_sql_query/5dcdc449-d495-46c7-ac40-e6b0c95469fa", "endpoint": "dashboards.render_async_sql_query", "view-args": {"id": "5dcdc449-d495-46c7-ac40-e6b0c95469fa"}, "status": 200, "user": "5b0cbd07d7e145a9@lampenwelt.de", "timestamp": "2019-03-15T16:45:00.848353", "browser": "chrome", "browser-platform": "windows", "browser-version": "72.0.3626.121"}
{"method": "GET", "path": "/dashboards/_render_async_sql_query/b6357c1c-b54e-4a81-92dc-435fc417028d", "endpoint": "dashboards.render_async_sql_query", "view-args": {"id": "b6357c1c-b54e-4a81-92dc-435fc417028d"}, "status": 200, "user": "5b0cbd07d7e145a9@lampenwelt.de", "timestamp": "2019-03-15T16:45:01.119213", "browser": "chrome", "browser-platform": "windows", "browser-version": "72.0.3626.121"}
{"method": "GET", "path": "/dashboards/_render_async_sql_query/2f1dd95e-adac-4048-a32b-24e0117dc519", "endpoint": "dashboards.render_async_sql_query", "view-args": {"id": "2f1dd95e-adac-4048-a32b-24e0117dc519"}, "status": 200, "user": "5b0cbd07d7e145a9@lampenwelt.de", "timestamp": "2019-03-15T16:45:01.632138", "browser": "chrome", "browser-platform": "windows", "browser-version": "72.0.3626.121"}
{"method": "GET", "path": "/dashboards/_render_async_sql_query/3b7ec602-f3a3-4db1-a33a-902a78408545", "endpoint": "dashboards.render_async_sql_query", "view-args": {"id": "3b7ec602-f3a3-4db1-a33a-902a78408545"}, "status": 200, "user": "5b0cbd07d7e145a9@lampenwelt.de", "timestamp": "2019-03-15T16:45:04.194157", "browser": "chrome", "browser-platform": "windows", "browser-version": "72.0.3626.121"}
{"method": "POST", "path": "/dashboards/marketing-channel-overview", "endpoint": "dashboards.view_dashboard", "view-args": {"id": "marketing-channel-overview"}, "status": 200, "user": "5b0cbd07d7e145a9@lampenwelt.de", "timestamp": "2019-03-15T16:45:04.659230", "browser": "chrome", "browser-platform": "windows", "browser-version": "72.0.3626.121"}
{"method": "GET", "path": "/dashboards/_render_async_sql_query/30b4606a-ea5c-4fdf-b8e1-3d0f23b3cf49", "endpoint": "dashboards.render_async_sql_query", "view-args": {"id": "30b4606a-ea5c-4fdf-b8e1-3d0f23b3cf49"}, "status": 200, "user": "5b0cbd07d7e145a9@lampenwelt.de", "timestamp": "2019-03-15T16:45:06.208603", "browser": "chrome", "browser-platform": "windows", "browser-version": "72.0.3626.121"}
{"method": "GET", "path": "/dashboards/_render_async_sql_query/d640aea8-bb7d-49b9-8fa9-06ea6f4ad94d", "endpoint": "dashboards.render_async_sql_query", "view-args": {"id": "d640aea8-bb7d-49b9-8fa9-06ea6f4ad94d"}, "status": 200, "user": "5b0cbd07d7e145a9@lampenwelt.de", "timestamp": "2019-03-15T16:45:06.791606", "browser": "chrome", "browser-platform": "windows", "browser-version": "72.0.3626.121"}
{"method": "GET", "path": "/dashboards/_render_async_sql_query/7a32ed19-1e90-4bb9-87dc-f13a2b9d771f", "endpoint": "dashboards.render_async_sql_query", "view-args": {"id": "7a32ed19-1e90-4bb9-87dc-f13a2b9d771f"}, "status": 200, "user": "5b0cbd07d7e145a9@lampenwelt.de", "timestamp": "2019-03-15T16:45:06.816402", "browser": "chrome", "browser-platform": "windows", "browser-version": "72.0.3626.121"}
{"method": "GET", "path": "/dashboards/_render_async_sql_query/fb5aa034-56e6-4a95-a0e8-5a1855f1cbb6", "endpoint": "dashboards.render_async_sql_query", "view-args": {"id": "fb5aa034-56e6-4a95-a0e8-5a1855f1cbb6"}, "status": 200, "user": "5b0cbd07d7e145a9@lampenwelt.de", "timestamp": "2019-03-15T16:45:06.837241", "browser": "chrome", "browser-platform": "windows", "browser-version": "72.0.3626.121"}
{"method": "GET", "path": "/dashboards/_render_async_sql_query/7abb638e-5d1e-4a79-9ed0-31cd1835fea8", "endpoint": "dashboards.render_async_sql_query", "view-args": {"id": "7abb638e-5d1e-4a79-9ed0-31cd1835fea8"}, "status": 200, "user": "5b0cbd07d7e145a9@lampenwelt.de", "timestamp": "2019-03-15T16:45:06.877549", "browser": "chrome", "browser-platform": "windows", "browser-version": "72.0.3626.121"}
{"method": "GET", "path": "/dashboards/_last_successful_import", "endpoint": "dashboards.last_successful_import", "view-args": {}, "status": 200, "user": "5b0cbd07d7e145a9@lampenwelt.de", "timestamp": "2019-03-15T16:45:06.891823", "browser": "chrome", "browser-platform": "windows", "browser-version": "72.0.3626.121"}
{"method": "GET", "path": "/dashboards/_last_marketing_cost/marketing-channel-overview", "endpoint": "dashboards.last_marketing_cost", "view-args": {"id": "marketing-channel-overview"}, "status": 200, "user": "5b0cbd07d7e145a9@lampenwelt.de", "timestamp": "2019-03-15T16:45:06.914744", "browser": "chrome", "browser-platform": "windows", "browser-version": "72.0.3626.121"}
{"method": "GET", "path": "/dashboards/_render_async_sql_query/4c12528b-2d97-4dce-b8ad-9e2ffda71119", "endpoint": "dashboards.render_async_sql_query", "view-args": {"id": "4c12528b-2d97-4dce-b8ad-9e2ffda71119"}, "status": 200, "user": "5b0cbd07d7e145a9@lampenwelt.de", "timestamp": "2019-03-15T16:45:06.936556", "browser": "chrome", "browser-platform": "windows", "browser-version": "72.0.3626.121"}
{"method": "GET", "path": "/dashboards/_render_async_sql_query/0d4c6e06-1414-445b-acdc-a908a122c3c0", "endpoint": "dashboards.render_async_sql_query", "view-args": {"id": "0d4c6e06-1414-445b-acdc-a908a122c3c0"}, "status": 200, "user": "5b0cbd07d7e145a9@lampenwelt.de", "timestamp": "2019-03-15T16:45:07.147843", "browser": "chrome", "browser-platform": "windows", "browser-version": "72.0.3626.121"}
{"method": "GET", "path": "/dashboards/_render_async_sql_query/35e53658-164c-4057-a2c3-cb61dd08c41e", "endpoint": "dashboards.render_async_sql_query", "view-args": {"id": "35e53658-164c-4057-a2c3-cb61dd08c41e"}, "status": 200, "user": "5b0cbd07d7e145a9@lampenwelt.de", "timestamp": "2019-03-15T16:45:07.167391", "browser": "chrome", "browser-platform": "windows", "browser-version": "72.0.3626.121"}
{"method": "GET", "path": "/dashboards/_render_async_sql_query/80e8bf33-8145-4116-ae2c-d7d149ba65aa", "endpoint": "dashboards.render_async_sql_query", "view-args": {"id": "80e8bf33-8145-4116-ae2c-d7d149ba65aa"}, "status": 200, "user": "5b0cbd07d7e145a9@lampenwelt.de", "timestamp": "2019-03-15T16:45:07.191669", "browser": "chrome", "browser-platform": "windows", "browser-version": "72.0.3626.121"}
{"method": "GET", "path": "/dashboards/_render_async_sql_query/8ad4f915-a928-44e4-9e10-568afe200fbe", "endpoint": "dashboards.render_async_sql_query", "view-args": {"id": "8ad4f915-a928-44e4-9e10-568afe200fbe"}, "status": 200, "user": "5b0cbd07d7e145a9@lampenwelt.de", "timestamp": "2019-03-15T16:45:07.210070", "browser": "chrome", "browser-platform": "windows", "browser-version": "72.0.3626.121"}
{"method": "GET", "path": "/dashboards/_render_async_sql_query/9cfe1cbc-4b99-4381-bfa7-493067b80010", "endpoint": "dashboards.render_async_sql_query", "view-args": {"id": "9cfe1cbc-4b99-4381-bfa7-493067b80010"}, "status": 200, "user": "5b0cbd07d7e145a9@lampenwelt.de", "timestamp": "2019-03-15T16:45:07.265770", "browser": "chrome", "browser-platform": "windows", "browser-version": "72.0.3626.121"}
{"method": "GET", "path": "/dashboards/_render_async_sql_query/ccef03e7-2dc8-4865-988d-79b803d05274", "endpoint": "dashboards.render_async_sql_query", "view-args": {"id": "ccef03e7-2dc8-4865-988d-79b803d05274"}, "status": 200, "user": "5b0cbd07d7e145a9@lampenwelt.de", "timestamp": "2019-03-15T16:45:07.288510", "browser": "chrome", "browser-platform": "windows", "browser-version": "72.0.3626.121"}
{"method": "GET", "path": "/dashboards/_render_async_sql_query/8895e8d9-8ec9-4af8-b7fd-5dfa0ff62fe0", "endpoint": "dashboards.render_async_sql_query", "view-args": {"id": "8895e8d9-8ec9-4af8-b7fd-5dfa0ff62fe0"}, "status": 200, "user": "5b0cbd07d7e145a9@lampenwelt.de", "timestamp": "2019-03-15T16:45:07.334066", "browser": "chrome", "browser-platform": "windows", "browser-version": "72.0.3626.121"}
{"method": "GET", "path": "/dashboards/_render_async_sql_query/52b38ead-8c5d-422e-9bae-ecc7f9b895d8", "endpoint": "dashboards.render_async_sql_query", "view-args": {"id": "52b38ead-8c5d-422e-9bae-ecc7f9b895d8"}, "status": 200, "user": "5b0cbd07d7e145a9@lampenwelt.de", "timestamp": "2019-03-15T16:45:07.363659", "browser": "chrome", "browser-platform": "windows", "browser-version": "72.0.3626.121"}
{"method": "GET", "path": "/dashboards/_render_async_sql_query/c504ea17-b1dd-4fa2-bcb0-90078df0d861", "endpoint": "dashboards.render_async_sql_query", "view-args": {"id": "c504ea17-b1dd-4fa2-bcb0-90078df0d861"}, "status": 200, "user": "5b0cbd07d7e145a9@lampenwelt.de", "timestamp": "2019-03-15T16:45:09.798318", "browser": "chrome", "browser-platform": "windows", "browser-version": "72.0.3626.121"}
{"method": "GET", "path": "/dashboards/_render_async_sql_query/e1b2508f-8a44-4564-9c8b-737e52f52d8e", "endpoint": "dashboards.render_async_sql_query", "view-args": {"id": "e1b2508f-8a44-4564-9c8b-737e52f52d8e"}, "status": 200, "user": "5b0cbd07d7e145a9@lampenwelt.de", "timestamp": "2019-03-15T16:45:11.394256", "browser": "chrome", "browser-platform": "windows", "browser-version": "72.0.3626.121"}
{"method": "GET", "path": "/dashboards/_render_async_sql_query/ab9d3270-a40a-4d6f-ad4d-7b9af70aec71", "endpoint": "dashboards.render_async_sql_query", "view-args": {"id": "ab9d3270-a40a-4d6f-ad4d-7b9af70aec71"}, "status": 200, "user": "5b0cbd07d7e145a9@lampenwelt.de", "timestamp": "2019-03-15T16:45:12.443144", "browser": "chrome", "browser-platform": "windows", "browser-version": "72.0.3626.121"}
{"method": "GET", "path": "/dashboards/_render_async_sql_query/deaed8c2-4002-4420-b793-84c85d923fc0", "endpoint": "dashboards.render_async_sql_query", "view-args": {"id": "deaed8c2-4002-4420-b793-84c85d923fc0"}, "status": 200, "user": "5b0cbd07d7e145a9@lampenwelt.de", "timestamp": "2019-03-15T16:45:12.466322", "browser": "chrome", "browser-platform": "windows", "browser-version": "72.0.3626.121"}
{"method": "GET", "path": "/dashboards/_render_async_sql_query/e388cd6e-de3e-49e9-ac50-9a22005a44dd", "endpoint": "dashboards.render_async_sql_query", "view-args": {"id": "e388cd6e-de3e-49e9-ac50-9a22005a44dd"}, "status": 200, "user": "5b0cbd07d7e145a9@lampenwelt.de", "timestamp": "2019-03-15T16:45:14.646187", "browser": "chrome", "browser-platform": "windows", "browser-version": "72.0.3626.121"}
{"method": "GET", "path": "/dashboards/_render_async_sql_query/078f8cbd-c061-470e-9078-5e42db2c92ce", "endpoint": "dashboards.render_async_sql_query", "view-args": {"id": "078f8cbd-c061-470e-9078-5e42db2c92ce"}, "status": 200, "user": "5b0cbd07d7e145a9@lampenwelt.de", "timestamp": "2019-03-15T16:45:15.524662", "browser": "chrome", "browser-platform": "windows", "browser-version": "72.0.3626.121"}
{"method": "GET", "path": "/dashboards/_render_async_sql_query/43e5532c-f046-4a2e-b4c0-4afa6847598c", "endpoint": "dashboards.render_async_sql_query", "view-args": {"id": "43e5532c-f046-4a2e-b4c0-4afa6847598c"}, "status": 200, "user": "5b0cbd07d7e145a9@lampenwelt.de", "timestamp": "2019-03-15T16:45:20.088080", "browser": "chrome", "browser-platform": "windows", "browser-version": "72.0.3626.121"}
{"method": "GET", "path": "/dashboards/_render_async_sql_query/0bd941ea-2ff1-4725-9f5b-50245ed5fdab", "endpoint": "dashboards.render_async_sql_query", "view-args": {"id": "0bd941ea-2ff1-4725-9f5b-50245ed5fdab"}, "status": 200, "user": "5b0cbd07d7e145a9@lampenwelt.de", "timestamp": "2019-03-15T16:45:20.749215", "browser": "chrome", "browser-platform": "windows", "browser-version": "72.0.3626.121"}
{"method": "GET", "path": "/dashboards/_render_async_sql_query/99ca6fc4-257e-4072-8909-2daeaae5bbba", "endpoint": "dashboards.render_async_sql_query", "view-args": {"id": "99ca6fc4-257e-4072-8909-2daeaae5bbba"}, "status": 200, "user": "5b0cbd07d7e145a9@lampenwelt.de", "timestamp": "2019-03-15T16:45:21.775595", "browser": "chrome", "browser-platform": "windows", "browser-version": "72.0.3626.121"}
{"method": "GET", "path": "/dashboards/_render_async_sql_query/15d89e5c-41b6-4466-b93b-512268d7cfa0", "endpoint": "dashboards.render_async_sql_query", "view-args": {"id": "15d89e5c-41b6-4466-b93b-512268d7cfa0"}, "status": 200, "user": "5b0cbd07d7e145a9@lampenwelt.de", "timestamp": "2019-03-15T16:45:22.679620", "browser": "chrome", "browser-platform": "windows", "browser-version": "72.0.3626.121"}
{"method": "GET", "path": "/dashboards/_render_async_sql_query/c81032c3-8133-45d4-b235-8546b67dfcc1", "endpoint": "dashboards.render_async_sql_query", "view-args": {"id": "c81032c3-8133-45d4-b235-8546b67dfcc1"}, "status": 200, "user": "5b0cbd07d7e145a9@lampenwelt.de", "timestamp": "2019-03-15T16:45:24.216993", "browser": "chrome", "browser-platform": "windows", "browser-version": "72.0.3626.121"}
{"method": "GET", "path": "/dashboards/_render_async_sql_query/2138c6ff-7ea9-4a70-9ed2-c8d8d0a59127", "endpoint": "dashboards.render_async_sql_query", "view-args": {"id": "2138c6ff-7ea9-4a70-9ed2-c8d8d0a59127"}, "status": 200, "user": "5b0cbd07d7e145a9@lampenwelt.de", "timestamp": "2019-03-15T16:45:25.508967", "browser": "chrome", "browser-platform": "windows", "browser-version": "72.0.3626.121"}
{"method": "GET", "path": "/dashboards/_render_async_sql_query/0dd77e0e-8c23-477c-9f11-a7a0010fd13a", "endpoint": "dashboards.render_async_sql_query", "view-args": {"id": "0dd77e0e-8c23-477c-9f11-a7a0010fd13a"}, "status": 200, "user": "5b0cbd07d7e145a9@lampenwelt.de", "timestamp": "2019-03-15T16:45:26.175708", "browser": "chrome", "browser-platform": "windows", "browser-version": "72.0.3626.121"}
