{"method": "GET", "path": "/dashboards/sales-comparison", "endpoint": "dashboards.view_dashboard", "view-args": {"id": "sales-comparison"}, "status": 200, "user": "9942c672b9354771@lampenwelt.de", "timestamp": "2019-04-01T18:05:32.046752", "browser": "chrome", "browser-platform": "windows", "browser-version": "73.0.3683.86"}
{"method": "GET", "path": "/dashboards/_render_async_sql_query/7588c94c-a9d3-4e32-8d6f-b6d7997b9549", "endpoint": "dashboards.render_async_sql_query", "view-args": {"id": "7588c94c-a9d3-4e32-8d6f-b6d7997b9549"}, "status": 200, "user": "9942c672b9354771@lampenwelt.de", "timestamp": "2019-04-01T18:05:32.414521", "browser": "chrome", "browser-platform": "windows", "browser-version": "73.0.3683.86"}
{"method": "GET", "path": "/dashboards/_render_async_sql_query/21417aa5-99dc-4a61-9330-871149d5189a", "endpoint": "dashboards.render_async_sql_query", "view-args": {"id": "21417aa5-99dc-4a61-9330-871149d5189a"}, "status": 200, "user": "9942c672b9354771@lampenwelt.de", "timestamp": "2019-04-01T18:05:32.416836", "browser": "chrome", "browser-platform": "windows", "browser-version": "73.0.3683.86"}
{"method": "GET", "path": "/dashboards/_render_async_sql_query/ac79a0ea-6e8d-49dd-af7d-a9bd64cd75ef", "endpoint": "dashboards.render_async_sql_query", "view-args": {"id": "ac79a0ea-6e8d-49dd-af7d-a9bd64cd75ef"}, "status": 200, "user": "9942c672b9354771@lampenwelt.de", "timestamp": "2019-04-01T18:05:32.417208", "browser": "chrome", "browser-platform": "windows", "browser-version": "73.0.3683.86"}
{"method": "GET", "path": "/dashboards/_last_marketing_cost/sales-comparison", "endpoint": "dashboards.last_marketing_cost", "view-args": {"id": "sales-comparison"}, "status": 200, "user": "9942c672b9354771@lampenwelt.de", "timestamp": "2019-04-01T18:05:32.426633", "browser": "chrome", "browser-platform": "windows", "browser-version": "73.0.3683.86"}
{"method": "GET", "path": "/dashboards/_last_successful_import", "endpoint": "dashboards.last_successful_import", "view-args": {}, "status": 200, "user": "9942c672b9354771@lampenwelt.de", "timestamp": "2019-04-01T18:05:32.433681", "browser": "chrome", "browser-platform": "windows", "browser-version": "73.0.3683.86"}
{"method": "GET", "path": "/dashboards/_render_async_sql_query/a2cb76eb-2ec3-4669-87da-1f1cb262a2e6", "endpoint": "dashboards.render_async_sql_query", "view-args": {"id": "a2cb76eb-2ec3-4669-87da-1f1cb262a2e6"}, "status": 200, "user": "9942c672b9354771@lampenwelt.de", "timestamp": "2019-04-01T18:05:32.440838", "browser": "chrome", "browser-platform": "windows", "browser-version": "73.0.3683.86"}
{"method": "GET", "path": "/dashboards/_render_async_sql_query/d0a38e46-ef6e-47b4-a1c6-e969b23dd89e", "endpoint": "dashboards.render_async_sql_query", "view-args": {"id": "d0a38e46-ef6e-47b4-a1c6-e969b23dd89e"}, "status": 200, "user": "9942c672b9354771@lampenwelt.de", "timestamp": "2019-04-01T18:05:32.498564", "browser": "chrome", "browser-platform": "windows", "browser-version": "73.0.3683.86"}
{"method": "GET", "path": "/dashboards/_render_async_sql_query/3f98a7ed-8296-4b3b-8353-9c431d0bcc9c", "endpoint": "dashboards.render_async_sql_query", "view-args": {"id": "3f98a7ed-8296-4b3b-8353-9c431d0bcc9c"}, "status": 200, "user": "9942c672b9354771@lampenwelt.de", "timestamp": "2019-04-01T18:05:32.501011", "browser": "chrome", "browser-platform": "windows", "browser-version": "73.0.3683.86"}
{"method": "POST", "path": "/mondrian/excel/authorize", "endpoint": "py_mondrian.excel_authorize", "view-args": {}, "status": 200, "user": "35675e68f4b5af7b@localhost", "timestamp": "2019-04-01T18:14:41.368799", "browser": null, "browser-platform": null, "browser-version": null}
{"method": "POST", "path": "/mondrian/excel/authorize", "endpoint": "py_mondrian.excel_authorize", "view-args": {}, "status": 200, "user": "35675e68f4b5af7b@localhost", "timestamp": "2019-04-01T18:44:42.373547", "browser": null, "browser-platform": null, "browser-version": null}
