{"method": "GET", "path": "/", "endpoint": "start_page.start_page", "view-args": {}, "status": 302, "user": "49dce94bc5b81c45@lampenwelt.de", "timestamp": "2019-03-04T15:02:08.607214", "browser": "chrome", "browser-platform": "windows", "browser-version": "72.0.3626.109"}
{"method": "GET", "path": "/dashboards/marketing-overview", "endpoint": "dashboards.view_dashboard", "view-args": {"id": "marketing-overview"}, "status": 200, "user": "49dce94bc5b81c45@lampenwelt.de", "timestamp": "2019-03-04T15:02:08.811789", "browser": "chrome", "browser-platform": "windows", "browser-version": "72.0.3626.109"}
{"method": "GET", "path": "/dashboards/_render_async_sql_query/1517ca8a-3c24-4617-8ccb-1c068ae23a8f", "endpoint": "dashboards.render_async_sql_query", "view-args": {"id": "1517ca8a-3c24-4617-8ccb-1c068ae23a8f"}, "status": 200, "user": "49dce94bc5b81c45@lampenwelt.de", "timestamp": "2019-03-04T15:02:09.491321", "browser": "chrome", "browser-platform": "windows", "browser-version": "72.0.3626.109"}
{"method": "GET", "path": "/dashboards/_render_async_sql_query/9fbc684d-f733-4dc3-ae4d-cc882e4ac0e1", "endpoint": "dashboards.render_async_sql_query", "view-args": {"id": "9fbc684d-f733-4dc3-ae4d-cc882e4ac0e1"}, "status": 200, "user": "49dce94bc5b81c45@lampenwelt.de", "timestamp": "2019-03-04T15:02:09.491400", "browser": "chrome", "browser-platform": "windows", "browser-version": "72.0.3626.109"}
{"method": "GET", "path": "/dashboards/_render_async_sql_query/44dd8ba1-a08d-4ac3-a88c-acc050c591ca", "endpoint": "dashboards.render_async_sql_query", "view-args": {"id": "44dd8ba1-a08d-4ac3-a88c-acc050c591ca"}, "status": 200, "user": "49dce94bc5b81c45@lampenwelt.de", "timestamp": "2019-03-04T15:02:09.495599", "browser": "chrome", "browser-platform": "windows", "browser-version": "72.0.3626.109"}
{"method": "GET", "path": "/dashboards/_last_successful_import", "endpoint": "dashboards.last_successful_import", "view-args": {}, "status": 200, "user": "49dce94bc5b81c45@lampenwelt.de", "timestamp": "2019-03-04T15:02:09.507302", "browser": "chrome", "browser-platform": "windows", "browser-version": "72.0.3626.109"}
{"method": "GET", "path": "/dashboards/_last_marketing_cost/marketing-overview", "endpoint": "dashboards.last_marketing_cost", "view-args": {"id": "marketing-overview"}, "status": 200, "user": "49dce94bc5b81c45@lampenwelt.de", "timestamp": "2019-03-04T15:02:09.511801", "browser": "chrome", "browser-platform": "windows", "browser-version": "72.0.3626.109"}
{"method": "GET", "path": "/dashboards/_render_async_sql_query/bb18a4a5-2614-4476-94bc-b7aff8e866ed", "endpoint": "dashboards.render_async_sql_query", "view-args": {"id": "bb18a4a5-2614-4476-94bc-b7aff8e866ed"}, "status": 200, "user": "49dce94bc5b81c45@lampenwelt.de", "timestamp": "2019-03-04T15:02:09.517108", "browser": "chrome", "browser-platform": "windows", "browser-version": "72.0.3626.109"}
{"method": "GET", "path": "/dashboards/_render_async_sql_query/e81e3168-44b7-4e6c-96c8-957c720f2f01", "endpoint": "dashboards.render_async_sql_query", "view-args": {"id": "e81e3168-44b7-4e6c-96c8-957c720f2f01"}, "status": 200, "user": "49dce94bc5b81c45@lampenwelt.de", "timestamp": "2019-03-04T15:02:09.569629", "browser": "chrome", "browser-platform": "windows", "browser-version": "72.0.3626.109"}
{"method": "GET", "path": "/dashboards/_render_async_sql_query/6dcd4f2d-dbc7-49d6-8db8-0778e983e65b", "endpoint": "dashboards.render_async_sql_query", "view-args": {"id": "6dcd4f2d-dbc7-49d6-8db8-0778e983e65b"}, "status": 200, "user": "49dce94bc5b81c45@lampenwelt.de", "timestamp": "2019-03-04T15:02:09.573199", "browser": "chrome", "browser-platform": "windows", "browser-version": "72.0.3626.109"}
{"method": "GET", "path": "/dashboards/_render_async_sql_query/05e0fc09-2f5c-451a-9146-ccbf41ff085d", "endpoint": "dashboards.render_async_sql_query", "view-args": {"id": "05e0fc09-2f5c-451a-9146-ccbf41ff085d"}, "status": 200, "user": "49dce94bc5b81c45@lampenwelt.de", "timestamp": "2019-03-04T15:02:09.573350", "browser": "chrome", "browser-platform": "windows", "browser-version": "72.0.3626.109"}
{"method": "GET", "path": "/dashboards/_render_async_sql_query/0a5915b8-27bc-4821-8dc9-8f4502dbf87d", "endpoint": "dashboards.render_async_sql_query", "view-args": {"id": "0a5915b8-27bc-4821-8dc9-8f4502dbf87d"}, "status": 200, "user": "49dce94bc5b81c45@lampenwelt.de", "timestamp": "2019-03-04T15:02:09.604363", "browser": "chrome", "browser-platform": "windows", "browser-version": "72.0.3626.109"}
{"method": "GET", "path": "/dashboards/_render_async_sql_query/a540045c-84ea-4d7a-bfcc-ca1c0ef3dfd9", "endpoint": "dashboards.render_async_sql_query", "view-args": {"id": "a540045c-84ea-4d7a-bfcc-ca1c0ef3dfd9"}, "status": 200, "user": "49dce94bc5b81c45@lampenwelt.de", "timestamp": "2019-03-04T15:02:09.632711", "browser": "chrome", "browser-platform": "windows", "browser-version": "72.0.3626.109"}
{"method": "GET", "path": "/dashboards/_render_async_sql_query/12e147b1-d7ff-43f8-92ed-641e2c10b92a", "endpoint": "dashboards.render_async_sql_query", "view-args": {"id": "12e147b1-d7ff-43f8-92ed-641e2c10b92a"}, "status": 200, "user": "49dce94bc5b81c45@lampenwelt.de", "timestamp": "2019-03-04T15:02:09.636551", "browser": "chrome", "browser-platform": "windows", "browser-version": "72.0.3626.109"}
{"method": "GET", "path": "/dashboards/_render_async_sql_query/9f471458-f320-41c6-b0f0-03402acc05ec", "endpoint": "dashboards.render_async_sql_query", "view-args": {"id": "9f471458-f320-41c6-b0f0-03402acc05ec"}, "status": 200, "user": "49dce94bc5b81c45@lampenwelt.de", "timestamp": "2019-03-04T15:02:09.643060", "browser": "chrome", "browser-platform": "windows", "browser-version": "72.0.3626.109"}
{"method": "GET", "path": "/dashboards/_render_async_sql_query/e444f47f-ecdd-4113-940d-11e4ea951de4", "endpoint": "dashboards.render_async_sql_query", "view-args": {"id": "e444f47f-ecdd-4113-940d-11e4ea951de4"}, "status": 200, "user": "49dce94bc5b81c45@lampenwelt.de", "timestamp": "2019-03-04T15:02:09.658821", "browser": "chrome", "browser-platform": "windows", "browser-version": "72.0.3626.109"}
{"method": "GET", "path": "/dashboards/_render_async_sql_query/23d06063-c318-4217-964d-f71feb09e259", "endpoint": "dashboards.render_async_sql_query", "view-args": {"id": "23d06063-c318-4217-964d-f71feb09e259"}, "status": 200, "user": "49dce94bc5b81c45@lampenwelt.de", "timestamp": "2019-03-04T15:02:09.690469", "browser": "chrome", "browser-platform": "windows", "browser-version": "72.0.3626.109"}
{"method": "GET", "path": "/dashboards/_render_async_sql_query/57d3733f-ac5f-4d2d-b4a9-19c03860dd8d", "endpoint": "dashboards.render_async_sql_query", "view-args": {"id": "57d3733f-ac5f-4d2d-b4a9-19c03860dd8d"}, "status": 200, "user": "49dce94bc5b81c45@lampenwelt.de", "timestamp": "2019-03-04T15:02:09.690986", "browser": "chrome", "browser-platform": "windows", "browser-version": "72.0.3626.109"}
{"method": "GET", "path": "/dashboards/_render_async_sql_query/5ac6c40f-5dfe-473c-9f1e-3a5beab6c009", "endpoint": "dashboards.render_async_sql_query", "view-args": {"id": "5ac6c40f-5dfe-473c-9f1e-3a5beab6c009"}, "status": 200, "user": "49dce94bc5b81c45@lampenwelt.de", "timestamp": "2019-03-04T15:02:09.693795", "browser": "chrome", "browser-platform": "windows", "browser-version": "72.0.3626.109"}
{"method": "GET", "path": "/dashboards/_render_async_sql_query/1ed008c1-8f27-4ed6-8c65-def0ae53b104", "endpoint": "dashboards.render_async_sql_query", "view-args": {"id": "1ed008c1-8f27-4ed6-8c65-def0ae53b104"}, "status": 200, "user": "49dce94bc5b81c45@lampenwelt.de", "timestamp": "2019-03-04T15:02:09.714021", "browser": "chrome", "browser-platform": "windows", "browser-version": "72.0.3626.109"}
{"method": "GET", "path": "/mondrian/excel", "endpoint": "py_mondrian.excel", "view-args": {}, "status": 200, "user": "49dce94bc5b81c45@lampenwelt.de", "timestamp": "2019-03-04T15:02:11.960242", "browser": "chrome", "browser-platform": "windows", "browser-version": "72.0.3626.109"}
{"method": "POST", "path": "/mondrian/excel/authorize", "endpoint": "py_mondrian.excel_authorize", "view-args": {}, "status": 200, "user": "35675e68f4b5af7b@localhost", "timestamp": "2019-03-04T15:02:21.806424", "browser": null, "browser-platform": null, "browser-version": null}
{"method": "POST", "path": "/mondrian/excel/authorize", "endpoint": "py_mondrian.excel_authorize", "view-args": {}, "status": 200, "user": "35675e68f4b5af7b@localhost", "timestamp": "2019-03-04T15:24:57.402890", "browser": null, "browser-platform": null, "browser-version": null}
{"method": "POST", "path": "/mondrian/excel/authorize", "endpoint": "py_mondrian.excel_authorize", "view-args": {}, "status": 200, "user": "35675e68f4b5af7b@localhost", "timestamp": "2019-03-04T15:26:10.308888", "browser": null, "browser-platform": null, "browser-version": null}
{"method": "POST", "path": "/mondrian/excel/authorize", "endpoint": "py_mondrian.excel_authorize", "view-args": {}, "status": 200, "user": "35675e68f4b5af7b@localhost", "timestamp": "2019-03-04T15:36:28.588316", "browser": null, "browser-platform": null, "browser-version": null}
{"method": "GET", "path": "/data-integration/data_transformation", "endpoint": "data_integration.node_page", "view-args": {"path": "data_transformation"}, "status": 200, "user": "67151590075fb3ec@lampenwelt.de", "timestamp": "2019-03-04T15:50:56.115786", "browser": "chrome", "browser-platform": "windows", "browser-version": "72.0.3626.119"}
{"method": "GET", "path": "/data-integration/data_transformation", "endpoint": "data_integration.node_page", "view-args": {"path": "data_transformation"}, "status": 200, "user": "67151590075fb3ec@lampenwelt.de", "timestamp": "2019-03-04T15:50:58.611888", "browser": "chrome", "browser-platform": "windows", "browser-version": "72.0.3626.119"}
{"method": "GET", "path": "/data-integration/data_transformation/run-time-chart", "endpoint": "data_integration.run_time_chart", "view-args": {"path": "data_transformation"}, "status": 200, "user": "67151590075fb3ec@lampenwelt.de", "timestamp": "2019-03-04T15:50:59.111087", "browser": "chrome", "browser-platform": "windows", "browser-version": "72.0.3626.119"}
{"method": "GET", "path": "/data-integration/data_transformation/last-runs-selector", "endpoint": "data_integration.last_runs_selector", "view-args": {"path": "data_transformation"}, "status": 200, "user": "67151590075fb3ec@lampenwelt.de", "timestamp": "2019-03-04T15:50:59.142076", "browser": "chrome", "browser-platform": "windows", "browser-version": "72.0.3626.119"}
{"method": "GET", "path": "/data-integration/data_transformation/dependency-graph", "endpoint": "data_integration.dependency_graph", "view-args": {"path": "data_transformation"}, "status": 200, "user": "67151590075fb3ec@lampenwelt.de", "timestamp": "2019-03-04T15:50:59.164237", "browser": "chrome", "browser-platform": "windows", "browser-version": "72.0.3626.119"}
{"method": "GET", "path": "/data-integration/data_transformation/system-stats", "endpoint": "data_integration.system_stats", "view-args": {"path": "data_transformation", "run_id": null}, "status": 200, "user": "67151590075fb3ec@lampenwelt.de", "timestamp": "2019-03-04T15:50:59.198468", "browser": "chrome", "browser-platform": "windows", "browser-version": "72.0.3626.119"}
{"method": "GET", "path": "/data-integration/data_transformation/run-output-limited", "endpoint": "data_integration.run_output", "view-args": {"path": "data_transformation", "run_id": null, "limit": true}, "status": 200, "user": "67151590075fb3ec@lampenwelt.de", "timestamp": "2019-03-04T15:50:59.339186", "browser": "chrome", "browser-platform": "windows", "browser-version": "72.0.3626.119"}
{"method": "GET", "path": "/data-integration/data_transformation/timeline-chart", "endpoint": "data_integration.timeline_chart", "view-args": {"path": "data_transformation", "run_id": null}, "status": 200, "user": "67151590075fb3ec@lampenwelt.de", "timestamp": "2019-03-04T15:50:59.362277", "browser": "chrome", "browser-platform": "windows", "browser-version": "72.0.3626.119"}
{"method": "GET", "path": "/data-integration/data_transformation/pipeline-children-table", "endpoint": "data_integration.pipeline_children_table", "view-args": {"path": "data_transformation"}, "status": 200, "user": "67151590075fb3ec@lampenwelt.de", "timestamp": "2019-03-04T15:51:00.545640", "browser": "chrome", "browser-platform": "windows", "browser-version": "72.0.3626.119"}
{"method": "GET", "path": "/mondrian/saiku", "endpoint": "py_mondrian.saiku", "view-args": {}, "status": 302, "user": "67151590075fb3ec@lampenwelt.de", "timestamp": "2019-03-04T15:51:12.002560", "browser": "chrome", "browser-platform": "windows", "browser-version": "72.0.3626.119"}
{"method": "POST", "path": "/mondrian/saiku/authorize", "endpoint": "py_mondrian.saiku_authorize", "view-args": {}, "status": 200, "user": "35675e68f4b5af7b@localhost", "timestamp": "2019-03-04T15:51:12.408568", "browser": null, "browser-platform": null, "browser-version": null}
{"method": "POST", "path": "/mondrian/saiku/authorize", "endpoint": "py_mondrian.saiku_authorize", "view-args": {}, "status": 200, "user": "35675e68f4b5af7b@localhost", "timestamp": "2019-03-04T15:51:12.581314", "browser": null, "browser-platform": null, "browser-version": null}
{"method": "GET", "path": "/data-integration/data_transformation", "endpoint": "data_integration.node_page", "view-args": {"path": "data_transformation"}, "status": 200, "user": "67151590075fb3ec@lampenwelt.de", "timestamp": "2019-03-04T15:52:44.155159", "browser": "chrome", "browser-platform": "windows", "browser-version": "72.0.3626.119"}
{"method": "GET", "path": "/data-integration/data_transformation/dependency-graph", "endpoint": "data_integration.dependency_graph", "view-args": {"path": "data_transformation"}, "status": 200, "user": "67151590075fb3ec@lampenwelt.de", "timestamp": "2019-03-04T15:52:44.440610", "browser": "chrome", "browser-platform": "windows", "browser-version": "72.0.3626.119"}
{"method": "GET", "path": "/data-integration/data_transformation/last-runs-selector", "endpoint": "data_integration.last_runs_selector", "view-args": {"path": "data_transformation"}, "status": 200, "user": "67151590075fb3ec@lampenwelt.de", "timestamp": "2019-03-04T15:52:44.585235", "browser": "chrome", "browser-platform": "windows", "browser-version": "72.0.3626.119"}
{"method": "GET", "path": "/data-integration/data_transformation/run-time-chart", "endpoint": "data_integration.run_time_chart", "view-args": {"path": "data_transformation"}, "status": 200, "user": "67151590075fb3ec@lampenwelt.de", "timestamp": "2019-03-04T15:52:44.749854", "browser": "chrome", "browser-platform": "windows", "browser-version": "72.0.3626.119"}
{"method": "GET", "path": "/data-integration/data_transformation/system-stats", "endpoint": "data_integration.system_stats", "view-args": {"path": "data_transformation", "run_id": null}, "status": 200, "user": "67151590075fb3ec@lampenwelt.de", "timestamp": "2019-03-04T15:52:44.776961", "browser": "chrome", "browser-platform": "windows", "browser-version": "72.0.3626.119"}
{"method": "GET", "path": "/data-integration/data_transformation/timeline-chart", "endpoint": "data_integration.timeline_chart", "view-args": {"path": "data_transformation", "run_id": null}, "status": 200, "user": "67151590075fb3ec@lampenwelt.de", "timestamp": "2019-03-04T15:52:45.102643", "browser": "chrome", "browser-platform": "windows", "browser-version": "72.0.3626.119"}
{"method": "GET", "path": "/data-integration/data_transformation/run-output-limited", "endpoint": "data_integration.run_output", "view-args": {"path": "data_transformation", "run_id": null, "limit": true}, "status": 200, "user": "67151590075fb3ec@lampenwelt.de", "timestamp": "2019-03-04T15:52:45.124117", "browser": "chrome", "browser-platform": "windows", "browser-version": "72.0.3626.119"}
{"method": "GET", "path": "/data-integration/data_transformation/pipeline-children-table", "endpoint": "data_integration.pipeline_children_table", "view-args": {"path": "data_transformation"}, "status": 200, "user": "67151590075fb3ec@lampenwelt.de", "timestamp": "2019-03-04T15:52:47.252426", "browser": "chrome", "browser-platform": "windows", "browser-version": "72.0.3626.119"}
{"method": "POST", "path": "/mondrian/excel/authorize", "endpoint": "py_mondrian.excel_authorize", "view-args": {}, "status": 200, "user": "35675e68f4b5af7b@localhost", "timestamp": "2019-03-04T15:54:16.040180", "browser": null, "browser-platform": null, "browser-version": null}
{"method": "POST", "path": "/mondrian/excel/authorize", "endpoint": "py_mondrian.excel_authorize", "view-args": {}, "status": 200, "user": "35675e68f4b5af7b@localhost", "timestamp": "2019-03-04T15:56:36.231270", "browser": null, "browser-platform": null, "browser-version": null}
