{"method": "GET", "path": "/data-integration/data_transformation/sales", "endpoint": "data_integration.node_page", "view-args": {"path": "data_transformation/sales"}, "status": 200, "user": "67151590075fb3ec@lampenwelt.de", "timestamp": "2019-04-04T19:00:41.165821", "browser": "chrome", "browser-platform": "windows", "browser-version": "73.0.3683.86"}
{"method": "GET", "path": "/data-integration/data_transformation/sales/run-time-chart", "endpoint": "data_integration.run_time_chart", "view-args": {"path": "data_transformation/sales"}, "status": 200, "user": "67151590075fb3ec@lampenwelt.de", "timestamp": "2019-04-04T19:00:41.581203", "browser": "chrome", "browser-platform": "windows", "browser-version": "73.0.3683.86"}
{"method": "GET", "path": "/data-integration/data_transformation/sales/last-runs-selector", "endpoint": "data_integration.last_runs_selector", "view-args": {"path": "data_transformation/sales"}, "status": 200, "user": "67151590075fb3ec@lampenwelt.de", "timestamp": "2019-04-04T19:00:41.618252", "browser": "chrome", "browser-platform": "windows", "browser-version": "73.0.3683.86"}
{"method": "GET", "path": "/data-integration/data_transformation/sales/dependency-graph", "endpoint": "data_integration.dependency_graph", "view-args": {"path": "data_transformation/sales"}, "status": 200, "user": "67151590075fb3ec@lampenwelt.de", "timestamp": "2019-04-04T19:00:41.632419", "browser": "chrome", "browser-platform": "windows", "browser-version": "73.0.3683.86"}
{"method": "GET", "path": "/data-integration/data_transformation/sales/system-stats", "endpoint": "data_integration.system_stats", "view-args": {"path": "data_transformation/sales", "run_id": null}, "status": 200, "user": "67151590075fb3ec@lampenwelt.de", "timestamp": "2019-04-04T19:00:41.672187", "browser": "chrome", "browser-platform": "windows", "browser-version": "73.0.3683.86"}
{"method": "GET", "path": "/data-integration/data_transformation/sales/timeline-chart", "endpoint": "data_integration.timeline_chart", "view-args": {"path": "data_transformation/sales", "run_id": null}, "status": 200, "user": "67151590075fb3ec@lampenwelt.de", "timestamp": "2019-04-04T19:00:41.686296", "browser": "chrome", "browser-platform": "windows", "browser-version": "73.0.3683.86"}
{"method": "GET", "path": "/data-integration/data_transformation/sales/pipeline-children-table", "endpoint": "data_integration.pipeline_children_table", "view-args": {"path": "data_transformation/sales"}, "status": 200, "user": "67151590075fb3ec@lampenwelt.de", "timestamp": "2019-04-04T19:00:41.695199", "browser": "chrome", "browser-platform": "windows", "browser-version": "73.0.3683.86"}
{"method": "GET", "path": "/data-integration/data_transformation/sales/run-output-limited", "endpoint": "data_integration.run_output", "view-args": {"path": "data_transformation/sales", "run_id": null, "limit": true}, "status": 200, "user": "67151590075fb3ec@lampenwelt.de", "timestamp": "2019-04-04T19:00:41.734027", "browser": "chrome", "browser-platform": "windows", "browser-version": "73.0.3683.86"}
{"method": "GET", "path": "/data-integration/data_transformation/sales/create_sales_data_set", "endpoint": "data_integration.node_page", "view-args": {"path": "data_transformation/sales/create_sales_data_set"}, "status": 200, "user": "67151590075fb3ec@lampenwelt.de", "timestamp": "2019-04-04T19:00:51.976205", "browser": "chrome", "browser-platform": "windows", "browser-version": "73.0.3683.86"}
{"method": "GET", "path": "/data-integration/data_transformation/sales/create_sales_data_set/dependency-graph", "endpoint": "data_integration.dependency_graph", "view-args": {"path": "data_transformation/sales/create_sales_data_set"}, "status": 200, "user": "67151590075fb3ec@lampenwelt.de", "timestamp": "2019-04-04T19:00:52.523081", "browser": "chrome", "browser-platform": "windows", "browser-version": "73.0.3683.86"}
{"method": "GET", "path": "/data-integration/data_transformation/sales/create_sales_data_set/system-stats", "endpoint": "data_integration.system_stats", "view-args": {"path": "data_transformation/sales/create_sales_data_set", "run_id": null}, "status": 200, "user": "67151590075fb3ec@lampenwelt.de", "timestamp": "2019-04-04T19:00:52.532644", "browser": "chrome", "browser-platform": "windows", "browser-version": "73.0.3683.86"}
{"method": "GET", "path": "/data-integration/data_transformation/sales/create_sales_data_set/last-runs-selector", "endpoint": "data_integration.last_runs_selector", "view-args": {"path": "data_transformation/sales/create_sales_data_set"}, "status": 200, "user": "67151590075fb3ec@lampenwelt.de", "timestamp": "2019-04-04T19:00:52.557661", "browser": "chrome", "browser-platform": "windows", "browser-version": "73.0.3683.86"}
{"method": "GET", "path": "/data-integration/data_transformation/sales/create_sales_data_set/timeline-chart", "endpoint": "data_integration.timeline_chart", "view-args": {"path": "data_transformation/sales/create_sales_data_set", "run_id": null}, "status": 200, "user": "67151590075fb3ec@lampenwelt.de", "timestamp": "2019-04-04T19:00:52.583347", "browser": "chrome", "browser-platform": "windows", "browser-version": "73.0.3683.86"}
{"method": "GET", "path": "/data-integration/data_transformation/sales/create_sales_data_set/run-time-chart", "endpoint": "data_integration.run_time_chart", "view-args": {"path": "data_transformation/sales/create_sales_data_set"}, "status": 200, "user": "67151590075fb3ec@lampenwelt.de", "timestamp": "2019-04-04T19:00:52.602409", "browser": "chrome", "browser-platform": "windows", "browser-version": "73.0.3683.86"}
{"method": "GET", "path": "/data-integration/data_transformation/sales/create_sales_data_set/run-output-limited", "endpoint": "data_integration.run_output", "view-args": {"path": "data_transformation/sales/create_sales_data_set", "run_id": null, "limit": true}, "status": 200, "user": "67151590075fb3ec@lampenwelt.de", "timestamp": "2019-04-04T19:00:52.609705", "browser": "chrome", "browser-platform": "windows", "browser-version": "73.0.3683.86"}
{"method": "GET", "path": "/data-integration/data_transformation/sales/flatten_sales_fact", "endpoint": "data_integration.node_page", "view-args": {"path": "data_transformation/sales/flatten_sales_fact"}, "status": 200, "user": "67151590075fb3ec@lampenwelt.de", "timestamp": "2019-04-04T19:01:16.116530", "browser": "chrome", "browser-platform": "windows", "browser-version": "73.0.3683.86"}
{"method": "GET", "path": "/data-integration/data_transformation/sales/flatten_sales_fact/dependency-graph", "endpoint": "data_integration.dependency_graph", "view-args": {"path": "data_transformation/sales/flatten_sales_fact"}, "status": 200, "user": "67151590075fb3ec@lampenwelt.de", "timestamp": "2019-04-04T19:01:16.558960", "browser": "chrome", "browser-platform": "windows", "browser-version": "73.0.3683.86"}
{"method": "GET", "path": "/data-integration/data_transformation/sales/flatten_sales_fact/last-runs-selector", "endpoint": "data_integration.last_runs_selector", "view-args": {"path": "data_transformation/sales/flatten_sales_fact"}, "status": 200, "user": "67151590075fb3ec@lampenwelt.de", "timestamp": "2019-04-04T19:01:16.562191", "browser": "chrome", "browser-platform": "windows", "browser-version": "73.0.3683.86"}
{"method": "GET", "path": "/data-integration/data_transformation/sales/flatten_sales_fact/timeline-chart", "endpoint": "data_integration.timeline_chart", "view-args": {"path": "data_transformation/sales/flatten_sales_fact", "run_id": null}, "status": 200, "user": "67151590075fb3ec@lampenwelt.de", "timestamp": "2019-04-04T19:01:16.594707", "browser": "chrome", "browser-platform": "windows", "browser-version": "73.0.3683.86"}
{"method": "GET", "path": "/data-integration/data_transformation/sales/flatten_sales_fact/system-stats", "endpoint": "data_integration.system_stats", "view-args": {"path": "data_transformation/sales/flatten_sales_fact", "run_id": null}, "status": 200, "user": "67151590075fb3ec@lampenwelt.de", "timestamp": "2019-04-04T19:01:16.596207", "browser": "chrome", "browser-platform": "windows", "browser-version": "73.0.3683.86"}
{"method": "GET", "path": "/data-integration/data_transformation/sales/flatten_sales_fact/run-time-chart", "endpoint": "data_integration.run_time_chart", "view-args": {"path": "data_transformation/sales/flatten_sales_fact"}, "status": 200, "user": "67151590075fb3ec@lampenwelt.de", "timestamp": "2019-04-04T19:01:16.614327", "browser": "chrome", "browser-platform": "windows", "browser-version": "73.0.3683.86"}
{"method": "GET", "path": "/data-integration/data_transformation/sales/flatten_sales_fact/run-output-limited", "endpoint": "data_integration.run_output", "view-args": {"path": "data_transformation/sales/flatten_sales_fact", "run_id": null, "limit": true}, "status": 200, "user": "67151590075fb3ec@lampenwelt.de", "timestamp": "2019-04-04T19:01:16.641058", "browser": "chrome", "browser-platform": "windows", "browser-version": "73.0.3683.86"}
{"method": "GET", "path": "/data-integration/data_transformation/sales/transform_order", "endpoint": "data_integration.node_page", "view-args": {"path": "data_transformation/sales/transform_order"}, "status": 200, "user": "67151590075fb3ec@lampenwelt.de", "timestamp": "2019-04-04T19:02:00.678352", "browser": "chrome", "browser-platform": "windows", "browser-version": "73.0.3683.86"}
{"method": "GET", "path": "/data-integration/data_transformation/sales/transform_order/dependency-graph", "endpoint": "data_integration.dependency_graph", "view-args": {"path": "data_transformation/sales/transform_order"}, "status": 200, "user": "67151590075fb3ec@lampenwelt.de", "timestamp": "2019-04-04T19:02:00.961951", "browser": "chrome", "browser-platform": "windows", "browser-version": "73.0.3683.86"}
{"method": "GET", "path": "/data-integration/data_transformation/sales/transform_order/last-runs-selector", "endpoint": "data_integration.last_runs_selector", "view-args": {"path": "data_transformation/sales/transform_order"}, "status": 200, "user": "67151590075fb3ec@lampenwelt.de", "timestamp": "2019-04-04T19:02:00.970706", "browser": "chrome", "browser-platform": "windows", "browser-version": "73.0.3683.86"}
{"method": "GET", "path": "/data-integration/data_transformation/sales/transform_order/timeline-chart", "endpoint": "data_integration.timeline_chart", "view-args": {"path": "data_transformation/sales/transform_order", "run_id": null}, "status": 200, "user": "67151590075fb3ec@lampenwelt.de", "timestamp": "2019-04-04T19:02:01.006073", "browser": "chrome", "browser-platform": "windows", "browser-version": "73.0.3683.86"}
{"method": "GET", "path": "/data-integration/data_transformation/sales/transform_order/run-time-chart", "endpoint": "data_integration.run_time_chart", "view-args": {"path": "data_transformation/sales/transform_order"}, "status": 200, "user": "67151590075fb3ec@lampenwelt.de", "timestamp": "2019-04-04T19:02:01.024411", "browser": "chrome", "browser-platform": "windows", "browser-version": "73.0.3683.86"}
{"method": "GET", "path": "/data-integration/data_transformation/sales/transform_order/system-stats", "endpoint": "data_integration.system_stats", "view-args": {"path": "data_transformation/sales/transform_order", "run_id": null}, "status": 200, "user": "67151590075fb3ec@lampenwelt.de", "timestamp": "2019-04-04T19:02:01.033035", "browser": "chrome", "browser-platform": "windows", "browser-version": "73.0.3683.86"}
{"method": "GET", "path": "/data-integration/data_transformation/sales/transform_order/run-output-limited", "endpoint": "data_integration.run_output", "view-args": {"path": "data_transformation/sales/transform_order", "run_id": null, "limit": true}, "status": 200, "user": "67151590075fb3ec@lampenwelt.de", "timestamp": "2019-04-04T19:02:01.059831", "browser": "chrome", "browser-platform": "windows", "browser-version": "73.0.3683.86"}
