{"method": "GET", "path": "/product-performance-analyzer/", "endpoint": "product-performance-analyzer.product_filter_panel", "view-args": {}, "status": 200, "user": "9234ca02a1828945@lampenwelt.de", "timestamp": "2019-04-04T15:03:35.079323", "browser": "firefox", "browser-platform": "windows", "browser-version": "66.0"}
{"method": "GET", "path": "/product-performance-analyzer/_last_successful_import", "endpoint": "product-performance-analyzer.last_successful_import", "view-args": {}, "status": 200, "user": "9234ca02a1828945@lampenwelt.de", "timestamp": "2019-04-04T15:03:35.718399", "browser": "firefox", "browser-platform": "windows", "browser-version": "66.0"}
{"method": "POST", "path": "/product-performance-analyzer/_render-mdx-request", "endpoint": "product-performance-analyzer.render_mdx_request", "view-args": {}, "status": 200, "user": "9234ca02a1828945@lampenwelt.de", "timestamp": "2019-04-04T15:03:35.958215", "browser": "firefox", "browser-platform": "windows", "browser-version": "66.0"}
{"method": "GET", "path": "/product-performance-analyzer/_product_images/1/7590002.jpg", "endpoint": "product-performance-analyzer.get_product_image", "view-args": {"filename": "1/7590002.jpg"}, "status": 404, "user": "9234ca02a1828945@lampenwelt.de", "timestamp": "2019-04-04T15:03:36.297344", "browser": "firefox", "browser-platform": "windows", "browser-version": "66.0"}
{"method": "POST", "path": "/mondrian/saiku/authorize", "endpoint": "py_mondrian.saiku_authorize", "view-args": {}, "status": 200, "user": "35675e68f4b5af7b@localhost", "timestamp": "2019-04-04T15:08:46.876812", "browser": null, "browser-platform": null, "browser-version": null}
{"method": "POST", "path": "/data-sets/.preview", "endpoint": "data_sets.preview", "view-args": {}, "status": 200, "user": "2945b89f775d264f@lampenwelt.de", "timestamp": "2019-04-04T15:20:08.209836", "browser": "chrome", "browser-platform": "windows", "browser-version": "73.0.3683.86"}
{"method": "POST", "path": "/data-sets/.distribution-chart-0", "endpoint": "data_sets.distribution_chart", "view-args": {"pos": 0}, "status": 200, "user": "2945b89f775d264f@lampenwelt.de", "timestamp": "2019-04-04T15:20:09.337051", "browser": "chrome", "browser-platform": "windows", "browser-version": "73.0.3683.86"}
{"method": "POST", "path": "/data-sets/.preview", "endpoint": "data_sets.preview", "view-args": {}, "status": 200, "user": "2945b89f775d264f@lampenwelt.de", "timestamp": "2019-04-04T15:20:14.999145", "browser": "chrome", "browser-platform": "windows", "browser-version": "73.0.3683.86"}
{"method": "POST", "path": "/data-sets/.distribution-chart-1", "endpoint": "data_sets.distribution_chart", "view-args": {"pos": 1}, "status": 200, "user": "2945b89f775d264f@lampenwelt.de", "timestamp": "2019-04-04T15:20:15.943915", "browser": "chrome", "browser-platform": "windows", "browser-version": "73.0.3683.86"}
{"method": "POST", "path": "/data-sets/.preview", "endpoint": "data_sets.preview", "view-args": {}, "status": 200, "user": "2945b89f775d264f@lampenwelt.de", "timestamp": "2019-04-04T15:20:32.678351", "browser": "chrome", "browser-platform": "windows", "browser-version": "73.0.3683.86"}
{"method": "POST", "path": "/data-sets/.preview", "endpoint": "data_sets.preview", "view-args": {}, "status": 200, "user": "2945b89f775d264f@lampenwelt.de", "timestamp": "2019-04-04T15:20:33.396752", "browser": "chrome", "browser-platform": "windows", "browser-version": "73.0.3683.86"}
{"method": "POST", "path": "/data-sets/.preview", "endpoint": "data_sets.preview", "view-args": {}, "status": 200, "user": "2945b89f775d264f@lampenwelt.de", "timestamp": "2019-04-04T15:21:31.053096", "browser": "chrome", "browser-platform": "windows", "browser-version": "73.0.3683.86"}
{"method": "POST", "path": "/data-sets/.preview", "endpoint": "data_sets.preview", "view-args": {}, "status": 200, "user": "2945b89f775d264f@lampenwelt.de", "timestamp": "2019-04-04T15:21:31.481789", "browser": "chrome", "browser-platform": "windows", "browser-version": "73.0.3683.86"}
{"method": "POST", "path": "/data-sets/.distribution-chart-23", "endpoint": "data_sets.distribution_chart", "view-args": {"pos": 23}, "status": 200, "user": "2945b89f775d264f@lampenwelt.de", "timestamp": "2019-04-04T15:21:31.941549", "browser": "chrome", "browser-platform": "windows", "browser-version": "73.0.3683.86"}
{"method": "POST", "path": "/data-sets/.save", "endpoint": "data_sets.save", "view-args": {}, "status": 200, "user": "2945b89f775d264f@lampenwelt.de", "timestamp": "2019-04-04T15:21:59.172268", "browser": "chrome", "browser-platform": "windows", "browser-version": "73.0.3683.86"}
{"method": "GET", "path": "/data-sets/sales/b2b-kpis-customers", "endpoint": "data_sets.data_set_page", "view-args": {"data_set_id": "sales", "query_id": "b2b-kpis-customers"}, "status": 200, "user": "2945b89f775d264f@lampenwelt.de", "timestamp": "2019-04-04T15:21:59.192191", "browser": "chrome", "browser-platform": "windows", "browser-version": "73.0.3683.86"}
{"method": "POST", "path": "/data-sets/.initialize", "endpoint": "data_sets.initialize_query", "view-args": {}, "status": 200, "user": "2945b89f775d264f@lampenwelt.de", "timestamp": "2019-04-04T15:21:59.958797", "browser": "chrome", "browser-platform": "windows", "browser-version": "73.0.3683.86"}
{"method": "POST", "path": "/data-sets/.preview", "endpoint": "data_sets.preview", "view-args": {}, "status": 200, "user": "2945b89f775d264f@lampenwelt.de", "timestamp": "2019-04-04T15:22:00.080399", "browser": "chrome", "browser-platform": "windows", "browser-version": "73.0.3683.86"}
{"method": "POST", "path": "/data-sets/.filter-row-count-1", "endpoint": "data_sets.filter_row_count", "view-args": {"filter_pos": 1}, "status": 200, "user": "2945b89f775d264f@lampenwelt.de", "timestamp": "2019-04-04T15:22:00.238535", "browser": "chrome", "browser-platform": "windows", "browser-version": "73.0.3683.86"}
{"method": "POST", "path": "/data-sets/.row-count", "endpoint": "data_sets.row_count", "view-args": {}, "status": 200, "user": "2945b89f775d264f@lampenwelt.de", "timestamp": "2019-04-04T15:22:00.513274", "browser": "chrome", "browser-platform": "windows", "browser-version": "73.0.3683.86"}
{"method": "POST", "path": "/data-sets/.filter-row-count-0", "endpoint": "data_sets.filter_row_count", "view-args": {"filter_pos": 0}, "status": 200, "user": "2945b89f775d264f@lampenwelt.de", "timestamp": "2019-04-04T15:22:00.705100", "browser": "chrome", "browser-platform": "windows", "browser-version": "73.0.3683.86"}
{"method": "POST", "path": "/data-sets/.filter-row-count-2", "endpoint": "data_sets.filter_row_count", "view-args": {"filter_pos": 2}, "status": 200, "user": "2945b89f775d264f@lampenwelt.de", "timestamp": "2019-04-04T15:22:01.055915", "browser": "chrome", "browser-platform": "windows", "browser-version": "73.0.3683.86"}
{"method": "POST", "path": "/data-sets/.distribution-chart-2", "endpoint": "data_sets.distribution_chart", "view-args": {"pos": 2}, "status": 200, "user": "2945b89f775d264f@lampenwelt.de", "timestamp": "2019-04-04T15:22:01.434376", "browser": "chrome", "browser-platform": "windows", "browser-version": "73.0.3683.86"}
{"method": "POST", "path": "/data-sets/.distribution-chart-3", "endpoint": "data_sets.distribution_chart", "view-args": {"pos": 3}, "status": 200, "user": "2945b89f775d264f@lampenwelt.de", "timestamp": "2019-04-04T15:22:01.664718", "browser": "chrome", "browser-platform": "windows", "browser-version": "73.0.3683.86"}
{"method": "POST", "path": "/data-sets/.distribution-chart-8", "endpoint": "data_sets.distribution_chart", "view-args": {"pos": 8}, "status": 200, "user": "2945b89f775d264f@lampenwelt.de", "timestamp": "2019-04-04T15:22:01.870265", "browser": "chrome", "browser-platform": "windows", "browser-version": "73.0.3683.86"}
{"method": "POST", "path": "/data-sets/.distribution-chart-11", "endpoint": "data_sets.distribution_chart", "view-args": {"pos": 11}, "status": 200, "user": "2945b89f775d264f@lampenwelt.de", "timestamp": "2019-04-04T15:22:02.335570", "browser": "chrome", "browser-platform": "windows", "browser-version": "73.0.3683.86"}
{"method": "POST", "path": "/data-sets/.distribution-chart-15", "endpoint": "data_sets.distribution_chart", "view-args": {"pos": 15}, "status": 200, "user": "2945b89f775d264f@lampenwelt.de", "timestamp": "2019-04-04T15:22:02.630914", "browser": "chrome", "browser-platform": "windows", "browser-version": "73.0.3683.86"}
{"method": "POST", "path": "/data-sets/.distribution-chart-21", "endpoint": "data_sets.distribution_chart", "view-args": {"pos": 21}, "status": 200, "user": "2945b89f775d264f@lampenwelt.de", "timestamp": "2019-04-04T15:22:02.905486", "browser": "chrome", "browser-platform": "windows", "browser-version": "73.0.3683.86"}
{"method": "POST", "path": "/data-sets/.distribution-chart-23", "endpoint": "data_sets.distribution_chart", "view-args": {"pos": 23}, "status": 200, "user": "2945b89f775d264f@lampenwelt.de", "timestamp": "2019-04-04T15:22:03.394877", "browser": "chrome", "browser-platform": "windows", "browser-version": "73.0.3683.86"}
{"method": "POST", "path": "/data-sets/.distribution-chart-32", "endpoint": "data_sets.distribution_chart", "view-args": {"pos": 32}, "status": 200, "user": "2945b89f775d264f@lampenwelt.de", "timestamp": "2019-04-04T15:22:03.643189", "browser": "chrome", "browser-platform": "windows", "browser-version": "73.0.3683.86"}
{"method": "POST", "path": "/mondrian/saiku/authorize", "endpoint": "py_mondrian.saiku_authorize", "view-args": {}, "status": 200, "user": "35675e68f4b5af7b@localhost", "timestamp": "2019-04-04T15:23:02.852745", "browser": null, "browser-platform": null, "browser-version": null}
{"method": "POST", "path": "/mondrian/saiku/authorize", "endpoint": "py_mondrian.saiku_authorize", "view-args": {}, "status": 200, "user": "35675e68f4b5af7b@localhost", "timestamp": "2019-04-04T15:23:03.088720", "browser": null, "browser-platform": null, "browser-version": null}
{"method": "POST", "path": "/mondrian/saiku/authorize", "endpoint": "py_mondrian.saiku_authorize", "view-args": {}, "status": 200, "user": "35675e68f4b5af7b@localhost", "timestamp": "2019-04-04T15:23:28.598815", "browser": null, "browser-platform": null, "browser-version": null}
{"method": "POST", "path": "/mondrian/saiku/authorize", "endpoint": "py_mondrian.saiku_authorize", "view-args": {}, "status": 200, "user": "35675e68f4b5af7b@localhost", "timestamp": "2019-04-04T15:23:30.028209", "browser": null, "browser-platform": null, "browser-version": null}
{"method": "GET", "path": "/mondrian", "endpoint": "py_mondrian.schema_page", "view-args": {}, "status": 200, "user": "2945b89f775d264f@lampenwelt.de", "timestamp": "2019-04-04T15:24:44.202033", "browser": "chrome", "browser-platform": "windows", "browser-version": "73.0.3683.86"}
{"method": "GET", "path": "/mondrian/graph/Awin performance", "endpoint": "py_mondrian.measures_graph", "view-args": {"cube_name": "Awin performance"}, "status": 200, "user": "2945b89f775d264f@lampenwelt.de", "timestamp": "2019-04-04T15:24:44.458069", "browser": "chrome", "browser-platform": "windows", "browser-version": "73.0.3683.86"}
{"method": "GET", "path": "/mondrian/graph/Call center lost call", "endpoint": "py_mondrian.measures_graph", "view-args": {"cube_name": "Call center lost call"}, "status": 200, "user": "2945b89f775d264f@lampenwelt.de", "timestamp": "2019-04-04T15:24:44.459667", "browser": "chrome", "browser-platform": "windows", "browser-version": "73.0.3683.86"}
{"method": "GET", "path": "/mondrian/graph/Business targets", "endpoint": "py_mondrian.measures_graph", "view-args": {"cube_name": "Business targets"}, "status": 200, "user": "2945b89f775d264f@lampenwelt.de", "timestamp": "2019-04-04T15:24:44.544116", "browser": "chrome", "browser-platform": "windows", "browser-version": "73.0.3683.86"}
{"method": "GET", "path": "/mondrian/graph/Call center performance", "endpoint": "py_mondrian.measures_graph", "view-args": {"cube_name": "Call center performance"}, "status": 200, "user": "2945b89f775d264f@lampenwelt.de", "timestamp": "2019-04-04T15:24:44.545807", "browser": "chrome", "browser-platform": "windows", "browser-version": "73.0.3683.86"}
{"method": "GET", "path": "/mondrian/graph/Ad performance", "endpoint": "py_mondrian.measures_graph", "view-args": {"cube_name": "Ad performance"}, "status": 200, "user": "2945b89f775d264f@lampenwelt.de", "timestamp": "2019-04-04T15:24:44.552283", "browser": "chrome", "browser-platform": "windows", "browser-version": "73.0.3683.86"}
{"method": "GET", "path": "/mondrian/graph/Email contacts", "endpoint": "py_mondrian.measures_graph", "view-args": {"cube_name": "Email contacts"}, "status": 200, "user": "2945b89f775d264f@lampenwelt.de", "timestamp": "2019-04-04T15:24:44.566811", "browser": "chrome", "browser-platform": "windows", "browser-version": "73.0.3683.86"}
{"method": "GET", "path": "/mondrian/graph/Email performance", "endpoint": "py_mondrian.measures_graph", "view-args": {"cube_name": "Email performance"}, "status": 200, "user": "2945b89f775d264f@lampenwelt.de", "timestamp": "2019-04-04T15:24:44.573373", "browser": "chrome", "browser-platform": "windows", "browser-version": "73.0.3683.86"}
{"method": "GET", "path": "/mondrian/graph/Keywords", "endpoint": "py_mondrian.measures_graph", "view-args": {"cube_name": "Keywords"}, "status": 200, "user": "2945b89f775d264f@lampenwelt.de", "timestamp": "2019-04-04T15:24:44.586908", "browser": "chrome", "browser-platform": "windows", "browser-version": "73.0.3683.86"}
{"method": "GET", "path": "/mondrian/graph/Database size", "endpoint": "py_mondrian.measures_graph", "view-args": {"cube_name": "Database size"}, "status": 200, "user": "2945b89f775d264f@lampenwelt.de", "timestamp": "2019-04-04T15:24:44.595445", "browser": "chrome", "browser-platform": "windows", "browser-version": "73.0.3683.86"}
{"method": "GET", "path": "/mondrian/graph/Marketing touchpoints", "endpoint": "py_mondrian.measures_graph", "view-args": {"cube_name": "Marketing touchpoints"}, "status": 200, "user": "2945b89f775d264f@lampenwelt.de", "timestamp": "2019-04-04T15:24:44.605034", "browser": "chrome", "browser-platform": "windows", "browser-version": "73.0.3683.86"}
{"method": "GET", "path": "/mondrian/graph/Marketing cost", "endpoint": "py_mondrian.measures_graph", "view-args": {"cube_name": "Marketing cost"}, "status": 200, "user": "2945b89f775d264f@lampenwelt.de", "timestamp": "2019-04-04T15:24:44.618264", "browser": "chrome", "browser-platform": "windows", "browser-version": "73.0.3683.86"}
{"method": "GET", "path": "/mondrian/graph/Order items", "endpoint": "py_mondrian.measures_graph", "view-args": {"cube_name": "Order items"}, "status": 200, "user": "2945b89f775d264f@lampenwelt.de", "timestamp": "2019-04-04T15:24:44.623803", "browser": "chrome", "browser-platform": "windows", "browser-version": "73.0.3683.86"}
{"method": "GET", "path": "/mondrian/graph/Products", "endpoint": "py_mondrian.measures_graph", "view-args": {"cube_name": "Products"}, "status": 200, "user": "2945b89f775d264f@lampenwelt.de", "timestamp": "2019-04-04T15:24:44.636770", "browser": "chrome", "browser-platform": "windows", "browser-version": "73.0.3683.86"}
{"method": "GET", "path": "/mondrian/graph/Products online", "endpoint": "py_mondrian.measures_graph", "view-args": {"cube_name": "Products online"}, "status": 200, "user": "2945b89f775d264f@lampenwelt.de", "timestamp": "2019-04-04T15:24:44.638386", "browser": "chrome", "browser-platform": "windows", "browser-version": "73.0.3683.86"}
{"method": "GET", "path": "/mondrian/graph/Quotes", "endpoint": "py_mondrian.measures_graph", "view-args": {"cube_name": "Quotes"}, "status": 200, "user": "2945b89f775d264f@lampenwelt.de", "timestamp": "2019-04-04T15:24:44.653191", "browser": "chrome", "browser-platform": "windows", "browser-version": "73.0.3683.86"}
{"method": "GET", "path": "/mondrian/graph/Returns", "endpoint": "py_mondrian.measures_graph", "view-args": {"cube_name": "Returns"}, "status": 200, "user": "2945b89f775d264f@lampenwelt.de", "timestamp": "2019-04-04T15:24:44.653289", "browser": "chrome", "browser-platform": "windows", "browser-version": "73.0.3683.86"}
{"method": "GET", "path": "/mondrian/graph/Merged Customers", "endpoint": "py_mondrian.measures_graph", "view-args": {"cube_name": "Merged Customers"}, "status": 200, "user": "2945b89f775d264f@lampenwelt.de", "timestamp": "2019-04-04T15:24:44.659921", "browser": "chrome", "browser-platform": "windows", "browser-version": "73.0.3683.86"}
{"method": "GET", "path": "/mondrian/graph/Sales", "endpoint": "py_mondrian.measures_graph", "view-args": {"cube_name": "Sales"}, "status": 200, "user": "2945b89f775d264f@lampenwelt.de", "timestamp": "2019-04-04T15:24:44.669989", "browser": "chrome", "browser-platform": "windows", "browser-version": "73.0.3683.86"}
{"method": "GET", "path": "/mondrian/graph/User stats", "endpoint": "py_mondrian.measures_graph", "view-args": {"cube_name": "User stats"}, "status": 200, "user": "2945b89f775d264f@lampenwelt.de", "timestamp": "2019-04-04T15:24:44.670673", "browser": "chrome", "browser-platform": "windows", "browser-version": "73.0.3683.86"}
{"method": "GET", "path": "/mondrian/graph/Warehouse inventory", "endpoint": "py_mondrian.measures_graph", "view-args": {"cube_name": "Warehouse inventory"}, "status": 200, "user": "2945b89f775d264f@lampenwelt.de", "timestamp": "2019-04-04T15:24:44.683922", "browser": "chrome", "browser-platform": "windows", "browser-version": "73.0.3683.86"}
{"method": "GET", "path": "/mondrian/graph/Warehouse parcel", "endpoint": "py_mondrian.measures_graph", "view-args": {"cube_name": "Warehouse parcel"}, "status": 200, "user": "2945b89f775d264f@lampenwelt.de", "timestamp": "2019-04-04T15:24:44.690702", "browser": "chrome", "browser-platform": "windows", "browser-version": "73.0.3683.86"}
{"method": "GET", "path": "/mondrian/graph/Warehouse supplies", "endpoint": "py_mondrian.measures_graph", "view-args": {"cube_name": "Warehouse supplies"}, "status": 200, "user": "2945b89f775d264f@lampenwelt.de", "timestamp": "2019-04-04T15:24:44.702198", "browser": "chrome", "browser-platform": "windows", "browser-version": "73.0.3683.86"}
{"method": "GET", "path": "/mondrian/graph/Warehouse shipment", "endpoint": "py_mondrian.measures_graph", "view-args": {"cube_name": "Warehouse shipment"}, "status": 200, "user": "2945b89f775d264f@lampenwelt.de", "timestamp": "2019-04-04T15:24:44.725351", "browser": "chrome", "browser-platform": "windows", "browser-version": "73.0.3683.86"}
{"method": "GET", "path": "/mondrian/graph/Webshop performance", "endpoint": "py_mondrian.measures_graph", "view-args": {"cube_name": "Webshop performance"}, "status": 200, "user": "2945b89f775d264f@lampenwelt.de", "timestamp": "2019-04-04T15:24:44.742153", "browser": "chrome", "browser-platform": "windows", "browser-version": "73.0.3683.86"}
{"method": "GET", "path": "/mondrian/graph/Weekly Summary", "endpoint": "py_mondrian.measures_graph", "view-args": {"cube_name": "Weekly Summary"}, "status": 200, "user": "2945b89f775d264f@lampenwelt.de", "timestamp": "2019-04-04T15:24:44.751044", "browser": "chrome", "browser-platform": "windows", "browser-version": "73.0.3683.86"}
{"method": "GET", "path": "/", "endpoint": "start_page.start_page", "view-args": {}, "status": 302, "user": "78b858772f907e50@lampenwelt.de", "timestamp": "2019-04-04T15:36:41.162982", "browser": "chrome", "browser-platform": "windows", "browser-version": "73.0.3683.86"}
{"method": "GET", "path": "/dashboards/marketing-overview", "endpoint": "dashboards.view_dashboard", "view-args": {"id": "marketing-overview"}, "status": 200, "user": "78b858772f907e50@lampenwelt.de", "timestamp": "2019-04-04T15:36:41.439461", "browser": "chrome", "browser-platform": "windows", "browser-version": "73.0.3683.86"}
{"method": "GET", "path": "/", "endpoint": "start_page.start_page", "view-args": {}, "status": 302, "user": "78b858772f907e50@lampenwelt.de", "timestamp": "2019-04-04T15:36:41.910592", "browser": "chrome", "browser-platform": "windows", "browser-version": "73.0.3683.86"}
{"method": "GET", "path": "/dashboards/marketing-overview", "endpoint": "dashboards.view_dashboard", "view-args": {"id": "marketing-overview"}, "status": 200, "user": "78b858772f907e50@lampenwelt.de", "timestamp": "2019-04-04T15:36:42.143767", "browser": "chrome", "browser-platform": "windows", "browser-version": "73.0.3683.86"}
{"method": "GET", "path": "/dashboards/_render_async_sql_query/9e638966-e28c-4366-8562-825628fcba18", "endpoint": "dashboards.render_async_sql_query", "view-args": {"id": "9e638966-e28c-4366-8562-825628fcba18"}, "status": 200, "user": "78b858772f907e50@lampenwelt.de", "timestamp": "2019-04-04T15:36:42.616195", "browser": "chrome", "browser-platform": "windows", "browser-version": "73.0.3683.86"}
{"method": "GET", "path": "/dashboards/_render_async_sql_query/f4ddc569-375b-4bb5-b750-139c10b8bd87", "endpoint": "dashboards.render_async_sql_query", "view-args": {"id": "f4ddc569-375b-4bb5-b750-139c10b8bd87"}, "status": 200, "user": "78b858772f907e50@lampenwelt.de", "timestamp": "2019-04-04T15:36:42.621072", "browser": "chrome", "browser-platform": "windows", "browser-version": "73.0.3683.86"}
{"method": "GET", "path": "/dashboards/_render_async_sql_query/d5f0469b-4457-464b-8c6f-99995b842cb2", "endpoint": "dashboards.render_async_sql_query", "view-args": {"id": "d5f0469b-4457-464b-8c6f-99995b842cb2"}, "status": 200, "user": "78b858772f907e50@lampenwelt.de", "timestamp": "2019-04-04T15:36:42.632832", "browser": "chrome", "browser-platform": "windows", "browser-version": "73.0.3683.86"}
{"method": "GET", "path": "/dashboards/_last_successful_import", "endpoint": "dashboards.last_successful_import", "view-args": {}, "status": 200, "user": "78b858772f907e50@lampenwelt.de", "timestamp": "2019-04-04T15:36:42.638359", "browser": "chrome", "browser-platform": "windows", "browser-version": "73.0.3683.86"}
{"method": "GET", "path": "/dashboards/_render_async_sql_query/b9e297f2-6ed4-4624-9aa6-316df6ead6c3", "endpoint": "dashboards.render_async_sql_query", "view-args": {"id": "b9e297f2-6ed4-4624-9aa6-316df6ead6c3"}, "status": 200, "user": "78b858772f907e50@lampenwelt.de", "timestamp": "2019-04-04T15:36:42.645127", "browser": "chrome", "browser-platform": "windows", "browser-version": "73.0.3683.86"}
{"method": "GET", "path": "/dashboards/_last_marketing_cost/marketing-overview", "endpoint": "dashboards.last_marketing_cost", "view-args": {"id": "marketing-overview"}, "status": 200, "user": "78b858772f907e50@lampenwelt.de", "timestamp": "2019-04-04T15:36:42.656324", "browser": "chrome", "browser-platform": "windows", "browser-version": "73.0.3683.86"}
{"method": "GET", "path": "/dashboards/_render_async_sql_query/d57ba882-9299-43f2-bd59-d7c2287e181b", "endpoint": "dashboards.render_async_sql_query", "view-args": {"id": "d57ba882-9299-43f2-bd59-d7c2287e181b"}, "status": 200, "user": "78b858772f907e50@lampenwelt.de", "timestamp": "2019-04-04T15:36:42.701282", "browser": "chrome", "browser-platform": "windows", "browser-version": "73.0.3683.86"}
{"method": "GET", "path": "/dashboards/_render_async_sql_query/b18c2065-3fd0-42c7-9dce-182f855c46e8", "endpoint": "dashboards.render_async_sql_query", "view-args": {"id": "b18c2065-3fd0-42c7-9dce-182f855c46e8"}, "status": 200, "user": "78b858772f907e50@lampenwelt.de", "timestamp": "2019-04-04T15:36:42.705844", "browser": "chrome", "browser-platform": "windows", "browser-version": "73.0.3683.86"}
{"method": "GET", "path": "/dashboards/_render_async_sql_query/0aba3851-95c6-48b7-a76d-9c77ff806cd5", "endpoint": "dashboards.render_async_sql_query", "view-args": {"id": "0aba3851-95c6-48b7-a76d-9c77ff806cd5"}, "status": 200, "user": "78b858772f907e50@lampenwelt.de", "timestamp": "2019-04-04T15:36:42.714179", "browser": "chrome", "browser-platform": "windows", "browser-version": "73.0.3683.86"}
{"method": "GET", "path": "/dashboards/_render_async_sql_query/08a88bbf-dcae-4d01-af03-05872d891950", "endpoint": "dashboards.render_async_sql_query", "view-args": {"id": "08a88bbf-dcae-4d01-af03-05872d891950"}, "status": 200, "user": "78b858772f907e50@lampenwelt.de", "timestamp": "2019-04-04T15:36:42.726248", "browser": "chrome", "browser-platform": "windows", "browser-version": "73.0.3683.86"}
{"method": "GET", "path": "/dashboards/_render_async_sql_query/360f1412-95c0-4568-b86f-23ec41838175", "endpoint": "dashboards.render_async_sql_query", "view-args": {"id": "360f1412-95c0-4568-b86f-23ec41838175"}, "status": 200, "user": "78b858772f907e50@lampenwelt.de", "timestamp": "2019-04-04T15:36:42.756405", "browser": "chrome", "browser-platform": "windows", "browser-version": "73.0.3683.86"}
{"method": "GET", "path": "/dashboards/_render_async_sql_query/d39a31ae-28d1-41af-8194-d3e71630a2d2", "endpoint": "dashboards.render_async_sql_query", "view-args": {"id": "d39a31ae-28d1-41af-8194-d3e71630a2d2"}, "status": 200, "user": "78b858772f907e50@lampenwelt.de", "timestamp": "2019-04-04T15:36:42.758855", "browser": "chrome", "browser-platform": "windows", "browser-version": "73.0.3683.86"}
{"method": "GET", "path": "/dashboards/_render_async_sql_query/04537a21-6f13-4ef5-b8f3-36d8f6993157", "endpoint": "dashboards.render_async_sql_query", "view-args": {"id": "04537a21-6f13-4ef5-b8f3-36d8f6993157"}, "status": 200, "user": "78b858772f907e50@lampenwelt.de", "timestamp": "2019-04-04T15:36:42.764777", "browser": "chrome", "browser-platform": "windows", "browser-version": "73.0.3683.86"}
{"method": "GET", "path": "/dashboards/_render_async_sql_query/42784ba8-f122-4100-a338-4f7aaf3f58e4", "endpoint": "dashboards.render_async_sql_query", "view-args": {"id": "42784ba8-f122-4100-a338-4f7aaf3f58e4"}, "status": 200, "user": "78b858772f907e50@lampenwelt.de", "timestamp": "2019-04-04T15:36:42.779879", "browser": "chrome", "browser-platform": "windows", "browser-version": "73.0.3683.86"}
{"method": "GET", "path": "/dashboards/_render_async_sql_query/bc8aab6e-64d0-426c-8b59-fb1b3f6746c4", "endpoint": "dashboards.render_async_sql_query", "view-args": {"id": "bc8aab6e-64d0-426c-8b59-fb1b3f6746c4"}, "status": 200, "user": "78b858772f907e50@lampenwelt.de", "timestamp": "2019-04-04T15:36:42.929765", "browser": "chrome", "browser-platform": "windows", "browser-version": "73.0.3683.86"}
{"method": "GET", "path": "/dashboards/_render_async_sql_query/d53eb4c3-4f54-430f-8ae1-a1091b8687a7", "endpoint": "dashboards.render_async_sql_query", "view-args": {"id": "d53eb4c3-4f54-430f-8ae1-a1091b8687a7"}, "status": 200, "user": "78b858772f907e50@lampenwelt.de", "timestamp": "2019-04-04T15:36:42.932380", "browser": "chrome", "browser-platform": "windows", "browser-version": "73.0.3683.86"}
{"method": "GET", "path": "/dashboards/_render_async_sql_query/08aed247-c940-4ffe-a9f1-7d9ee25eecba", "endpoint": "dashboards.render_async_sql_query", "view-args": {"id": "08aed247-c940-4ffe-a9f1-7d9ee25eecba"}, "status": 200, "user": "78b858772f907e50@lampenwelt.de", "timestamp": "2019-04-04T15:36:42.934629", "browser": "chrome", "browser-platform": "windows", "browser-version": "73.0.3683.86"}
{"method": "GET", "path": "/dashboards/_render_async_sql_query/ccf0676d-fc0f-4b86-af6d-52bd5178b44e", "endpoint": "dashboards.render_async_sql_query", "view-args": {"id": "ccf0676d-fc0f-4b86-af6d-52bd5178b44e"}, "status": 200, "user": "78b858772f907e50@lampenwelt.de", "timestamp": "2019-04-04T15:36:42.953958", "browser": "chrome", "browser-platform": "windows", "browser-version": "73.0.3683.86"}
{"method": "GET", "path": "/mondrian/saiku", "endpoint": "py_mondrian.saiku", "view-args": {}, "status": 302, "user": "78b858772f907e50@lampenwelt.de", "timestamp": "2019-04-04T15:36:51.680468", "browser": "chrome", "browser-platform": "windows", "browser-version": "73.0.3683.86"}
{"method": "POST", "path": "/mondrian/saiku/authorize", "endpoint": "py_mondrian.saiku_authorize", "view-args": {}, "status": 200, "user": "35675e68f4b5af7b@localhost", "timestamp": "2019-04-04T15:36:57.761680", "browser": null, "browser-platform": null, "browser-version": null}
{"method": "POST", "path": "/mondrian/saiku/authorize", "endpoint": "py_mondrian.saiku_authorize", "view-args": {}, "status": 200, "user": "35675e68f4b5af7b@localhost", "timestamp": "2019-04-04T15:36:58.428471", "browser": null, "browser-platform": null, "browser-version": null}
{"method": "GET", "path": "/", "endpoint": "start_page.start_page", "view-args": {}, "status": 302, "user": "e5063e1f25c24f00@lampenwelt.de", "timestamp": "2019-04-04T15:37:48.010313", "browser": "chrome", "browser-platform": "windows", "browser-version": "73.0.3683.86"}
{"method": "GET", "path": "/dashboards/marketing-overview", "endpoint": "dashboards.view_dashboard", "view-args": {"id": "marketing-overview"}, "status": 200, "user": "e5063e1f25c24f00@lampenwelt.de", "timestamp": "2019-04-04T15:37:48.289253", "browser": "chrome", "browser-platform": "windows", "browser-version": "73.0.3683.86"}
{"method": "GET", "path": "/", "endpoint": "start_page.start_page", "view-args": {}, "status": 302, "user": "e5063e1f25c24f00@lampenwelt.de", "timestamp": "2019-04-04T15:37:48.949329", "browser": "chrome", "browser-platform": "windows", "browser-version": "73.0.3683.86"}
{"method": "GET", "path": "/dashboards/marketing-overview", "endpoint": "dashboards.view_dashboard", "view-args": {"id": "marketing-overview"}, "status": 200, "user": "e5063e1f25c24f00@lampenwelt.de", "timestamp": "2019-04-04T15:37:49.156242", "browser": "chrome", "browser-platform": "windows", "browser-version": "73.0.3683.86"}
{"method": "GET", "path": "/dashboards/_render_async_sql_query/92af2eb6-5f0d-402b-905c-f369bb759faa", "endpoint": "dashboards.render_async_sql_query", "view-args": {"id": "92af2eb6-5f0d-402b-905c-f369bb759faa"}, "status": 200, "user": "e5063e1f25c24f00@lampenwelt.de", "timestamp": "2019-04-04T15:37:49.567167", "browser": "chrome", "browser-platform": "windows", "browser-version": "73.0.3683.86"}
{"method": "GET", "path": "/dashboards/_render_async_sql_query/f7f40709-fb05-41a3-b298-4ff7602532bb", "endpoint": "dashboards.render_async_sql_query", "view-args": {"id": "f7f40709-fb05-41a3-b298-4ff7602532bb"}, "status": 200, "user": "e5063e1f25c24f00@lampenwelt.de", "timestamp": "2019-04-04T15:37:49.572115", "browser": "chrome", "browser-platform": "windows", "browser-version": "73.0.3683.86"}
{"method": "GET", "path": "/dashboards/_render_async_sql_query/0255563d-dc42-40ab-bd90-079ea9835c6a", "endpoint": "dashboards.render_async_sql_query", "view-args": {"id": "0255563d-dc42-40ab-bd90-079ea9835c6a"}, "status": 200, "user": "e5063e1f25c24f00@lampenwelt.de", "timestamp": "2019-04-04T15:37:49.573575", "browser": "chrome", "browser-platform": "windows", "browser-version": "73.0.3683.86"}
{"method": "GET", "path": "/dashboards/_last_successful_import", "endpoint": "dashboards.last_successful_import", "view-args": {}, "status": 200, "user": "e5063e1f25c24f00@lampenwelt.de", "timestamp": "2019-04-04T15:37:49.587877", "browser": "chrome", "browser-platform": "windows", "browser-version": "73.0.3683.86"}
{"method": "GET", "path": "/dashboards/_last_marketing_cost/marketing-overview", "endpoint": "dashboards.last_marketing_cost", "view-args": {"id": "marketing-overview"}, "status": 200, "user": "e5063e1f25c24f00@lampenwelt.de", "timestamp": "2019-04-04T15:37:49.589928", "browser": "chrome", "browser-platform": "windows", "browser-version": "73.0.3683.86"}
{"method": "GET", "path": "/dashboards/_render_async_sql_query/168d7d2d-a1fa-4839-ab07-eea5136c825b", "endpoint": "dashboards.render_async_sql_query", "view-args": {"id": "168d7d2d-a1fa-4839-ab07-eea5136c825b"}, "status": 200, "user": "e5063e1f25c24f00@lampenwelt.de", "timestamp": "2019-04-04T15:37:49.590983", "browser": "chrome", "browser-platform": "windows", "browser-version": "73.0.3683.86"}
{"method": "GET", "path": "/dashboards/_render_async_sql_query/fc6b032a-cc97-4b50-8bad-c5d81f829a84", "endpoint": "dashboards.render_async_sql_query", "view-args": {"id": "fc6b032a-cc97-4b50-8bad-c5d81f829a84"}, "status": 200, "user": "e5063e1f25c24f00@lampenwelt.de", "timestamp": "2019-04-04T15:37:49.673349", "browser": "chrome", "browser-platform": "windows", "browser-version": "73.0.3683.86"}
{"method": "GET", "path": "/dashboards/_render_async_sql_query/bb951dd1-f294-425b-8cdf-0c984cef914e", "endpoint": "dashboards.render_async_sql_query", "view-args": {"id": "bb951dd1-f294-425b-8cdf-0c984cef914e"}, "status": 200, "user": "e5063e1f25c24f00@lampenwelt.de", "timestamp": "2019-04-04T15:37:49.673694", "browser": "chrome", "browser-platform": "windows", "browser-version": "73.0.3683.86"}
{"method": "GET", "path": "/dashboards/_render_async_sql_query/dabd715c-dd80-4aa4-8b3f-0efde223abef", "endpoint": "dashboards.render_async_sql_query", "view-args": {"id": "dabd715c-dd80-4aa4-8b3f-0efde223abef"}, "status": 200, "user": "e5063e1f25c24f00@lampenwelt.de", "timestamp": "2019-04-04T15:37:49.674915", "browser": "chrome", "browser-platform": "windows", "browser-version": "73.0.3683.86"}
{"method": "GET", "path": "/dashboards/_render_async_sql_query/cd990e68-0f55-45a7-868b-9f509ac4422f", "endpoint": "dashboards.render_async_sql_query", "view-args": {"id": "cd990e68-0f55-45a7-868b-9f509ac4422f"}, "status": 200, "user": "e5063e1f25c24f00@lampenwelt.de", "timestamp": "2019-04-04T15:37:49.699873", "browser": "chrome", "browser-platform": "windows", "browser-version": "73.0.3683.86"}
{"method": "GET", "path": "/dashboards/_render_async_sql_query/456aa114-65bc-4840-b9bd-08dbb0ff4800", "endpoint": "dashboards.render_async_sql_query", "view-args": {"id": "456aa114-65bc-4840-b9bd-08dbb0ff4800"}, "status": 200, "user": "e5063e1f25c24f00@lampenwelt.de", "timestamp": "2019-04-04T15:37:49.714578", "browser": "chrome", "browser-platform": "windows", "browser-version": "73.0.3683.86"}
{"method": "GET", "path": "/dashboards/_render_async_sql_query/4142c82f-d1e1-466e-819e-5fb3c39f6f54", "endpoint": "dashboards.render_async_sql_query", "view-args": {"id": "4142c82f-d1e1-466e-819e-5fb3c39f6f54"}, "status": 200, "user": "e5063e1f25c24f00@lampenwelt.de", "timestamp": "2019-04-04T15:37:49.717374", "browser": "chrome", "browser-platform": "windows", "browser-version": "73.0.3683.86"}
{"method": "GET", "path": "/dashboards/_render_async_sql_query/2a642b54-2430-4929-b45c-fa70af99fb5c", "endpoint": "dashboards.render_async_sql_query", "view-args": {"id": "2a642b54-2430-4929-b45c-fa70af99fb5c"}, "status": 200, "user": "e5063e1f25c24f00@lampenwelt.de", "timestamp": "2019-04-04T15:37:49.728236", "browser": "chrome", "browser-platform": "windows", "browser-version": "73.0.3683.86"}
{"method": "GET", "path": "/dashboards/_render_async_sql_query/0b68aeeb-5e30-4ca0-9338-1aa202504750", "endpoint": "dashboards.render_async_sql_query", "view-args": {"id": "0b68aeeb-5e30-4ca0-9338-1aa202504750"}, "status": 200, "user": "e5063e1f25c24f00@lampenwelt.de", "timestamp": "2019-04-04T15:37:49.741356", "browser": "chrome", "browser-platform": "windows", "browser-version": "73.0.3683.86"}
{"method": "GET", "path": "/dashboards/_render_async_sql_query/4991c501-dda4-47cf-9ac5-8c44e7932886", "endpoint": "dashboards.render_async_sql_query", "view-args": {"id": "4991c501-dda4-47cf-9ac5-8c44e7932886"}, "status": 200, "user": "e5063e1f25c24f00@lampenwelt.de", "timestamp": "2019-04-04T15:37:49.770268", "browser": "chrome", "browser-platform": "windows", "browser-version": "73.0.3683.86"}
{"method": "GET", "path": "/dashboards/_render_async_sql_query/aeea846c-cf88-4b36-8c78-598a8c7d8b08", "endpoint": "dashboards.render_async_sql_query", "view-args": {"id": "aeea846c-cf88-4b36-8c78-598a8c7d8b08"}, "status": 200, "user": "e5063e1f25c24f00@lampenwelt.de", "timestamp": "2019-04-04T15:37:49.770822", "browser": "chrome", "browser-platform": "windows", "browser-version": "73.0.3683.86"}
{"method": "GET", "path": "/dashboards/_render_async_sql_query/864b86e2-2dd1-496b-80bc-272497d898da", "endpoint": "dashboards.render_async_sql_query", "view-args": {"id": "864b86e2-2dd1-496b-80bc-272497d898da"}, "status": 200, "user": "e5063e1f25c24f00@lampenwelt.de", "timestamp": "2019-04-04T15:37:49.924961", "browser": "chrome", "browser-platform": "windows", "browser-version": "73.0.3683.86"}
{"method": "GET", "path": "/dashboards/_render_async_sql_query/5fa528e8-aa20-4836-8976-7ede6ad9a300", "endpoint": "dashboards.render_async_sql_query", "view-args": {"id": "5fa528e8-aa20-4836-8976-7ede6ad9a300"}, "status": 200, "user": "e5063e1f25c24f00@lampenwelt.de", "timestamp": "2019-04-04T15:37:49.928938", "browser": "chrome", "browser-platform": "windows", "browser-version": "73.0.3683.86"}
{"method": "GET", "path": "/mondrian", "endpoint": "py_mondrian.schema_page", "view-args": {}, "status": 200, "user": "e5063e1f25c24f00@lampenwelt.de", "timestamp": "2019-04-04T15:38:00.797893", "browser": "chrome", "browser-platform": "windows", "browser-version": "73.0.3683.86"}
{"method": "GET", "path": "/mondrian/graph/Ad performance", "endpoint": "py_mondrian.measures_graph", "view-args": {"cube_name": "Ad performance"}, "status": 200, "user": "e5063e1f25c24f00@lampenwelt.de", "timestamp": "2019-04-04T15:38:01.814260", "browser": "chrome", "browser-platform": "windows", "browser-version": "73.0.3683.86"}
{"method": "GET", "path": "/mondrian/graph/Awin performance", "endpoint": "py_mondrian.measures_graph", "view-args": {"cube_name": "Awin performance"}, "status": 200, "user": "e5063e1f25c24f00@lampenwelt.de", "timestamp": "2019-04-04T15:38:01.844740", "browser": "chrome", "browser-platform": "windows", "browser-version": "73.0.3683.86"}
{"method": "GET", "path": "/mondrian/graph/Business targets", "endpoint": "py_mondrian.measures_graph", "view-args": {"cube_name": "Business targets"}, "status": 200, "user": "e5063e1f25c24f00@lampenwelt.de", "timestamp": "2019-04-04T15:38:01.869740", "browser": "chrome", "browser-platform": "windows", "browser-version": "73.0.3683.86"}
{"method": "GET", "path": "/mondrian/graph/Call center performance", "endpoint": "py_mondrian.measures_graph", "view-args": {"cube_name": "Call center performance"}, "status": 200, "user": "e5063e1f25c24f00@lampenwelt.de", "timestamp": "2019-04-04T15:38:01.873390", "browser": "chrome", "browser-platform": "windows", "browser-version": "73.0.3683.86"}
{"method": "GET", "path": "/mondrian/graph/Database size", "endpoint": "py_mondrian.measures_graph", "view-args": {"cube_name": "Database size"}, "status": 200, "user": "e5063e1f25c24f00@lampenwelt.de", "timestamp": "2019-04-04T15:38:01.890522", "browser": "chrome", "browser-platform": "windows", "browser-version": "73.0.3683.86"}
{"method": "GET", "path": "/mondrian/graph/Call center lost call", "endpoint": "py_mondrian.measures_graph", "view-args": {"cube_name": "Call center lost call"}, "status": 200, "user": "e5063e1f25c24f00@lampenwelt.de", "timestamp": "2019-04-04T15:38:01.895833", "browser": "chrome", "browser-platform": "windows", "browser-version": "73.0.3683.86"}
{"method": "GET", "path": "/mondrian/graph/Email contacts", "endpoint": "py_mondrian.measures_graph", "view-args": {"cube_name": "Email contacts"}, "status": 200, "user": "e5063e1f25c24f00@lampenwelt.de", "timestamp": "2019-04-04T15:38:01.914666", "browser": "chrome", "browser-platform": "windows", "browser-version": "73.0.3683.86"}
{"method": "GET", "path": "/mondrian/graph/Marketing cost", "endpoint": "py_mondrian.measures_graph", "view-args": {"cube_name": "Marketing cost"}, "status": 200, "user": "e5063e1f25c24f00@lampenwelt.de", "timestamp": "2019-04-04T15:38:01.933922", "browser": "chrome", "browser-platform": "windows", "browser-version": "73.0.3683.86"}
{"method": "GET", "path": "/mondrian/graph/Email performance", "endpoint": "py_mondrian.measures_graph", "view-args": {"cube_name": "Email performance"}, "status": 200, "user": "e5063e1f25c24f00@lampenwelt.de", "timestamp": "2019-04-04T15:38:01.936381", "browser": "chrome", "browser-platform": "windows", "browser-version": "73.0.3683.86"}
{"method": "GET", "path": "/mondrian/graph/Keywords", "endpoint": "py_mondrian.measures_graph", "view-args": {"cube_name": "Keywords"}, "status": 200, "user": "e5063e1f25c24f00@lampenwelt.de", "timestamp": "2019-04-04T15:38:01.947792", "browser": "chrome", "browser-platform": "windows", "browser-version": "73.0.3683.86"}
{"method": "GET", "path": "/mondrian/graph/Order items", "endpoint": "py_mondrian.measures_graph", "view-args": {"cube_name": "Order items"}, "status": 200, "user": "e5063e1f25c24f00@lampenwelt.de", "timestamp": "2019-04-04T15:38:01.966670", "browser": "chrome", "browser-platform": "windows", "browser-version": "73.0.3683.86"}
{"method": "GET", "path": "/mondrian/graph/Merged Customers", "endpoint": "py_mondrian.measures_graph", "view-args": {"cube_name": "Merged Customers"}, "status": 200, "user": "e5063e1f25c24f00@lampenwelt.de", "timestamp": "2019-04-04T15:38:01.981089", "browser": "chrome", "browser-platform": "windows", "browser-version": "73.0.3683.86"}
{"method": "GET", "path": "/mondrian/graph/Marketing touchpoints", "endpoint": "py_mondrian.measures_graph", "view-args": {"cube_name": "Marketing touchpoints"}, "status": 200, "user": "e5063e1f25c24f00@lampenwelt.de", "timestamp": "2019-04-04T15:38:01.981564", "browser": "chrome", "browser-platform": "windows", "browser-version": "73.0.3683.86"}
{"method": "GET", "path": "/mondrian/graph/Products", "endpoint": "py_mondrian.measures_graph", "view-args": {"cube_name": "Products"}, "status": 200, "user": "e5063e1f25c24f00@lampenwelt.de", "timestamp": "2019-04-04T15:38:01.986695", "browser": "chrome", "browser-platform": "windows", "browser-version": "73.0.3683.86"}
{"method": "GET", "path": "/mondrian/graph/Returns", "endpoint": "py_mondrian.measures_graph", "view-args": {"cube_name": "Returns"}, "status": 200, "user": "e5063e1f25c24f00@lampenwelt.de", "timestamp": "2019-04-04T15:38:02.003589", "browser": "chrome", "browser-platform": "windows", "browser-version": "73.0.3683.86"}
{"method": "GET", "path": "/mondrian/graph/Products online", "endpoint": "py_mondrian.measures_graph", "view-args": {"cube_name": "Products online"}, "status": 200, "user": "e5063e1f25c24f00@lampenwelt.de", "timestamp": "2019-04-04T15:38:02.025220", "browser": "chrome", "browser-platform": "windows", "browser-version": "73.0.3683.86"}
{"method": "GET", "path": "/mondrian/graph/Quotes", "endpoint": "py_mondrian.measures_graph", "view-args": {"cube_name": "Quotes"}, "status": 200, "user": "e5063e1f25c24f00@lampenwelt.de", "timestamp": "2019-04-04T15:38:02.026465", "browser": "chrome", "browser-platform": "windows", "browser-version": "73.0.3683.86"}
{"method": "GET", "path": "/mondrian/graph/User stats", "endpoint": "py_mondrian.measures_graph", "view-args": {"cube_name": "User stats"}, "status": 200, "user": "e5063e1f25c24f00@lampenwelt.de", "timestamp": "2019-04-04T15:38:02.041671", "browser": "chrome", "browser-platform": "windows", "browser-version": "73.0.3683.86"}
{"method": "GET", "path": "/mondrian/graph/Sales", "endpoint": "py_mondrian.measures_graph", "view-args": {"cube_name": "Sales"}, "status": 200, "user": "e5063e1f25c24f00@lampenwelt.de", "timestamp": "2019-04-04T15:38:02.051926", "browser": "chrome", "browser-platform": "windows", "browser-version": "73.0.3683.86"}
{"method": "GET", "path": "/mondrian/graph/Warehouse parcel", "endpoint": "py_mondrian.measures_graph", "view-args": {"cube_name": "Warehouse parcel"}, "status": 200, "user": "e5063e1f25c24f00@lampenwelt.de", "timestamp": "2019-04-04T15:38:02.059167", "browser": "chrome", "browser-platform": "windows", "browser-version": "73.0.3683.86"}
{"method": "GET", "path": "/mondrian/graph/Warehouse shipment", "endpoint": "py_mondrian.measures_graph", "view-args": {"cube_name": "Warehouse shipment"}, "status": 200, "user": "e5063e1f25c24f00@lampenwelt.de", "timestamp": "2019-04-04T15:38:02.068842", "browser": "chrome", "browser-platform": "windows", "browser-version": "73.0.3683.86"}
{"method": "GET", "path": "/mondrian/graph/Warehouse supplies", "endpoint": "py_mondrian.measures_graph", "view-args": {"cube_name": "Warehouse supplies"}, "status": 200, "user": "e5063e1f25c24f00@lampenwelt.de", "timestamp": "2019-04-04T15:38:02.075780", "browser": "chrome", "browser-platform": "windows", "browser-version": "73.0.3683.86"}
{"method": "GET", "path": "/mondrian/graph/Warehouse inventory", "endpoint": "py_mondrian.measures_graph", "view-args": {"cube_name": "Warehouse inventory"}, "status": 200, "user": "e5063e1f25c24f00@lampenwelt.de", "timestamp": "2019-04-04T15:38:02.079761", "browser": "chrome", "browser-platform": "windows", "browser-version": "73.0.3683.86"}
{"method": "GET", "path": "/mondrian/graph/Weekly Summary", "endpoint": "py_mondrian.measures_graph", "view-args": {"cube_name": "Weekly Summary"}, "status": 200, "user": "e5063e1f25c24f00@lampenwelt.de", "timestamp": "2019-04-04T15:38:02.097067", "browser": "chrome", "browser-platform": "windows", "browser-version": "73.0.3683.86"}
{"method": "GET", "path": "/mondrian/graph/Webshop performance", "endpoint": "py_mondrian.measures_graph", "view-args": {"cube_name": "Webshop performance"}, "status": 200, "user": "e5063e1f25c24f00@lampenwelt.de", "timestamp": "2019-04-04T15:38:02.110759", "browser": "chrome", "browser-platform": "windows", "browser-version": "73.0.3683.86"}
{"method": "GET", "path": "/dashboards/marketing-overview", "endpoint": "dashboards.view_dashboard", "view-args": {"id": "marketing-overview"}, "status": 200, "user": "3a124aa353c70160@lampenwelt.de", "timestamp": "2019-04-04T15:49:32.847456", "browser": "chrome", "browser-platform": "windows", "browser-version": "73.0.3683.86"}
{"method": "GET", "path": "/dashboards/_render_async_sql_query/5dc5fc92-fb16-4234-9dbc-913b07d16c67", "endpoint": "dashboards.render_async_sql_query", "view-args": {"id": "5dc5fc92-fb16-4234-9dbc-913b07d16c67"}, "status": 200, "user": "3a124aa353c70160@lampenwelt.de", "timestamp": "2019-04-04T15:49:33.451829", "browser": "chrome", "browser-platform": "windows", "browser-version": "73.0.3683.86"}
{"method": "GET", "path": "/dashboards/_render_async_sql_query/b90597b6-23f3-4dd1-bc19-54391dd3b382", "endpoint": "dashboards.render_async_sql_query", "view-args": {"id": "b90597b6-23f3-4dd1-bc19-54391dd3b382"}, "status": 200, "user": "3a124aa353c70160@lampenwelt.de", "timestamp": "2019-04-04T15:49:33.451937", "browser": "chrome", "browser-platform": "windows", "browser-version": "73.0.3683.86"}
{"method": "GET", "path": "/dashboards/_last_successful_import", "endpoint": "dashboards.last_successful_import", "view-args": {}, "status": 200, "user": "3a124aa353c70160@lampenwelt.de", "timestamp": "2019-04-04T15:49:33.471378", "browser": "chrome", "browser-platform": "windows", "browser-version": "73.0.3683.86"}
{"method": "GET", "path": "/dashboards/_render_async_sql_query/feb7c98f-bd5c-4a60-a8f0-df757ad7cfc5", "endpoint": "dashboards.render_async_sql_query", "view-args": {"id": "feb7c98f-bd5c-4a60-a8f0-df757ad7cfc5"}, "status": 200, "user": "3a124aa353c70160@lampenwelt.de", "timestamp": "2019-04-04T15:49:33.480121", "browser": "chrome", "browser-platform": "windows", "browser-version": "73.0.3683.86"}
{"method": "GET", "path": "/dashboards/_render_async_sql_query/2de3369f-f85f-4f29-9075-a12e3b4caffa", "endpoint": "dashboards.render_async_sql_query", "view-args": {"id": "2de3369f-f85f-4f29-9075-a12e3b4caffa"}, "status": 200, "user": "3a124aa353c70160@lampenwelt.de", "timestamp": "2019-04-04T15:49:33.484646", "browser": "chrome", "browser-platform": "windows", "browser-version": "73.0.3683.86"}
{"method": "GET", "path": "/dashboards/_last_marketing_cost/marketing-overview", "endpoint": "dashboards.last_marketing_cost", "view-args": {"id": "marketing-overview"}, "status": 200, "user": "3a124aa353c70160@lampenwelt.de", "timestamp": "2019-04-04T15:49:33.490522", "browser": "chrome", "browser-platform": "windows", "browser-version": "73.0.3683.86"}
{"method": "GET", "path": "/dashboards/_render_async_sql_query/ccd368bb-8242-404d-868e-f484632b7f96", "endpoint": "dashboards.render_async_sql_query", "view-args": {"id": "ccd368bb-8242-404d-868e-f484632b7f96"}, "status": 200, "user": "3a124aa353c70160@lampenwelt.de", "timestamp": "2019-04-04T15:49:33.537854", "browser": "chrome", "browser-platform": "windows", "browser-version": "73.0.3683.86"}
{"method": "GET", "path": "/dashboards/_render_async_sql_query/9d3e9591-48dd-401f-a9ea-c3c37043dc91", "endpoint": "dashboards.render_async_sql_query", "view-args": {"id": "9d3e9591-48dd-401f-a9ea-c3c37043dc91"}, "status": 200, "user": "3a124aa353c70160@lampenwelt.de", "timestamp": "2019-04-04T15:49:33.537920", "browser": "chrome", "browser-platform": "windows", "browser-version": "73.0.3683.86"}
{"method": "GET", "path": "/dashboards/_render_async_sql_query/60631b7c-f112-421c-aad2-b0204eddd3b5", "endpoint": "dashboards.render_async_sql_query", "view-args": {"id": "60631b7c-f112-421c-aad2-b0204eddd3b5"}, "status": 200, "user": "3a124aa353c70160@lampenwelt.de", "timestamp": "2019-04-04T15:49:33.602694", "browser": "chrome", "browser-platform": "windows", "browser-version": "73.0.3683.86"}
{"method": "GET", "path": "/dashboards/_render_async_sql_query/2ff8670f-d84b-403d-afd6-01290428a029", "endpoint": "dashboards.render_async_sql_query", "view-args": {"id": "2ff8670f-d84b-403d-afd6-01290428a029"}, "status": 200, "user": "3a124aa353c70160@lampenwelt.de", "timestamp": "2019-04-04T15:49:33.610786", "browser": "chrome", "browser-platform": "windows", "browser-version": "73.0.3683.86"}
{"method": "GET", "path": "/dashboards/_render_async_sql_query/c52c2d4d-2c4d-434e-9bf2-b323bf814b64", "endpoint": "dashboards.render_async_sql_query", "view-args": {"id": "c52c2d4d-2c4d-434e-9bf2-b323bf814b64"}, "status": 200, "user": "3a124aa353c70160@lampenwelt.de", "timestamp": "2019-04-04T15:49:33.615551", "browser": "chrome", "browser-platform": "windows", "browser-version": "73.0.3683.86"}
{"method": "GET", "path": "/dashboards/_render_async_sql_query/e2f08db0-8167-4a71-85fd-54dcc1374954", "endpoint": "dashboards.render_async_sql_query", "view-args": {"id": "e2f08db0-8167-4a71-85fd-54dcc1374954"}, "status": 200, "user": "3a124aa353c70160@lampenwelt.de", "timestamp": "2019-04-04T15:49:33.625906", "browser": "chrome", "browser-platform": "windows", "browser-version": "73.0.3683.86"}
{"method": "GET", "path": "/dashboards/_render_async_sql_query/dfbf89b2-2824-497a-953c-9e0580909310", "endpoint": "dashboards.render_async_sql_query", "view-args": {"id": "dfbf89b2-2824-497a-953c-9e0580909310"}, "status": 200, "user": "3a124aa353c70160@lampenwelt.de", "timestamp": "2019-04-04T15:49:33.673594", "browser": "chrome", "browser-platform": "windows", "browser-version": "73.0.3683.86"}
{"method": "GET", "path": "/dashboards/_render_async_sql_query/397300d7-6d14-4535-9bb6-a537a5f50b77", "endpoint": "dashboards.render_async_sql_query", "view-args": {"id": "397300d7-6d14-4535-9bb6-a537a5f50b77"}, "status": 200, "user": "3a124aa353c70160@lampenwelt.de", "timestamp": "2019-04-04T15:49:33.676915", "browser": "chrome", "browser-platform": "windows", "browser-version": "73.0.3683.86"}
{"method": "GET", "path": "/dashboards/_render_async_sql_query/6d9f1df5-b5f7-4c97-83cb-f74eafb6910d", "endpoint": "dashboards.render_async_sql_query", "view-args": {"id": "6d9f1df5-b5f7-4c97-83cb-f74eafb6910d"}, "status": 200, "user": "3a124aa353c70160@lampenwelt.de", "timestamp": "2019-04-04T15:49:33.676967", "browser": "chrome", "browser-platform": "windows", "browser-version": "73.0.3683.86"}
{"method": "GET", "path": "/dashboards/_render_async_sql_query/7cd02055-60be-445d-ab9f-1e270986c0ff", "endpoint": "dashboards.render_async_sql_query", "view-args": {"id": "7cd02055-60be-445d-ab9f-1e270986c0ff"}, "status": 200, "user": "3a124aa353c70160@lampenwelt.de", "timestamp": "2019-04-04T15:49:33.701996", "browser": "chrome", "browser-platform": "windows", "browser-version": "73.0.3683.86"}
{"method": "GET", "path": "/dashboards/_render_async_sql_query/12326be9-1198-497d-bd6d-edea5ffb3b90", "endpoint": "dashboards.render_async_sql_query", "view-args": {"id": "12326be9-1198-497d-bd6d-edea5ffb3b90"}, "status": 200, "user": "3a124aa353c70160@lampenwelt.de", "timestamp": "2019-04-04T15:49:33.884135", "browser": "chrome", "browser-platform": "windows", "browser-version": "73.0.3683.86"}
{"method": "GET", "path": "/dashboards/_render_async_sql_query/03f7018a-9756-4dbd-8ddb-37681f257ed4", "endpoint": "dashboards.render_async_sql_query", "view-args": {"id": "03f7018a-9756-4dbd-8ddb-37681f257ed4"}, "status": 200, "user": "3a124aa353c70160@lampenwelt.de", "timestamp": "2019-04-04T15:49:33.889108", "browser": "chrome", "browser-platform": "windows", "browser-version": "73.0.3683.86"}
{"method": "GET", "path": "/data-sets/warehouse-shipment", "endpoint": "data_sets.data_set_page", "view-args": {"data_set_id": "warehouse-shipment", "query_id": null}, "status": 200, "user": "3a124aa353c70160@lampenwelt.de", "timestamp": "2019-04-04T15:49:43.609923", "browser": "chrome", "browser-platform": "windows", "browser-version": "73.0.3683.86"}
{"method": "POST", "path": "/data-sets/.initialize", "endpoint": "data_sets.initialize_query", "view-args": {}, "status": 200, "user": "3a124aa353c70160@lampenwelt.de", "timestamp": "2019-04-04T15:49:44.251356", "browser": "chrome", "browser-platform": "windows", "browser-version": "73.0.3683.86"}
{"method": "POST", "path": "/data-sets/.preview", "endpoint": "data_sets.preview", "view-args": {}, "status": 200, "user": "3a124aa353c70160@lampenwelt.de", "timestamp": "2019-04-04T15:49:44.363154", "browser": "chrome", "browser-platform": "windows", "browser-version": "73.0.3683.86"}
{"method": "POST", "path": "/data-sets/.row-count", "endpoint": "data_sets.row_count", "view-args": {}, "status": 200, "user": "3a124aa353c70160@lampenwelt.de", "timestamp": "2019-04-04T15:49:44.692380", "browser": "chrome", "browser-platform": "windows", "browser-version": "73.0.3683.86"}
{"method": "POST", "path": "/data-sets/.distribution-chart-1", "endpoint": "data_sets.distribution_chart", "view-args": {"pos": 1}, "status": 200, "user": "3a124aa353c70160@lampenwelt.de", "timestamp": "2019-04-04T15:49:46.219462", "browser": "chrome", "browser-platform": "windows", "browser-version": "73.0.3683.86"}
{"method": "POST", "path": "/data-sets/.distribution-chart-2", "endpoint": "data_sets.distribution_chart", "view-args": {"pos": 2}, "status": 200, "user": "3a124aa353c70160@lampenwelt.de", "timestamp": "2019-04-04T15:49:47.459168", "browser": "chrome", "browser-platform": "windows", "browser-version": "73.0.3683.86"}
{"method": "POST", "path": "/data-sets/.distribution-chart-4", "endpoint": "data_sets.distribution_chart", "view-args": {"pos": 4}, "status": 200, "user": "3a124aa353c70160@lampenwelt.de", "timestamp": "2019-04-04T15:49:47.865028", "browser": "chrome", "browser-platform": "windows", "browser-version": "73.0.3683.86"}
{"method": "POST", "path": "/data-sets/.distribution-chart-0", "endpoint": "data_sets.distribution_chart", "view-args": {"pos": 0}, "status": 200, "user": "3a124aa353c70160@lampenwelt.de", "timestamp": "2019-04-04T15:49:48.972180", "browser": "chrome", "browser-platform": "windows", "browser-version": "73.0.3683.86"}
{"method": "POST", "path": "/data-sets/.distribution-chart-5", "endpoint": "data_sets.distribution_chart", "view-args": {"pos": 5}, "status": 200, "user": "3a124aa353c70160@lampenwelt.de", "timestamp": "2019-04-04T15:49:49.835303", "browser": "chrome", "browser-platform": "windows", "browser-version": "73.0.3683.86"}
{"method": "POST", "path": "/data-sets/.distribution-chart-6", "endpoint": "data_sets.distribution_chart", "view-args": {"pos": 6}, "status": 200, "user": "3a124aa353c70160@lampenwelt.de", "timestamp": "2019-04-04T15:49:50.394823", "browser": "chrome", "browser-platform": "windows", "browser-version": "73.0.3683.86"}
{"method": "POST", "path": "/data-sets/.distribution-chart-7", "endpoint": "data_sets.distribution_chart", "view-args": {"pos": 7}, "status": 200, "user": "3a124aa353c70160@lampenwelt.de", "timestamp": "2019-04-04T15:49:51.538777", "browser": "chrome", "browser-platform": "windows", "browser-version": "73.0.3683.86"}
{"method": "POST", "path": "/data-sets/.distribution-chart-13", "endpoint": "data_sets.distribution_chart", "view-args": {"pos": 13}, "status": 200, "user": "3a124aa353c70160@lampenwelt.de", "timestamp": "2019-04-04T15:49:51.834860", "browser": "chrome", "browser-platform": "windows", "browser-version": "73.0.3683.86"}
{"method": "POST", "path": "/data-sets/.distribution-chart-14", "endpoint": "data_sets.distribution_chart", "view-args": {"pos": 14}, "status": 200, "user": "3a124aa353c70160@lampenwelt.de", "timestamp": "2019-04-04T15:49:52.077598", "browser": "chrome", "browser-platform": "windows", "browser-version": "73.0.3683.86"}
{"method": "POST", "path": "/data-sets/.distribution-chart-37", "endpoint": "data_sets.distribution_chart", "view-args": {"pos": 37}, "status": 200, "user": "3a124aa353c70160@lampenwelt.de", "timestamp": "2019-04-04T15:49:55.016715", "browser": "chrome", "browser-platform": "windows", "browser-version": "73.0.3683.86"}
{"method": "POST", "path": "/data-sets/.distribution-chart-39", "endpoint": "data_sets.distribution_chart", "view-args": {"pos": 39}, "status": 200, "user": "3a124aa353c70160@lampenwelt.de", "timestamp": "2019-04-04T15:49:55.203674", "browser": "chrome", "browser-platform": "windows", "browser-version": "73.0.3683.86"}
{"method": "POST", "path": "/data-sets/.distribution-chart-38", "endpoint": "data_sets.distribution_chart", "view-args": {"pos": 38}, "status": 200, "user": "3a124aa353c70160@lampenwelt.de", "timestamp": "2019-04-04T15:49:55.246670", "browser": "chrome", "browser-platform": "windows", "browser-version": "73.0.3683.86"}
{"method": "POST", "path": "/mondrian/saiku/authorize", "endpoint": "py_mondrian.saiku_authorize", "view-args": {}, "status": 200, "user": "35675e68f4b5af7b@localhost", "timestamp": "2019-04-04T15:54:29.453773", "browser": null, "browser-platform": null, "browser-version": null}
{"method": "POST", "path": "/mondrian/saiku/authorize", "endpoint": "py_mondrian.saiku_authorize", "view-args": {}, "status": 200, "user": "35675e68f4b5af7b@localhost", "timestamp": "2019-04-04T15:54:29.676945", "browser": null, "browser-platform": null, "browser-version": null}
{"method": "POST", "path": "/data-sets/.distribution-chart-0", "endpoint": "data_sets.distribution_chart", "view-args": {"pos": 0}, "status": 200, "user": "3a124aa353c70160@lampenwelt.de", "timestamp": "2019-04-04T15:56:32.757052", "browser": "chrome", "browser-platform": "windows", "browser-version": "73.0.3683.86"}
{"method": "POST", "path": "/data-sets/.filter-row-count-0", "endpoint": "data_sets.filter_row_count", "view-args": {"filter_pos": 0}, "status": 200, "user": "3a124aa353c70160@lampenwelt.de", "timestamp": "2019-04-04T15:56:32.768504", "browser": "chrome", "browser-platform": "windows", "browser-version": "73.0.3683.86"}
{"method": "POST", "path": "/data-sets/.distribution-chart-1", "endpoint": "data_sets.distribution_chart", "view-args": {"pos": 1}, "status": 200, "user": "3a124aa353c70160@lampenwelt.de", "timestamp": "2019-04-04T15:56:32.870803", "browser": "chrome", "browser-platform": "windows", "browser-version": "73.0.3683.86"}
{"method": "POST", "path": "/data-sets/.distribution-chart-2", "endpoint": "data_sets.distribution_chart", "view-args": {"pos": 2}, "status": 200, "user": "3a124aa353c70160@lampenwelt.de", "timestamp": "2019-04-04T15:56:33.614104", "browser": "chrome", "browser-platform": "windows", "browser-version": "73.0.3683.86"}
{"method": "POST", "path": "/data-sets/.distribution-chart-4", "endpoint": "data_sets.distribution_chart", "view-args": {"pos": 4}, "status": 200, "user": "3a124aa353c70160@lampenwelt.de", "timestamp": "2019-04-04T15:56:33.630305", "browser": "chrome", "browser-platform": "windows", "browser-version": "73.0.3683.86"}
{"method": "POST", "path": "/data-sets/.distribution-chart-5", "endpoint": "data_sets.distribution_chart", "view-args": {"pos": 5}, "status": 200, "user": "3a124aa353c70160@lampenwelt.de", "timestamp": "2019-04-04T15:56:34.318077", "browser": "chrome", "browser-platform": "windows", "browser-version": "73.0.3683.86"}
{"method": "POST", "path": "/data-sets/.distribution-chart-6", "endpoint": "data_sets.distribution_chart", "view-args": {"pos": 6}, "status": 200, "user": "3a124aa353c70160@lampenwelt.de", "timestamp": "2019-04-04T15:56:34.438194", "browser": "chrome", "browser-platform": "windows", "browser-version": "73.0.3683.86"}
{"method": "POST", "path": "/data-sets/.preview", "endpoint": "data_sets.preview", "view-args": {}, "status": 200, "user": "3a124aa353c70160@lampenwelt.de", "timestamp": "2019-04-04T15:56:34.551027", "browser": "chrome", "browser-platform": "windows", "browser-version": "73.0.3683.86"}
{"method": "POST", "path": "/data-sets/.distribution-chart-7", "endpoint": "data_sets.distribution_chart", "view-args": {"pos": 7}, "status": 200, "user": "3a124aa353c70160@lampenwelt.de", "timestamp": "2019-04-04T15:56:35.106921", "browser": "chrome", "browser-platform": "windows", "browser-version": "73.0.3683.86"}
{"method": "POST", "path": "/data-sets/.distribution-chart-13", "endpoint": "data_sets.distribution_chart", "view-args": {"pos": 13}, "status": 200, "user": "3a124aa353c70160@lampenwelt.de", "timestamp": "2019-04-04T15:56:35.342130", "browser": "chrome", "browser-platform": "windows", "browser-version": "73.0.3683.86"}
{"method": "POST", "path": "/data-sets/.distribution-chart-14", "endpoint": "data_sets.distribution_chart", "view-args": {"pos": 14}, "status": 200, "user": "3a124aa353c70160@lampenwelt.de", "timestamp": "2019-04-04T15:56:35.399717", "browser": "chrome", "browser-platform": "windows", "browser-version": "73.0.3683.86"}
{"method": "POST", "path": "/data-sets/.distribution-chart-37", "endpoint": "data_sets.distribution_chart", "view-args": {"pos": 37}, "status": 200, "user": "3a124aa353c70160@lampenwelt.de", "timestamp": "2019-04-04T15:56:35.871451", "browser": "chrome", "browser-platform": "windows", "browser-version": "73.0.3683.86"}
{"method": "POST", "path": "/data-sets/.distribution-chart-38", "endpoint": "data_sets.distribution_chart", "view-args": {"pos": 38}, "status": 200, "user": "3a124aa353c70160@lampenwelt.de", "timestamp": "2019-04-04T15:56:36.225085", "browser": "chrome", "browser-platform": "windows", "browser-version": "73.0.3683.86"}
{"method": "POST", "path": "/data-sets/.distribution-chart-39", "endpoint": "data_sets.distribution_chart", "view-args": {"pos": 39}, "status": 200, "user": "3a124aa353c70160@lampenwelt.de", "timestamp": "2019-04-04T15:56:36.319465", "browser": "chrome", "browser-platform": "windows", "browser-version": "73.0.3683.86"}
{"method": "POST", "path": "/data-sets/.row-count", "endpoint": "data_sets.row_count", "view-args": {}, "status": 200, "user": "3a124aa353c70160@lampenwelt.de", "timestamp": "2019-04-04T15:56:36.678911", "browser": "chrome", "browser-platform": "windows", "browser-version": "73.0.3683.86"}
