{"method": "GET", "path": "/dashboards/sales-comparison", "endpoint": "dashboards.view_dashboard", "view-args": {"id": "sales-comparison"}, "status": 200, "user": "2945b89f775d264f@lampenwelt.de", "timestamp": "2019-03-13T07:41:19.220775", "browser": "chrome", "browser-platform": "windows", "browser-version": "72.0.3626.121"}
{"method": "GET", "path": "/dashboards/_render_async_sql_query/8d610ac4-f92e-43ad-ac60-37f28d539d53", "endpoint": "dashboards.render_async_sql_query", "view-args": {"id": "8d610ac4-f92e-43ad-ac60-37f28d539d53"}, "status": 200, "user": "2945b89f775d264f@lampenwelt.de", "timestamp": "2019-03-13T07:41:19.662134", "browser": "chrome", "browser-platform": "windows", "browser-version": "72.0.3626.121"}
{"method": "GET", "path": "/dashboards/_last_marketing_cost/sales-comparison", "endpoint": "dashboards.last_marketing_cost", "view-args": {"id": "sales-comparison"}, "status": 200, "user": "2945b89f775d264f@lampenwelt.de", "timestamp": "2019-03-13T07:41:19.670257", "browser": "chrome", "browser-platform": "windows", "browser-version": "72.0.3626.121"}
{"method": "GET", "path": "/dashboards/_last_successful_import", "endpoint": "dashboards.last_successful_import", "view-args": {}, "status": 200, "user": "2945b89f775d264f@lampenwelt.de", "timestamp": "2019-03-13T07:41:19.664379", "browser": "chrome", "browser-platform": "windows", "browser-version": "72.0.3626.121"}
{"method": "GET", "path": "/dashboards/_render_async_sql_query/944c983c-4dfe-44fb-a96b-1acaeb10697b", "endpoint": "dashboards.render_async_sql_query", "view-args": {"id": "944c983c-4dfe-44fb-a96b-1acaeb10697b"}, "status": 200, "user": "2945b89f775d264f@lampenwelt.de", "timestamp": "2019-03-13T07:41:19.671243", "browser": "chrome", "browser-platform": "windows", "browser-version": "72.0.3626.121"}
{"method": "POST", "path": "/dashboards/sales-comparison", "endpoint": "dashboards.view_dashboard", "view-args": {"id": "sales-comparison"}, "status": 200, "user": "2945b89f775d264f@lampenwelt.de", "timestamp": "2019-03-13T07:41:26.263972", "browser": "chrome", "browser-platform": "windows", "browser-version": "72.0.3626.121"}
{"method": "GET", "path": "/dashboards/_last_successful_import", "endpoint": "dashboards.last_successful_import", "view-args": {}, "status": 200, "user": "2945b89f775d264f@lampenwelt.de", "timestamp": "2019-03-13T07:41:26.420883", "browser": "chrome", "browser-platform": "windows", "browser-version": "72.0.3626.121"}
{"method": "GET", "path": "/dashboards/_last_marketing_cost/sales-comparison", "endpoint": "dashboards.last_marketing_cost", "view-args": {"id": "sales-comparison"}, "status": 200, "user": "2945b89f775d264f@lampenwelt.de", "timestamp": "2019-03-13T07:41:26.429861", "browser": "chrome", "browser-platform": "windows", "browser-version": "72.0.3626.121"}
{"method": "GET", "path": "/dashboards/_render_async_sql_query/026d6bcf-e097-41d5-bed3-119ee83c541c", "endpoint": "dashboards.render_async_sql_query", "view-args": {"id": "026d6bcf-e097-41d5-bed3-119ee83c541c"}, "status": 200, "user": "2945b89f775d264f@lampenwelt.de", "timestamp": "2019-03-13T07:41:26.452345", "browser": "chrome", "browser-platform": "windows", "browser-version": "72.0.3626.121"}
{"method": "GET", "path": "/dashboards/_render_async_sql_query/3e84759e-8c57-420d-ad73-2ebd828a7575", "endpoint": "dashboards.render_async_sql_query", "view-args": {"id": "3e84759e-8c57-420d-ad73-2ebd828a7575"}, "status": 200, "user": "2945b89f775d264f@lampenwelt.de", "timestamp": "2019-03-13T07:41:26.460485", "browser": "chrome", "browser-platform": "windows", "browser-version": "72.0.3626.121"}
{"method": "GET", "path": "/dashboards/marketing-overview", "endpoint": "dashboards.view_dashboard", "view-args": {"id": "marketing-overview"}, "status": 200, "user": "5b0cbd07d7e145a9@lampenwelt.de", "timestamp": "2019-03-13T07:44:54.784972", "browser": "chrome", "browser-platform": "windows", "browser-version": "72.0.3626.121"}
{"method": "GET", "path": "/dashboards/_render_async_sql_query/02f8ca12-8f3a-454a-9a01-8eea6ef92b36", "endpoint": "dashboards.render_async_sql_query", "view-args": {"id": "02f8ca12-8f3a-454a-9a01-8eea6ef92b36"}, "status": 200, "user": "5b0cbd07d7e145a9@lampenwelt.de", "timestamp": "2019-03-13T07:44:55.403872", "browser": "chrome", "browser-platform": "windows", "browser-version": "72.0.3626.121"}
{"method": "GET", "path": "/dashboards/_render_async_sql_query/442e0877-822e-4dac-85bd-b562a4e8c24b", "endpoint": "dashboards.render_async_sql_query", "view-args": {"id": "442e0877-822e-4dac-85bd-b562a4e8c24b"}, "status": 200, "user": "5b0cbd07d7e145a9@lampenwelt.de", "timestamp": "2019-03-13T07:44:55.410858", "browser": "chrome", "browser-platform": "windows", "browser-version": "72.0.3626.121"}
{"method": "GET", "path": "/dashboards/_render_async_sql_query/b4788673-c802-49c1-bc04-620a127cc791", "endpoint": "dashboards.render_async_sql_query", "view-args": {"id": "b4788673-c802-49c1-bc04-620a127cc791"}, "status": 200, "user": "5b0cbd07d7e145a9@lampenwelt.de", "timestamp": "2019-03-13T07:44:55.411655", "browser": "chrome", "browser-platform": "windows", "browser-version": "72.0.3626.121"}
{"method": "GET", "path": "/dashboards/_last_successful_import", "endpoint": "dashboards.last_successful_import", "view-args": {}, "status": 200, "user": "5b0cbd07d7e145a9@lampenwelt.de", "timestamp": "2019-03-13T07:44:55.429629", "browser": "chrome", "browser-platform": "windows", "browser-version": "72.0.3626.121"}
{"method": "GET", "path": "/dashboards/_render_async_sql_query/84eaf98f-d9f7-497b-bddc-dd545b59781e", "endpoint": "dashboards.render_async_sql_query", "view-args": {"id": "84eaf98f-d9f7-497b-bddc-dd545b59781e"}, "status": 200, "user": "5b0cbd07d7e145a9@lampenwelt.de", "timestamp": "2019-03-13T07:44:55.431750", "browser": "chrome", "browser-platform": "windows", "browser-version": "72.0.3626.121"}
{"method": "GET", "path": "/dashboards/_last_marketing_cost/marketing-overview", "endpoint": "dashboards.last_marketing_cost", "view-args": {"id": "marketing-overview"}, "status": 200, "user": "5b0cbd07d7e145a9@lampenwelt.de", "timestamp": "2019-03-13T07:44:55.474501", "browser": "chrome", "browser-platform": "windows", "browser-version": "72.0.3626.121"}
{"method": "GET", "path": "/dashboards/_render_async_sql_query/98771f58-4add-4f0c-8973-7969c05d16a7", "endpoint": "dashboards.render_async_sql_query", "view-args": {"id": "98771f58-4add-4f0c-8973-7969c05d16a7"}, "status": 200, "user": "5b0cbd07d7e145a9@lampenwelt.de", "timestamp": "2019-03-13T07:44:55.492080", "browser": "chrome", "browser-platform": "windows", "browser-version": "72.0.3626.121"}
{"method": "GET", "path": "/dashboards/_render_async_sql_query/f2d12da3-b908-406f-8599-22419a75b99a", "endpoint": "dashboards.render_async_sql_query", "view-args": {"id": "f2d12da3-b908-406f-8599-22419a75b99a"}, "status": 200, "user": "5b0cbd07d7e145a9@lampenwelt.de", "timestamp": "2019-03-13T07:44:55.492721", "browser": "chrome", "browser-platform": "windows", "browser-version": "72.0.3626.121"}
{"method": "GET", "path": "/dashboards/_render_async_sql_query/b58de1be-611e-4280-a562-e1d2ad043ab8", "endpoint": "dashboards.render_async_sql_query", "view-args": {"id": "b58de1be-611e-4280-a562-e1d2ad043ab8"}, "status": 200, "user": "5b0cbd07d7e145a9@lampenwelt.de", "timestamp": "2019-03-13T07:44:55.501793", "browser": "chrome", "browser-platform": "windows", "browser-version": "72.0.3626.121"}
{"method": "GET", "path": "/dashboards/_render_async_sql_query/ec3e8152-320c-46ec-864f-8e9743becd02", "endpoint": "dashboards.render_async_sql_query", "view-args": {"id": "ec3e8152-320c-46ec-864f-8e9743becd02"}, "status": 200, "user": "5b0cbd07d7e145a9@lampenwelt.de", "timestamp": "2019-03-13T07:44:55.519339", "browser": "chrome", "browser-platform": "windows", "browser-version": "72.0.3626.121"}
{"method": "GET", "path": "/dashboards/_render_async_sql_query/ac826959-9564-43c4-b948-08312a246cc3", "endpoint": "dashboards.render_async_sql_query", "view-args": {"id": "ac826959-9564-43c4-b948-08312a246cc3"}, "status": 200, "user": "5b0cbd07d7e145a9@lampenwelt.de", "timestamp": "2019-03-13T07:44:55.530899", "browser": "chrome", "browser-platform": "windows", "browser-version": "72.0.3626.121"}
{"method": "GET", "path": "/dashboards/_render_async_sql_query/45c9e646-53bc-4e89-b3d2-bd43611f49be", "endpoint": "dashboards.render_async_sql_query", "view-args": {"id": "45c9e646-53bc-4e89-b3d2-bd43611f49be"}, "status": 200, "user": "5b0cbd07d7e145a9@lampenwelt.de", "timestamp": "2019-03-13T07:44:55.531041", "browser": "chrome", "browser-platform": "windows", "browser-version": "72.0.3626.121"}
{"method": "GET", "path": "/dashboards/_render_async_sql_query/ae3efe61-3f50-4bbc-8d56-7e17e65c6c54", "endpoint": "dashboards.render_async_sql_query", "view-args": {"id": "ae3efe61-3f50-4bbc-8d56-7e17e65c6c54"}, "status": 200, "user": "5b0cbd07d7e145a9@lampenwelt.de", "timestamp": "2019-03-13T07:44:55.544814", "browser": "chrome", "browser-platform": "windows", "browser-version": "72.0.3626.121"}
{"method": "GET", "path": "/dashboards/_render_async_sql_query/26418fd2-74ba-4363-99ee-9611fcfc8c31", "endpoint": "dashboards.render_async_sql_query", "view-args": {"id": "26418fd2-74ba-4363-99ee-9611fcfc8c31"}, "status": 200, "user": "5b0cbd07d7e145a9@lampenwelt.de", "timestamp": "2019-03-13T07:44:55.565868", "browser": "chrome", "browser-platform": "windows", "browser-version": "72.0.3626.121"}
{"method": "GET", "path": "/dashboards/_render_async_sql_query/8f5e3daa-9fe7-4008-a74a-f73612eb524f", "endpoint": "dashboards.render_async_sql_query", "view-args": {"id": "8f5e3daa-9fe7-4008-a74a-f73612eb524f"}, "status": 200, "user": "5b0cbd07d7e145a9@lampenwelt.de", "timestamp": "2019-03-13T07:44:55.569049", "browser": "chrome", "browser-platform": "windows", "browser-version": "72.0.3626.121"}
{"method": "GET", "path": "/dashboards/_render_async_sql_query/3c71b853-aefa-40fa-b202-bf75b2923c29", "endpoint": "dashboards.render_async_sql_query", "view-args": {"id": "3c71b853-aefa-40fa-b202-bf75b2923c29"}, "status": 200, "user": "5b0cbd07d7e145a9@lampenwelt.de", "timestamp": "2019-03-13T07:44:55.572402", "browser": "chrome", "browser-platform": "windows", "browser-version": "72.0.3626.121"}
{"method": "GET", "path": "/dashboards/_render_async_sql_query/720df05b-e2dd-44c8-9e46-756c2148d4b7", "endpoint": "dashboards.render_async_sql_query", "view-args": {"id": "720df05b-e2dd-44c8-9e46-756c2148d4b7"}, "status": 200, "user": "5b0cbd07d7e145a9@lampenwelt.de", "timestamp": "2019-03-13T07:44:55.598243", "browser": "chrome", "browser-platform": "windows", "browser-version": "72.0.3626.121"}
{"method": "GET", "path": "/dashboards/_render_async_sql_query/b219f194-e86c-4609-895f-a3f7d9c78088", "endpoint": "dashboards.render_async_sql_query", "view-args": {"id": "b219f194-e86c-4609-895f-a3f7d9c78088"}, "status": 200, "user": "5b0cbd07d7e145a9@lampenwelt.de", "timestamp": "2019-03-13T07:44:55.805236", "browser": "chrome", "browser-platform": "windows", "browser-version": "72.0.3626.121"}
{"method": "POST", "path": "/dashboards/marketing-overview", "endpoint": "dashboards.view_dashboard", "view-args": {"id": "marketing-overview"}, "status": 200, "user": "5b0cbd07d7e145a9@lampenwelt.de", "timestamp": "2019-03-13T07:45:15.465488", "browser": "chrome", "browser-platform": "windows", "browser-version": "72.0.3626.121"}
{"method": "GET", "path": "/dashboards/_render_async_sql_query/ff936bb1-5baf-4249-9bb0-389d9ceead8f", "endpoint": "dashboards.render_async_sql_query", "view-args": {"id": "ff936bb1-5baf-4249-9bb0-389d9ceead8f"}, "status": 200, "user": "5b0cbd07d7e145a9@lampenwelt.de", "timestamp": "2019-03-13T07:45:20.315241", "browser": "chrome", "browser-platform": "windows", "browser-version": "72.0.3626.121"}
{"method": "GET", "path": "/dashboards/_render_async_sql_query/b1aa5734-a2ab-4c7a-9fd3-e05b2459224e", "endpoint": "dashboards.render_async_sql_query", "view-args": {"id": "b1aa5734-a2ab-4c7a-9fd3-e05b2459224e"}, "status": 200, "user": "5b0cbd07d7e145a9@lampenwelt.de", "timestamp": "2019-03-13T07:45:20.903470", "browser": "chrome", "browser-platform": "windows", "browser-version": "72.0.3626.121"}
{"method": "GET", "path": "/dashboards/_last_successful_import", "endpoint": "dashboards.last_successful_import", "view-args": {}, "status": 200, "user": "5b0cbd07d7e145a9@lampenwelt.de", "timestamp": "2019-03-13T07:45:20.923038", "browser": "chrome", "browser-platform": "windows", "browser-version": "72.0.3626.121"}
{"method": "GET", "path": "/dashboards/_last_marketing_cost/marketing-overview", "endpoint": "dashboards.last_marketing_cost", "view-args": {"id": "marketing-overview"}, "status": 200, "user": "5b0cbd07d7e145a9@lampenwelt.de", "timestamp": "2019-03-13T07:45:20.942550", "browser": "chrome", "browser-platform": "windows", "browser-version": "72.0.3626.121"}
{"method": "GET", "path": "/dashboards/_render_async_sql_query/7a43955f-e3a3-4ab2-a834-91d739a261c1", "endpoint": "dashboards.render_async_sql_query", "view-args": {"id": "7a43955f-e3a3-4ab2-a834-91d739a261c1"}, "status": 200, "user": "5b0cbd07d7e145a9@lampenwelt.de", "timestamp": "2019-03-13T07:45:21.429838", "browser": "chrome", "browser-platform": "windows", "browser-version": "72.0.3626.121"}
{"method": "GET", "path": "/dashboards/_render_async_sql_query/ea116271-fa88-49f9-8bcb-85de81c057bc", "endpoint": "dashboards.render_async_sql_query", "view-args": {"id": "ea116271-fa88-49f9-8bcb-85de81c057bc"}, "status": 200, "user": "5b0cbd07d7e145a9@lampenwelt.de", "timestamp": "2019-03-13T07:45:25.574808", "browser": "chrome", "browser-platform": "windows", "browser-version": "72.0.3626.121"}
{"method": "GET", "path": "/dashboards/_render_async_sql_query/5607ad63-1ef3-45d4-b4b7-65a9de7ba425", "endpoint": "dashboards.render_async_sql_query", "view-args": {"id": "5607ad63-1ef3-45d4-b4b7-65a9de7ba425"}, "status": 200, "user": "5b0cbd07d7e145a9@lampenwelt.de", "timestamp": "2019-03-13T07:45:25.873940", "browser": "chrome", "browser-platform": "windows", "browser-version": "72.0.3626.121"}
{"method": "GET", "path": "/dashboards/_render_async_sql_query/c15b108e-80fb-4e18-b7f8-2162fcd6390e", "endpoint": "dashboards.render_async_sql_query", "view-args": {"id": "c15b108e-80fb-4e18-b7f8-2162fcd6390e"}, "status": 200, "user": "5b0cbd07d7e145a9@lampenwelt.de", "timestamp": "2019-03-13T07:45:26.976276", "browser": "chrome", "browser-platform": "windows", "browser-version": "72.0.3626.121"}
{"method": "GET", "path": "/dashboards/_render_async_sql_query/179f989d-7786-4c58-aa4b-0111eb5fad5a", "endpoint": "dashboards.render_async_sql_query", "view-args": {"id": "179f989d-7786-4c58-aa4b-0111eb5fad5a"}, "status": 200, "user": "5b0cbd07d7e145a9@lampenwelt.de", "timestamp": "2019-03-13T07:45:30.721493", "browser": "chrome", "browser-platform": "windows", "browser-version": "72.0.3626.121"}
{"method": "GET", "path": "/dashboards/_render_async_sql_query/4ce36117-ca85-4e19-941d-f2941dd049ba", "endpoint": "dashboards.render_async_sql_query", "view-args": {"id": "4ce36117-ca85-4e19-941d-f2941dd049ba"}, "status": 200, "user": "5b0cbd07d7e145a9@lampenwelt.de", "timestamp": "2019-03-13T07:45:31.306794", "browser": "chrome", "browser-platform": "windows", "browser-version": "72.0.3626.121"}
{"method": "GET", "path": "/dashboards/_render_async_sql_query/404d4da1-5e72-4745-8a67-a5e78f6b5472", "endpoint": "dashboards.render_async_sql_query", "view-args": {"id": "404d4da1-5e72-4745-8a67-a5e78f6b5472"}, "status": 200, "user": "5b0cbd07d7e145a9@lampenwelt.de", "timestamp": "2019-03-13T07:45:35.109493", "browser": "chrome", "browser-platform": "windows", "browser-version": "72.0.3626.121"}
{"method": "GET", "path": "/dashboards/_render_async_sql_query/8aed432d-d66e-4c72-87ce-61fac4fdced8", "endpoint": "dashboards.render_async_sql_query", "view-args": {"id": "8aed432d-d66e-4c72-87ce-61fac4fdced8"}, "status": 200, "user": "5b0cbd07d7e145a9@lampenwelt.de", "timestamp": "2019-03-13T07:45:35.644311", "browser": "chrome", "browser-platform": "windows", "browser-version": "72.0.3626.121"}
{"method": "GET", "path": "/dashboards/_render_async_sql_query/0884de31-d1ee-48dc-927b-69c369f675a0", "endpoint": "dashboards.render_async_sql_query", "view-args": {"id": "0884de31-d1ee-48dc-927b-69c369f675a0"}, "status": 200, "user": "5b0cbd07d7e145a9@lampenwelt.de", "timestamp": "2019-03-13T07:45:36.097561", "browser": "chrome", "browser-platform": "windows", "browser-version": "72.0.3626.121"}
{"method": "GET", "path": "/dashboards/_render_async_sql_query/98335821-b6be-4e28-abb4-ff299e12a2f7", "endpoint": "dashboards.render_async_sql_query", "view-args": {"id": "98335821-b6be-4e28-abb4-ff299e12a2f7"}, "status": 200, "user": "5b0cbd07d7e145a9@lampenwelt.de", "timestamp": "2019-03-13T07:45:37.957127", "browser": "chrome", "browser-platform": "windows", "browser-version": "72.0.3626.121"}
{"method": "GET", "path": "/dashboards/marketing-sea-scorecard", "endpoint": "dashboards.view_dashboard", "view-args": {"id": "marketing-sea-scorecard"}, "status": 200, "user": "5b0cbd07d7e145a9@lampenwelt.de", "timestamp": "2019-03-13T07:45:38.263416", "browser": "chrome", "browser-platform": "windows", "browser-version": "72.0.3626.121"}
{"method": "GET", "path": "/dashboards/_render_async_sql_query/d83bf347-fe58-4900-a39f-87d160bf1471", "endpoint": "dashboards.render_async_sql_query", "view-args": {"id": "d83bf347-fe58-4900-a39f-87d160bf1471"}, "status": 200, "user": "5b0cbd07d7e145a9@lampenwelt.de", "timestamp": "2019-03-13T07:45:38.675915", "browser": "chrome", "browser-platform": "windows", "browser-version": "72.0.3626.121"}
{"method": "GET", "path": "/dashboards/_render_async_sql_query/ef1d9531-b789-40a9-aac0-61fc13c3caba", "endpoint": "dashboards.render_async_sql_query", "view-args": {"id": "ef1d9531-b789-40a9-aac0-61fc13c3caba"}, "status": 200, "user": "5b0cbd07d7e145a9@lampenwelt.de", "timestamp": "2019-03-13T07:45:44.142828", "browser": "chrome", "browser-platform": "windows", "browser-version": "72.0.3626.121"}
{"method": "GET", "path": "/dashboards/marketing-sea-scorecard", "endpoint": "dashboards.view_dashboard", "view-args": {"id": "marketing-sea-scorecard"}, "status": 200, "user": "5b0cbd07d7e145a9@lampenwelt.de", "timestamp": "2019-03-13T07:45:44.452462", "browser": "chrome", "browser-platform": "windows", "browser-version": "72.0.3626.121"}
{"method": "GET", "path": "/dashboards/_render_async_sql_query/92ecce66-6f4c-436c-9f15-3c6e585a3288", "endpoint": "dashboards.render_async_sql_query", "view-args": {"id": "92ecce66-6f4c-436c-9f15-3c6e585a3288"}, "status": 200, "user": "5b0cbd07d7e145a9@lampenwelt.de", "timestamp": "2019-03-13T07:45:44.677262", "browser": "chrome", "browser-platform": "windows", "browser-version": "72.0.3626.121"}
{"method": "GET", "path": "/dashboards/marketing-sea-scorecard", "endpoint": "dashboards.view_dashboard", "view-args": {"id": "marketing-sea-scorecard"}, "status": 200, "user": "5b0cbd07d7e145a9@lampenwelt.de", "timestamp": "2019-03-13T07:45:44.808207", "browser": "chrome", "browser-platform": "windows", "browser-version": "72.0.3626.121"}
{"method": "GET", "path": "/dashboards/marketing-sea-scorecard", "endpoint": "dashboards.view_dashboard", "view-args": {"id": "marketing-sea-scorecard"}, "status": 200, "user": "5b0cbd07d7e145a9@lampenwelt.de", "timestamp": "2019-03-13T07:45:44.997410", "browser": "chrome", "browser-platform": "windows", "browser-version": "72.0.3626.121"}
{"method": "GET", "path": "/dashboards/marketing-country-overview", "endpoint": "dashboards.view_dashboard", "view-args": {"id": "marketing-country-overview"}, "status": 200, "user": "5b0cbd07d7e145a9@lampenwelt.de", "timestamp": "2019-03-13T07:45:45.154708", "browser": "chrome", "browser-platform": "windows", "browser-version": "72.0.3626.121"}
{"method": "GET", "path": "/dashboards/marketing-country-overview", "endpoint": "dashboards.view_dashboard", "view-args": {"id": "marketing-country-overview"}, "status": 200, "user": "5b0cbd07d7e145a9@lampenwelt.de", "timestamp": "2019-03-13T07:45:45.388190", "browser": "chrome", "browser-platform": "windows", "browser-version": "72.0.3626.121"}
{"method": "GET", "path": "/dashboards/marketing-country-overview", "endpoint": "dashboards.view_dashboard", "view-args": {"id": "marketing-country-overview"}, "status": 200, "user": "5b0cbd07d7e145a9@lampenwelt.de", "timestamp": "2019-03-13T07:45:45.502779", "browser": "chrome", "browser-platform": "windows", "browser-version": "72.0.3626.121"}
{"method": "GET", "path": "/dashboards/_render_async_sql_query/c82d7e3e-96a0-412d-bc5f-70cffcbdcb5f", "endpoint": "dashboards.render_async_sql_query", "view-args": {"id": "c82d7e3e-96a0-412d-bc5f-70cffcbdcb5f"}, "status": 200, "user": "5b0cbd07d7e145a9@lampenwelt.de", "timestamp": "2019-03-13T07:45:45.541768", "browser": "chrome", "browser-platform": "windows", "browser-version": "72.0.3626.121"}
{"method": "GET", "path": "/dashboards/_render_async_sql_query/710bed98-4b1e-48de-b637-ec97ad974ff0", "endpoint": "dashboards.render_async_sql_query", "view-args": {"id": "710bed98-4b1e-48de-b637-ec97ad974ff0"}, "status": 200, "user": "5b0cbd07d7e145a9@lampenwelt.de", "timestamp": "2019-03-13T07:45:45.829044", "browser": "chrome", "browser-platform": "windows", "browser-version": "72.0.3626.121"}
{"method": "GET", "path": "/dashboards/_render_async_sql_query/66d8cede-db3d-4d80-8d31-84508e7e20d4", "endpoint": "dashboards.render_async_sql_query", "view-args": {"id": "66d8cede-db3d-4d80-8d31-84508e7e20d4"}, "status": 200, "user": "5b0cbd07d7e145a9@lampenwelt.de", "timestamp": "2019-03-13T07:45:45.829932", "browser": "chrome", "browser-platform": "windows", "browser-version": "72.0.3626.121"}
{"method": "GET", "path": "/dashboards/_render_async_sql_query/7a0a8fd6-2330-4471-b273-e74f63e65898", "endpoint": "dashboards.render_async_sql_query", "view-args": {"id": "7a0a8fd6-2330-4471-b273-e74f63e65898"}, "status": 200, "user": "5b0cbd07d7e145a9@lampenwelt.de", "timestamp": "2019-03-13T07:45:45.832468", "browser": "chrome", "browser-platform": "windows", "browser-version": "72.0.3626.121"}
{"method": "GET", "path": "/dashboards/_last_successful_import", "endpoint": "dashboards.last_successful_import", "view-args": {}, "status": 200, "user": "5b0cbd07d7e145a9@lampenwelt.de", "timestamp": "2019-03-13T07:45:45.848461", "browser": "chrome", "browser-platform": "windows", "browser-version": "72.0.3626.121"}
{"method": "GET", "path": "/dashboards/_last_marketing_cost/marketing-country-overview", "endpoint": "dashboards.last_marketing_cost", "view-args": {"id": "marketing-country-overview"}, "status": 200, "user": "5b0cbd07d7e145a9@lampenwelt.de", "timestamp": "2019-03-13T07:45:45.850862", "browser": "chrome", "browser-platform": "windows", "browser-version": "72.0.3626.121"}
{"method": "GET", "path": "/dashboards/_render_async_sql_query/376f4c81-6741-414b-b31d-abd5776c04b1", "endpoint": "dashboards.render_async_sql_query", "view-args": {"id": "376f4c81-6741-414b-b31d-abd5776c04b1"}, "status": 200, "user": "5b0cbd07d7e145a9@lampenwelt.de", "timestamp": "2019-03-13T07:45:45.855649", "browser": "chrome", "browser-platform": "windows", "browser-version": "72.0.3626.121"}
{"method": "GET", "path": "/dashboards/_render_async_sql_query/a32dd830-83ff-429b-8e9e-e1fdf7af071a", "endpoint": "dashboards.render_async_sql_query", "view-args": {"id": "a32dd830-83ff-429b-8e9e-e1fdf7af071a"}, "status": 200, "user": "5b0cbd07d7e145a9@lampenwelt.de", "timestamp": "2019-03-13T07:45:45.924708", "browser": "chrome", "browser-platform": "windows", "browser-version": "72.0.3626.121"}
{"method": "GET", "path": "/dashboards/_render_async_sql_query/ab39ea3b-b340-4880-8753-ded2f4351045", "endpoint": "dashboards.render_async_sql_query", "view-args": {"id": "ab39ea3b-b340-4880-8753-ded2f4351045"}, "status": 200, "user": "5b0cbd07d7e145a9@lampenwelt.de", "timestamp": "2019-03-13T07:45:45.931563", "browser": "chrome", "browser-platform": "windows", "browser-version": "72.0.3626.121"}
{"method": "GET", "path": "/dashboards/_render_async_sql_query/2c37d533-d9b8-4650-b4fc-74ec850b99ba", "endpoint": "dashboards.render_async_sql_query", "view-args": {"id": "2c37d533-d9b8-4650-b4fc-74ec850b99ba"}, "status": 200, "user": "5b0cbd07d7e145a9@lampenwelt.de", "timestamp": "2019-03-13T07:45:45.932921", "browser": "chrome", "browser-platform": "windows", "browser-version": "72.0.3626.121"}
{"method": "GET", "path": "/dashboards/_render_async_sql_query/b48acfbe-fa51-4ff2-a106-32334d92b2a0", "endpoint": "dashboards.render_async_sql_query", "view-args": {"id": "b48acfbe-fa51-4ff2-a106-32334d92b2a0"}, "status": 200, "user": "5b0cbd07d7e145a9@lampenwelt.de", "timestamp": "2019-03-13T07:45:45.997393", "browser": "chrome", "browser-platform": "windows", "browser-version": "72.0.3626.121"}
{"method": "GET", "path": "/dashboards/_render_async_sql_query/1ac63094-aff7-4ff7-8a7c-e95b5cb9cddd", "endpoint": "dashboards.render_async_sql_query", "view-args": {"id": "1ac63094-aff7-4ff7-8a7c-e95b5cb9cddd"}, "status": 200, "user": "5b0cbd07d7e145a9@lampenwelt.de", "timestamp": "2019-03-13T07:45:46.008190", "browser": "chrome", "browser-platform": "windows", "browser-version": "72.0.3626.121"}
{"method": "GET", "path": "/dashboards/_render_async_sql_query/add9dbb3-c682-490a-a456-fad84eb4c3f5", "endpoint": "dashboards.render_async_sql_query", "view-args": {"id": "add9dbb3-c682-490a-a456-fad84eb4c3f5"}, "status": 200, "user": "5b0cbd07d7e145a9@lampenwelt.de", "timestamp": "2019-03-13T07:45:46.009765", "browser": "chrome", "browser-platform": "windows", "browser-version": "72.0.3626.121"}
{"method": "GET", "path": "/dashboards/_render_async_sql_query/77ab8426-5a39-49f8-b918-f0f493a436b1", "endpoint": "dashboards.render_async_sql_query", "view-args": {"id": "77ab8426-5a39-49f8-b918-f0f493a436b1"}, "status": 200, "user": "5b0cbd07d7e145a9@lampenwelt.de", "timestamp": "2019-03-13T07:45:46.023197", "browser": "chrome", "browser-platform": "windows", "browser-version": "72.0.3626.121"}
{"method": "GET", "path": "/dashboards/_render_async_sql_query/e2825f8b-bb1c-4b25-a6bc-0bc13f5b6f22", "endpoint": "dashboards.render_async_sql_query", "view-args": {"id": "e2825f8b-bb1c-4b25-a6bc-0bc13f5b6f22"}, "status": 200, "user": "5b0cbd07d7e145a9@lampenwelt.de", "timestamp": "2019-03-13T07:45:46.077136", "browser": "chrome", "browser-platform": "windows", "browser-version": "72.0.3626.121"}
{"method": "GET", "path": "/dashboards/_render_async_sql_query/94e3261f-f2e4-437b-ab94-0ae8e7ffe87c", "endpoint": "dashboards.render_async_sql_query", "view-args": {"id": "94e3261f-f2e4-437b-ab94-0ae8e7ffe87c"}, "status": 200, "user": "5b0cbd07d7e145a9@lampenwelt.de", "timestamp": "2019-03-13T07:45:46.078293", "browser": "chrome", "browser-platform": "windows", "browser-version": "72.0.3626.121"}
{"method": "GET", "path": "/dashboards/_render_async_sql_query/d89b8be8-c48f-4263-976d-9793c6d21cca", "endpoint": "dashboards.render_async_sql_query", "view-args": {"id": "d89b8be8-c48f-4263-976d-9793c6d21cca"}, "status": 200, "user": "5b0cbd07d7e145a9@lampenwelt.de", "timestamp": "2019-03-13T07:45:46.085431", "browser": "chrome", "browser-platform": "windows", "browser-version": "72.0.3626.121"}
{"method": "GET", "path": "/dashboards/_render_async_sql_query/bc28158f-828c-485a-bc2a-8264a631a7cd", "endpoint": "dashboards.render_async_sql_query", "view-args": {"id": "bc28158f-828c-485a-bc2a-8264a631a7cd"}, "status": 200, "user": "5b0cbd07d7e145a9@lampenwelt.de", "timestamp": "2019-03-13T07:45:46.103797", "browser": "chrome", "browser-platform": "windows", "browser-version": "72.0.3626.121"}
{"method": "GET", "path": "/dashboards/_render_async_sql_query/0cb9fc60-05b6-4b02-bd35-620a76530031", "endpoint": "dashboards.render_async_sql_query", "view-args": {"id": "0cb9fc60-05b6-4b02-bd35-620a76530031"}, "status": 200, "user": "5b0cbd07d7e145a9@lampenwelt.de", "timestamp": "2019-03-13T07:45:46.113834", "browser": "chrome", "browser-platform": "windows", "browser-version": "72.0.3626.121"}
{"method": "GET", "path": "/dashboards/_render_async_sql_query/1a7c4dc0-bb46-4a31-94a9-c67218297ceb", "endpoint": "dashboards.render_async_sql_query", "view-args": {"id": "1a7c4dc0-bb46-4a31-94a9-c67218297ceb"}, "status": 200, "user": "5b0cbd07d7e145a9@lampenwelt.de", "timestamp": "2019-03-13T07:45:46.124623", "browser": "chrome", "browser-platform": "windows", "browser-version": "72.0.3626.121"}
{"method": "GET", "path": "/dashboards/_render_async_sql_query/7e7fc0c2-967f-47e2-9242-395f9411a2b9", "endpoint": "dashboards.render_async_sql_query", "view-args": {"id": "7e7fc0c2-967f-47e2-9242-395f9411a2b9"}, "status": 200, "user": "5b0cbd07d7e145a9@lampenwelt.de", "timestamp": "2019-03-13T07:45:46.125692", "browser": "chrome", "browser-platform": "windows", "browser-version": "72.0.3626.121"}
{"method": "GET", "path": "/dashboards/_render_async_sql_query/159c217d-f810-4551-a28a-4418f78ed0cd", "endpoint": "dashboards.render_async_sql_query", "view-args": {"id": "159c217d-f810-4551-a28a-4418f78ed0cd"}, "status": 200, "user": "5b0cbd07d7e145a9@lampenwelt.de", "timestamp": "2019-03-13T07:45:46.417753", "browser": "chrome", "browser-platform": "windows", "browser-version": "72.0.3626.121"}
{"method": "GET", "path": "/dashboards/_render_async_sql_query/30c7d593-add2-40c2-8d1e-2d14470b440c", "endpoint": "dashboards.render_async_sql_query", "view-args": {"id": "30c7d593-add2-40c2-8d1e-2d14470b440c"}, "status": 200, "user": "5b0cbd07d7e145a9@lampenwelt.de", "timestamp": "2019-03-13T07:45:46.424566", "browser": "chrome", "browser-platform": "windows", "browser-version": "72.0.3626.121"}
{"method": "GET", "path": "/dashboards/_render_async_sql_query/790a3c0c-c0fd-4666-89cd-cd6f932a4ae6", "endpoint": "dashboards.render_async_sql_query", "view-args": {"id": "790a3c0c-c0fd-4666-89cd-cd6f932a4ae6"}, "status": 200, "user": "5b0cbd07d7e145a9@lampenwelt.de", "timestamp": "2019-03-13T07:45:46.431453", "browser": "chrome", "browser-platform": "windows", "browser-version": "72.0.3626.121"}
{"method": "GET", "path": "/dashboards/_render_async_sql_query/1fd19fe9-ef76-43b9-9827-9af5a4bc8b9e", "endpoint": "dashboards.render_async_sql_query", "view-args": {"id": "1fd19fe9-ef76-43b9-9827-9af5a4bc8b9e"}, "status": 200, "user": "5b0cbd07d7e145a9@lampenwelt.de", "timestamp": "2019-03-13T07:45:46.443005", "browser": "chrome", "browser-platform": "windows", "browser-version": "72.0.3626.121"}
{"method": "GET", "path": "/dashboards/_render_async_sql_query/9ff16666-5abe-4f6e-a3b9-cf5ff5c3850a", "endpoint": "dashboards.render_async_sql_query", "view-args": {"id": "9ff16666-5abe-4f6e-a3b9-cf5ff5c3850a"}, "status": 200, "user": "5b0cbd07d7e145a9@lampenwelt.de", "timestamp": "2019-03-13T07:45:46.464464", "browser": "chrome", "browser-platform": "windows", "browser-version": "72.0.3626.121"}
{"method": "GET", "path": "/dashboards/marketing-overview", "endpoint": "dashboards.view_dashboard", "view-args": {"id": "marketing-overview"}, "status": 200, "user": "5b0cbd07d7e145a9@lampenwelt.de", "timestamp": "2019-03-13T07:45:58.427582", "browser": "chrome", "browser-platform": "windows", "browser-version": "72.0.3626.121"}
{"method": "GET", "path": "/dashboards/_render_async_sql_query/227a99bf-c43c-404f-9d4c-f70f39e4bc90", "endpoint": "dashboards.render_async_sql_query", "view-args": {"id": "227a99bf-c43c-404f-9d4c-f70f39e4bc90"}, "status": 200, "user": "5b0cbd07d7e145a9@lampenwelt.de", "timestamp": "2019-03-13T07:45:58.908345", "browser": "chrome", "browser-platform": "windows", "browser-version": "72.0.3626.121"}
{"method": "GET", "path": "/dashboards/_render_async_sql_query/2af8fc6d-9d31-43fa-9e43-537624ca442e", "endpoint": "dashboards.render_async_sql_query", "view-args": {"id": "2af8fc6d-9d31-43fa-9e43-537624ca442e"}, "status": 200, "user": "5b0cbd07d7e145a9@lampenwelt.de", "timestamp": "2019-03-13T07:45:58.910146", "browser": "chrome", "browser-platform": "windows", "browser-version": "72.0.3626.121"}
{"method": "GET", "path": "/dashboards/_render_async_sql_query/1b245b86-5bdc-4b41-b26a-b54224c8288f", "endpoint": "dashboards.render_async_sql_query", "view-args": {"id": "1b245b86-5bdc-4b41-b26a-b54224c8288f"}, "status": 200, "user": "5b0cbd07d7e145a9@lampenwelt.de", "timestamp": "2019-03-13T07:45:58.910570", "browser": "chrome", "browser-platform": "windows", "browser-version": "72.0.3626.121"}
{"method": "GET", "path": "/dashboards/_last_successful_import", "endpoint": "dashboards.last_successful_import", "view-args": {}, "status": 200, "user": "5b0cbd07d7e145a9@lampenwelt.de", "timestamp": "2019-03-13T07:45:58.929073", "browser": "chrome", "browser-platform": "windows", "browser-version": "72.0.3626.121"}
{"method": "GET", "path": "/dashboards/_last_marketing_cost/marketing-overview", "endpoint": "dashboards.last_marketing_cost", "view-args": {"id": "marketing-overview"}, "status": 200, "user": "5b0cbd07d7e145a9@lampenwelt.de", "timestamp": "2019-03-13T07:45:58.929297", "browser": "chrome", "browser-platform": "windows", "browser-version": "72.0.3626.121"}
{"method": "GET", "path": "/dashboards/_render_async_sql_query/1564f044-aa5e-4d84-8a8d-f379b9d5adc9", "endpoint": "dashboards.render_async_sql_query", "view-args": {"id": "1564f044-aa5e-4d84-8a8d-f379b9d5adc9"}, "status": 200, "user": "5b0cbd07d7e145a9@lampenwelt.de", "timestamp": "2019-03-13T07:45:58.939248", "browser": "chrome", "browser-platform": "windows", "browser-version": "72.0.3626.121"}
{"method": "GET", "path": "/dashboards/_render_async_sql_query/dc941538-9a50-42b2-919b-0c110317a402", "endpoint": "dashboards.render_async_sql_query", "view-args": {"id": "dc941538-9a50-42b2-919b-0c110317a402"}, "status": 200, "user": "5b0cbd07d7e145a9@lampenwelt.de", "timestamp": "2019-03-13T07:45:58.980873", "browser": "chrome", "browser-platform": "windows", "browser-version": "72.0.3626.121"}
{"method": "GET", "path": "/dashboards/_render_async_sql_query/9cca0a20-5305-4cfe-9284-036832c2d1d4", "endpoint": "dashboards.render_async_sql_query", "view-args": {"id": "9cca0a20-5305-4cfe-9284-036832c2d1d4"}, "status": 200, "user": "5b0cbd07d7e145a9@lampenwelt.de", "timestamp": "2019-03-13T07:45:58.983632", "browser": "chrome", "browser-platform": "windows", "browser-version": "72.0.3626.121"}
{"method": "GET", "path": "/dashboards/_render_async_sql_query/288ebb5d-fef3-4ade-a5a1-781f4eb2fdb4", "endpoint": "dashboards.render_async_sql_query", "view-args": {"id": "288ebb5d-fef3-4ade-a5a1-781f4eb2fdb4"}, "status": 200, "user": "5b0cbd07d7e145a9@lampenwelt.de", "timestamp": "2019-03-13T07:45:58.986586", "browser": "chrome", "browser-platform": "windows", "browser-version": "72.0.3626.121"}
{"method": "GET", "path": "/dashboards/_render_async_sql_query/812c6c07-f99f-4d85-b532-9bf586e8cf76", "endpoint": "dashboards.render_async_sql_query", "view-args": {"id": "812c6c07-f99f-4d85-b532-9bf586e8cf76"}, "status": 200, "user": "5b0cbd07d7e145a9@lampenwelt.de", "timestamp": "2019-03-13T07:45:59.038867", "browser": "chrome", "browser-platform": "windows", "browser-version": "72.0.3626.121"}
{"method": "GET", "path": "/dashboards/_render_async_sql_query/50c9b16c-8f0d-4938-a921-257b6a04b118", "endpoint": "dashboards.render_async_sql_query", "view-args": {"id": "50c9b16c-8f0d-4938-a921-257b6a04b118"}, "status": 200, "user": "5b0cbd07d7e145a9@lampenwelt.de", "timestamp": "2019-03-13T07:45:59.039304", "browser": "chrome", "browser-platform": "windows", "browser-version": "72.0.3626.121"}
{"method": "GET", "path": "/dashboards/_render_async_sql_query/cfa831bf-42fb-4d67-883d-aa89a2a8d7f8", "endpoint": "dashboards.render_async_sql_query", "view-args": {"id": "cfa831bf-42fb-4d67-883d-aa89a2a8d7f8"}, "status": 200, "user": "5b0cbd07d7e145a9@lampenwelt.de", "timestamp": "2019-03-13T07:45:59.044994", "browser": "chrome", "browser-platform": "windows", "browser-version": "72.0.3626.121"}
{"method": "GET", "path": "/dashboards/_render_async_sql_query/9014a76d-c9c6-4cf6-ba13-a2b0a59087b6", "endpoint": "dashboards.render_async_sql_query", "view-args": {"id": "9014a76d-c9c6-4cf6-ba13-a2b0a59087b6"}, "status": 200, "user": "5b0cbd07d7e145a9@lampenwelt.de", "timestamp": "2019-03-13T07:45:59.061316", "browser": "chrome", "browser-platform": "windows", "browser-version": "72.0.3626.121"}
{"method": "GET", "path": "/dashboards/_render_async_sql_query/c55a9318-4454-4933-bb47-b576aeff4d17", "endpoint": "dashboards.render_async_sql_query", "view-args": {"id": "c55a9318-4454-4933-bb47-b576aeff4d17"}, "status": 200, "user": "5b0cbd07d7e145a9@lampenwelt.de", "timestamp": "2019-03-13T07:45:59.108537", "browser": "chrome", "browser-platform": "windows", "browser-version": "72.0.3626.121"}
{"method": "GET", "path": "/dashboards/_render_async_sql_query/2e027f28-8bdd-4b82-9932-1ba0f485f8ae", "endpoint": "dashboards.render_async_sql_query", "view-args": {"id": "2e027f28-8bdd-4b82-9932-1ba0f485f8ae"}, "status": 200, "user": "5b0cbd07d7e145a9@lampenwelt.de", "timestamp": "2019-03-13T07:45:59.109277", "browser": "chrome", "browser-platform": "windows", "browser-version": "72.0.3626.121"}
{"method": "GET", "path": "/dashboards/_render_async_sql_query/0a129234-387e-4fad-bc5c-39589cb6ddc1", "endpoint": "dashboards.render_async_sql_query", "view-args": {"id": "0a129234-387e-4fad-bc5c-39589cb6ddc1"}, "status": 200, "user": "5b0cbd07d7e145a9@lampenwelt.de", "timestamp": "2019-03-13T07:45:59.112007", "browser": "chrome", "browser-platform": "windows", "browser-version": "72.0.3626.121"}
{"method": "GET", "path": "/dashboards/_render_async_sql_query/c8afbcbb-bc7f-4346-85ca-e522543767fe", "endpoint": "dashboards.render_async_sql_query", "view-args": {"id": "c8afbcbb-bc7f-4346-85ca-e522543767fe"}, "status": 200, "user": "5b0cbd07d7e145a9@lampenwelt.de", "timestamp": "2019-03-13T07:45:59.126104", "browser": "chrome", "browser-platform": "windows", "browser-version": "72.0.3626.121"}
{"method": "GET", "path": "/dashboards/_render_async_sql_query/e0800126-d3d0-4483-befe-3dc6a77576d8", "endpoint": "dashboards.render_async_sql_query", "view-args": {"id": "e0800126-d3d0-4483-befe-3dc6a77576d8"}, "status": 200, "user": "5b0cbd07d7e145a9@lampenwelt.de", "timestamp": "2019-03-13T07:45:59.346885", "browser": "chrome", "browser-platform": "windows", "browser-version": "72.0.3626.121"}
{"method": "GET", "path": "/product-performance-analyzer/", "endpoint": "product-performance-analyzer.product_filter_panel", "view-args": {}, "status": 200, "user": "77f439d2eadb2f7d@lampenwelt.de", "timestamp": "2019-03-13T07:59:07.972612", "browser": "chrome", "browser-platform": "windows", "browser-version": "72.0.3626.121"}
{"method": "GET", "path": "/product-performance-analyzer/_last_successful_import", "endpoint": "product-performance-analyzer.last_successful_import", "view-args": {}, "status": 200, "user": "77f439d2eadb2f7d@lampenwelt.de", "timestamp": "2019-03-13T07:59:08.478892", "browser": "chrome", "browser-platform": "windows", "browser-version": "72.0.3626.121"}
{"method": "POST", "path": "/product-performance-analyzer/_render-mdx-request", "endpoint": "product-performance-analyzer.render_mdx_request", "view-args": {}, "status": 200, "user": "77f439d2eadb2f7d@lampenwelt.de", "timestamp": "2019-03-13T07:59:32.518138", "browser": "chrome", "browser-platform": "windows", "browser-version": "72.0.3626.121"}
{"method": "GET", "path": "/product-performance-analyzer/_product_images/1/9956002.jpg", "endpoint": "product-performance-analyzer.get_product_image", "view-args": {"filename": "1/9956002.jpg"}, "status": 200, "user": "77f439d2eadb2f7d@lampenwelt.de", "timestamp": "2019-03-13T07:59:32.621722", "browser": "chrome", "browser-platform": "windows", "browser-version": "72.0.3626.121"}
{"method": "GET", "path": "/product-performance-analyzer/_product_images/1/9956004.jpg", "endpoint": "product-performance-analyzer.get_product_image", "view-args": {"filename": "1/9956004.jpg"}, "status": 200, "user": "77f439d2eadb2f7d@lampenwelt.de", "timestamp": "2019-03-13T07:59:32.623593", "browser": "chrome", "browser-platform": "windows", "browser-version": "72.0.3626.121"}
{"method": "GET", "path": "/product-performance-analyzer/_product_images/1/9620334.jpg", "endpoint": "product-performance-analyzer.get_product_image", "view-args": {"filename": "1/9620334.jpg"}, "status": 200, "user": "77f439d2eadb2f7d@lampenwelt.de", "timestamp": "2019-03-13T07:59:32.627472", "browser": "chrome", "browser-platform": "windows", "browser-version": "72.0.3626.121"}
{"method": "GET", "path": "/product-performance-analyzer/_product_images/1/9639015.jpg", "endpoint": "product-performance-analyzer.get_product_image", "view-args": {"filename": "1/9639015.jpg"}, "status": 200, "user": "77f439d2eadb2f7d@lampenwelt.de", "timestamp": "2019-03-13T07:59:32.640320", "browser": "chrome", "browser-platform": "windows", "browser-version": "72.0.3626.121"}
{"method": "GET", "path": "/product-performance-analyzer/_product_images/1/9956001.jpg", "endpoint": "product-performance-analyzer.get_product_image", "view-args": {"filename": "1/9956001.jpg"}, "status": 200, "user": "77f439d2eadb2f7d@lampenwelt.de", "timestamp": "2019-03-13T07:59:32.649000", "browser": "chrome", "browser-platform": "windows", "browser-version": "72.0.3626.121"}
{"method": "GET", "path": "/product-performance-analyzer/_product_images/1/9620632.jpg", "endpoint": "product-performance-analyzer.get_product_image", "view-args": {"filename": "1/9620632.jpg"}, "status": 200, "user": "77f439d2eadb2f7d@lampenwelt.de", "timestamp": "2019-03-13T07:59:32.698096", "browser": "chrome", "browser-platform": "windows", "browser-version": "72.0.3626.121"}
{"method": "GET", "path": "/product-performance-analyzer/_product_images/1/9956008.jpg", "endpoint": "product-performance-analyzer.get_product_image", "view-args": {"filename": "1/9956008.jpg"}, "status": 200, "user": "77f439d2eadb2f7d@lampenwelt.de", "timestamp": "2019-03-13T07:59:32.704322", "browser": "chrome", "browser-platform": "windows", "browser-version": "72.0.3626.121"}
{"method": "GET", "path": "/product-performance-analyzer/_product_images/1/7590002.jpg", "endpoint": "product-performance-analyzer.get_product_image", "view-args": {"filename": "1/7590002.jpg"}, "status": 404, "user": "77f439d2eadb2f7d@lampenwelt.de", "timestamp": "2019-03-13T07:59:32.709480", "browser": "chrome", "browser-platform": "windows", "browser-version": "72.0.3626.121"}
{"method": "GET", "path": "/product-performance-analyzer/_product_images/1/9956005.jpg", "endpoint": "product-performance-analyzer.get_product_image", "view-args": {"filename": "1/9956005.jpg"}, "status": 200, "user": "77f439d2eadb2f7d@lampenwelt.de", "timestamp": "2019-03-13T07:59:32.727337", "browser": "chrome", "browser-platform": "windows", "browser-version": "72.0.3626.121"}
{"method": "GET", "path": "/product-performance-analyzer/_product_images/1/9956006.jpg", "endpoint": "product-performance-analyzer.get_product_image", "view-args": {"filename": "1/9956006.jpg"}, "status": 200, "user": "77f439d2eadb2f7d@lampenwelt.de", "timestamp": "2019-03-13T07:59:32.746290", "browser": "chrome", "browser-platform": "windows", "browser-version": "72.0.3626.121"}
{"method": "GET", "path": "/product-performance-analyzer/_product_images/1/9621743.jpg", "endpoint": "product-performance-analyzer.get_product_image", "view-args": {"filename": "1/9621743.jpg"}, "status": 200, "user": "77f439d2eadb2f7d@lampenwelt.de", "timestamp": "2019-03-13T07:59:32.756095", "browser": "chrome", "browser-platform": "windows", "browser-version": "72.0.3626.121"}
{"method": "GET", "path": "/product-performance-analyzer/_product_images/1/9978020.jpg", "endpoint": "product-performance-analyzer.get_product_image", "view-args": {"filename": "1/9978020.jpg"}, "status": 200, "user": "77f439d2eadb2f7d@lampenwelt.de", "timestamp": "2019-03-13T07:59:32.756077", "browser": "chrome", "browser-platform": "windows", "browser-version": "72.0.3626.121"}
{"method": "GET", "path": "/product-performance-analyzer/_product_images/1/9978021.jpg", "endpoint": "product-performance-analyzer.get_product_image", "view-args": {"filename": "1/9978021.jpg"}, "status": 200, "user": "77f439d2eadb2f7d@lampenwelt.de", "timestamp": "2019-03-13T07:59:32.786297", "browser": "chrome", "browser-platform": "windows", "browser-version": "72.0.3626.121"}
{"method": "GET", "path": "/product-performance-analyzer/_product_images/1/7261139.jpg", "endpoint": "product-performance-analyzer.get_product_image", "view-args": {"filename": "1/7261139.jpg"}, "status": 200, "user": "77f439d2eadb2f7d@lampenwelt.de", "timestamp": "2019-03-13T07:59:32.848714", "browser": "chrome", "browser-platform": "windows", "browser-version": "72.0.3626.121"}
{"method": "GET", "path": "/product-performance-analyzer/_product_images/1/9621285.jpg", "endpoint": "product-performance-analyzer.get_product_image", "view-args": {"filename": "1/9621285.jpg"}, "status": 200, "user": "77f439d2eadb2f7d@lampenwelt.de", "timestamp": "2019-03-13T07:59:32.848770", "browser": "chrome", "browser-platform": "windows", "browser-version": "72.0.3626.121"}
{"method": "GET", "path": "/product-performance-analyzer/_product_images/1/9978024.jpg", "endpoint": "product-performance-analyzer.get_product_image", "view-args": {"filename": "1/9978024.jpg"}, "status": 200, "user": "77f439d2eadb2f7d@lampenwelt.de", "timestamp": "2019-03-13T07:59:32.849048", "browser": "chrome", "browser-platform": "windows", "browser-version": "72.0.3626.121"}
{"method": "GET", "path": "/product-performance-analyzer/_product_images/1/9621336.jpg", "endpoint": "product-performance-analyzer.get_product_image", "view-args": {"filename": "1/9621336.jpg"}, "status": 200, "user": "77f439d2eadb2f7d@lampenwelt.de", "timestamp": "2019-03-13T07:59:32.880108", "browser": "chrome", "browser-platform": "windows", "browser-version": "72.0.3626.121"}
{"method": "GET", "path": "/product-performance-analyzer/_product_images/1/9978018.jpg", "endpoint": "product-performance-analyzer.get_product_image", "view-args": {"filename": "1/9978018.jpg"}, "status": 200, "user": "77f439d2eadb2f7d@lampenwelt.de", "timestamp": "2019-03-13T07:59:32.892851", "browser": "chrome", "browser-platform": "windows", "browser-version": "72.0.3626.121"}
{"method": "GET", "path": "/product-performance-analyzer/_product_images/1/9620633.jpg", "endpoint": "product-performance-analyzer.get_product_image", "view-args": {"filename": "1/9620633.jpg"}, "status": 200, "user": "77f439d2eadb2f7d@lampenwelt.de", "timestamp": "2019-03-13T07:59:32.893925", "browser": "chrome", "browser-platform": "windows", "browser-version": "72.0.3626.121"}
{"method": "GET", "path": "/product-performance-analyzer/_product_images/1/7500212.jpg", "endpoint": "product-performance-analyzer.get_product_image", "view-args": {"filename": "1/7500212.jpg"}, "status": 200, "user": "77f439d2eadb2f7d@lampenwelt.de", "timestamp": "2019-03-13T07:59:32.933915", "browser": "chrome", "browser-platform": "windows", "browser-version": "72.0.3626.121"}
{"method": "GET", "path": "/product-performance-analyzer/_product_images/1/9621154.jpg", "endpoint": "product-performance-analyzer.get_product_image", "view-args": {"filename": "1/9621154.jpg"}, "status": 200, "user": "77f439d2eadb2f7d@lampenwelt.de", "timestamp": "2019-03-13T07:59:32.934333", "browser": "chrome", "browser-platform": "windows", "browser-version": "72.0.3626.121"}
{"method": "GET", "path": "/product-performance-analyzer/_product_images/1/9621184.jpg", "endpoint": "product-performance-analyzer.get_product_image", "view-args": {"filename": "1/9621184.jpg"}, "status": 200, "user": "77f439d2eadb2f7d@lampenwelt.de", "timestamp": "2019-03-13T07:59:33.018007", "browser": "chrome", "browser-platform": "windows", "browser-version": "72.0.3626.121"}
{"method": "GET", "path": "/product-performance-analyzer/_product_images/1/7610578.jpg", "endpoint": "product-performance-analyzer.get_product_image", "view-args": {"filename": "1/7610578.jpg"}, "status": 200, "user": "77f439d2eadb2f7d@lampenwelt.de", "timestamp": "2019-03-13T07:59:33.021294", "browser": "chrome", "browser-platform": "windows", "browser-version": "72.0.3626.121"}
{"method": "GET", "path": "/product-performance-analyzer/_product_images/1/9978019.jpg", "endpoint": "product-performance-analyzer.get_product_image", "view-args": {"filename": "1/9978019.jpg"}, "status": 200, "user": "77f439d2eadb2f7d@lampenwelt.de", "timestamp": "2019-03-13T07:59:33.021893", "browser": "chrome", "browser-platform": "windows", "browser-version": "72.0.3626.121"}
{"method": "GET", "path": "/product-performance-analyzer/_product_images/1/9978023.jpg", "endpoint": "product-performance-analyzer.get_product_image", "view-args": {"filename": "1/9978023.jpg"}, "status": 200, "user": "77f439d2eadb2f7d@lampenwelt.de", "timestamp": "2019-03-13T07:59:33.070538", "browser": "chrome", "browser-platform": "windows", "browser-version": "72.0.3626.121"}
{"method": "GET", "path": "/product-performance-analyzer/_product_images/1/9956007.jpg", "endpoint": "product-performance-analyzer.get_product_image", "view-args": {"filename": "1/9956007.jpg"}, "status": 200, "user": "77f439d2eadb2f7d@lampenwelt.de", "timestamp": "2019-03-13T07:59:33.112216", "browser": "chrome", "browser-platform": "windows", "browser-version": "72.0.3626.121"}
{"method": "GET", "path": "/product-performance-analyzer/_product_images/1/9620169.jpg", "endpoint": "product-performance-analyzer.get_product_image", "view-args": {"filename": "1/9620169.jpg"}, "status": 200, "user": "77f439d2eadb2f7d@lampenwelt.de", "timestamp": "2019-03-13T07:59:33.117812", "browser": "chrome", "browser-platform": "windows", "browser-version": "72.0.3626.121"}
{"method": "GET", "path": "/product-performance-analyzer/_product_images/1/9639031.jpg", "endpoint": "product-performance-analyzer.get_product_image", "view-args": {"filename": "1/9639031.jpg"}, "status": 200, "user": "77f439d2eadb2f7d@lampenwelt.de", "timestamp": "2019-03-13T07:59:33.146269", "browser": "chrome", "browser-platform": "windows", "browser-version": "72.0.3626.121"}
{"method": "GET", "path": "/product-performance-analyzer/_product_images/1/9620732.jpg", "endpoint": "product-performance-analyzer.get_product_image", "view-args": {"filename": "1/9620732.jpg"}, "status": 200, "user": "77f439d2eadb2f7d@lampenwelt.de", "timestamp": "2019-03-13T07:59:33.163851", "browser": "chrome", "browser-platform": "windows", "browser-version": "72.0.3626.121"}
{"method": "GET", "path": "/product-performance-analyzer/_product_images/1/9621855.jpg", "endpoint": "product-performance-analyzer.get_product_image", "view-args": {"filename": "1/9621855.jpg"}, "status": 200, "user": "77f439d2eadb2f7d@lampenwelt.de", "timestamp": "2019-03-13T07:59:33.165269", "browser": "chrome", "browser-platform": "windows", "browser-version": "72.0.3626.121"}
{"method": "GET", "path": "/product-performance-analyzer/_product_images/1/9613008.jpg", "endpoint": "product-performance-analyzer.get_product_image", "view-args": {"filename": "1/9613008.jpg"}, "status": 200, "user": "77f439d2eadb2f7d@lampenwelt.de", "timestamp": "2019-03-13T07:59:33.176398", "browser": "chrome", "browser-platform": "windows", "browser-version": "72.0.3626.121"}
{"method": "GET", "path": "/product-performance-analyzer/_product_images/1/5000293.jpg", "endpoint": "product-performance-analyzer.get_product_image", "view-args": {"filename": "1/5000293.jpg"}, "status": 200, "user": "77f439d2eadb2f7d@lampenwelt.de", "timestamp": "2019-03-13T07:59:33.193695", "browser": "chrome", "browser-platform": "windows", "browser-version": "72.0.3626.121"}
{"method": "GET", "path": "/product-performance-analyzer/_product_images/1/6500209.jpg", "endpoint": "product-performance-analyzer.get_product_image", "view-args": {"filename": "1/6500209.jpg"}, "status": 200, "user": "77f439d2eadb2f7d@lampenwelt.de", "timestamp": "2019-03-13T07:59:33.291396", "browser": "chrome", "browser-platform": "windows", "browser-version": "72.0.3626.121"}
{"method": "GET", "path": "/product-performance-analyzer/_product_images/1/9621472.jpg", "endpoint": "product-performance-analyzer.get_product_image", "view-args": {"filename": "1/9621472.jpg"}, "status": 200, "user": "77f439d2eadb2f7d@lampenwelt.de", "timestamp": "2019-03-13T07:59:33.291429", "browser": "chrome", "browser-platform": "windows", "browser-version": "72.0.3626.121"}
{"method": "GET", "path": "/product-performance-analyzer/_product_images/1/9994028.jpg", "endpoint": "product-performance-analyzer.get_product_image", "view-args": {"filename": "1/9994028.jpg"}, "status": 200, "user": "77f439d2eadb2f7d@lampenwelt.de", "timestamp": "2019-03-13T07:59:33.292688", "browser": "chrome", "browser-platform": "windows", "browser-version": "72.0.3626.121"}
{"method": "GET", "path": "/product-performance-analyzer/_product_images/1/9613055.jpg", "endpoint": "product-performance-analyzer.get_product_image", "view-args": {"filename": "1/9613055.jpg"}, "status": 200, "user": "77f439d2eadb2f7d@lampenwelt.de", "timestamp": "2019-03-13T07:59:33.325733", "browser": "chrome", "browser-platform": "windows", "browser-version": "72.0.3626.121"}
{"method": "GET", "path": "/product-performance-analyzer/_product_images/1/9620329.jpg", "endpoint": "product-performance-analyzer.get_product_image", "view-args": {"filename": "1/9620329.jpg"}, "status": 200, "user": "77f439d2eadb2f7d@lampenwelt.de", "timestamp": "2019-03-13T07:59:33.340120", "browser": "chrome", "browser-platform": "windows", "browser-version": "72.0.3626.121"}
{"method": "GET", "path": "/product-performance-analyzer/_product_images/1/9625002.jpg", "endpoint": "product-performance-analyzer.get_product_image", "view-args": {"filename": "1/9625002.jpg"}, "status": 200, "user": "77f439d2eadb2f7d@lampenwelt.de", "timestamp": "2019-03-13T07:59:33.340218", "browser": "chrome", "browser-platform": "windows", "browser-version": "72.0.3626.121"}
{"method": "GET", "path": "/product-performance-analyzer/_product_images/1/9950191.jpg", "endpoint": "product-performance-analyzer.get_product_image", "view-args": {"filename": "1/9950191.jpg"}, "status": 200, "user": "77f439d2eadb2f7d@lampenwelt.de", "timestamp": "2019-03-13T07:59:33.374219", "browser": "chrome", "browser-platform": "windows", "browser-version": "72.0.3626.121"}
{"method": "GET", "path": "/product-performance-analyzer/_product_images/1/9620730.jpg", "endpoint": "product-performance-analyzer.get_product_image", "view-args": {"filename": "1/9620730.jpg"}, "status": 200, "user": "77f439d2eadb2f7d@lampenwelt.de", "timestamp": "2019-03-13T07:59:33.458850", "browser": "chrome", "browser-platform": "windows", "browser-version": "72.0.3626.121"}
{"method": "GET", "path": "/product-performance-analyzer/_product_images/1/9641016.jpg", "endpoint": "product-performance-analyzer.get_product_image", "view-args": {"filename": "1/9641016.jpg"}, "status": 200, "user": "77f439d2eadb2f7d@lampenwelt.de", "timestamp": "2019-03-13T07:59:33.459189", "browser": "chrome", "browser-platform": "windows", "browser-version": "72.0.3626.121"}
{"method": "GET", "path": "/product-performance-analyzer/_product_images/1/9620332.jpg", "endpoint": "product-performance-analyzer.get_product_image", "view-args": {"filename": "1/9620332.jpg"}, "status": 200, "user": "77f439d2eadb2f7d@lampenwelt.de", "timestamp": "2019-03-13T07:59:33.459461", "browser": "chrome", "browser-platform": "windows", "browser-version": "72.0.3626.121"}
{"method": "GET", "path": "/product-performance-analyzer/_product_images/1/9621352.jpg", "endpoint": "product-performance-analyzer.get_product_image", "view-args": {"filename": "1/9621352.jpg"}, "status": 200, "user": "77f439d2eadb2f7d@lampenwelt.de", "timestamp": "2019-03-13T07:59:33.491460", "browser": "chrome", "browser-platform": "windows", "browser-version": "72.0.3626.121"}
{"method": "GET", "path": "/product-performance-analyzer/_product_images/1/9621530.jpg", "endpoint": "product-performance-analyzer.get_product_image", "view-args": {"filename": "1/9621530.jpg"}, "status": 200, "user": "77f439d2eadb2f7d@lampenwelt.de", "timestamp": "2019-03-13T07:59:33.491476", "browser": "chrome", "browser-platform": "windows", "browser-version": "72.0.3626.121"}
{"method": "GET", "path": "/product-performance-analyzer/_product_images/1/4018065.jpg", "endpoint": "product-performance-analyzer.get_product_image", "view-args": {"filename": "1/4018065.jpg"}, "status": 200, "user": "77f439d2eadb2f7d@lampenwelt.de", "timestamp": "2019-03-13T07:59:33.589840", "browser": "chrome", "browser-platform": "windows", "browser-version": "72.0.3626.121"}
{"method": "GET", "path": "/product-performance-analyzer/_product_images/1/7610577.jpg", "endpoint": "product-performance-analyzer.get_product_image", "view-args": {"filename": "1/7610577.jpg"}, "status": 200, "user": "77f439d2eadb2f7d@lampenwelt.de", "timestamp": "2019-03-13T07:59:33.595573", "browser": "chrome", "browser-platform": "windows", "browser-version": "72.0.3626.121"}
{"method": "GET", "path": "/product-performance-analyzer/_product_images/1/9625040.jpg", "endpoint": "product-performance-analyzer.get_product_image", "view-args": {"filename": "1/9625040.jpg"}, "status": 200, "user": "77f439d2eadb2f7d@lampenwelt.de", "timestamp": "2019-03-13T07:59:33.598044", "browser": "chrome", "browser-platform": "windows", "browser-version": "72.0.3626.121"}
{"method": "GET", "path": "/product-performance-analyzer/_product_images/1/8559218.jpg", "endpoint": "product-performance-analyzer.get_product_image", "view-args": {"filename": "1/8559218.jpg"}, "status": 200, "user": "77f439d2eadb2f7d@lampenwelt.de", "timestamp": "2019-03-13T07:59:33.616341", "browser": "chrome", "browser-platform": "windows", "browser-version": "72.0.3626.121"}
{"method": "GET", "path": "/product-performance-analyzer/_product_images/1/9620333.jpg", "endpoint": "product-performance-analyzer.get_product_image", "view-args": {"filename": "1/9620333.jpg"}, "status": 200, "user": "77f439d2eadb2f7d@lampenwelt.de", "timestamp": "2019-03-13T07:59:33.639087", "browser": "chrome", "browser-platform": "windows", "browser-version": "72.0.3626.121"}
{"method": "GET", "path": "/product-performance-analyzer/_product_images/1/9518001.jpg", "endpoint": "product-performance-analyzer.get_product_image", "view-args": {"filename": "1/9518001.jpg"}, "status": 200, "user": "77f439d2eadb2f7d@lampenwelt.de", "timestamp": "2019-03-13T07:59:33.654398", "browser": "chrome", "browser-platform": "windows", "browser-version": "72.0.3626.121"}
{"method": "GET", "path": "/product-performance-analyzer/_auto-complete/global_dim.product_category/category_name/", "endpoint": "product-performance-analyzer.auto_complete", "view-args": {"table_name": "global_dim.product_category", "column_name": "category_name"}, "status": 200, "user": "77f439d2eadb2f7d@lampenwelt.de", "timestamp": "2019-03-13T07:59:43.245089", "browser": "chrome", "browser-platform": "windows", "browser-version": "72.0.3626.121"}
