{"method": "POST", "path": "/mondrian/excel/authorize", "endpoint": "py_mondrian.excel_authorize", "view-args": {}, "status": 200, "user": "35675e68f4b5af7b@localhost", "timestamp": "2019-03-13T10:03:52.041644", "browser": null, "browser-platform": null, "browser-version": null}
{"method": "POST", "path": "/mondrian/excel/authorize", "endpoint": "py_mondrian.excel_authorize", "view-args": {}, "status": 200, "user": "35675e68f4b5af7b@localhost", "timestamp": "2019-03-13T10:03:53.655399", "browser": null, "browser-platform": null, "browser-version": null}
{"method": "POST", "path": "/campaign-tree/search", "endpoint": "campaign_tree.search", "view-args": {}, "status": 200, "user": "72141146ea8e13f4@lampenwelt.de", "timestamp": "2019-03-13T10:05:40.874686", "browser": "chrome", "browser-platform": "windows", "browser-version": "72.0.3626.121"}
{"method": "POST", "path": "/campaign-tree/search", "endpoint": "campaign_tree.search", "view-args": {}, "status": 200, "user": "72141146ea8e13f4@lampenwelt.de", "timestamp": "2019-03-13T10:05:47.419625", "browser": "chrome", "browser-platform": "windows", "browser-version": "72.0.3626.121"}
{"method": "POST", "path": "/campaign-tree/search", "endpoint": "campaign_tree.search", "view-args": {}, "status": 200, "user": "72141146ea8e13f4@lampenwelt.de", "timestamp": "2019-03-13T10:05:47.726976", "browser": "chrome", "browser-platform": "windows", "browser-version": "72.0.3626.121"}
{"method": "POST", "path": "/campaign-tree/count", "endpoint": "campaign_tree.count", "view-args": {}, "status": 200, "user": "72141146ea8e13f4@lampenwelt.de", "timestamp": "2019-03-13T10:05:55.379947", "browser": "chrome", "browser-platform": "windows", "browser-version": "72.0.3626.121"}
{"method": "POST", "path": "/campaign-tree/count", "endpoint": "campaign_tree.count", "view-args": {}, "status": 200, "user": "72141146ea8e13f4@lampenwelt.de", "timestamp": "2019-03-13T10:05:55.388057", "browser": "chrome", "browser-platform": "windows", "browser-version": "72.0.3626.121"}
{"method": "POST", "path": "/campaign-tree/count", "endpoint": "campaign_tree.count", "view-args": {}, "status": 200, "user": "72141146ea8e13f4@lampenwelt.de", "timestamp": "2019-03-13T10:05:55.389350", "browser": "chrome", "browser-platform": "windows", "browser-version": "72.0.3626.121"}
{"method": "POST", "path": "/campaign-tree/search", "endpoint": "campaign_tree.search", "view-args": {}, "status": 200, "user": "72141146ea8e13f4@lampenwelt.de", "timestamp": "2019-03-13T10:05:55.408645", "browser": "chrome", "browser-platform": "windows", "browser-version": "72.0.3626.121"}
{"method": "POST", "path": "/campaign-tree/search", "endpoint": "campaign_tree.search", "view-args": {}, "status": 200, "user": "72141146ea8e13f4@lampenwelt.de", "timestamp": "2019-03-13T10:05:55.445013", "browser": "chrome", "browser-platform": "windows", "browser-version": "72.0.3626.121"}
{"method": "POST", "path": "/campaign-tree/search", "endpoint": "campaign_tree.search", "view-args": {}, "status": 200, "user": "72141146ea8e13f4@lampenwelt.de", "timestamp": "2019-03-13T10:05:55.493014", "browser": "chrome", "browser-platform": "windows", "browser-version": "72.0.3626.121"}
{"method": "POST", "path": "/campaign-tree/search", "endpoint": "campaign_tree.search", "view-args": {}, "status": 200, "user": "72141146ea8e13f4@lampenwelt.de", "timestamp": "2019-03-13T10:05:55.538037", "browser": "chrome", "browser-platform": "windows", "browser-version": "72.0.3626.121"}
{"method": "POST", "path": "/campaign-tree/search", "endpoint": "campaign_tree.search", "view-args": {}, "status": 200, "user": "72141146ea8e13f4@lampenwelt.de", "timestamp": "2019-03-13T10:05:55.902815", "browser": "chrome", "browser-platform": "windows", "browser-version": "72.0.3626.121"}
{"method": "POST", "path": "/campaign-tree/search", "endpoint": "campaign_tree.search", "view-args": {}, "status": 200, "user": "72141146ea8e13f4@lampenwelt.de", "timestamp": "2019-03-13T10:05:55.985244", "browser": "chrome", "browser-platform": "windows", "browser-version": "72.0.3626.121"}
{"method": "POST", "path": "/campaign-tree/search", "endpoint": "campaign_tree.search", "view-args": {}, "status": 200, "user": "72141146ea8e13f4@lampenwelt.de", "timestamp": "2019-03-13T10:05:56.011146", "browser": "chrome", "browser-platform": "windows", "browser-version": "72.0.3626.121"}
{"method": "POST", "path": "/campaign-tree/search", "endpoint": "campaign_tree.search", "view-args": {}, "status": 200, "user": "72141146ea8e13f4@lampenwelt.de", "timestamp": "2019-03-13T10:05:56.341956", "browser": "chrome", "browser-platform": "windows", "browser-version": "72.0.3626.121"}
{"method": "POST", "path": "/campaign-tree/search", "endpoint": "campaign_tree.search", "view-args": {}, "status": 200, "user": "72141146ea8e13f4@lampenwelt.de", "timestamp": "2019-03-13T10:05:56.426813", "browser": "chrome", "browser-platform": "windows", "browser-version": "72.0.3626.121"}
{"method": "POST", "path": "/campaign-tree/search", "endpoint": "campaign_tree.search", "view-args": {}, "status": 200, "user": "72141146ea8e13f4@lampenwelt.de", "timestamp": "2019-03-13T10:05:56.600912", "browser": "chrome", "browser-platform": "windows", "browser-version": "72.0.3626.121"}
{"method": "POST", "path": "/campaign-tree/search", "endpoint": "campaign_tree.search", "view-args": {}, "status": 200, "user": "72141146ea8e13f4@lampenwelt.de", "timestamp": "2019-03-13T10:05:56.844624", "browser": "chrome", "browser-platform": "windows", "browser-version": "72.0.3626.121"}
{"method": "POST", "path": "/campaign-tree/search", "endpoint": "campaign_tree.search", "view-args": {}, "status": 200, "user": "72141146ea8e13f4@lampenwelt.de", "timestamp": "2019-03-13T10:05:56.913722", "browser": "chrome", "browser-platform": "windows", "browser-version": "72.0.3626.121"}
{"method": "POST", "path": "/campaign-tree/count", "endpoint": "campaign_tree.count", "view-args": {}, "status": 200, "user": "72141146ea8e13f4@lampenwelt.de", "timestamp": "2019-03-13T10:05:57.361516", "browser": "chrome", "browser-platform": "windows", "browser-version": "72.0.3626.121"}
{"method": "POST", "path": "/campaign-tree/save", "endpoint": "campaign_tree.save", "view-args": {}, "status": 200, "user": "72141146ea8e13f4@lampenwelt.de", "timestamp": "2019-03-13T10:06:37.868544", "browser": "chrome", "browser-platform": "windows", "browser-version": "72.0.3626.121"}
{"method": "POST", "path": "/campaign-tree/search", "endpoint": "campaign_tree.search", "view-args": {}, "status": 200, "user": "72141146ea8e13f4@lampenwelt.de", "timestamp": "2019-03-13T10:06:38.435181", "browser": "chrome", "browser-platform": "windows", "browser-version": "72.0.3626.121"}
{"method": "POST", "path": "/campaign-tree/search", "endpoint": "campaign_tree.search", "view-args": {}, "status": 200, "user": "72141146ea8e13f4@lampenwelt.de", "timestamp": "2019-03-13T10:06:38.435495", "browser": "chrome", "browser-platform": "windows", "browser-version": "72.0.3626.121"}
{"method": "POST", "path": "/campaign-tree/count", "endpoint": "campaign_tree.count", "view-args": {}, "status": 200, "user": "72141146ea8e13f4@lampenwelt.de", "timestamp": "2019-03-13T10:06:39.707162", "browser": "chrome", "browser-platform": "windows", "browser-version": "72.0.3626.121"}
{"method": "POST", "path": "/campaign-tree/search", "endpoint": "campaign_tree.search", "view-args": {}, "status": 200, "user": "72141146ea8e13f4@lampenwelt.de", "timestamp": "2019-03-13T10:07:51.388993", "browser": "chrome", "browser-platform": "windows", "browser-version": "72.0.3626.121"}
{"method": "POST", "path": "/campaign-tree/search", "endpoint": "campaign_tree.search", "view-args": {}, "status": 200, "user": "72141146ea8e13f4@lampenwelt.de", "timestamp": "2019-03-13T10:07:51.542440", "browser": "chrome", "browser-platform": "windows", "browser-version": "72.0.3626.121"}
{"method": "POST", "path": "/campaign-tree/search", "endpoint": "campaign_tree.search", "view-args": {}, "status": 200, "user": "72141146ea8e13f4@lampenwelt.de", "timestamp": "2019-03-13T10:07:51.682869", "browser": "chrome", "browser-platform": "windows", "browser-version": "72.0.3626.121"}
{"method": "POST", "path": "/campaign-tree/count", "endpoint": "campaign_tree.count", "view-args": {}, "status": 200, "user": "72141146ea8e13f4@lampenwelt.de", "timestamp": "2019-03-13T10:07:52.690255", "browser": "chrome", "browser-platform": "windows", "browser-version": "72.0.3626.121"}
{"method": "POST", "path": "/campaign-tree/search", "endpoint": "campaign_tree.search", "view-args": {}, "status": 200, "user": "72141146ea8e13f4@lampenwelt.de", "timestamp": "2019-03-13T10:07:52.718253", "browser": "chrome", "browser-platform": "windows", "browser-version": "72.0.3626.121"}
{"method": "POST", "path": "/campaign-tree/search", "endpoint": "campaign_tree.search", "view-args": {}, "status": 200, "user": "72141146ea8e13f4@lampenwelt.de", "timestamp": "2019-03-13T10:07:52.737865", "browser": "chrome", "browser-platform": "windows", "browser-version": "72.0.3626.121"}
{"method": "POST", "path": "/campaign-tree/search", "endpoint": "campaign_tree.search", "view-args": {}, "status": 200, "user": "72141146ea8e13f4@lampenwelt.de", "timestamp": "2019-03-13T10:07:52.759840", "browser": "chrome", "browser-platform": "windows", "browser-version": "72.0.3626.121"}
{"method": "POST", "path": "/campaign-tree/search", "endpoint": "campaign_tree.search", "view-args": {}, "status": 200, "user": "72141146ea8e13f4@lampenwelt.de", "timestamp": "2019-03-13T10:07:52.780959", "browser": "chrome", "browser-platform": "windows", "browser-version": "72.0.3626.121"}
{"method": "POST", "path": "/campaign-tree/search", "endpoint": "campaign_tree.search", "view-args": {}, "status": 200, "user": "72141146ea8e13f4@lampenwelt.de", "timestamp": "2019-03-13T10:07:52.804388", "browser": "chrome", "browser-platform": "windows", "browser-version": "72.0.3626.121"}
{"method": "POST", "path": "/campaign-tree/count", "endpoint": "campaign_tree.count", "view-args": {}, "status": 200, "user": "72141146ea8e13f4@lampenwelt.de", "timestamp": "2019-03-13T10:07:52.855598", "browser": "chrome", "browser-platform": "windows", "browser-version": "72.0.3626.121"}
{"method": "POST", "path": "/campaign-tree/search", "endpoint": "campaign_tree.search", "view-args": {}, "status": 200, "user": "72141146ea8e13f4@lampenwelt.de", "timestamp": "2019-03-13T10:07:52.993420", "browser": "chrome", "browser-platform": "windows", "browser-version": "72.0.3626.121"}
{"method": "POST", "path": "/campaign-tree/count", "endpoint": "campaign_tree.count", "view-args": {}, "status": 200, "user": "72141146ea8e13f4@lampenwelt.de", "timestamp": "2019-03-13T10:07:53.237125", "browser": "chrome", "browser-platform": "windows", "browser-version": "72.0.3626.121"}
{"method": "POST", "path": "/campaign-tree/search", "endpoint": "campaign_tree.search", "view-args": {}, "status": 200, "user": "72141146ea8e13f4@lampenwelt.de", "timestamp": "2019-03-13T10:07:53.278595", "browser": "chrome", "browser-platform": "windows", "browser-version": "72.0.3626.121"}
{"method": "POST", "path": "/campaign-tree/count", "endpoint": "campaign_tree.count", "view-args": {}, "status": 200, "user": "72141146ea8e13f4@lampenwelt.de", "timestamp": "2019-03-13T10:07:54.126420", "browser": "chrome", "browser-platform": "windows", "browser-version": "72.0.3626.121"}
{"method": "POST", "path": "/campaign-tree/count", "endpoint": "campaign_tree.count", "view-args": {}, "status": 200, "user": "72141146ea8e13f4@lampenwelt.de", "timestamp": "2019-03-13T10:07:54.413005", "browser": "chrome", "browser-platform": "windows", "browser-version": "72.0.3626.121"}
{"method": "POST", "path": "/campaign-tree/count", "endpoint": "campaign_tree.count", "view-args": {}, "status": 200, "user": "72141146ea8e13f4@lampenwelt.de", "timestamp": "2019-03-13T10:07:54.597379", "browser": "chrome", "browser-platform": "windows", "browser-version": "72.0.3626.121"}
{"method": "GET", "path": "/dashboards/sales-comparison", "endpoint": "dashboards.view_dashboard", "view-args": {"id": "sales-comparison"}, "status": 200, "user": "9942c672b9354771@lampenwelt.de", "timestamp": "2019-03-13T10:14:12.774616", "browser": "chrome", "browser-platform": "windows", "browser-version": "72.0.3626.121"}
{"method": "GET", "path": "/dashboards/_render_async_sql_query/0be52062-2d89-421a-b3fc-386cbf05b875", "endpoint": "dashboards.render_async_sql_query", "view-args": {"id": "0be52062-2d89-421a-b3fc-386cbf05b875"}, "status": 200, "user": "9942c672b9354771@lampenwelt.de", "timestamp": "2019-03-13T10:14:13.163606", "browser": "chrome", "browser-platform": "windows", "browser-version": "72.0.3626.121"}
{"method": "GET", "path": "/dashboards/_last_marketing_cost/sales-comparison", "endpoint": "dashboards.last_marketing_cost", "view-args": {"id": "sales-comparison"}, "status": 200, "user": "9942c672b9354771@lampenwelt.de", "timestamp": "2019-03-13T10:14:13.173513", "browser": "chrome", "browser-platform": "windows", "browser-version": "72.0.3626.121"}
{"method": "GET", "path": "/dashboards/_last_successful_import", "endpoint": "dashboards.last_successful_import", "view-args": {}, "status": 200, "user": "9942c672b9354771@lampenwelt.de", "timestamp": "2019-03-13T10:14:13.158762", "browser": "chrome", "browser-platform": "windows", "browser-version": "72.0.3626.121"}
{"method": "GET", "path": "/dashboards/_render_async_sql_query/69d2be8e-57c2-46b9-8348-41e84d78bdaf", "endpoint": "dashboards.render_async_sql_query", "view-args": {"id": "69d2be8e-57c2-46b9-8348-41e84d78bdaf"}, "status": 200, "user": "9942c672b9354771@lampenwelt.de", "timestamp": "2019-03-13T10:14:13.163531", "browser": "chrome", "browser-platform": "windows", "browser-version": "72.0.3626.121"}
{"method": "POST", "path": "/dashboards/sales-comparison", "endpoint": "dashboards.view_dashboard", "view-args": {"id": "sales-comparison"}, "status": 200, "user": "9942c672b9354771@lampenwelt.de", "timestamp": "2019-03-13T10:14:16.969971", "browser": "chrome", "browser-platform": "windows", "browser-version": "72.0.3626.121"}
{"method": "GET", "path": "/dashboards/_last_successful_import", "endpoint": "dashboards.last_successful_import", "view-args": {}, "status": 200, "user": "9942c672b9354771@lampenwelt.de", "timestamp": "2019-03-13T10:14:17.121196", "browser": "chrome", "browser-platform": "windows", "browser-version": "72.0.3626.121"}
{"method": "GET", "path": "/dashboards/_last_marketing_cost/sales-comparison", "endpoint": "dashboards.last_marketing_cost", "view-args": {"id": "sales-comparison"}, "status": 200, "user": "9942c672b9354771@lampenwelt.de", "timestamp": "2019-03-13T10:14:17.132175", "browser": "chrome", "browser-platform": "windows", "browser-version": "72.0.3626.121"}
{"method": "GET", "path": "/dashboards/_render_async_sql_query/1d354773-f02f-4352-9e18-bc91f04cd918", "endpoint": "dashboards.render_async_sql_query", "view-args": {"id": "1d354773-f02f-4352-9e18-bc91f04cd918"}, "status": 200, "user": "9942c672b9354771@lampenwelt.de", "timestamp": "2019-03-13T10:14:17.179515", "browser": "chrome", "browser-platform": "windows", "browser-version": "72.0.3626.121"}
{"method": "GET", "path": "/dashboards/_render_async_sql_query/8b7e5c21-d513-4627-8750-9b96a0b2e624", "endpoint": "dashboards.render_async_sql_query", "view-args": {"id": "8b7e5c21-d513-4627-8750-9b96a0b2e624"}, "status": 200, "user": "9942c672b9354771@lampenwelt.de", "timestamp": "2019-03-13T10:14:17.187058", "browser": "chrome", "browser-platform": "windows", "browser-version": "72.0.3626.121"}
{"method": "POST", "path": "/mondrian/excel/authorize", "endpoint": "py_mondrian.excel_authorize", "view-args": {}, "status": 200, "user": "35675e68f4b5af7b@localhost", "timestamp": "2019-03-13T10:19:28.129412", "browser": null, "browser-platform": null, "browser-version": null}
{"method": "GET", "path": "/dashboards/marketing-overview", "endpoint": "dashboards.view_dashboard", "view-args": {"id": "marketing-overview"}, "status": 200, "user": "be210909e1a06d2c@lampenwelt.de", "timestamp": "2019-03-13T10:21:18.733128", "browser": "chrome", "browser-platform": "windows", "browser-version": "72.0.3626.121"}
{"method": "GET", "path": "/dashboards/_render_async_sql_query/3c168c4e-880a-4bcf-85b5-9fd63e63c7a7", "endpoint": "dashboards.render_async_sql_query", "view-args": {"id": "3c168c4e-880a-4bcf-85b5-9fd63e63c7a7"}, "status": 200, "user": "be210909e1a06d2c@lampenwelt.de", "timestamp": "2019-03-13T10:21:19.299546", "browser": "chrome", "browser-platform": "windows", "browser-version": "72.0.3626.121"}
{"method": "GET", "path": "/dashboards/_render_async_sql_query/d61b74b5-60a6-4d2c-9bbd-2b8dba4a52c8", "endpoint": "dashboards.render_async_sql_query", "view-args": {"id": "d61b74b5-60a6-4d2c-9bbd-2b8dba4a52c8"}, "status": 200, "user": "be210909e1a06d2c@lampenwelt.de", "timestamp": "2019-03-13T10:21:19.299942", "browser": "chrome", "browser-platform": "windows", "browser-version": "72.0.3626.121"}
{"method": "GET", "path": "/dashboards/_render_async_sql_query/e53fa082-c372-4b88-9206-aa38efe55f0a", "endpoint": "dashboards.render_async_sql_query", "view-args": {"id": "e53fa082-c372-4b88-9206-aa38efe55f0a"}, "status": 200, "user": "be210909e1a06d2c@lampenwelt.de", "timestamp": "2019-03-13T10:21:19.306808", "browser": "chrome", "browser-platform": "windows", "browser-version": "72.0.3626.121"}
{"method": "GET", "path": "/dashboards/_last_successful_import", "endpoint": "dashboards.last_successful_import", "view-args": {}, "status": 200, "user": "be210909e1a06d2c@lampenwelt.de", "timestamp": "2019-03-13T10:21:19.315120", "browser": "chrome", "browser-platform": "windows", "browser-version": "72.0.3626.121"}
{"method": "GET", "path": "/dashboards/_render_async_sql_query/1db9f939-5a2d-4c56-a866-65bca2ecec21", "endpoint": "dashboards.render_async_sql_query", "view-args": {"id": "1db9f939-5a2d-4c56-a866-65bca2ecec21"}, "status": 200, "user": "be210909e1a06d2c@lampenwelt.de", "timestamp": "2019-03-13T10:21:19.323828", "browser": "chrome", "browser-platform": "windows", "browser-version": "72.0.3626.121"}
{"method": "GET", "path": "/dashboards/_last_marketing_cost/marketing-overview", "endpoint": "dashboards.last_marketing_cost", "view-args": {"id": "marketing-overview"}, "status": 200, "user": "be210909e1a06d2c@lampenwelt.de", "timestamp": "2019-03-13T10:21:19.355083", "browser": "chrome", "browser-platform": "windows", "browser-version": "72.0.3626.121"}
{"method": "GET", "path": "/dashboards/_render_async_sql_query/2357fee9-369a-449a-8786-434528a4d8ba", "endpoint": "dashboards.render_async_sql_query", "view-args": {"id": "2357fee9-369a-449a-8786-434528a4d8ba"}, "status": 200, "user": "be210909e1a06d2c@lampenwelt.de", "timestamp": "2019-03-13T10:21:19.364925", "browser": "chrome", "browser-platform": "windows", "browser-version": "72.0.3626.121"}
{"method": "GET", "path": "/dashboards/_render_async_sql_query/3e18d156-d0f4-444e-b810-f788edea5bb1", "endpoint": "dashboards.render_async_sql_query", "view-args": {"id": "3e18d156-d0f4-444e-b810-f788edea5bb1"}, "status": 200, "user": "be210909e1a06d2c@lampenwelt.de", "timestamp": "2019-03-13T10:21:19.365458", "browser": "chrome", "browser-platform": "windows", "browser-version": "72.0.3626.121"}
{"method": "GET", "path": "/dashboards/_render_async_sql_query/b227b1e1-7348-4182-8903-a0b0969c306a", "endpoint": "dashboards.render_async_sql_query", "view-args": {"id": "b227b1e1-7348-4182-8903-a0b0969c306a"}, "status": 200, "user": "be210909e1a06d2c@lampenwelt.de", "timestamp": "2019-03-13T10:21:19.385415", "browser": "chrome", "browser-platform": "windows", "browser-version": "72.0.3626.121"}
{"method": "GET", "path": "/dashboards/_render_async_sql_query/112fc441-f2eb-4641-ae4e-a36216dabe73", "endpoint": "dashboards.render_async_sql_query", "view-args": {"id": "112fc441-f2eb-4641-ae4e-a36216dabe73"}, "status": 200, "user": "be210909e1a06d2c@lampenwelt.de", "timestamp": "2019-03-13T10:21:19.414551", "browser": "chrome", "browser-platform": "windows", "browser-version": "72.0.3626.121"}
{"method": "GET", "path": "/dashboards/_render_async_sql_query/946419dc-fe31-4745-bd50-3047312c7859", "endpoint": "dashboards.render_async_sql_query", "view-args": {"id": "946419dc-fe31-4745-bd50-3047312c7859"}, "status": 200, "user": "be210909e1a06d2c@lampenwelt.de", "timestamp": "2019-03-13T10:21:19.419194", "browser": "chrome", "browser-platform": "windows", "browser-version": "72.0.3626.121"}
{"method": "GET", "path": "/dashboards/_render_async_sql_query/c25c90c8-3c8b-40b7-a94f-6c6c0377bc1f", "endpoint": "dashboards.render_async_sql_query", "view-args": {"id": "c25c90c8-3c8b-40b7-a94f-6c6c0377bc1f"}, "status": 200, "user": "be210909e1a06d2c@lampenwelt.de", "timestamp": "2019-03-13T10:21:19.426226", "browser": "chrome", "browser-platform": "windows", "browser-version": "72.0.3626.121"}
{"method": "GET", "path": "/dashboards/_render_async_sql_query/dd2b49a4-cb88-48ff-b421-756670646e6d", "endpoint": "dashboards.render_async_sql_query", "view-args": {"id": "dd2b49a4-cb88-48ff-b421-756670646e6d"}, "status": 200, "user": "be210909e1a06d2c@lampenwelt.de", "timestamp": "2019-03-13T10:21:19.438251", "browser": "chrome", "browser-platform": "windows", "browser-version": "72.0.3626.121"}
{"method": "GET", "path": "/dashboards/_render_async_sql_query/646f415a-79b8-4bdf-990f-04837710135f", "endpoint": "dashboards.render_async_sql_query", "view-args": {"id": "646f415a-79b8-4bdf-990f-04837710135f"}, "status": 200, "user": "be210909e1a06d2c@lampenwelt.de", "timestamp": "2019-03-13T10:21:19.619634", "browser": "chrome", "browser-platform": "windows", "browser-version": "72.0.3626.121"}
{"method": "GET", "path": "/dashboards/_render_async_sql_query/cae99d61-9f58-4017-bd3d-976cc948210c", "endpoint": "dashboards.render_async_sql_query", "view-args": {"id": "cae99d61-9f58-4017-bd3d-976cc948210c"}, "status": 200, "user": "be210909e1a06d2c@lampenwelt.de", "timestamp": "2019-03-13T10:21:19.621137", "browser": "chrome", "browser-platform": "windows", "browser-version": "72.0.3626.121"}
{"method": "GET", "path": "/dashboards/_render_async_sql_query/c4a804c0-afcc-4e90-8408-5efadccbcea1", "endpoint": "dashboards.render_async_sql_query", "view-args": {"id": "c4a804c0-afcc-4e90-8408-5efadccbcea1"}, "status": 200, "user": "be210909e1a06d2c@lampenwelt.de", "timestamp": "2019-03-13T10:21:19.628325", "browser": "chrome", "browser-platform": "windows", "browser-version": "72.0.3626.121"}
{"method": "GET", "path": "/dashboards/_render_async_sql_query/30b7f685-83f2-481f-a45e-afb7bcdefb03", "endpoint": "dashboards.render_async_sql_query", "view-args": {"id": "30b7f685-83f2-481f-a45e-afb7bcdefb03"}, "status": 200, "user": "be210909e1a06d2c@lampenwelt.de", "timestamp": "2019-03-13T10:21:19.640615", "browser": "chrome", "browser-platform": "windows", "browser-version": "72.0.3626.121"}
{"method": "GET", "path": "/dashboards/_render_async_sql_query/c3685850-dd4b-4e10-bc1d-0e5df107edf3", "endpoint": "dashboards.render_async_sql_query", "view-args": {"id": "c3685850-dd4b-4e10-bc1d-0e5df107edf3"}, "status": 200, "user": "be210909e1a06d2c@lampenwelt.de", "timestamp": "2019-03-13T10:21:19.652036", "browser": "chrome", "browser-platform": "windows", "browser-version": "72.0.3626.121"}
{"method": "GET", "path": "/mondrian/saiku", "endpoint": "py_mondrian.saiku", "view-args": {}, "status": 302, "user": "be210909e1a06d2c@lampenwelt.de", "timestamp": "2019-03-13T10:21:26.649239", "browser": "chrome", "browser-platform": "windows", "browser-version": "72.0.3626.121"}
{"method": "GET", "path": "/dashboards/marketing-overview", "endpoint": "dashboards.view_dashboard", "view-args": {"id": "marketing-overview"}, "status": 200, "user": "be210909e1a06d2c@lampenwelt.de", "timestamp": "2019-03-13T10:21:32.306027", "browser": "chrome", "browser-platform": "windows", "browser-version": "72.0.3626.121"}
{"method": "GET", "path": "/dashboards/_render_async_sql_query/e898630e-33a6-4f97-9cc5-cec80a45fd73", "endpoint": "dashboards.render_async_sql_query", "view-args": {"id": "e898630e-33a6-4f97-9cc5-cec80a45fd73"}, "status": 200, "user": "be210909e1a06d2c@lampenwelt.de", "timestamp": "2019-03-13T10:21:32.565119", "browser": "chrome", "browser-platform": "windows", "browser-version": "72.0.3626.121"}
{"method": "GET", "path": "/dashboards/_render_async_sql_query/8689de47-1f5e-434a-b864-17d67fe9bece", "endpoint": "dashboards.render_async_sql_query", "view-args": {"id": "8689de47-1f5e-434a-b864-17d67fe9bece"}, "status": 200, "user": "be210909e1a06d2c@lampenwelt.de", "timestamp": "2019-03-13T10:21:32.565282", "browser": "chrome", "browser-platform": "windows", "browser-version": "72.0.3626.121"}
{"method": "GET", "path": "/dashboards/_render_async_sql_query/6ade255c-932d-4314-885f-e813f27c5879", "endpoint": "dashboards.render_async_sql_query", "view-args": {"id": "6ade255c-932d-4314-885f-e813f27c5879"}, "status": 200, "user": "be210909e1a06d2c@lampenwelt.de", "timestamp": "2019-03-13T10:21:32.574956", "browser": "chrome", "browser-platform": "windows", "browser-version": "72.0.3626.121"}
{"method": "GET", "path": "/dashboards/_last_successful_import", "endpoint": "dashboards.last_successful_import", "view-args": {}, "status": 200, "user": "be210909e1a06d2c@lampenwelt.de", "timestamp": "2019-03-13T10:21:32.583097", "browser": "chrome", "browser-platform": "windows", "browser-version": "72.0.3626.121"}
{"method": "GET", "path": "/dashboards/_last_marketing_cost/marketing-overview", "endpoint": "dashboards.last_marketing_cost", "view-args": {"id": "marketing-overview"}, "status": 200, "user": "be210909e1a06d2c@lampenwelt.de", "timestamp": "2019-03-13T10:21:32.594755", "browser": "chrome", "browser-platform": "windows", "browser-version": "72.0.3626.121"}
{"method": "GET", "path": "/dashboards/_render_async_sql_query/580a06f6-4173-45e6-a971-1e38e0cb00f2", "endpoint": "dashboards.render_async_sql_query", "view-args": {"id": "580a06f6-4173-45e6-a971-1e38e0cb00f2"}, "status": 200, "user": "be210909e1a06d2c@lampenwelt.de", "timestamp": "2019-03-13T10:21:32.599722", "browser": "chrome", "browser-platform": "windows", "browser-version": "72.0.3626.121"}
{"method": "GET", "path": "/dashboards/_render_async_sql_query/1c925f45-d4ae-4795-96d3-b41439f8c8c7", "endpoint": "dashboards.render_async_sql_query", "view-args": {"id": "1c925f45-d4ae-4795-96d3-b41439f8c8c7"}, "status": 200, "user": "be210909e1a06d2c@lampenwelt.de", "timestamp": "2019-03-13T10:21:32.629625", "browser": "chrome", "browser-platform": "windows", "browser-version": "72.0.3626.121"}
{"method": "GET", "path": "/dashboards/_render_async_sql_query/112bbf80-bc4f-4eef-b895-698f696dece2", "endpoint": "dashboards.render_async_sql_query", "view-args": {"id": "112bbf80-bc4f-4eef-b895-698f696dece2"}, "status": 200, "user": "be210909e1a06d2c@lampenwelt.de", "timestamp": "2019-03-13T10:21:32.631737", "browser": "chrome", "browser-platform": "windows", "browser-version": "72.0.3626.121"}
{"method": "GET", "path": "/dashboards/_render_async_sql_query/12a17219-8876-42e7-bfb7-9946cac585cf", "endpoint": "dashboards.render_async_sql_query", "view-args": {"id": "12a17219-8876-42e7-bfb7-9946cac585cf"}, "status": 200, "user": "be210909e1a06d2c@lampenwelt.de", "timestamp": "2019-03-13T10:21:32.638031", "browser": "chrome", "browser-platform": "windows", "browser-version": "72.0.3626.121"}
{"method": "GET", "path": "/dashboards/_render_async_sql_query/d0248b5a-d757-43a1-953d-e3de606e4dab", "endpoint": "dashboards.render_async_sql_query", "view-args": {"id": "d0248b5a-d757-43a1-953d-e3de606e4dab"}, "status": 200, "user": "be210909e1a06d2c@lampenwelt.de", "timestamp": "2019-03-13T10:21:32.655366", "browser": "chrome", "browser-platform": "windows", "browser-version": "72.0.3626.121"}
{"method": "GET", "path": "/dashboards/_render_async_sql_query/12182ba0-6c24-4802-8568-733d1019e080", "endpoint": "dashboards.render_async_sql_query", "view-args": {"id": "12182ba0-6c24-4802-8568-733d1019e080"}, "status": 200, "user": "be210909e1a06d2c@lampenwelt.de", "timestamp": "2019-03-13T10:21:32.834752", "browser": "chrome", "browser-platform": "windows", "browser-version": "72.0.3626.121"}
{"method": "GET", "path": "/dashboards/_render_async_sql_query/24effd1b-5fb3-44a0-8f99-04b82dc7b6da", "endpoint": "dashboards.render_async_sql_query", "view-args": {"id": "24effd1b-5fb3-44a0-8f99-04b82dc7b6da"}, "status": 200, "user": "be210909e1a06d2c@lampenwelt.de", "timestamp": "2019-03-13T10:21:32.839605", "browser": "chrome", "browser-platform": "windows", "browser-version": "72.0.3626.121"}
{"method": "GET", "path": "/dashboards/_render_async_sql_query/96b8528b-6310-4d6c-a8fd-e8cc9d365192", "endpoint": "dashboards.render_async_sql_query", "view-args": {"id": "96b8528b-6310-4d6c-a8fd-e8cc9d365192"}, "status": 200, "user": "be210909e1a06d2c@lampenwelt.de", "timestamp": "2019-03-13T10:21:32.844494", "browser": "chrome", "browser-platform": "windows", "browser-version": "72.0.3626.121"}
{"method": "GET", "path": "/dashboards/_render_async_sql_query/5c83b169-dfd4-40dd-b2e1-a3a6cc0adf5f", "endpoint": "dashboards.render_async_sql_query", "view-args": {"id": "5c83b169-dfd4-40dd-b2e1-a3a6cc0adf5f"}, "status": 200, "user": "be210909e1a06d2c@lampenwelt.de", "timestamp": "2019-03-13T10:21:32.861838", "browser": "chrome", "browser-platform": "windows", "browser-version": "72.0.3626.121"}
{"method": "GET", "path": "/dashboards/_render_async_sql_query/39206f0c-07dd-4825-9d57-7260a905114e", "endpoint": "dashboards.render_async_sql_query", "view-args": {"id": "39206f0c-07dd-4825-9d57-7260a905114e"}, "status": 200, "user": "be210909e1a06d2c@lampenwelt.de", "timestamp": "2019-03-13T10:21:32.868932", "browser": "chrome", "browser-platform": "windows", "browser-version": "72.0.3626.121"}
{"method": "GET", "path": "/dashboards/_render_async_sql_query/69cc1d99-c376-4508-b8c4-5c2b0dab133b", "endpoint": "dashboards.render_async_sql_query", "view-args": {"id": "69cc1d99-c376-4508-b8c4-5c2b0dab133b"}, "status": 200, "user": "be210909e1a06d2c@lampenwelt.de", "timestamp": "2019-03-13T10:21:32.870422", "browser": "chrome", "browser-platform": "windows", "browser-version": "72.0.3626.121"}
{"method": "GET", "path": "/dashboards/_render_async_sql_query/593136d0-f847-4e4a-9eaf-1d073e5bce9a", "endpoint": "dashboards.render_async_sql_query", "view-args": {"id": "593136d0-f847-4e4a-9eaf-1d073e5bce9a"}, "status": 200, "user": "be210909e1a06d2c@lampenwelt.de", "timestamp": "2019-03-13T10:21:32.884133", "browser": "chrome", "browser-platform": "windows", "browser-version": "72.0.3626.121"}
{"method": "GET", "path": "/dashboards/_render_async_sql_query/1a26a3ba-e462-46b8-8764-6c42610979ca", "endpoint": "dashboards.render_async_sql_query", "view-args": {"id": "1a26a3ba-e462-46b8-8764-6c42610979ca"}, "status": 200, "user": "be210909e1a06d2c@lampenwelt.de", "timestamp": "2019-03-13T10:21:32.898156", "browser": "chrome", "browser-platform": "windows", "browser-version": "72.0.3626.121"}
{"method": "GET", "path": "/mondrian/excel", "endpoint": "py_mondrian.excel", "view-args": {}, "status": 200, "user": "be210909e1a06d2c@lampenwelt.de", "timestamp": "2019-03-13T10:21:40.794233", "browser": "chrome", "browser-platform": "windows", "browser-version": "72.0.3626.121"}
{"method": "POST", "path": "/mondrian/excel/authorize", "endpoint": "py_mondrian.excel_authorize", "view-args": {}, "status": 200, "user": "35675e68f4b5af7b@localhost", "timestamp": "2019-03-13T10:33:29.834011", "browser": null, "browser-platform": null, "browser-version": null}
{"method": "POST", "path": "/mondrian/excel/authorize", "endpoint": "py_mondrian.excel_authorize", "view-args": {}, "status": 200, "user": "35675e68f4b5af7b@localhost", "timestamp": "2019-03-13T10:33:54.861662", "browser": null, "browser-platform": null, "browser-version": null}
{"method": "GET", "path": "/mondrian/excel", "endpoint": "py_mondrian.excel", "view-args": {}, "status": 200, "user": "9942c672b9354771@lampenwelt.de", "timestamp": "2019-03-13T10:35:00.739518", "browser": "chrome", "browser-platform": "windows", "browser-version": "72.0.3626.121"}
{"method": "GET", "path": "/mondrian", "endpoint": "py_mondrian.schema_page", "view-args": {}, "status": 200, "user": "9942c672b9354771@lampenwelt.de", "timestamp": "2019-03-13T10:35:14.737081", "browser": "chrome", "browser-platform": "windows", "browser-version": "72.0.3626.121"}
{"method": "GET", "path": "/mondrian/graph/Awin performance", "endpoint": "py_mondrian.measures_graph", "view-args": {"cube_name": "Awin performance"}, "status": 200, "user": "9942c672b9354771@lampenwelt.de", "timestamp": "2019-03-13T10:35:15.366363", "browser": "chrome", "browser-platform": "windows", "browser-version": "72.0.3626.121"}
{"method": "GET", "path": "/mondrian/graph/Business targets", "endpoint": "py_mondrian.measures_graph", "view-args": {"cube_name": "Business targets"}, "status": 200, "user": "9942c672b9354771@lampenwelt.de", "timestamp": "2019-03-13T10:35:15.367684", "browser": "chrome", "browser-platform": "windows", "browser-version": "72.0.3626.121"}
{"method": "GET", "path": "/mondrian/graph/Ad performance", "endpoint": "py_mondrian.measures_graph", "view-args": {"cube_name": "Ad performance"}, "status": 200, "user": "9942c672b9354771@lampenwelt.de", "timestamp": "2019-03-13T10:35:15.368470", "browser": "chrome", "browser-platform": "windows", "browser-version": "72.0.3626.121"}
{"method": "GET", "path": "/mondrian/graph/Database size", "endpoint": "py_mondrian.measures_graph", "view-args": {"cube_name": "Database size"}, "status": 200, "user": "9942c672b9354771@lampenwelt.de", "timestamp": "2019-03-13T10:35:15.508567", "browser": "chrome", "browser-platform": "windows", "browser-version": "72.0.3626.121"}
{"method": "GET", "path": "/mondrian/graph/Call center lost call", "endpoint": "py_mondrian.measures_graph", "view-args": {"cube_name": "Call center lost call"}, "status": 200, "user": "9942c672b9354771@lampenwelt.de", "timestamp": "2019-03-13T10:35:15.520356", "browser": "chrome", "browser-platform": "windows", "browser-version": "72.0.3626.121"}
{"method": "GET", "path": "/mondrian/graph/Call center performance", "endpoint": "py_mondrian.measures_graph", "view-args": {"cube_name": "Call center performance"}, "status": 200, "user": "9942c672b9354771@lampenwelt.de", "timestamp": "2019-03-13T10:35:15.544496", "browser": "chrome", "browser-platform": "windows", "browser-version": "72.0.3626.121"}
{"method": "GET", "path": "/mondrian/graph/Email performance", "endpoint": "py_mondrian.measures_graph", "view-args": {"cube_name": "Email performance"}, "status": 200, "user": "9942c672b9354771@lampenwelt.de", "timestamp": "2019-03-13T10:35:15.700641", "browser": "chrome", "browser-platform": "windows", "browser-version": "72.0.3626.121"}
{"method": "GET", "path": "/mondrian/graph/Keywords", "endpoint": "py_mondrian.measures_graph", "view-args": {"cube_name": "Keywords"}, "status": 200, "user": "9942c672b9354771@lampenwelt.de", "timestamp": "2019-03-13T10:35:15.708387", "browser": "chrome", "browser-platform": "windows", "browser-version": "72.0.3626.121"}
{"method": "GET", "path": "/mondrian/graph/Email contacts", "endpoint": "py_mondrian.measures_graph", "view-args": {"cube_name": "Email contacts"}, "status": 200, "user": "9942c672b9354771@lampenwelt.de", "timestamp": "2019-03-13T10:35:15.732394", "browser": "chrome", "browser-platform": "windows", "browser-version": "72.0.3626.121"}
{"method": "GET", "path": "/mondrian/graph/Marketing touchpoints", "endpoint": "py_mondrian.measures_graph", "view-args": {"cube_name": "Marketing touchpoints"}, "status": 200, "user": "9942c672b9354771@lampenwelt.de", "timestamp": "2019-03-13T10:35:15.916471", "browser": "chrome", "browser-platform": "windows", "browser-version": "72.0.3626.121"}
{"method": "GET", "path": "/mondrian/graph/Marketing cost", "endpoint": "py_mondrian.measures_graph", "view-args": {"cube_name": "Marketing cost"}, "status": 200, "user": "9942c672b9354771@lampenwelt.de", "timestamp": "2019-03-13T10:35:15.932486", "browser": "chrome", "browser-platform": "windows", "browser-version": "72.0.3626.121"}
{"method": "GET", "path": "/mondrian/graph/Merged Customers", "endpoint": "py_mondrian.measures_graph", "view-args": {"cube_name": "Merged Customers"}, "status": 200, "user": "9942c672b9354771@lampenwelt.de", "timestamp": "2019-03-13T10:35:15.984460", "browser": "chrome", "browser-platform": "windows", "browser-version": "72.0.3626.121"}
{"method": "GET", "path": "/mondrian/graph/Order items", "endpoint": "py_mondrian.measures_graph", "view-args": {"cube_name": "Order items"}, "status": 200, "user": "9942c672b9354771@lampenwelt.de", "timestamp": "2019-03-13T10:35:16.124410", "browser": "chrome", "browser-platform": "windows", "browser-version": "72.0.3626.121"}
{"method": "GET", "path": "/mondrian/graph/Products", "endpoint": "py_mondrian.measures_graph", "view-args": {"cube_name": "Products"}, "status": 200, "user": "9942c672b9354771@lampenwelt.de", "timestamp": "2019-03-13T10:35:16.133282", "browser": "chrome", "browser-platform": "windows", "browser-version": "72.0.3626.121"}
{"method": "GET", "path": "/mondrian/graph/Products online", "endpoint": "py_mondrian.measures_graph", "view-args": {"cube_name": "Products online"}, "status": 200, "user": "9942c672b9354771@lampenwelt.de", "timestamp": "2019-03-13T10:35:16.180373", "browser": "chrome", "browser-platform": "windows", "browser-version": "72.0.3626.121"}
{"method": "GET", "path": "/mondrian/graph/Quotes", "endpoint": "py_mondrian.measures_graph", "view-args": {"cube_name": "Quotes"}, "status": 200, "user": "9942c672b9354771@lampenwelt.de", "timestamp": "2019-03-13T10:35:16.248346", "browser": "chrome", "browser-platform": "windows", "browser-version": "72.0.3626.121"}
{"method": "GET", "path": "/mondrian/graph/Sales", "endpoint": "py_mondrian.measures_graph", "view-args": {"cube_name": "Sales"}, "status": 200, "user": "9942c672b9354771@lampenwelt.de", "timestamp": "2019-03-13T10:35:16.305186", "browser": "chrome", "browser-platform": "windows", "browser-version": "72.0.3626.121"}
{"method": "GET", "path": "/mondrian/graph/User stats", "endpoint": "py_mondrian.measures_graph", "view-args": {"cube_name": "User stats"}, "status": 200, "user": "9942c672b9354771@lampenwelt.de", "timestamp": "2019-03-13T10:35:16.371665", "browser": "chrome", "browser-platform": "windows", "browser-version": "72.0.3626.121"}
{"method": "GET", "path": "/mondrian/graph/Warehouse inventory", "endpoint": "py_mondrian.measures_graph", "view-args": {"cube_name": "Warehouse inventory"}, "status": 200, "user": "9942c672b9354771@lampenwelt.de", "timestamp": "2019-03-13T10:35:16.420593", "browser": "chrome", "browser-platform": "windows", "browser-version": "72.0.3626.121"}
{"method": "GET", "path": "/mondrian/graph/Warehouse parcel", "endpoint": "py_mondrian.measures_graph", "view-args": {"cube_name": "Warehouse parcel"}, "status": 200, "user": "9942c672b9354771@lampenwelt.de", "timestamp": "2019-03-13T10:35:16.539070", "browser": "chrome", "browser-platform": "windows", "browser-version": "72.0.3626.121"}
{"method": "GET", "path": "/mondrian/graph/Warehouse supplies", "endpoint": "py_mondrian.measures_graph", "view-args": {"cube_name": "Warehouse supplies"}, "status": 200, "user": "9942c672b9354771@lampenwelt.de", "timestamp": "2019-03-13T10:35:16.609746", "browser": "chrome", "browser-platform": "windows", "browser-version": "72.0.3626.121"}
{"method": "GET", "path": "/mondrian/graph/Warehouse shipment", "endpoint": "py_mondrian.measures_graph", "view-args": {"cube_name": "Warehouse shipment"}, "status": 200, "user": "9942c672b9354771@lampenwelt.de", "timestamp": "2019-03-13T10:35:16.676378", "browser": "chrome", "browser-platform": "windows", "browser-version": "72.0.3626.121"}
{"method": "GET", "path": "/mondrian/graph/Weekly Summary", "endpoint": "py_mondrian.measures_graph", "view-args": {"cube_name": "Weekly Summary"}, "status": 200, "user": "9942c672b9354771@lampenwelt.de", "timestamp": "2019-03-13T10:35:16.744523", "browser": "chrome", "browser-platform": "windows", "browser-version": "72.0.3626.121"}
{"method": "GET", "path": "/mondrian/graph/Webshop performance", "endpoint": "py_mondrian.measures_graph", "view-args": {"cube_name": "Webshop performance"}, "status": 200, "user": "9942c672b9354771@lampenwelt.de", "timestamp": "2019-03-13T10:35:16.849661", "browser": "chrome", "browser-platform": "windows", "browser-version": "72.0.3626.121"}
{"method": "POST", "path": "/mondrian/saiku/authorize", "endpoint": "py_mondrian.saiku_authorize", "view-args": {}, "status": 200, "user": "35675e68f4b5af7b@localhost", "timestamp": "2019-03-13T10:36:38.991359", "browser": null, "browser-platform": null, "browser-version": null}
{"method": "POST", "path": "/mondrian/saiku/authorize", "endpoint": "py_mondrian.saiku_authorize", "view-args": {}, "status": 200, "user": "35675e68f4b5af7b@localhost", "timestamp": "2019-03-13T10:36:39.152153", "browser": null, "browser-platform": null, "browser-version": null}
{"method": "POST", "path": "/campaign-tree/search", "endpoint": "campaign_tree.search", "view-args": {}, "status": 200, "user": "72141146ea8e13f4@lampenwelt.de", "timestamp": "2019-03-13T10:40:52.225648", "browser": "chrome", "browser-platform": "windows", "browser-version": "72.0.3626.121"}
{"method": "POST", "path": "/campaign-tree/count", "endpoint": "campaign_tree.count", "view-args": {}, "status": 200, "user": "72141146ea8e13f4@lampenwelt.de", "timestamp": "2019-03-13T10:40:52.723134", "browser": "chrome", "browser-platform": "windows", "browser-version": "72.0.3626.121"}
{"method": "POST", "path": "/campaign-tree/search", "endpoint": "campaign_tree.search", "view-args": {}, "status": 200, "user": "72141146ea8e13f4@lampenwelt.de", "timestamp": "2019-03-13T10:40:53.202180", "browser": "chrome", "browser-platform": "windows", "browser-version": "72.0.3626.121"}
{"method": "POST", "path": "/campaign-tree/search", "endpoint": "campaign_tree.search", "view-args": {}, "status": 200, "user": "72141146ea8e13f4@lampenwelt.de", "timestamp": "2019-03-13T10:40:53.664302", "browser": "chrome", "browser-platform": "windows", "browser-version": "72.0.3626.121"}
{"method": "POST", "path": "/campaign-tree/search", "endpoint": "campaign_tree.search", "view-args": {}, "status": 200, "user": "72141146ea8e13f4@lampenwelt.de", "timestamp": "2019-03-13T10:40:53.949469", "browser": "chrome", "browser-platform": "windows", "browser-version": "72.0.3626.121"}
{"method": "POST", "path": "/campaign-tree/search", "endpoint": "campaign_tree.search", "view-args": {}, "status": 200, "user": "72141146ea8e13f4@lampenwelt.de", "timestamp": "2019-03-13T10:40:53.977311", "browser": "chrome", "browser-platform": "windows", "browser-version": "72.0.3626.121"}
{"method": "POST", "path": "/campaign-tree/count", "endpoint": "campaign_tree.count", "view-args": {}, "status": 200, "user": "72141146ea8e13f4@lampenwelt.de", "timestamp": "2019-03-13T10:40:54.348665", "browser": "chrome", "browser-platform": "windows", "browser-version": "72.0.3626.121"}
{"method": "POST", "path": "/campaign-tree/search", "endpoint": "campaign_tree.search", "view-args": {}, "status": 200, "user": "72141146ea8e13f4@lampenwelt.de", "timestamp": "2019-03-13T10:41:00.706037", "browser": "chrome", "browser-platform": "windows", "browser-version": "72.0.3626.121"}
{"method": "POST", "path": "/campaign-tree/count", "endpoint": "campaign_tree.count", "view-args": {}, "status": 200, "user": "72141146ea8e13f4@lampenwelt.de", "timestamp": "2019-03-13T10:41:02.288709", "browser": "chrome", "browser-platform": "windows", "browser-version": "72.0.3626.121"}
{"method": "POST", "path": "/campaign-tree/search", "endpoint": "campaign_tree.search", "view-args": {}, "status": 200, "user": "72141146ea8e13f4@lampenwelt.de", "timestamp": "2019-03-13T10:42:00.895157", "browser": "chrome", "browser-platform": "windows", "browser-version": "72.0.3626.121"}
{"method": "POST", "path": "/campaign-tree/count", "endpoint": "campaign_tree.count", "view-args": {}, "status": 200, "user": "72141146ea8e13f4@lampenwelt.de", "timestamp": "2019-03-13T10:42:01.239126", "browser": "chrome", "browser-platform": "windows", "browser-version": "72.0.3626.121"}
{"method": "POST", "path": "/campaign-tree/search", "endpoint": "campaign_tree.search", "view-args": {}, "status": 200, "user": "72141146ea8e13f4@lampenwelt.de", "timestamp": "2019-03-13T10:42:01.837471", "browser": "chrome", "browser-platform": "windows", "browser-version": "72.0.3626.121"}
{"method": "POST", "path": "/campaign-tree/search", "endpoint": "campaign_tree.search", "view-args": {}, "status": 200, "user": "72141146ea8e13f4@lampenwelt.de", "timestamp": "2019-03-13T10:42:01.958038", "browser": "chrome", "browser-platform": "windows", "browser-version": "72.0.3626.121"}
{"method": "POST", "path": "/campaign-tree/search", "endpoint": "campaign_tree.search", "view-args": {}, "status": 200, "user": "72141146ea8e13f4@lampenwelt.de", "timestamp": "2019-03-13T10:42:02.077928", "browser": "chrome", "browser-platform": "windows", "browser-version": "72.0.3626.121"}
{"method": "POST", "path": "/campaign-tree/search", "endpoint": "campaign_tree.search", "view-args": {}, "status": 200, "user": "72141146ea8e13f4@lampenwelt.de", "timestamp": "2019-03-13T10:42:02.206714", "browser": "chrome", "browser-platform": "windows", "browser-version": "72.0.3626.121"}
{"method": "POST", "path": "/campaign-tree/count", "endpoint": "campaign_tree.count", "view-args": {}, "status": 200, "user": "72141146ea8e13f4@lampenwelt.de", "timestamp": "2019-03-13T10:42:02.576528", "browser": "chrome", "browser-platform": "windows", "browser-version": "72.0.3626.121"}
{"method": "POST", "path": "/campaign-tree/search", "endpoint": "campaign_tree.search", "view-args": {}, "status": 200, "user": "72141146ea8e13f4@lampenwelt.de", "timestamp": "2019-03-13T10:42:06.570272", "browser": "chrome", "browser-platform": "windows", "browser-version": "72.0.3626.121"}
{"method": "POST", "path": "/campaign-tree/count", "endpoint": "campaign_tree.count", "view-args": {}, "status": 200, "user": "72141146ea8e13f4@lampenwelt.de", "timestamp": "2019-03-13T10:42:06.915269", "browser": "chrome", "browser-platform": "windows", "browser-version": "72.0.3626.121"}
{"method": "GET", "path": "/product-performance-analyzer/", "endpoint": "product-performance-analyzer.product_filter_panel", "view-args": {}, "status": 200, "user": "9942c672b9354771@lampenwelt.de", "timestamp": "2019-03-13T10:43:26.209451", "browser": "chrome", "browser-platform": "windows", "browser-version": "72.0.3626.121"}
{"method": "GET", "path": "/product-performance-analyzer/_last_successful_import", "endpoint": "product-performance-analyzer.last_successful_import", "view-args": {}, "status": 200, "user": "9942c672b9354771@lampenwelt.de", "timestamp": "2019-03-13T10:43:26.606904", "browser": "chrome", "browser-platform": "windows", "browser-version": "72.0.3626.121"}
{"method": "POST", "path": "/product-performance-analyzer/_render-mdx-request", "endpoint": "product-performance-analyzer.render_mdx_request", "view-args": {}, "status": 200, "user": "9942c672b9354771@lampenwelt.de", "timestamp": "2019-03-13T10:43:30.129613", "browser": "chrome", "browser-platform": "windows", "browser-version": "72.0.3626.121"}
{"method": "GET", "path": "/product-performance-analyzer/_auto-complete/global_dim.brand/brand_name/", "endpoint": "product-performance-analyzer.auto_complete", "view-args": {"table_name": "global_dim.brand", "column_name": "brand_name"}, "status": 200, "user": "9942c672b9354771@lampenwelt.de", "timestamp": "2019-03-13T10:43:30.153427", "browser": "chrome", "browser-platform": "windows", "browser-version": "72.0.3626.121"}
{"method": "GET", "path": "/product-performance-analyzer/_product_images/1/2600411.jpg", "endpoint": "product-performance-analyzer.get_product_image", "view-args": {"filename": "1/2600411.jpg"}, "status": 304, "user": "9942c672b9354771@lampenwelt.de", "timestamp": "2019-03-13T10:43:30.179161", "browser": "chrome", "browser-platform": "windows", "browser-version": "72.0.3626.121"}
{"method": "POST", "path": "/product-performance-analyzer/_render-mdx-request", "endpoint": "product-performance-analyzer.render_mdx_request", "view-args": {}, "status": 200, "user": "9942c672b9354771@lampenwelt.de", "timestamp": "2019-03-13T10:43:33.480658", "browser": "chrome", "browser-platform": "windows", "browser-version": "72.0.3626.121"}
{"method": "GET", "path": "/product-performance-analyzer/_product_images/1/9950191.jpg", "endpoint": "product-performance-analyzer.get_product_image", "view-args": {"filename": "1/9950191.jpg"}, "status": 304, "user": "9942c672b9354771@lampenwelt.de", "timestamp": "2019-03-13T10:43:33.562677", "browser": "chrome", "browser-platform": "windows", "browser-version": "72.0.3626.121"}
{"method": "GET", "path": "/product-performance-analyzer/_product_images/1/9030003.jpg", "endpoint": "product-performance-analyzer.get_product_image", "view-args": {"filename": "1/9030003.jpg"}, "status": 304, "user": "9942c672b9354771@lampenwelt.de", "timestamp": "2019-03-13T10:43:33.562697", "browser": "chrome", "browser-platform": "windows", "browser-version": "72.0.3626.121"}
{"method": "GET", "path": "/product-performance-analyzer/_product_images/1/9950190.jpg", "endpoint": "product-performance-analyzer.get_product_image", "view-args": {"filename": "1/9950190.jpg"}, "status": 200, "user": "9942c672b9354771@lampenwelt.de", "timestamp": "2019-03-13T10:43:33.566906", "browser": "chrome", "browser-platform": "windows", "browser-version": "72.0.3626.121"}
{"method": "GET", "path": "/product-performance-analyzer/_product_images/1/9030001.jpg", "endpoint": "product-performance-analyzer.get_product_image", "view-args": {"filename": "1/9030001.jpg"}, "status": 304, "user": "9942c672b9354771@lampenwelt.de", "timestamp": "2019-03-13T10:43:33.574318", "browser": "chrome", "browser-platform": "windows", "browser-version": "72.0.3626.121"}
{"method": "GET", "path": "/product-performance-analyzer/_product_images/1/9620067.jpg", "endpoint": "product-performance-analyzer.get_product_image", "view-args": {"filename": "1/9620067.jpg"}, "status": 200, "user": "9942c672b9354771@lampenwelt.de", "timestamp": "2019-03-13T10:43:33.578680", "browser": "chrome", "browser-platform": "windows", "browser-version": "72.0.3626.121"}
{"method": "GET", "path": "/product-performance-analyzer/_product_images/1/7500212.jpg", "endpoint": "product-performance-analyzer.get_product_image", "view-args": {"filename": "1/7500212.jpg"}, "status": 304, "user": "9942c672b9354771@lampenwelt.de", "timestamp": "2019-03-13T10:43:33.584930", "browser": "chrome", "browser-platform": "windows", "browser-version": "72.0.3626.121"}
{"method": "GET", "path": "/product-performance-analyzer/_product_images/1/9643036.jpg", "endpoint": "product-performance-analyzer.get_product_image", "view-args": {"filename": "1/9643036.jpg"}, "status": 200, "user": "9942c672b9354771@lampenwelt.de", "timestamp": "2019-03-13T10:43:33.586284", "browser": "chrome", "browser-platform": "windows", "browser-version": "72.0.3626.121"}
{"method": "GET", "path": "/product-performance-analyzer/_product_images/1/9643035.jpg", "endpoint": "product-performance-analyzer.get_product_image", "view-args": {"filename": "1/9643035.jpg"}, "status": 200, "user": "9942c672b9354771@lampenwelt.de", "timestamp": "2019-03-13T10:43:33.595115", "browser": "chrome", "browser-platform": "windows", "browser-version": "72.0.3626.121"}
{"method": "GET", "path": "/product-performance-analyzer/_product_images/1/9620360.jpg", "endpoint": "product-performance-analyzer.get_product_image", "view-args": {"filename": "1/9620360.jpg"}, "status": 200, "user": "9942c672b9354771@lampenwelt.de", "timestamp": "2019-03-13T10:43:33.603987", "browser": "chrome", "browser-platform": "windows", "browser-version": "72.0.3626.121"}
{"method": "GET", "path": "/product-performance-analyzer/_product_images/1/9621327.jpg", "endpoint": "product-performance-analyzer.get_product_image", "view-args": {"filename": "1/9621327.jpg"}, "status": 200, "user": "9942c672b9354771@lampenwelt.de", "timestamp": "2019-03-13T10:43:33.619845", "browser": "chrome", "browser-platform": "windows", "browser-version": "72.0.3626.121"}
{"method": "GET", "path": "/product-performance-analyzer/_product_images/1/6030028.jpg", "endpoint": "product-performance-analyzer.get_product_image", "view-args": {"filename": "1/6030028.jpg"}, "status": 200, "user": "9942c672b9354771@lampenwelt.de", "timestamp": "2019-03-13T10:43:33.631003", "browser": "chrome", "browser-platform": "windows", "browser-version": "72.0.3626.121"}
{"method": "GET", "path": "/product-performance-analyzer/_product_images/1/9643009.jpg", "endpoint": "product-performance-analyzer.get_product_image", "view-args": {"filename": "1/9643009.jpg"}, "status": 200, "user": "9942c672b9354771@lampenwelt.de", "timestamp": "2019-03-13T10:43:33.640059", "browser": "chrome", "browser-platform": "windows", "browser-version": "72.0.3626.121"}
{"method": "GET", "path": "/product-performance-analyzer/_product_images/1/9643006.jpg", "endpoint": "product-performance-analyzer.get_product_image", "view-args": {"filename": "1/9643006.jpg"}, "status": 200, "user": "9942c672b9354771@lampenwelt.de", "timestamp": "2019-03-13T10:43:33.642791", "browser": "chrome", "browser-platform": "windows", "browser-version": "72.0.3626.121"}
{"method": "GET", "path": "/product-performance-analyzer/_product_images/1/4516084.jpg", "endpoint": "product-performance-analyzer.get_product_image", "view-args": {"filename": "1/4516084.jpg"}, "status": 200, "user": "9942c672b9354771@lampenwelt.de", "timestamp": "2019-03-13T10:43:33.649179", "browser": "chrome", "browser-platform": "windows", "browser-version": "72.0.3626.121"}
{"method": "GET", "path": "/product-performance-analyzer/_product_images/1/9985030.jpg", "endpoint": "product-performance-analyzer.get_product_image", "view-args": {"filename": "1/9985030.jpg"}, "status": 200, "user": "9942c672b9354771@lampenwelt.de", "timestamp": "2019-03-13T10:43:33.657441", "browser": "chrome", "browser-platform": "windows", "browser-version": "72.0.3626.121"}
{"method": "GET", "path": "/product-performance-analyzer/_product_images/1/9643025.jpg", "endpoint": "product-performance-analyzer.get_product_image", "view-args": {"filename": "1/9643025.jpg"}, "status": 200, "user": "9942c672b9354771@lampenwelt.de", "timestamp": "2019-03-13T10:43:33.659914", "browser": "chrome", "browser-platform": "windows", "browser-version": "72.0.3626.121"}
{"method": "GET", "path": "/product-performance-analyzer/_product_images/1/9624026.jpg", "endpoint": "product-performance-analyzer.get_product_image", "view-args": {"filename": "1/9624026.jpg"}, "status": 200, "user": "9942c672b9354771@lampenwelt.de", "timestamp": "2019-03-13T10:43:33.692454", "browser": "chrome", "browser-platform": "windows", "browser-version": "72.0.3626.121"}
{"method": "GET", "path": "/product-performance-analyzer/_product_images/1/4580680.jpg", "endpoint": "product-performance-analyzer.get_product_image", "view-args": {"filename": "1/4580680.jpg"}, "status": 304, "user": "9942c672b9354771@lampenwelt.de", "timestamp": "2019-03-13T10:43:33.705345", "browser": "chrome", "browser-platform": "windows", "browser-version": "72.0.3626.121"}
{"method": "GET", "path": "/product-performance-analyzer/_product_images/1/9970140.jpg", "endpoint": "product-performance-analyzer.get_product_image", "view-args": {"filename": "1/9970140.jpg"}, "status": 200, "user": "9942c672b9354771@lampenwelt.de", "timestamp": "2019-03-13T10:43:33.705385", "browser": "chrome", "browser-platform": "windows", "browser-version": "72.0.3626.121"}
{"method": "GET", "path": "/product-performance-analyzer/_product_images/1/9643020.jpg", "endpoint": "product-performance-analyzer.get_product_image", "view-args": {"filename": "1/9643020.jpg"}, "status": 404, "user": "9942c672b9354771@lampenwelt.de", "timestamp": "2019-03-13T10:43:33.716510", "browser": "chrome", "browser-platform": "windows", "browser-version": "72.0.3626.121"}
{"method": "GET", "path": "/product-performance-analyzer/_product_images/1/1060036.jpg", "endpoint": "product-performance-analyzer.get_product_image", "view-args": {"filename": "1/1060036.jpg"}, "status": 304, "user": "9942c672b9354771@lampenwelt.de", "timestamp": "2019-03-13T10:43:33.720011", "browser": "chrome", "browser-platform": "windows", "browser-version": "72.0.3626.121"}
{"method": "GET", "path": "/product-performance-analyzer/_product_images/1/9620808.jpg", "endpoint": "product-performance-analyzer.get_product_image", "view-args": {"filename": "1/9620808.jpg"}, "status": 200, "user": "9942c672b9354771@lampenwelt.de", "timestamp": "2019-03-13T10:43:33.723983", "browser": "chrome", "browser-platform": "windows", "browser-version": "72.0.3626.121"}
{"method": "GET", "path": "/product-performance-analyzer/_product_images/1/3502573.jpg", "endpoint": "product-performance-analyzer.get_product_image", "view-args": {"filename": "1/3502573.jpg"}, "status": 200, "user": "9942c672b9354771@lampenwelt.de", "timestamp": "2019-03-13T10:43:33.726264", "browser": "chrome", "browser-platform": "windows", "browser-version": "72.0.3626.121"}
{"method": "GET", "path": "/product-performance-analyzer/_product_images/1/5517187.jpg", "endpoint": "product-performance-analyzer.get_product_image", "view-args": {"filename": "1/5517187.jpg"}, "status": 304, "user": "9942c672b9354771@lampenwelt.de", "timestamp": "2019-03-13T10:43:33.729309", "browser": "chrome", "browser-platform": "windows", "browser-version": "72.0.3626.121"}
{"method": "GET", "path": "/product-performance-analyzer/_product_images/1/3502604.jpg", "endpoint": "product-performance-analyzer.get_product_image", "view-args": {"filename": "1/3502604.jpg"}, "status": 200, "user": "9942c672b9354771@lampenwelt.de", "timestamp": "2019-03-13T10:43:33.739686", "browser": "chrome", "browser-platform": "windows", "browser-version": "72.0.3626.121"}
{"method": "GET", "path": "/product-performance-analyzer/_product_images/1/1509101.jpg", "endpoint": "product-performance-analyzer.get_product_image", "view-args": {"filename": "1/1509101.jpg"}, "status": 200, "user": "9942c672b9354771@lampenwelt.de", "timestamp": "2019-03-13T10:43:33.740124", "browser": "chrome", "browser-platform": "windows", "browser-version": "72.0.3626.121"}
{"method": "GET", "path": "/product-performance-analyzer/_product_images/1/9621273.jpg", "endpoint": "product-performance-analyzer.get_product_image", "view-args": {"filename": "1/9621273.jpg"}, "status": 200, "user": "9942c672b9354771@lampenwelt.de", "timestamp": "2019-03-13T10:43:33.743641", "browser": "chrome", "browser-platform": "windows", "browser-version": "72.0.3626.121"}
{"method": "GET", "path": "/product-performance-analyzer/_product_images/1/9621151.jpg", "endpoint": "product-performance-analyzer.get_product_image", "view-args": {"filename": "1/9621151.jpg"}, "status": 200, "user": "9942c672b9354771@lampenwelt.de", "timestamp": "2019-03-13T10:43:33.760845", "browser": "chrome", "browser-platform": "windows", "browser-version": "72.0.3626.121"}
{"method": "GET", "path": "/product-performance-analyzer/_product_images/1/9643005.jpg", "endpoint": "product-performance-analyzer.get_product_image", "view-args": {"filename": "1/9643005.jpg"}, "status": 200, "user": "9942c672b9354771@lampenwelt.de", "timestamp": "2019-03-13T10:43:33.761369", "browser": "chrome", "browser-platform": "windows", "browser-version": "72.0.3626.121"}
{"method": "GET", "path": "/product-performance-analyzer/_product_images/1/9620985.jpg", "endpoint": "product-performance-analyzer.get_product_image", "view-args": {"filename": "1/9620985.jpg"}, "status": 200, "user": "9942c672b9354771@lampenwelt.de", "timestamp": "2019-03-13T10:43:33.768273", "browser": "chrome", "browser-platform": "windows", "browser-version": "72.0.3626.121"}
{"method": "GET", "path": "/product-performance-analyzer/_product_images/1/9621309.jpg", "endpoint": "product-performance-analyzer.get_product_image", "view-args": {"filename": "1/9621309.jpg"}, "status": 200, "user": "9942c672b9354771@lampenwelt.de", "timestamp": "2019-03-13T10:43:33.781490", "browser": "chrome", "browser-platform": "windows", "browser-version": "72.0.3626.121"}
{"method": "GET", "path": "/product-performance-analyzer/_product_images/1/4581285.jpg", "endpoint": "product-performance-analyzer.get_product_image", "view-args": {"filename": "1/4581285.jpg"}, "status": 200, "user": "9942c672b9354771@lampenwelt.de", "timestamp": "2019-03-13T10:43:33.781759", "browser": "chrome", "browser-platform": "windows", "browser-version": "72.0.3626.121"}
{"method": "GET", "path": "/product-performance-analyzer/_product_images/1/9608003.jpg", "endpoint": "product-performance-analyzer.get_product_image", "view-args": {"filename": "1/9608003.jpg"}, "status": 200, "user": "9942c672b9354771@lampenwelt.de", "timestamp": "2019-03-13T10:43:33.811151", "browser": "chrome", "browser-platform": "windows", "browser-version": "72.0.3626.121"}
{"method": "GET", "path": "/product-performance-analyzer/_product_images/1/9643034.jpg", "endpoint": "product-performance-analyzer.get_product_image", "view-args": {"filename": "1/9643034.jpg"}, "status": 200, "user": "9942c672b9354771@lampenwelt.de", "timestamp": "2019-03-13T10:43:33.814347", "browser": "chrome", "browser-platform": "windows", "browser-version": "72.0.3626.121"}
{"method": "GET", "path": "/product-performance-analyzer/_product_images/1/6509019.jpg", "endpoint": "product-performance-analyzer.get_product_image", "view-args": {"filename": "1/6509019.jpg"}, "status": 200, "user": "9942c672b9354771@lampenwelt.de", "timestamp": "2019-03-13T10:43:33.817911", "browser": "chrome", "browser-platform": "windows", "browser-version": "72.0.3626.121"}
{"method": "GET", "path": "/product-performance-analyzer/_product_images/1/1542002.jpg", "endpoint": "product-performance-analyzer.get_product_image", "view-args": {"filename": "1/1542002.jpg"}, "status": 200, "user": "9942c672b9354771@lampenwelt.de", "timestamp": "2019-03-13T10:43:33.832846", "browser": "chrome", "browser-platform": "windows", "browser-version": "72.0.3626.121"}
{"method": "GET", "path": "/product-performance-analyzer/_product_images/1/8509732.jpg", "endpoint": "product-performance-analyzer.get_product_image", "view-args": {"filename": "1/8509732.jpg"}, "status": 200, "user": "9942c672b9354771@lampenwelt.de", "timestamp": "2019-03-13T10:43:33.832886", "browser": "chrome", "browser-platform": "windows", "browser-version": "72.0.3626.121"}
{"method": "GET", "path": "/product-performance-analyzer/_product_images/1/9620328.jpg", "endpoint": "product-performance-analyzer.get_product_image", "view-args": {"filename": "1/9620328.jpg"}, "status": 200, "user": "9942c672b9354771@lampenwelt.de", "timestamp": "2019-03-13T10:43:33.838768", "browser": "chrome", "browser-platform": "windows", "browser-version": "72.0.3626.121"}
{"method": "GET", "path": "/product-performance-analyzer/_product_images/1/9620842.jpg", "endpoint": "product-performance-analyzer.get_product_image", "view-args": {"filename": "1/9620842.jpg"}, "status": 200, "user": "9942c672b9354771@lampenwelt.de", "timestamp": "2019-03-13T10:43:33.847423", "browser": "chrome", "browser-platform": "windows", "browser-version": "72.0.3626.121"}
{"method": "GET", "path": "/product-performance-analyzer/_product_images/1/7610547.jpg", "endpoint": "product-performance-analyzer.get_product_image", "view-args": {"filename": "1/7610547.jpg"}, "status": 200, "user": "9942c672b9354771@lampenwelt.de", "timestamp": "2019-03-13T10:43:33.857598", "browser": "chrome", "browser-platform": "windows", "browser-version": "72.0.3626.121"}
{"method": "GET", "path": "/product-performance-analyzer/_product_images/1/4512489.jpg", "endpoint": "product-performance-analyzer.get_product_image", "view-args": {"filename": "1/4512489.jpg"}, "status": 200, "user": "9942c672b9354771@lampenwelt.de", "timestamp": "2019-03-13T10:43:33.864954", "browser": "chrome", "browser-platform": "windows", "browser-version": "72.0.3626.121"}
{"method": "GET", "path": "/product-performance-analyzer/_product_images/1/9620064.jpg", "endpoint": "product-performance-analyzer.get_product_image", "view-args": {"filename": "1/9620064.jpg"}, "status": 200, "user": "9942c672b9354771@lampenwelt.de", "timestamp": "2019-03-13T10:43:33.873181", "browser": "chrome", "browser-platform": "windows", "browser-version": "72.0.3626.121"}
{"method": "GET", "path": "/product-performance-analyzer/_product_images/1/7253206.jpg", "endpoint": "product-performance-analyzer.get_product_image", "view-args": {"filename": "1/7253206.jpg"}, "status": 200, "user": "9942c672b9354771@lampenwelt.de", "timestamp": "2019-03-13T10:43:33.888687", "browser": "chrome", "browser-platform": "windows", "browser-version": "72.0.3626.121"}
{"method": "GET", "path": "/product-performance-analyzer/_product_images/1/3001577.jpg", "endpoint": "product-performance-analyzer.get_product_image", "view-args": {"filename": "1/3001577.jpg"}, "status": 304, "user": "9942c672b9354771@lampenwelt.de", "timestamp": "2019-03-13T10:43:33.906638", "browser": "chrome", "browser-platform": "windows", "browser-version": "72.0.3626.121"}
{"method": "GET", "path": "/product-performance-analyzer/_product_images/1/7265046.jpg", "endpoint": "product-performance-analyzer.get_product_image", "view-args": {"filename": "1/7265046.jpg"}, "status": 200, "user": "9942c672b9354771@lampenwelt.de", "timestamp": "2019-03-13T10:43:33.907908", "browser": "chrome", "browser-platform": "windows", "browser-version": "72.0.3626.121"}
{"method": "GET", "path": "/product-performance-analyzer/_product_images/1/4581286.jpg", "endpoint": "product-performance-analyzer.get_product_image", "view-args": {"filename": "1/4581286.jpg"}, "status": 200, "user": "9942c672b9354771@lampenwelt.de", "timestamp": "2019-03-13T10:43:33.908080", "browser": "chrome", "browser-platform": "windows", "browser-version": "72.0.3626.121"}
{"method": "GET", "path": "/product-performance-analyzer/_product_images/1/4516082.jpg", "endpoint": "product-performance-analyzer.get_product_image", "view-args": {"filename": "1/4516082.jpg"}, "status": 200, "user": "9942c672b9354771@lampenwelt.de", "timestamp": "2019-03-13T10:43:33.916988", "browser": "chrome", "browser-platform": "windows", "browser-version": "72.0.3626.121"}
{"method": "GET", "path": "/product-performance-analyzer/_product_images/1/9643038.jpg", "endpoint": "product-performance-analyzer.get_product_image", "view-args": {"filename": "1/9643038.jpg"}, "status": 200, "user": "9942c672b9354771@lampenwelt.de", "timestamp": "2019-03-13T10:43:33.920825", "browser": "chrome", "browser-platform": "windows", "browser-version": "72.0.3626.121"}
{"method": "GET", "path": "/product-performance-analyzer/_product_images/1/1060070.jpg", "endpoint": "product-performance-analyzer.get_product_image", "view-args": {"filename": "1/1060070.jpg"}, "status": 304, "user": "9942c672b9354771@lampenwelt.de", "timestamp": "2019-03-13T10:43:33.927471", "browser": "chrome", "browser-platform": "windows", "browser-version": "72.0.3626.121"}
{"method": "GET", "path": "/product-performance-analyzer/_product_images/1/7610534.jpg", "endpoint": "product-performance-analyzer.get_product_image", "view-args": {"filename": "1/7610534.jpg"}, "status": 200, "user": "9942c672b9354771@lampenwelt.de", "timestamp": "2019-03-13T10:43:33.932029", "browser": "chrome", "browser-platform": "windows", "browser-version": "72.0.3626.121"}
{"method": "POST", "path": "/campaign-tree/search", "endpoint": "campaign_tree.search", "view-args": {}, "status": 200, "user": "72141146ea8e13f4@lampenwelt.de", "timestamp": "2019-03-13T10:44:52.878301", "browser": "chrome", "browser-platform": "windows", "browser-version": "72.0.3626.121"}
{"method": "POST", "path": "/campaign-tree/count", "endpoint": "campaign_tree.count", "view-args": {}, "status": 200, "user": "72141146ea8e13f4@lampenwelt.de", "timestamp": "2019-03-13T10:44:53.235753", "browser": "chrome", "browser-platform": "windows", "browser-version": "72.0.3626.121"}
{"method": "POST", "path": "/campaign-tree/search", "endpoint": "campaign_tree.search", "view-args": {}, "status": 200, "user": "72141146ea8e13f4@lampenwelt.de", "timestamp": "2019-03-13T10:44:55.217690", "browser": "chrome", "browser-platform": "windows", "browser-version": "72.0.3626.121"}
{"method": "POST", "path": "/campaign-tree/search", "endpoint": "campaign_tree.search", "view-args": {}, "status": 200, "user": "72141146ea8e13f4@lampenwelt.de", "timestamp": "2019-03-13T10:44:55.401083", "browser": "chrome", "browser-platform": "windows", "browser-version": "72.0.3626.121"}
{"method": "POST", "path": "/campaign-tree/search", "endpoint": "campaign_tree.search", "view-args": {}, "status": 200, "user": "72141146ea8e13f4@lampenwelt.de", "timestamp": "2019-03-13T10:44:55.495982", "browser": "chrome", "browser-platform": "windows", "browser-version": "72.0.3626.121"}
{"method": "POST", "path": "/campaign-tree/count", "endpoint": "campaign_tree.count", "view-args": {}, "status": 200, "user": "72141146ea8e13f4@lampenwelt.de", "timestamp": "2019-03-13T10:44:55.748638", "browser": "chrome", "browser-platform": "windows", "browser-version": "72.0.3626.121"}
{"method": "POST", "path": "/campaign-tree/search", "endpoint": "campaign_tree.search", "view-args": {}, "status": 200, "user": "72141146ea8e13f4@lampenwelt.de", "timestamp": "2019-03-13T10:44:57.181172", "browser": "chrome", "browser-platform": "windows", "browser-version": "72.0.3626.121"}
{"method": "POST", "path": "/campaign-tree/search", "endpoint": "campaign_tree.search", "view-args": {}, "status": 200, "user": "72141146ea8e13f4@lampenwelt.de", "timestamp": "2019-03-13T10:44:57.422017", "browser": "chrome", "browser-platform": "windows", "browser-version": "72.0.3626.121"}
{"method": "POST", "path": "/campaign-tree/search", "endpoint": "campaign_tree.search", "view-args": {}, "status": 200, "user": "72141146ea8e13f4@lampenwelt.de", "timestamp": "2019-03-13T10:44:57.549777", "browser": "chrome", "browser-platform": "windows", "browser-version": "72.0.3626.121"}
{"method": "POST", "path": "/campaign-tree/search", "endpoint": "campaign_tree.search", "view-args": {}, "status": 200, "user": "72141146ea8e13f4@lampenwelt.de", "timestamp": "2019-03-13T10:44:57.707424", "browser": "chrome", "browser-platform": "windows", "browser-version": "72.0.3626.121"}
{"method": "POST", "path": "/campaign-tree/search", "endpoint": "campaign_tree.search", "view-args": {}, "status": 200, "user": "72141146ea8e13f4@lampenwelt.de", "timestamp": "2019-03-13T10:44:57.839623", "browser": "chrome", "browser-platform": "windows", "browser-version": "72.0.3626.121"}
{"method": "POST", "path": "/campaign-tree/search", "endpoint": "campaign_tree.search", "view-args": {}, "status": 200, "user": "72141146ea8e13f4@lampenwelt.de", "timestamp": "2019-03-13T10:44:57.965767", "browser": "chrome", "browser-platform": "windows", "browser-version": "72.0.3626.121"}
{"method": "POST", "path": "/campaign-tree/search", "endpoint": "campaign_tree.search", "view-args": {}, "status": 200, "user": "72141146ea8e13f4@lampenwelt.de", "timestamp": "2019-03-13T10:44:58.087860", "browser": "chrome", "browser-platform": "windows", "browser-version": "72.0.3626.121"}
{"method": "POST", "path": "/campaign-tree/count", "endpoint": "campaign_tree.count", "view-args": {}, "status": 200, "user": "72141146ea8e13f4@lampenwelt.de", "timestamp": "2019-03-13T10:44:58.483783", "browser": "chrome", "browser-platform": "windows", "browser-version": "72.0.3626.121"}
{"method": "POST", "path": "/campaign-tree/save", "endpoint": "campaign_tree.save", "view-args": {}, "status": 200, "user": "72141146ea8e13f4@lampenwelt.de", "timestamp": "2019-03-13T10:45:19.643920", "browser": "chrome", "browser-platform": "windows", "browser-version": "72.0.3626.121"}
{"method": "POST", "path": "/campaign-tree/search", "endpoint": "campaign_tree.search", "view-args": {}, "status": 200, "user": "72141146ea8e13f4@lampenwelt.de", "timestamp": "2019-03-13T10:45:20.000636", "browser": "chrome", "browser-platform": "windows", "browser-version": "72.0.3626.121"}
{"method": "POST", "path": "/campaign-tree/search", "endpoint": "campaign_tree.search", "view-args": {}, "status": 200, "user": "72141146ea8e13f4@lampenwelt.de", "timestamp": "2019-03-13T10:45:20.034845", "browser": "chrome", "browser-platform": "windows", "browser-version": "72.0.3626.121"}
{"method": "POST", "path": "/campaign-tree/count", "endpoint": "campaign_tree.count", "view-args": {}, "status": 200, "user": "72141146ea8e13f4@lampenwelt.de", "timestamp": "2019-03-13T10:45:20.385483", "browser": "chrome", "browser-platform": "windows", "browser-version": "72.0.3626.121"}
{"method": "POST", "path": "/mondrian/excel/authorize", "endpoint": "py_mondrian.excel_authorize", "view-args": {}, "status": 200, "user": "35675e68f4b5af7b@localhost", "timestamp": "2019-03-13T10:45:23.448503", "browser": null, "browser-platform": null, "browser-version": null}
{"method": "POST", "path": "/mondrian/saiku/authorize", "endpoint": "py_mondrian.saiku_authorize", "view-args": {}, "status": 200, "user": "35675e68f4b5af7b@localhost", "timestamp": "2019-03-13T10:51:52.560611", "browser": null, "browser-platform": null, "browser-version": null}
{"method": "POST", "path": "/mondrian/saiku/authorize", "endpoint": "py_mondrian.saiku_authorize", "view-args": {}, "status": 200, "user": "35675e68f4b5af7b@localhost", "timestamp": "2019-03-13T10:51:53.022324", "browser": null, "browser-platform": null, "browser-version": null}
{"method": "POST", "path": "/mondrian/excel/authorize", "endpoint": "py_mondrian.excel_authorize", "view-args": {}, "status": 200, "user": "35675e68f4b5af7b@localhost", "timestamp": "2019-03-13T10:52:47.282419", "browser": null, "browser-platform": null, "browser-version": null}
{"method": "POST", "path": "/mondrian/saiku/authorize", "endpoint": "py_mondrian.saiku_authorize", "view-args": {}, "status": 200, "user": "35675e68f4b5af7b@localhost", "timestamp": "2019-03-13T10:54:57.258854", "browser": null, "browser-platform": null, "browser-version": null}
{"method": "POST", "path": "/mondrian/saiku/authorize", "endpoint": "py_mondrian.saiku_authorize", "view-args": {}, "status": 200, "user": "35675e68f4b5af7b@localhost", "timestamp": "2019-03-13T10:54:57.720982", "browser": null, "browser-platform": null, "browser-version": null}
