{"method": "GET", "path": "/", "endpoint": "start_page.start_page", "view-args": {}, "status": 302, "user": "78b858772f907e50@lampenwelt.de", "timestamp": "2019-03-06T16:11:50.614195", "browser": "chrome", "browser-platform": "windows", "browser-version": "72.0.3626.119"}
{"method": "GET", "path": "/dashboards/marketing-overview", "endpoint": "dashboards.view_dashboard", "view-args": {"id": "marketing-overview"}, "status": 200, "user": "78b858772f907e50@lampenwelt.de", "timestamp": "2019-03-06T16:11:50.816841", "browser": "chrome", "browser-platform": "windows", "browser-version": "72.0.3626.119"}
{"method": "GET", "path": "/", "endpoint": "start_page.start_page", "view-args": {}, "status": 302, "user": "78b858772f907e50@lampenwelt.de", "timestamp": "2019-03-06T16:11:50.910885", "browser": "chrome", "browser-platform": "windows", "browser-version": "72.0.3626.119"}
{"method": "GET", "path": "/dashboards/marketing-overview", "endpoint": "dashboards.view_dashboard", "view-args": {"id": "marketing-overview"}, "status": 200, "user": "78b858772f907e50@lampenwelt.de", "timestamp": "2019-03-06T16:11:51.116658", "browser": "chrome", "browser-platform": "windows", "browser-version": "72.0.3626.119"}
{"method": "GET", "path": "/dashboards/_render_async_sql_query/c83bb3d9-12f8-44da-8522-b2cd8420e000", "endpoint": "dashboards.render_async_sql_query", "view-args": {"id": "c83bb3d9-12f8-44da-8522-b2cd8420e000"}, "status": 200, "user": "78b858772f907e50@lampenwelt.de", "timestamp": "2019-03-06T16:11:51.519578", "browser": "chrome", "browser-platform": "windows", "browser-version": "72.0.3626.119"}
{"method": "GET", "path": "/dashboards/_render_async_sql_query/06c2732d-9e9d-4c16-a88a-b437b04182de", "endpoint": "dashboards.render_async_sql_query", "view-args": {"id": "06c2732d-9e9d-4c16-a88a-b437b04182de"}, "status": 200, "user": "78b858772f907e50@lampenwelt.de", "timestamp": "2019-03-06T16:11:51.522336", "browser": "chrome", "browser-platform": "windows", "browser-version": "72.0.3626.119"}
{"method": "GET", "path": "/dashboards/_last_successful_import", "endpoint": "dashboards.last_successful_import", "view-args": {}, "status": 200, "user": "78b858772f907e50@lampenwelt.de", "timestamp": "2019-03-06T16:11:51.537006", "browser": "chrome", "browser-platform": "windows", "browser-version": "72.0.3626.119"}
{"method": "GET", "path": "/dashboards/_render_async_sql_query/226428d7-9d44-4cfa-ac39-672013409eeb", "endpoint": "dashboards.render_async_sql_query", "view-args": {"id": "226428d7-9d44-4cfa-ac39-672013409eeb"}, "status": 200, "user": "78b858772f907e50@lampenwelt.de", "timestamp": "2019-03-06T16:11:51.541908", "browser": "chrome", "browser-platform": "windows", "browser-version": "72.0.3626.119"}
{"method": "GET", "path": "/dashboards/_render_async_sql_query/7bb66385-0338-47e2-980d-06dd83b35314", "endpoint": "dashboards.render_async_sql_query", "view-args": {"id": "7bb66385-0338-47e2-980d-06dd83b35314"}, "status": 200, "user": "78b858772f907e50@lampenwelt.de", "timestamp": "2019-03-06T16:11:51.541941", "browser": "chrome", "browser-platform": "windows", "browser-version": "72.0.3626.119"}
{"method": "GET", "path": "/dashboards/_render_async_sql_query/205e3651-2ca4-47a1-9e52-210734388331", "endpoint": "dashboards.render_async_sql_query", "view-args": {"id": "205e3651-2ca4-47a1-9e52-210734388331"}, "status": 200, "user": "78b858772f907e50@lampenwelt.de", "timestamp": "2019-03-06T16:11:51.607182", "browser": "chrome", "browser-platform": "windows", "browser-version": "72.0.3626.119"}
{"method": "GET", "path": "/dashboards/_render_async_sql_query/ee1bd9bf-72ff-43f1-bf8e-e7ac76efe97e", "endpoint": "dashboards.render_async_sql_query", "view-args": {"id": "ee1bd9bf-72ff-43f1-bf8e-e7ac76efe97e"}, "status": 200, "user": "78b858772f907e50@lampenwelt.de", "timestamp": "2019-03-06T16:11:51.607920", "browser": "chrome", "browser-platform": "windows", "browser-version": "72.0.3626.119"}
{"method": "GET", "path": "/dashboards/_render_async_sql_query/dd8a778a-119d-42cf-bf3d-a36103aac5e9", "endpoint": "dashboards.render_async_sql_query", "view-args": {"id": "dd8a778a-119d-42cf-bf3d-a36103aac5e9"}, "status": 200, "user": "78b858772f907e50@lampenwelt.de", "timestamp": "2019-03-06T16:11:51.629202", "browser": "chrome", "browser-platform": "windows", "browser-version": "72.0.3626.119"}
{"method": "GET", "path": "/dashboards/_render_async_sql_query/e3fc1472-5cd4-4eaa-98fb-8f805f474fac", "endpoint": "dashboards.render_async_sql_query", "view-args": {"id": "e3fc1472-5cd4-4eaa-98fb-8f805f474fac"}, "status": 200, "user": "78b858772f907e50@lampenwelt.de", "timestamp": "2019-03-06T16:11:51.633665", "browser": "chrome", "browser-platform": "windows", "browser-version": "72.0.3626.119"}
{"method": "GET", "path": "/dashboards/_last_marketing_cost/marketing-overview", "endpoint": "dashboards.last_marketing_cost", "view-args": {"id": "marketing-overview"}, "status": 200, "user": "78b858772f907e50@lampenwelt.de", "timestamp": "2019-03-06T16:11:51.767955", "browser": "chrome", "browser-platform": "windows", "browser-version": "72.0.3626.119"}
{"method": "GET", "path": "/dashboards/_render_async_sql_query/a05cae3c-7af0-4881-b382-4c313941800b", "endpoint": "dashboards.render_async_sql_query", "view-args": {"id": "a05cae3c-7af0-4881-b382-4c313941800b"}, "status": 200, "user": "78b858772f907e50@lampenwelt.de", "timestamp": "2019-03-06T16:11:51.819115", "browser": "chrome", "browser-platform": "windows", "browser-version": "72.0.3626.119"}
{"method": "GET", "path": "/dashboards/_render_async_sql_query/a6d9ffba-c401-48c8-a539-b7fdc3589481", "endpoint": "dashboards.render_async_sql_query", "view-args": {"id": "a6d9ffba-c401-48c8-a539-b7fdc3589481"}, "status": 200, "user": "78b858772f907e50@lampenwelt.de", "timestamp": "2019-03-06T16:11:51.823322", "browser": "chrome", "browser-platform": "windows", "browser-version": "72.0.3626.119"}
{"method": "GET", "path": "/dashboards/_render_async_sql_query/924b0252-a290-4ba1-a326-d4755f1befe8", "endpoint": "dashboards.render_async_sql_query", "view-args": {"id": "924b0252-a290-4ba1-a326-d4755f1befe8"}, "status": 200, "user": "78b858772f907e50@lampenwelt.de", "timestamp": "2019-03-06T16:11:51.831081", "browser": "chrome", "browser-platform": "windows", "browser-version": "72.0.3626.119"}
{"method": "GET", "path": "/dashboards/_render_async_sql_query/ce98e19e-cba6-407d-90bb-7612a8ad3106", "endpoint": "dashboards.render_async_sql_query", "view-args": {"id": "ce98e19e-cba6-407d-90bb-7612a8ad3106"}, "status": 200, "user": "78b858772f907e50@lampenwelt.de", "timestamp": "2019-03-06T16:11:51.843501", "browser": "chrome", "browser-platform": "windows", "browser-version": "72.0.3626.119"}
{"method": "GET", "path": "/dashboards/_render_async_sql_query/d851b1ae-64c1-44db-b485-96336c02f1d2", "endpoint": "dashboards.render_async_sql_query", "view-args": {"id": "d851b1ae-64c1-44db-b485-96336c02f1d2"}, "status": 200, "user": "78b858772f907e50@lampenwelt.de", "timestamp": "2019-03-06T16:11:51.864660", "browser": "chrome", "browser-platform": "windows", "browser-version": "72.0.3626.119"}
{"method": "GET", "path": "/dashboards/_render_async_sql_query/052de7db-a8b5-4f19-abaa-4db250289a06", "endpoint": "dashboards.render_async_sql_query", "view-args": {"id": "052de7db-a8b5-4f19-abaa-4db250289a06"}, "status": 200, "user": "78b858772f907e50@lampenwelt.de", "timestamp": "2019-03-06T16:11:51.870673", "browser": "chrome", "browser-platform": "windows", "browser-version": "72.0.3626.119"}
{"method": "GET", "path": "/dashboards/_render_async_sql_query/e35d7db8-8600-4c5b-9c05-25c2394fb053", "endpoint": "dashboards.render_async_sql_query", "view-args": {"id": "e35d7db8-8600-4c5b-9c05-25c2394fb053"}, "status": 200, "user": "78b858772f907e50@lampenwelt.de", "timestamp": "2019-03-06T16:11:51.874140", "browser": "chrome", "browser-platform": "windows", "browser-version": "72.0.3626.119"}
{"method": "GET", "path": "/dashboards/_render_async_sql_query/bf3d5238-9709-47f5-bbb8-9d1be1d35ce0", "endpoint": "dashboards.render_async_sql_query", "view-args": {"id": "bf3d5238-9709-47f5-bbb8-9d1be1d35ce0"}, "status": 200, "user": "78b858772f907e50@lampenwelt.de", "timestamp": "2019-03-06T16:11:51.903870", "browser": "chrome", "browser-platform": "windows", "browser-version": "72.0.3626.119"}
{"method": "GET", "path": "/dashboards/user-stats", "endpoint": "dashboards.view_dashboard", "view-args": {"id": "user-stats"}, "status": 200, "user": "78b858772f907e50@lampenwelt.de", "timestamp": "2019-03-06T16:13:46.191862", "browser": "chrome", "browser-platform": "windows", "browser-version": "72.0.3626.119"}
{"method": "GET", "path": "/dashboards/_render_async_sql_query/214c72bd-62c3-498d-bb58-139e613df1ef", "endpoint": "dashboards.render_async_sql_query", "view-args": {"id": "214c72bd-62c3-498d-bb58-139e613df1ef"}, "status": 200, "user": "78b858772f907e50@lampenwelt.de", "timestamp": "2019-03-06T16:13:46.889100", "browser": "chrome", "browser-platform": "windows", "browser-version": "72.0.3626.119"}
{"method": "GET", "path": "/dashboards/_render_async_sql_query/ad125491-09f9-40ed-89b8-b2168147d8bf", "endpoint": "dashboards.render_async_sql_query", "view-args": {"id": "ad125491-09f9-40ed-89b8-b2168147d8bf"}, "status": 200, "user": "78b858772f907e50@lampenwelt.de", "timestamp": "2019-03-06T16:13:46.891041", "browser": "chrome", "browser-platform": "windows", "browser-version": "72.0.3626.119"}
{"method": "GET", "path": "/dashboards/_render_async_sql_query/7f37224b-06e0-4b5a-9da7-37a702e71b17", "endpoint": "dashboards.render_async_sql_query", "view-args": {"id": "7f37224b-06e0-4b5a-9da7-37a702e71b17"}, "status": 200, "user": "78b858772f907e50@lampenwelt.de", "timestamp": "2019-03-06T16:13:46.909167", "browser": "chrome", "browser-platform": "windows", "browser-version": "72.0.3626.119"}
{"method": "GET", "path": "/dashboards/_render_async_sql_query/2c9fb9db-7750-4c83-8ddf-7441772bef50", "endpoint": "dashboards.render_async_sql_query", "view-args": {"id": "2c9fb9db-7750-4c83-8ddf-7441772bef50"}, "status": 200, "user": "78b858772f907e50@lampenwelt.de", "timestamp": "2019-03-06T16:13:46.913068", "browser": "chrome", "browser-platform": "windows", "browser-version": "72.0.3626.119"}
{"method": "GET", "path": "/dashboards/_last_marketing_cost/user-stats", "endpoint": "dashboards.last_marketing_cost", "view-args": {"id": "user-stats"}, "status": 200, "user": "78b858772f907e50@lampenwelt.de", "timestamp": "2019-03-06T16:13:46.967485", "browser": "chrome", "browser-platform": "windows", "browser-version": "72.0.3626.119"}
{"method": "GET", "path": "/dashboards/_last_successful_import", "endpoint": "dashboards.last_successful_import", "view-args": {}, "status": 200, "user": "78b858772f907e50@lampenwelt.de", "timestamp": "2019-03-06T16:13:46.972398", "browser": "chrome", "browser-platform": "windows", "browser-version": "72.0.3626.119"}
{"method": "GET", "path": "/dashboards/_render_async_sql_query/e51324b1-1cf7-4c2d-a96d-8b6294af0868", "endpoint": "dashboards.render_async_sql_query", "view-args": {"id": "e51324b1-1cf7-4c2d-a96d-8b6294af0868"}, "status": 200, "user": "78b858772f907e50@lampenwelt.de", "timestamp": "2019-03-06T16:13:47.082410", "browser": "chrome", "browser-platform": "windows", "browser-version": "72.0.3626.119"}
{"method": "GET", "path": "/dashboards/_render_async_sql_query/ab82026b-8f68-47c1-9668-563017a14f1b", "endpoint": "dashboards.render_async_sql_query", "view-args": {"id": "ab82026b-8f68-47c1-9668-563017a14f1b"}, "status": 200, "user": "78b858772f907e50@lampenwelt.de", "timestamp": "2019-03-06T16:13:47.134453", "browser": "chrome", "browser-platform": "windows", "browser-version": "72.0.3626.119"}
{"method": "GET", "path": "/dashboards/_render_async_sql_query/a78b6148-e32b-4096-9bc9-f15b3aa395d1", "endpoint": "dashboards.render_async_sql_query", "view-args": {"id": "a78b6148-e32b-4096-9bc9-f15b3aa395d1"}, "status": 200, "user": "78b858772f907e50@lampenwelt.de", "timestamp": "2019-03-06T16:13:47.152483", "browser": "chrome", "browser-platform": "windows", "browser-version": "72.0.3626.119"}
{"method": "GET", "path": "/dashboards/_render_async_sql_query/0af86387-9331-4f05-9010-bc00cb825b94", "endpoint": "dashboards.render_async_sql_query", "view-args": {"id": "0af86387-9331-4f05-9010-bc00cb825b94"}, "status": 200, "user": "78b858772f907e50@lampenwelt.de", "timestamp": "2019-03-06T16:13:47.154187", "browser": "chrome", "browser-platform": "windows", "browser-version": "72.0.3626.119"}
{"method": "GET", "path": "/dashboards/_render_async_sql_query/eea36179-bfd8-40f3-b4fd-580676777548", "endpoint": "dashboards.render_async_sql_query", "view-args": {"id": "eea36179-bfd8-40f3-b4fd-580676777548"}, "status": 200, "user": "78b858772f907e50@lampenwelt.de", "timestamp": "2019-03-06T16:13:47.193040", "browser": "chrome", "browser-platform": "windows", "browser-version": "72.0.3626.119"}
{"method": "GET", "path": "/dashboards/_render_async_sql_query/0b037979-b3c6-4054-b38e-229841f9ef70", "endpoint": "dashboards.render_async_sql_query", "view-args": {"id": "0b037979-b3c6-4054-b38e-229841f9ef70"}, "status": 200, "user": "78b858772f907e50@lampenwelt.de", "timestamp": "2019-03-06T16:13:47.251492", "browser": "chrome", "browser-platform": "windows", "browser-version": "72.0.3626.119"}
{"method": "GET", "path": "/dashboards/sales-comparison", "endpoint": "dashboards.view_dashboard", "view-args": {"id": "sales-comparison"}, "status": 200, "user": "e5063e1f25c24f00@lampenwelt.de", "timestamp": "2019-03-06T16:19:18.833515", "browser": "chrome", "browser-platform": "windows", "browser-version": "71.0.3578.98"}
{"method": "GET", "path": "/dashboards/_render_async_sql_query/3a3913ff-1a7d-46b7-9696-4d882b03dead", "endpoint": "dashboards.render_async_sql_query", "view-args": {"id": "3a3913ff-1a7d-46b7-9696-4d882b03dead"}, "status": 200, "user": "e5063e1f25c24f00@lampenwelt.de", "timestamp": "2019-03-06T16:19:19.268407", "browser": "chrome", "browser-platform": "windows", "browser-version": "71.0.3578.98"}
{"method": "GET", "path": "/dashboards/_last_marketing_cost/sales-comparison", "endpoint": "dashboards.last_marketing_cost", "view-args": {"id": "sales-comparison"}, "status": 200, "user": "e5063e1f25c24f00@lampenwelt.de", "timestamp": "2019-03-06T16:19:19.282668", "browser": "chrome", "browser-platform": "windows", "browser-version": "71.0.3578.98"}
{"method": "GET", "path": "/dashboards/_render_async_sql_query/a9d0f7f6-11f2-4e80-bef4-db48e188abb1", "endpoint": "dashboards.render_async_sql_query", "view-args": {"id": "a9d0f7f6-11f2-4e80-bef4-db48e188abb1"}, "status": 200, "user": "e5063e1f25c24f00@lampenwelt.de", "timestamp": "2019-03-06T16:19:19.283060", "browser": "chrome", "browser-platform": "windows", "browser-version": "71.0.3578.98"}
{"method": "GET", "path": "/dashboards/_last_successful_import", "endpoint": "dashboards.last_successful_import", "view-args": {}, "status": 200, "user": "e5063e1f25c24f00@lampenwelt.de", "timestamp": "2019-03-06T16:19:19.284664", "browser": "chrome", "browser-platform": "windows", "browser-version": "71.0.3578.98"}
{"method": "GET", "path": "/dashboards/_auto-complete/reporting.weekly_summary/sales_channel/", "endpoint": "dashboards.auto_complete", "view-args": {"table_name": "reporting.weekly_summary", "column_name": "sales_channel"}, "status": 200, "user": "e5063e1f25c24f00@lampenwelt.de", "timestamp": "2019-03-06T16:19:22.605723", "browser": "chrome", "browser-platform": "windows", "browser-version": "71.0.3578.98"}
{"method": "POST", "path": "/dashboards/sales-comparison", "endpoint": "dashboards.view_dashboard", "view-args": {"id": "sales-comparison"}, "status": 200, "user": "e5063e1f25c24f00@lampenwelt.de", "timestamp": "2019-03-06T16:19:28.841372", "browser": "chrome", "browser-platform": "windows", "browser-version": "71.0.3578.98"}
{"method": "GET", "path": "/dashboards/_last_successful_import", "endpoint": "dashboards.last_successful_import", "view-args": {}, "status": 200, "user": "e5063e1f25c24f00@lampenwelt.de", "timestamp": "2019-03-06T16:19:29.026308", "browser": "chrome", "browser-platform": "windows", "browser-version": "71.0.3578.98"}
{"method": "GET", "path": "/dashboards/_render_async_sql_query/07c31ed3-8d16-40b1-b771-fa3ca7b3e7a9", "endpoint": "dashboards.render_async_sql_query", "view-args": {"id": "07c31ed3-8d16-40b1-b771-fa3ca7b3e7a9"}, "status": 200, "user": "e5063e1f25c24f00@lampenwelt.de", "timestamp": "2019-03-06T16:19:29.032533", "browser": "chrome", "browser-platform": "windows", "browser-version": "71.0.3578.98"}
{"method": "GET", "path": "/dashboards/_last_marketing_cost/sales-comparison", "endpoint": "dashboards.last_marketing_cost", "view-args": {"id": "sales-comparison"}, "status": 200, "user": "e5063e1f25c24f00@lampenwelt.de", "timestamp": "2019-03-06T16:19:29.035123", "browser": "chrome", "browser-platform": "windows", "browser-version": "71.0.3578.98"}
{"method": "GET", "path": "/dashboards/_render_async_sql_query/ead11406-e251-4c45-b4c4-e565ea422bfb", "endpoint": "dashboards.render_async_sql_query", "view-args": {"id": "ead11406-e251-4c45-b4c4-e565ea422bfb"}, "status": 200, "user": "e5063e1f25c24f00@lampenwelt.de", "timestamp": "2019-03-06T16:19:29.037887", "browser": "chrome", "browser-platform": "windows", "browser-version": "71.0.3578.98"}
{"method": "GET", "path": "/", "endpoint": "start_page.start_page", "view-args": {}, "status": 302, "user": "78b858772f907e50@lampenwelt.de", "timestamp": "2019-03-06T16:21:18.149446", "browser": "chrome", "browser-platform": "windows", "browser-version": "72.0.3626.119"}
{"method": "GET", "path": "/dashboards/marketing-overview", "endpoint": "dashboards.view_dashboard", "view-args": {"id": "marketing-overview"}, "status": 200, "user": "78b858772f907e50@lampenwelt.de", "timestamp": "2019-03-06T16:21:18.355120", "browser": "chrome", "browser-platform": "windows", "browser-version": "72.0.3626.119"}
{"method": "GET", "path": "/", "endpoint": "start_page.start_page", "view-args": {}, "status": 302, "user": "78b858772f907e50@lampenwelt.de", "timestamp": "2019-03-06T16:21:18.445986", "browser": "chrome", "browser-platform": "windows", "browser-version": "72.0.3626.119"}
{"method": "GET", "path": "/dashboards/marketing-overview", "endpoint": "dashboards.view_dashboard", "view-args": {"id": "marketing-overview"}, "status": 200, "user": "78b858772f907e50@lampenwelt.de", "timestamp": "2019-03-06T16:21:18.642754", "browser": "chrome", "browser-platform": "windows", "browser-version": "72.0.3626.119"}
{"method": "GET", "path": "/dashboards/_render_async_sql_query/9800ff8a-a063-46fd-b161-e9ca7b5ea4ba", "endpoint": "dashboards.render_async_sql_query", "view-args": {"id": "9800ff8a-a063-46fd-b161-e9ca7b5ea4ba"}, "status": 200, "user": "78b858772f907e50@lampenwelt.de", "timestamp": "2019-03-06T16:21:19.066625", "browser": "chrome", "browser-platform": "windows", "browser-version": "72.0.3626.119"}
{"method": "GET", "path": "/dashboards/_render_async_sql_query/417c8968-fcd0-4e3c-b1b5-d9bed630ce6f", "endpoint": "dashboards.render_async_sql_query", "view-args": {"id": "417c8968-fcd0-4e3c-b1b5-d9bed630ce6f"}, "status": 200, "user": "78b858772f907e50@lampenwelt.de", "timestamp": "2019-03-06T16:21:19.069692", "browser": "chrome", "browser-platform": "windows", "browser-version": "72.0.3626.119"}
{"method": "GET", "path": "/dashboards/_last_successful_import", "endpoint": "dashboards.last_successful_import", "view-args": {}, "status": 200, "user": "78b858772f907e50@lampenwelt.de", "timestamp": "2019-03-06T16:21:19.090998", "browser": "chrome", "browser-platform": "windows", "browser-version": "72.0.3626.119"}
{"method": "GET", "path": "/dashboards/_render_async_sql_query/ee6f0137-c894-4657-8026-54386e068385", "endpoint": "dashboards.render_async_sql_query", "view-args": {"id": "ee6f0137-c894-4657-8026-54386e068385"}, "status": 200, "user": "78b858772f907e50@lampenwelt.de", "timestamp": "2019-03-06T16:21:19.095243", "browser": "chrome", "browser-platform": "windows", "browser-version": "72.0.3626.119"}
{"method": "GET", "path": "/dashboards/_render_async_sql_query/ff4815e8-a11d-4441-a52c-3fa35543f4ce", "endpoint": "dashboards.render_async_sql_query", "view-args": {"id": "ff4815e8-a11d-4441-a52c-3fa35543f4ce"}, "status": 200, "user": "78b858772f907e50@lampenwelt.de", "timestamp": "2019-03-06T16:21:19.098066", "browser": "chrome", "browser-platform": "windows", "browser-version": "72.0.3626.119"}
{"method": "GET", "path": "/dashboards/_render_async_sql_query/bd2c6d22-531e-46cb-ac9d-e1fc41e4ca22", "endpoint": "dashboards.render_async_sql_query", "view-args": {"id": "bd2c6d22-531e-46cb-ac9d-e1fc41e4ca22"}, "status": 200, "user": "78b858772f907e50@lampenwelt.de", "timestamp": "2019-03-06T16:21:19.168308", "browser": "chrome", "browser-platform": "windows", "browser-version": "72.0.3626.119"}
{"method": "GET", "path": "/dashboards/_render_async_sql_query/ae3a70a8-6438-47b2-b21b-1296410054ee", "endpoint": "dashboards.render_async_sql_query", "view-args": {"id": "ae3a70a8-6438-47b2-b21b-1296410054ee"}, "status": 200, "user": "78b858772f907e50@lampenwelt.de", "timestamp": "2019-03-06T16:21:19.168370", "browser": "chrome", "browser-platform": "windows", "browser-version": "72.0.3626.119"}
{"method": "GET", "path": "/dashboards/_render_async_sql_query/8af9674a-eb4d-4450-9f99-f22e4518ab98", "endpoint": "dashboards.render_async_sql_query", "view-args": {"id": "8af9674a-eb4d-4450-9f99-f22e4518ab98"}, "status": 200, "user": "78b858772f907e50@lampenwelt.de", "timestamp": "2019-03-06T16:21:19.196554", "browser": "chrome", "browser-platform": "windows", "browser-version": "72.0.3626.119"}
{"method": "GET", "path": "/dashboards/_last_marketing_cost/marketing-overview", "endpoint": "dashboards.last_marketing_cost", "view-args": {"id": "marketing-overview"}, "status": 200, "user": "78b858772f907e50@lampenwelt.de", "timestamp": "2019-03-06T16:21:19.196706", "browser": "chrome", "browser-platform": "windows", "browser-version": "72.0.3626.119"}
{"method": "GET", "path": "/dashboards/_render_async_sql_query/5bf842e7-4d75-4531-aa21-803a759557bf", "endpoint": "dashboards.render_async_sql_query", "view-args": {"id": "5bf842e7-4d75-4531-aa21-803a759557bf"}, "status": 200, "user": "78b858772f907e50@lampenwelt.de", "timestamp": "2019-03-06T16:21:19.197291", "browser": "chrome", "browser-platform": "windows", "browser-version": "72.0.3626.119"}
{"method": "GET", "path": "/dashboards/_render_async_sql_query/76132934-6a03-4063-8834-c5578e2fb719", "endpoint": "dashboards.render_async_sql_query", "view-args": {"id": "76132934-6a03-4063-8834-c5578e2fb719"}, "status": 200, "user": "78b858772f907e50@lampenwelt.de", "timestamp": "2019-03-06T16:21:19.350814", "browser": "chrome", "browser-platform": "windows", "browser-version": "72.0.3626.119"}
{"method": "GET", "path": "/dashboards/_render_async_sql_query/195389bd-1cf3-4233-8888-aad07b298a68", "endpoint": "dashboards.render_async_sql_query", "view-args": {"id": "195389bd-1cf3-4233-8888-aad07b298a68"}, "status": 200, "user": "78b858772f907e50@lampenwelt.de", "timestamp": "2019-03-06T16:21:19.351082", "browser": "chrome", "browser-platform": "windows", "browser-version": "72.0.3626.119"}
{"method": "GET", "path": "/dashboards/_render_async_sql_query/ca548cc3-7c1a-487f-978c-c16d91b96490", "endpoint": "dashboards.render_async_sql_query", "view-args": {"id": "ca548cc3-7c1a-487f-978c-c16d91b96490"}, "status": 200, "user": "78b858772f907e50@lampenwelt.de", "timestamp": "2019-03-06T16:21:19.356663", "browser": "chrome", "browser-platform": "windows", "browser-version": "72.0.3626.119"}
{"method": "GET", "path": "/dashboards/_render_async_sql_query/269fa940-9463-41fe-b473-e56c8c82a1f5", "endpoint": "dashboards.render_async_sql_query", "view-args": {"id": "269fa940-9463-41fe-b473-e56c8c82a1f5"}, "status": 200, "user": "78b858772f907e50@lampenwelt.de", "timestamp": "2019-03-06T16:21:19.373869", "browser": "chrome", "browser-platform": "windows", "browser-version": "72.0.3626.119"}
{"method": "GET", "path": "/dashboards/_render_async_sql_query/ac55f7a5-c821-4e24-bca5-2cc58bbd28ba", "endpoint": "dashboards.render_async_sql_query", "view-args": {"id": "ac55f7a5-c821-4e24-bca5-2cc58bbd28ba"}, "status": 200, "user": "78b858772f907e50@lampenwelt.de", "timestamp": "2019-03-06T16:21:19.391560", "browser": "chrome", "browser-platform": "windows", "browser-version": "72.0.3626.119"}
{"method": "GET", "path": "/dashboards/_render_async_sql_query/678b8bc6-7546-4b44-8cc1-5dcdffec3c15", "endpoint": "dashboards.render_async_sql_query", "view-args": {"id": "678b8bc6-7546-4b44-8cc1-5dcdffec3c15"}, "status": 200, "user": "78b858772f907e50@lampenwelt.de", "timestamp": "2019-03-06T16:21:19.393375", "browser": "chrome", "browser-platform": "windows", "browser-version": "72.0.3626.119"}
{"method": "GET", "path": "/dashboards/_render_async_sql_query/08b656bb-ae1a-4b80-8498-83c6db13a72a", "endpoint": "dashboards.render_async_sql_query", "view-args": {"id": "08b656bb-ae1a-4b80-8498-83c6db13a72a"}, "status": 200, "user": "78b858772f907e50@lampenwelt.de", "timestamp": "2019-03-06T16:21:19.422163", "browser": "chrome", "browser-platform": "windows", "browser-version": "72.0.3626.119"}
{"method": "GET", "path": "/dashboards/_render_async_sql_query/6a9b88c5-3ba8-4627-b057-12ec1f6cc0fc", "endpoint": "dashboards.render_async_sql_query", "view-args": {"id": "6a9b88c5-3ba8-4627-b057-12ec1f6cc0fc"}, "status": 200, "user": "78b858772f907e50@lampenwelt.de", "timestamp": "2019-03-06T16:21:19.427362", "browser": "chrome", "browser-platform": "windows", "browser-version": "72.0.3626.119"}
{"method": "GET", "path": "/data-integration/data_transformation/consistency_checks", "endpoint": "data_integration.node_page", "view-args": {"path": "data_transformation/consistency_checks"}, "status": 200, "user": "78b858772f907e50@lampenwelt.de", "timestamp": "2019-03-06T16:22:26.130474", "browser": "chrome", "browser-platform": "windows", "browser-version": "72.0.3626.119"}
{"method": "GET", "path": "/data-integration/data_transformation/consistency_checks/pipeline-children-table", "endpoint": "data_integration.pipeline_children_table", "view-args": {"path": "data_transformation/consistency_checks"}, "status": 200, "user": "78b858772f907e50@lampenwelt.de", "timestamp": "2019-03-06T16:22:26.526673", "browser": "chrome", "browser-platform": "windows", "browser-version": "72.0.3626.119"}
{"method": "GET", "path": "/data-integration/data_transformation/consistency_checks/dependency-graph", "endpoint": "data_integration.dependency_graph", "view-args": {"path": "data_transformation/consistency_checks"}, "status": 200, "user": "78b858772f907e50@lampenwelt.de", "timestamp": "2019-03-06T16:22:26.500400", "browser": "chrome", "browser-platform": "windows", "browser-version": "72.0.3626.119"}
{"method": "GET", "path": "/data-integration/data_transformation/consistency_checks/last-runs-selector", "endpoint": "data_integration.last_runs_selector", "view-args": {"path": "data_transformation/consistency_checks"}, "status": 200, "user": "78b858772f907e50@lampenwelt.de", "timestamp": "2019-03-06T16:22:26.550338", "browser": "chrome", "browser-platform": "windows", "browser-version": "72.0.3626.119"}
{"method": "GET", "path": "/data-integration/data_transformation/consistency_checks/system-stats", "endpoint": "data_integration.system_stats", "view-args": {"path": "data_transformation/consistency_checks", "run_id": null}, "status": 200, "user": "78b858772f907e50@lampenwelt.de", "timestamp": "2019-03-06T16:22:26.570362", "browser": "chrome", "browser-platform": "windows", "browser-version": "72.0.3626.119"}
{"method": "GET", "path": "/data-integration/data_transformation/consistency_checks/timeline-chart", "endpoint": "data_integration.timeline_chart", "view-args": {"path": "data_transformation/consistency_checks", "run_id": null}, "status": 200, "user": "78b858772f907e50@lampenwelt.de", "timestamp": "2019-03-06T16:22:26.588008", "browser": "chrome", "browser-platform": "windows", "browser-version": "72.0.3626.119"}
{"method": "GET", "path": "/data-integration/data_transformation/consistency_checks/run-output-limited", "endpoint": "data_integration.run_output", "view-args": {"path": "data_transformation/consistency_checks", "run_id": null, "limit": true}, "status": 200, "user": "78b858772f907e50@lampenwelt.de", "timestamp": "2019-03-06T16:22:26.619727", "browser": "chrome", "browser-platform": "windows", "browser-version": "72.0.3626.119"}
{"method": "GET", "path": "/data-integration/data_transformation/consistency_checks/run-time-chart", "endpoint": "data_integration.run_time_chart", "view-args": {"path": "data_transformation/consistency_checks"}, "status": 200, "user": "78b858772f907e50@lampenwelt.de", "timestamp": "2019-03-06T16:22:26.638791", "browser": "chrome", "browser-platform": "windows", "browser-version": "72.0.3626.119"}
{"method": "POST", "path": "/mondrian/saiku/authorize", "endpoint": "py_mondrian.saiku_authorize", "view-args": {}, "status": 200, "user": "35675e68f4b5af7b@localhost", "timestamp": "2019-03-06T16:23:25.658620", "browser": null, "browser-platform": null, "browser-version": null}
{"method": "POST", "path": "/mondrian/saiku/authorize", "endpoint": "py_mondrian.saiku_authorize", "view-args": {}, "status": 200, "user": "35675e68f4b5af7b@localhost", "timestamp": "2019-03-06T16:23:25.866006", "browser": null, "browser-platform": null, "browser-version": null}
{"method": "POST", "path": "/data-sets/.preview", "endpoint": "data_sets.preview", "view-args": {}, "status": 200, "user": "a2d55844c6dd3c75@lampenwelt.de", "timestamp": "2019-03-06T16:27:30.730150", "browser": "chrome", "browser-platform": "windows", "browser-version": "72.0.3626.109"}
{"method": "POST", "path": "/data-sets/.distribution-chart-1", "endpoint": "data_sets.distribution_chart", "view-args": {"pos": 1}, "status": 200, "user": "a2d55844c6dd3c75@lampenwelt.de", "timestamp": "2019-03-06T16:27:31.609822", "browser": "chrome", "browser-platform": "windows", "browser-version": "72.0.3626.109"}
{"method": "POST", "path": "/data-sets/.preview", "endpoint": "data_sets.preview", "view-args": {}, "status": 200, "user": "a2d55844c6dd3c75@lampenwelt.de", "timestamp": "2019-03-06T16:27:43.252944", "browser": "chrome", "browser-platform": "windows", "browser-version": "72.0.3626.109"}
{"method": "POST", "path": "/data-sets/.preview", "endpoint": "data_sets.preview", "view-args": {}, "status": 200, "user": "a2d55844c6dd3c75@lampenwelt.de", "timestamp": "2019-03-06T16:27:44.042849", "browser": "chrome", "browser-platform": "windows", "browser-version": "72.0.3626.109"}
{"method": "POST", "path": "/data-sets/.preview", "endpoint": "data_sets.preview", "view-args": {}, "status": 200, "user": "a2d55844c6dd3c75@lampenwelt.de", "timestamp": "2019-03-06T16:27:44.628584", "browser": "chrome", "browser-platform": "windows", "browser-version": "72.0.3626.109"}
{"method": "POST", "path": "/data-sets/.preview", "endpoint": "data_sets.preview", "view-args": {}, "status": 200, "user": "a2d55844c6dd3c75@lampenwelt.de", "timestamp": "2019-03-06T16:27:46.144969", "browser": "chrome", "browser-platform": "windows", "browser-version": "72.0.3626.109"}
{"method": "POST", "path": "/data-sets/.preview", "endpoint": "data_sets.preview", "view-args": {}, "status": 200, "user": "a2d55844c6dd3c75@lampenwelt.de", "timestamp": "2019-03-06T16:27:47.149200", "browser": "chrome", "browser-platform": "windows", "browser-version": "72.0.3626.109"}
{"method": "POST", "path": "/data-sets/.preview", "endpoint": "data_sets.preview", "view-args": {}, "status": 200, "user": "a2d55844c6dd3c75@lampenwelt.de", "timestamp": "2019-03-06T16:27:47.656887", "browser": "chrome", "browser-platform": "windows", "browser-version": "72.0.3626.109"}
{"method": "POST", "path": "/data-sets/.preview", "endpoint": "data_sets.preview", "view-args": {}, "status": 200, "user": "a2d55844c6dd3c75@lampenwelt.de", "timestamp": "2019-03-06T16:27:48.184062", "browser": "chrome", "browser-platform": "windows", "browser-version": "72.0.3626.109"}
{"method": "POST", "path": "/data-sets/.preview", "endpoint": "data_sets.preview", "view-args": {}, "status": 200, "user": "a2d55844c6dd3c75@lampenwelt.de", "timestamp": "2019-03-06T16:27:48.716611", "browser": "chrome", "browser-platform": "windows", "browser-version": "72.0.3626.109"}
{"method": "POST", "path": "/data-sets/.preview", "endpoint": "data_sets.preview", "view-args": {}, "status": 200, "user": "a2d55844c6dd3c75@lampenwelt.de", "timestamp": "2019-03-06T16:27:49.368507", "browser": "chrome", "browser-platform": "windows", "browser-version": "72.0.3626.109"}
{"method": "POST", "path": "/data-sets/.preview", "endpoint": "data_sets.preview", "view-args": {}, "status": 200, "user": "a2d55844c6dd3c75@lampenwelt.de", "timestamp": "2019-03-06T16:27:51.311516", "browser": "chrome", "browser-platform": "windows", "browser-version": "72.0.3626.109"}
{"method": "POST", "path": "/data-sets/.preview", "endpoint": "data_sets.preview", "view-args": {}, "status": 200, "user": "a2d55844c6dd3c75@lampenwelt.de", "timestamp": "2019-03-06T16:27:53.463690", "browser": "chrome", "browser-platform": "windows", "browser-version": "72.0.3626.109"}
{"method": "POST", "path": "/data-sets/.preview", "endpoint": "data_sets.preview", "view-args": {}, "status": 200, "user": "a2d55844c6dd3c75@lampenwelt.de", "timestamp": "2019-03-06T16:27:54.118805", "browser": "chrome", "browser-platform": "windows", "browser-version": "72.0.3626.109"}
{"method": "POST", "path": "/data-sets/.preview", "endpoint": "data_sets.preview", "view-args": {}, "status": 200, "user": "a2d55844c6dd3c75@lampenwelt.de", "timestamp": "2019-03-06T16:27:59.453248", "browser": "chrome", "browser-platform": "windows", "browser-version": "72.0.3626.109"}
{"method": "POST", "path": "/data-sets/.distribution-chart-2", "endpoint": "data_sets.distribution_chart", "view-args": {"pos": 2}, "status": 200, "user": "a2d55844c6dd3c75@lampenwelt.de", "timestamp": "2019-03-06T16:27:59.939677", "browser": "chrome", "browser-platform": "windows", "browser-version": "72.0.3626.109"}
{"method": "POST", "path": "/data-sets/.distribution-chart-9", "endpoint": "data_sets.distribution_chart", "view-args": {"pos": 9}, "status": 403, "user": "a2d55844c6dd3c75@lampenwelt.de", "timestamp": "2019-03-06T16:28:06.915368", "browser": "chrome", "browser-platform": "windows", "browser-version": "72.0.3626.109"}
{"method": "POST", "path": "/data-sets/.preview", "endpoint": "data_sets.preview", "view-args": {}, "status": 200, "user": "a2d55844c6dd3c75@lampenwelt.de", "timestamp": "2019-03-06T16:28:06.934581", "browser": "chrome", "browser-platform": "windows", "browser-version": "72.0.3626.109"}
{"method": "POST", "path": "/data-sets/.preview", "endpoint": "data_sets.preview", "view-args": {}, "status": 200, "user": "a2d55844c6dd3c75@lampenwelt.de", "timestamp": "2019-03-06T16:28:16.052586", "browser": "chrome", "browser-platform": "windows", "browser-version": "72.0.3626.109"}
{"method": "POST", "path": "/data-sets/.distribution-chart-12", "endpoint": "data_sets.distribution_chart", "view-args": {"pos": 12}, "status": 200, "user": "a2d55844c6dd3c75@lampenwelt.de", "timestamp": "2019-03-06T16:28:16.615670", "browser": "chrome", "browser-platform": "windows", "browser-version": "72.0.3626.109"}
{"method": "POST", "path": "/data-sets/.preview", "endpoint": "data_sets.preview", "view-args": {}, "status": 200, "user": "a2d55844c6dd3c75@lampenwelt.de", "timestamp": "2019-03-06T16:28:21.628254", "browser": "chrome", "browser-platform": "windows", "browser-version": "72.0.3626.109"}
{"method": "POST", "path": "/data-sets/.download-csv", "endpoint": "data_sets.download_csv", "view-args": {}, "status": 200, "user": "a2d55844c6dd3c75@lampenwelt.de", "timestamp": "2019-03-06T16:28:32.612378", "browser": "chrome", "browser-platform": "windows", "browser-version": "72.0.3626.109"}
{"method": "POST", "path": "/mondrian/saiku/authorize", "endpoint": "py_mondrian.saiku_authorize", "view-args": {}, "status": 200, "user": "35675e68f4b5af7b@localhost", "timestamp": "2019-03-06T16:32:35.211475", "browser": null, "browser-platform": null, "browser-version": null}
{"method": "GET", "path": "/", "endpoint": "start_page.start_page", "view-args": {}, "status": 302, "user": "78b858772f907e50@lampenwelt.de", "timestamp": "2019-03-06T16:44:54.929366", "browser": "chrome", "browser-platform": "windows", "browser-version": "72.0.3626.119"}
{"method": "GET", "path": "/dashboards/marketing-overview", "endpoint": "dashboards.view_dashboard", "view-args": {"id": "marketing-overview"}, "status": 200, "user": "78b858772f907e50@lampenwelt.de", "timestamp": "2019-03-06T16:44:55.207356", "browser": "chrome", "browser-platform": "windows", "browser-version": "72.0.3626.119"}
{"method": "GET", "path": "/", "endpoint": "start_page.start_page", "view-args": {}, "status": 302, "user": "78b858772f907e50@lampenwelt.de", "timestamp": "2019-03-06T16:44:55.343608", "browser": "chrome", "browser-platform": "windows", "browser-version": "72.0.3626.119"}
{"method": "GET", "path": "/dashboards/marketing-overview", "endpoint": "dashboards.view_dashboard", "view-args": {"id": "marketing-overview"}, "status": 200, "user": "78b858772f907e50@lampenwelt.de", "timestamp": "2019-03-06T16:44:55.598010", "browser": "chrome", "browser-platform": "windows", "browser-version": "72.0.3626.119"}
{"method": "GET", "path": "/dashboards/_render_async_sql_query/991aace9-8b38-4aac-b5c0-9cb7c65032cf", "endpoint": "dashboards.render_async_sql_query", "view-args": {"id": "991aace9-8b38-4aac-b5c0-9cb7c65032cf"}, "status": 200, "user": "78b858772f907e50@lampenwelt.de", "timestamp": "2019-03-06T16:44:56.066783", "browser": "chrome", "browser-platform": "windows", "browser-version": "72.0.3626.119"}
{"method": "GET", "path": "/dashboards/_render_async_sql_query/fbff652f-83e2-4c93-9a9a-94cf99bc5713", "endpoint": "dashboards.render_async_sql_query", "view-args": {"id": "fbff652f-83e2-4c93-9a9a-94cf99bc5713"}, "status": 200, "user": "78b858772f907e50@lampenwelt.de", "timestamp": "2019-03-06T16:44:56.067473", "browser": "chrome", "browser-platform": "windows", "browser-version": "72.0.3626.119"}
{"method": "GET", "path": "/dashboards/_render_async_sql_query/5e932353-f350-43ca-8c51-9f91eb60ad69", "endpoint": "dashboards.render_async_sql_query", "view-args": {"id": "5e932353-f350-43ca-8c51-9f91eb60ad69"}, "status": 200, "user": "78b858772f907e50@lampenwelt.de", "timestamp": "2019-03-06T16:44:56.070172", "browser": "chrome", "browser-platform": "windows", "browser-version": "72.0.3626.119"}
{"method": "GET", "path": "/dashboards/_last_successful_import", "endpoint": "dashboards.last_successful_import", "view-args": {}, "status": 200, "user": "78b858772f907e50@lampenwelt.de", "timestamp": "2019-03-06T16:44:56.083632", "browser": "chrome", "browser-platform": "windows", "browser-version": "72.0.3626.119"}
{"method": "GET", "path": "/dashboards/_render_async_sql_query/5c8eaf93-bf10-4fbb-af7b-e15a54a1e873", "endpoint": "dashboards.render_async_sql_query", "view-args": {"id": "5c8eaf93-bf10-4fbb-af7b-e15a54a1e873"}, "status": 200, "user": "78b858772f907e50@lampenwelt.de", "timestamp": "2019-03-06T16:44:56.096466", "browser": "chrome", "browser-platform": "windows", "browser-version": "72.0.3626.119"}
{"method": "GET", "path": "/dashboards/_render_async_sql_query/2d51fc5b-662e-4cf0-b238-68423e533908", "endpoint": "dashboards.render_async_sql_query", "view-args": {"id": "2d51fc5b-662e-4cf0-b238-68423e533908"}, "status": 200, "user": "78b858772f907e50@lampenwelt.de", "timestamp": "2019-03-06T16:44:56.133182", "browser": "chrome", "browser-platform": "windows", "browser-version": "72.0.3626.119"}
{"method": "GET", "path": "/dashboards/_render_async_sql_query/90e0c282-b403-489c-87a1-dcab03e64776", "endpoint": "dashboards.render_async_sql_query", "view-args": {"id": "90e0c282-b403-489c-87a1-dcab03e64776"}, "status": 200, "user": "78b858772f907e50@lampenwelt.de", "timestamp": "2019-03-06T16:44:56.159560", "browser": "chrome", "browser-platform": "windows", "browser-version": "72.0.3626.119"}
{"method": "GET", "path": "/dashboards/_last_marketing_cost/marketing-overview", "endpoint": "dashboards.last_marketing_cost", "view-args": {"id": "marketing-overview"}, "status": 200, "user": "78b858772f907e50@lampenwelt.de", "timestamp": "2019-03-06T16:44:56.171311", "browser": "chrome", "browser-platform": "windows", "browser-version": "72.0.3626.119"}
{"method": "GET", "path": "/dashboards/_render_async_sql_query/8a4cf387-7141-4077-b853-84d8cf6ae5d8", "endpoint": "dashboards.render_async_sql_query", "view-args": {"id": "8a4cf387-7141-4077-b853-84d8cf6ae5d8"}, "status": 200, "user": "78b858772f907e50@lampenwelt.de", "timestamp": "2019-03-06T16:44:56.187926", "browser": "chrome", "browser-platform": "windows", "browser-version": "72.0.3626.119"}
{"method": "GET", "path": "/dashboards/_render_async_sql_query/40710e52-c06d-47b1-ac98-2d146490ea02", "endpoint": "dashboards.render_async_sql_query", "view-args": {"id": "40710e52-c06d-47b1-ac98-2d146490ea02"}, "status": 200, "user": "78b858772f907e50@lampenwelt.de", "timestamp": "2019-03-06T16:44:56.200509", "browser": "chrome", "browser-platform": "windows", "browser-version": "72.0.3626.119"}
{"method": "GET", "path": "/dashboards/_render_async_sql_query/00841452-6b81-47c9-9593-838d38802109", "endpoint": "dashboards.render_async_sql_query", "view-args": {"id": "00841452-6b81-47c9-9593-838d38802109"}, "status": 200, "user": "78b858772f907e50@lampenwelt.de", "timestamp": "2019-03-06T16:44:56.217814", "browser": "chrome", "browser-platform": "windows", "browser-version": "72.0.3626.119"}
{"method": "GET", "path": "/dashboards/_render_async_sql_query/c3683cbb-4683-47b6-ac1c-7e2522ff48f4", "endpoint": "dashboards.render_async_sql_query", "view-args": {"id": "c3683cbb-4683-47b6-ac1c-7e2522ff48f4"}, "status": 200, "user": "78b858772f907e50@lampenwelt.de", "timestamp": "2019-03-06T16:44:56.224783", "browser": "chrome", "browser-platform": "windows", "browser-version": "72.0.3626.119"}
{"method": "GET", "path": "/dashboards/_render_async_sql_query/3047713b-86d0-460d-a61b-727131976436", "endpoint": "dashboards.render_async_sql_query", "view-args": {"id": "3047713b-86d0-460d-a61b-727131976436"}, "status": 200, "user": "78b858772f907e50@lampenwelt.de", "timestamp": "2019-03-06T16:44:56.245657", "browser": "chrome", "browser-platform": "windows", "browser-version": "72.0.3626.119"}
{"method": "GET", "path": "/dashboards/_render_async_sql_query/cc99c576-9d5f-4b25-8f46-16520732ebf2", "endpoint": "dashboards.render_async_sql_query", "view-args": {"id": "cc99c576-9d5f-4b25-8f46-16520732ebf2"}, "status": 200, "user": "78b858772f907e50@lampenwelt.de", "timestamp": "2019-03-06T16:44:56.251739", "browser": "chrome", "browser-platform": "windows", "browser-version": "72.0.3626.119"}
{"method": "GET", "path": "/dashboards/_render_async_sql_query/4adfa345-490e-4e65-99ae-3a26a7d58557", "endpoint": "dashboards.render_async_sql_query", "view-args": {"id": "4adfa345-490e-4e65-99ae-3a26a7d58557"}, "status": 200, "user": "78b858772f907e50@lampenwelt.de", "timestamp": "2019-03-06T16:44:56.269691", "browser": "chrome", "browser-platform": "windows", "browser-version": "72.0.3626.119"}
{"method": "GET", "path": "/dashboards/_render_async_sql_query/791530a4-bea6-4e8f-818a-2665385c82c4", "endpoint": "dashboards.render_async_sql_query", "view-args": {"id": "791530a4-bea6-4e8f-818a-2665385c82c4"}, "status": 200, "user": "78b858772f907e50@lampenwelt.de", "timestamp": "2019-03-06T16:44:56.273912", "browser": "chrome", "browser-platform": "windows", "browser-version": "72.0.3626.119"}
{"method": "GET", "path": "/dashboards/_render_async_sql_query/089ce733-ce83-452c-8e1d-7890e4b983b1", "endpoint": "dashboards.render_async_sql_query", "view-args": {"id": "089ce733-ce83-452c-8e1d-7890e4b983b1"}, "status": 200, "user": "78b858772f907e50@lampenwelt.de", "timestamp": "2019-03-06T16:44:56.293076", "browser": "chrome", "browser-platform": "windows", "browser-version": "72.0.3626.119"}
{"method": "GET", "path": "/dashboards/_render_async_sql_query/a2f14a1c-2cd0-4183-abe9-c71db718c204", "endpoint": "dashboards.render_async_sql_query", "view-args": {"id": "a2f14a1c-2cd0-4183-abe9-c71db718c204"}, "status": 200, "user": "78b858772f907e50@lampenwelt.de", "timestamp": "2019-03-06T16:44:56.304641", "browser": "chrome", "browser-platform": "windows", "browser-version": "72.0.3626.119"}
{"method": "GET", "path": "/data-integration/data_transformation", "endpoint": "data_integration.node_page", "view-args": {"path": "data_transformation"}, "status": 200, "user": "78b858772f907e50@lampenwelt.de", "timestamp": "2019-03-06T16:45:02.824029", "browser": "chrome", "browser-platform": "windows", "browser-version": "72.0.3626.119"}
{"method": "GET", "path": "/data-integration/data_transformation/dependency-graph", "endpoint": "data_integration.dependency_graph", "view-args": {"path": "data_transformation"}, "status": 200, "user": "78b858772f907e50@lampenwelt.de", "timestamp": "2019-03-06T16:45:03.023696", "browser": "chrome", "browser-platform": "windows", "browser-version": "72.0.3626.119"}
{"method": "GET", "path": "/data-integration/data_transformation/last-runs-selector", "endpoint": "data_integration.last_runs_selector", "view-args": {"path": "data_transformation"}, "status": 200, "user": "78b858772f907e50@lampenwelt.de", "timestamp": "2019-03-06T16:45:03.059805", "browser": "chrome", "browser-platform": "windows", "browser-version": "72.0.3626.119"}
{"method": "GET", "path": "/data-integration/data_transformation/system-stats", "endpoint": "data_integration.system_stats", "view-args": {"path": "data_transformation", "run_id": null}, "status": 200, "user": "78b858772f907e50@lampenwelt.de", "timestamp": "2019-03-06T16:45:03.113714", "browser": "chrome", "browser-platform": "windows", "browser-version": "72.0.3626.119"}
{"method": "GET", "path": "/data-integration/data_transformation/run-time-chart", "endpoint": "data_integration.run_time_chart", "view-args": {"path": "data_transformation"}, "status": 200, "user": "78b858772f907e50@lampenwelt.de", "timestamp": "2019-03-06T16:45:03.158204", "browser": "chrome", "browser-platform": "windows", "browser-version": "72.0.3626.119"}
{"method": "GET", "path": "/data-integration/data_transformation/timeline-chart", "endpoint": "data_integration.timeline_chart", "view-args": {"path": "data_transformation", "run_id": null}, "status": 200, "user": "78b858772f907e50@lampenwelt.de", "timestamp": "2019-03-06T16:45:03.201920", "browser": "chrome", "browser-platform": "windows", "browser-version": "72.0.3626.119"}
{"method": "GET", "path": "/data-integration/data_transformation/run-output-limited", "endpoint": "data_integration.run_output", "view-args": {"path": "data_transformation", "run_id": null, "limit": true}, "status": 200, "user": "78b858772f907e50@lampenwelt.de", "timestamp": "2019-03-06T16:45:03.426552", "browser": "chrome", "browser-platform": "windows", "browser-version": "72.0.3626.119"}
{"method": "GET", "path": "/data-integration/data_transformation/pipeline-children-table", "endpoint": "data_integration.pipeline_children_table", "view-args": {"path": "data_transformation"}, "status": 200, "user": "78b858772f907e50@lampenwelt.de", "timestamp": "2019-03-06T16:45:04.831253", "browser": "chrome", "browser-platform": "windows", "browser-version": "72.0.3626.119"}
{"method": "GET", "path": "/data-integration/data_transformation/consistency_checks", "endpoint": "data_integration.node_page", "view-args": {"path": "data_transformation/consistency_checks"}, "status": 200, "user": "78b858772f907e50@lampenwelt.de", "timestamp": "2019-03-06T16:45:04.994935", "browser": "chrome", "browser-platform": "windows", "browser-version": "72.0.3626.119"}
{"method": "GET", "path": "/data-integration/data_transformation/consistency_checks/dependency-graph", "endpoint": "data_integration.dependency_graph", "view-args": {"path": "data_transformation/consistency_checks"}, "status": 200, "user": "78b858772f907e50@lampenwelt.de", "timestamp": "2019-03-06T16:45:05.400140", "browser": "chrome", "browser-platform": "windows", "browser-version": "72.0.3626.119"}
{"method": "GET", "path": "/data-integration/data_transformation/consistency_checks/last-runs-selector", "endpoint": "data_integration.last_runs_selector", "view-args": {"path": "data_transformation/consistency_checks"}, "status": 200, "user": "78b858772f907e50@lampenwelt.de", "timestamp": "2019-03-06T16:45:05.431617", "browser": "chrome", "browser-platform": "windows", "browser-version": "72.0.3626.119"}
{"method": "GET", "path": "/data-integration/data_transformation/consistency_checks/pipeline-children-table", "endpoint": "data_integration.pipeline_children_table", "view-args": {"path": "data_transformation/consistency_checks"}, "status": 200, "user": "78b858772f907e50@lampenwelt.de", "timestamp": "2019-03-06T16:45:05.481913", "browser": "chrome", "browser-platform": "windows", "browser-version": "72.0.3626.119"}
{"method": "GET", "path": "/data-integration/data_transformation/consistency_checks/timeline-chart", "endpoint": "data_integration.timeline_chart", "view-args": {"path": "data_transformation/consistency_checks", "run_id": null}, "status": 200, "user": "78b858772f907e50@lampenwelt.de", "timestamp": "2019-03-06T16:45:05.519887", "browser": "chrome", "browser-platform": "windows", "browser-version": "72.0.3626.119"}
{"method": "GET", "path": "/data-integration/data_transformation/consistency_checks/run-time-chart", "endpoint": "data_integration.run_time_chart", "view-args": {"path": "data_transformation/consistency_checks"}, "status": 200, "user": "78b858772f907e50@lampenwelt.de", "timestamp": "2019-03-06T16:45:05.527460", "browser": "chrome", "browser-platform": "windows", "browser-version": "72.0.3626.119"}
{"method": "GET", "path": "/data-integration/data_transformation/consistency_checks/system-stats", "endpoint": "data_integration.system_stats", "view-args": {"path": "data_transformation/consistency_checks", "run_id": null}, "status": 200, "user": "78b858772f907e50@lampenwelt.de", "timestamp": "2019-03-06T16:45:05.533406", "browser": "chrome", "browser-platform": "windows", "browser-version": "72.0.3626.119"}
{"method": "GET", "path": "/data-integration/data_transformation/consistency_checks/run-output-limited", "endpoint": "data_integration.run_output", "view-args": {"path": "data_transformation/consistency_checks", "run_id": null, "limit": true}, "status": 200, "user": "78b858772f907e50@lampenwelt.de", "timestamp": "2019-03-06T16:45:05.570278", "browser": "chrome", "browser-platform": "windows", "browser-version": "72.0.3626.119"}
{"method": "GET", "path": "/data-integration/data_transformation/consistency_checks/optimove_export", "endpoint": "data_integration.node_page", "view-args": {"path": "data_transformation/consistency_checks/optimove_export"}, "status": 200, "user": "78b858772f907e50@lampenwelt.de", "timestamp": "2019-03-06T16:45:21.362037", "browser": "chrome", "browser-platform": "windows", "browser-version": "72.0.3626.119"}
{"method": "GET", "path": "/data-integration/data_transformation/consistency_checks/optimove_export/dependency-graph", "endpoint": "data_integration.dependency_graph", "view-args": {"path": "data_transformation/consistency_checks/optimove_export"}, "status": 200, "user": "78b858772f907e50@lampenwelt.de", "timestamp": "2019-03-06T16:45:21.565737", "browser": "chrome", "browser-platform": "windows", "browser-version": "72.0.3626.119"}
{"method": "GET", "path": "/data-integration/data_transformation/consistency_checks/optimove_export/last-runs-selector", "endpoint": "data_integration.last_runs_selector", "view-args": {"path": "data_transformation/consistency_checks/optimove_export"}, "status": 200, "user": "78b858772f907e50@lampenwelt.de", "timestamp": "2019-03-06T16:45:21.599908", "browser": "chrome", "browser-platform": "windows", "browser-version": "72.0.3626.119"}
{"method": "GET", "path": "/data-integration/data_transformation/consistency_checks/optimove_export/pipeline-children-table", "endpoint": "data_integration.pipeline_children_table", "view-args": {"path": "data_transformation/consistency_checks/optimove_export"}, "status": 200, "user": "78b858772f907e50@lampenwelt.de", "timestamp": "2019-03-06T16:45:21.604557", "browser": "chrome", "browser-platform": "windows", "browser-version": "72.0.3626.119"}
{"method": "GET", "path": "/data-integration/data_transformation/consistency_checks/optimove_export/run-time-chart", "endpoint": "data_integration.run_time_chart", "view-args": {"path": "data_transformation/consistency_checks/optimove_export"}, "status": 200, "user": "78b858772f907e50@lampenwelt.de", "timestamp": "2019-03-06T16:45:21.615386", "browser": "chrome", "browser-platform": "windows", "browser-version": "72.0.3626.119"}
{"method": "GET", "path": "/data-integration/data_transformation/consistency_checks/optimove_export/system-stats", "endpoint": "data_integration.system_stats", "view-args": {"path": "data_transformation/consistency_checks/optimove_export", "run_id": null}, "status": 200, "user": "78b858772f907e50@lampenwelt.de", "timestamp": "2019-03-06T16:45:21.640996", "browser": "chrome", "browser-platform": "windows", "browser-version": "72.0.3626.119"}
{"method": "GET", "path": "/data-integration/data_transformation/consistency_checks/optimove_export/timeline-chart", "endpoint": "data_integration.timeline_chart", "view-args": {"path": "data_transformation/consistency_checks/optimove_export", "run_id": null}, "status": 200, "user": "78b858772f907e50@lampenwelt.de", "timestamp": "2019-03-06T16:45:21.652050", "browser": "chrome", "browser-platform": "windows", "browser-version": "72.0.3626.119"}
{"method": "GET", "path": "/data-integration/data_transformation/consistency_checks/optimove_export/run-output-limited", "endpoint": "data_integration.run_output", "view-args": {"path": "data_transformation/consistency_checks/optimove_export", "run_id": null, "limit": true}, "status": 200, "user": "78b858772f907e50@lampenwelt.de", "timestamp": "2019-03-06T16:45:21.671505", "browser": "chrome", "browser-platform": "windows", "browser-version": "72.0.3626.119"}
{"method": "GET", "path": "/data-integration/data_transformation/consistency_checks", "endpoint": "data_integration.node_page", "view-args": {"path": "data_transformation/consistency_checks"}, "status": 200, "user": "78b858772f907e50@lampenwelt.de", "timestamp": "2019-03-06T16:45:28.137553", "browser": "chrome", "browser-platform": "windows", "browser-version": "72.0.3626.119"}
{"method": "GET", "path": "/data-integration/data_transformation/consistency_checks/dependency-graph", "endpoint": "data_integration.dependency_graph", "view-args": {"path": "data_transformation/consistency_checks"}, "status": 200, "user": "78b858772f907e50@lampenwelt.de", "timestamp": "2019-03-06T16:45:28.321069", "browser": "chrome", "browser-platform": "windows", "browser-version": "72.0.3626.119"}
{"method": "GET", "path": "/data-integration/data_transformation/consistency_checks/last-runs-selector", "endpoint": "data_integration.last_runs_selector", "view-args": {"path": "data_transformation/consistency_checks"}, "status": 200, "user": "78b858772f907e50@lampenwelt.de", "timestamp": "2019-03-06T16:45:28.355479", "browser": "chrome", "browser-platform": "windows", "browser-version": "72.0.3626.119"}
{"method": "GET", "path": "/data-integration/data_transformation/consistency_checks/pipeline-children-table", "endpoint": "data_integration.pipeline_children_table", "view-args": {"path": "data_transformation/consistency_checks"}, "status": 200, "user": "78b858772f907e50@lampenwelt.de", "timestamp": "2019-03-06T16:45:28.364158", "browser": "chrome", "browser-platform": "windows", "browser-version": "72.0.3626.119"}
{"method": "GET", "path": "/data-integration/data_transformation/consistency_checks/run-time-chart", "endpoint": "data_integration.run_time_chart", "view-args": {"path": "data_transformation/consistency_checks"}, "status": 200, "user": "78b858772f907e50@lampenwelt.de", "timestamp": "2019-03-06T16:45:28.391174", "browser": "chrome", "browser-platform": "windows", "browser-version": "72.0.3626.119"}
{"method": "GET", "path": "/data-integration/data_transformation/consistency_checks/timeline-chart", "endpoint": "data_integration.timeline_chart", "view-args": {"path": "data_transformation/consistency_checks", "run_id": null}, "status": 200, "user": "78b858772f907e50@lampenwelt.de", "timestamp": "2019-03-06T16:45:28.397336", "browser": "chrome", "browser-platform": "windows", "browser-version": "72.0.3626.119"}
{"method": "GET", "path": "/data-integration/data_transformation/consistency_checks/system-stats", "endpoint": "data_integration.system_stats", "view-args": {"path": "data_transformation/consistency_checks", "run_id": null}, "status": 200, "user": "78b858772f907e50@lampenwelt.de", "timestamp": "2019-03-06T16:45:28.405617", "browser": "chrome", "browser-platform": "windows", "browser-version": "72.0.3626.119"}
{"method": "GET", "path": "/data-integration/data_transformation/consistency_checks/run-output-limited", "endpoint": "data_integration.run_output", "view-args": {"path": "data_transformation/consistency_checks", "run_id": null, "limit": true}, "status": 200, "user": "78b858772f907e50@lampenwelt.de", "timestamp": "2019-03-06T16:45:28.435679", "browser": "chrome", "browser-platform": "windows", "browser-version": "72.0.3626.119"}
{"method": "GET", "path": "/data-integration/data_transformation/consistency_checks/optimove_export", "endpoint": "data_integration.node_page", "view-args": {"path": "data_transformation/consistency_checks/optimove_export"}, "status": 200, "user": "78b858772f907e50@lampenwelt.de", "timestamp": "2019-03-06T16:45:58.510103", "browser": "chrome", "browser-platform": "windows", "browser-version": "72.0.3626.119"}
{"method": "GET", "path": "/data-integration/data_transformation/consistency_checks/optimove_export/dependency-graph", "endpoint": "data_integration.dependency_graph", "view-args": {"path": "data_transformation/consistency_checks/optimove_export"}, "status": 200, "user": "78b858772f907e50@lampenwelt.de", "timestamp": "2019-03-06T16:45:58.797573", "browser": "chrome", "browser-platform": "windows", "browser-version": "72.0.3626.119"}
{"method": "GET", "path": "/data-integration/data_transformation/consistency_checks/optimove_export/last-runs-selector", "endpoint": "data_integration.last_runs_selector", "view-args": {"path": "data_transformation/consistency_checks/optimove_export"}, "status": 200, "user": "78b858772f907e50@lampenwelt.de", "timestamp": "2019-03-06T16:45:58.821507", "browser": "chrome", "browser-platform": "windows", "browser-version": "72.0.3626.119"}
{"method": "GET", "path": "/data-integration/data_transformation/consistency_checks/optimove_export/run-time-chart", "endpoint": "data_integration.run_time_chart", "view-args": {"path": "data_transformation/consistency_checks/optimove_export"}, "status": 200, "user": "78b858772f907e50@lampenwelt.de", "timestamp": "2019-03-06T16:45:58.838578", "browser": "chrome", "browser-platform": "windows", "browser-version": "72.0.3626.119"}
{"method": "GET", "path": "/data-integration/data_transformation/consistency_checks/optimove_export/pipeline-children-table", "endpoint": "data_integration.pipeline_children_table", "view-args": {"path": "data_transformation/consistency_checks/optimove_export"}, "status": 200, "user": "78b858772f907e50@lampenwelt.de", "timestamp": "2019-03-06T16:45:58.841779", "browser": "chrome", "browser-platform": "windows", "browser-version": "72.0.3626.119"}
{"method": "GET", "path": "/data-integration/data_transformation/consistency_checks/optimove_export/system-stats", "endpoint": "data_integration.system_stats", "view-args": {"path": "data_transformation/consistency_checks/optimove_export", "run_id": null}, "status": 200, "user": "78b858772f907e50@lampenwelt.de", "timestamp": "2019-03-06T16:45:58.863176", "browser": "chrome", "browser-platform": "windows", "browser-version": "72.0.3626.119"}
{"method": "GET", "path": "/data-integration/data_transformation/consistency_checks/optimove_export/timeline-chart", "endpoint": "data_integration.timeline_chart", "view-args": {"path": "data_transformation/consistency_checks/optimove_export", "run_id": null}, "status": 200, "user": "78b858772f907e50@lampenwelt.de", "timestamp": "2019-03-06T16:45:58.874464", "browser": "chrome", "browser-platform": "windows", "browser-version": "72.0.3626.119"}
{"method": "GET", "path": "/data-integration/data_transformation/consistency_checks/optimove_export/run-output-limited", "endpoint": "data_integration.run_output", "view-args": {"path": "data_transformation/consistency_checks/optimove_export", "run_id": null, "limit": true}, "status": 200, "user": "78b858772f907e50@lampenwelt.de", "timestamp": "2019-03-06T16:45:58.878750", "browser": "chrome", "browser-platform": "windows", "browser-version": "72.0.3626.119"}
{"method": "GET", "path": "/data-integration/data_transformation/consistency_checks", "endpoint": "data_integration.node_page", "view-args": {"path": "data_transformation/consistency_checks"}, "status": 200, "user": "78b858772f907e50@lampenwelt.de", "timestamp": "2019-03-06T16:46:00.028679", "browser": "chrome", "browser-platform": "windows", "browser-version": "72.0.3626.119"}
{"method": "GET", "path": "/data-integration/data_transformation/consistency_checks/dependency-graph", "endpoint": "data_integration.dependency_graph", "view-args": {"path": "data_transformation/consistency_checks"}, "status": 200, "user": "78b858772f907e50@lampenwelt.de", "timestamp": "2019-03-06T16:46:00.156103", "browser": "chrome", "browser-platform": "windows", "browser-version": "72.0.3626.119"}
{"method": "GET", "path": "/data-integration/data_transformation/consistency_checks/last-runs-selector", "endpoint": "data_integration.last_runs_selector", "view-args": {"path": "data_transformation/consistency_checks"}, "status": 200, "user": "78b858772f907e50@lampenwelt.de", "timestamp": "2019-03-06T16:46:00.188166", "browser": "chrome", "browser-platform": "windows", "browser-version": "72.0.3626.119"}
{"method": "GET", "path": "/data-integration/data_transformation/consistency_checks/pipeline-children-table", "endpoint": "data_integration.pipeline_children_table", "view-args": {"path": "data_transformation/consistency_checks"}, "status": 200, "user": "78b858772f907e50@lampenwelt.de", "timestamp": "2019-03-06T16:46:00.229780", "browser": "chrome", "browser-platform": "windows", "browser-version": "72.0.3626.119"}
{"method": "GET", "path": "/data-integration/data_transformation/consistency_checks/run-time-chart", "endpoint": "data_integration.run_time_chart", "view-args": {"path": "data_transformation/consistency_checks"}, "status": 200, "user": "78b858772f907e50@lampenwelt.de", "timestamp": "2019-03-06T16:46:00.233702", "browser": "chrome", "browser-platform": "windows", "browser-version": "72.0.3626.119"}
{"method": "GET", "path": "/data-integration/data_transformation/consistency_checks/system-stats", "endpoint": "data_integration.system_stats", "view-args": {"path": "data_transformation/consistency_checks", "run_id": null}, "status": 200, "user": "78b858772f907e50@lampenwelt.de", "timestamp": "2019-03-06T16:46:00.242685", "browser": "chrome", "browser-platform": "windows", "browser-version": "72.0.3626.119"}
{"method": "GET", "path": "/data-integration/data_transformation/consistency_checks/timeline-chart", "endpoint": "data_integration.timeline_chart", "view-args": {"path": "data_transformation/consistency_checks", "run_id": null}, "status": 200, "user": "78b858772f907e50@lampenwelt.de", "timestamp": "2019-03-06T16:46:00.265946", "browser": "chrome", "browser-platform": "windows", "browser-version": "72.0.3626.119"}
{"method": "GET", "path": "/data-integration/data_transformation/consistency_checks/run-output-limited", "endpoint": "data_integration.run_output", "view-args": {"path": "data_transformation/consistency_checks", "run_id": null, "limit": true}, "status": 200, "user": "78b858772f907e50@lampenwelt.de", "timestamp": "2019-03-06T16:46:00.278674", "browser": "chrome", "browser-platform": "windows", "browser-version": "72.0.3626.119"}
