{"method": "GET", "path": "/dashboards/sales-comparison", "endpoint": "dashboards.view_dashboard", "view-args": {"id": "sales-comparison"}, "status": 200, "user": "2945b89f775d264f@lampenwelt.de", "timestamp": "2019-03-28T06:29:36.839916", "browser": "chrome", "browser-platform": "windows", "browser-version": "73.0.3683.86"}
{"method": "GET", "path": "/dashboards/_render_async_sql_query/35a11e7e-3c19-4bd8-b318-f6b9c8cc1c00", "endpoint": "dashboards.render_async_sql_query", "view-args": {"id": "35a11e7e-3c19-4bd8-b318-f6b9c8cc1c00"}, "status": 200, "user": "2945b89f775d264f@lampenwelt.de", "timestamp": "2019-03-28T06:29:37.676922", "browser": "chrome", "browser-platform": "windows", "browser-version": "73.0.3683.86"}
{"method": "GET", "path": "/dashboards/_render_async_sql_query/cb5b5f19-3169-4b6d-b869-5b63bae88cb3", "endpoint": "dashboards.render_async_sql_query", "view-args": {"id": "cb5b5f19-3169-4b6d-b869-5b63bae88cb3"}, "status": 200, "user": "2945b89f775d264f@lampenwelt.de", "timestamp": "2019-03-28T06:29:37.679949", "browser": "chrome", "browser-platform": "windows", "browser-version": "73.0.3683.86"}
{"method": "GET", "path": "/dashboards/_render_async_sql_query/1f6d0efa-6a2c-4649-a530-df0ea6b1e764", "endpoint": "dashboards.render_async_sql_query", "view-args": {"id": "1f6d0efa-6a2c-4649-a530-df0ea6b1e764"}, "status": 200, "user": "2945b89f775d264f@lampenwelt.de", "timestamp": "2019-03-28T06:29:37.680102", "browser": "chrome", "browser-platform": "windows", "browser-version": "73.0.3683.86"}
{"method": "GET", "path": "/dashboards/_render_async_sql_query/ea2a4c30-c334-4473-a6c3-c10702d662f2", "endpoint": "dashboards.render_async_sql_query", "view-args": {"id": "ea2a4c30-c334-4473-a6c3-c10702d662f2"}, "status": 200, "user": "2945b89f775d264f@lampenwelt.de", "timestamp": "2019-03-28T06:29:37.696612", "browser": "chrome", "browser-platform": "windows", "browser-version": "73.0.3683.86"}
{"method": "GET", "path": "/dashboards/_last_successful_import", "endpoint": "dashboards.last_successful_import", "view-args": {}, "status": 200, "user": "2945b89f775d264f@lampenwelt.de", "timestamp": "2019-03-28T06:29:37.720503", "browser": "chrome", "browser-platform": "windows", "browser-version": "73.0.3683.86"}
{"method": "GET", "path": "/dashboards/_last_marketing_cost/sales-comparison", "endpoint": "dashboards.last_marketing_cost", "view-args": {"id": "sales-comparison"}, "status": 200, "user": "2945b89f775d264f@lampenwelt.de", "timestamp": "2019-03-28T06:29:37.729999", "browser": "chrome", "browser-platform": "windows", "browser-version": "73.0.3683.86"}
{"method": "GET", "path": "/dashboards/_render_async_sql_query/92835f96-2244-45e2-90ec-8aa1ab4f32a9", "endpoint": "dashboards.render_async_sql_query", "view-args": {"id": "92835f96-2244-45e2-90ec-8aa1ab4f32a9"}, "status": 200, "user": "2945b89f775d264f@lampenwelt.de", "timestamp": "2019-03-28T06:29:37.771753", "browser": "chrome", "browser-platform": "windows", "browser-version": "73.0.3683.86"}
{"method": "GET", "path": "/dashboards/_render_async_sql_query/64f11c58-08cc-4a3e-b8c7-5b9546b495c6", "endpoint": "dashboards.render_async_sql_query", "view-args": {"id": "64f11c58-08cc-4a3e-b8c7-5b9546b495c6"}, "status": 200, "user": "2945b89f775d264f@lampenwelt.de", "timestamp": "2019-03-28T06:29:37.798439", "browser": "chrome", "browser-platform": "windows", "browser-version": "73.0.3683.86"}
