{"method": "GET", "path": "/data-integration/data_transformation/marketing_touchpoints", "endpoint": "data_integration.node_page", "view-args": {"path": "data_transformation/marketing_touchpoints"}, "status": 200, "user": "e5063e1f25c24f00@lampenwelt.de", "timestamp": "2019-03-28T16:00:27.836982", "browser": "chrome", "browser-platform": "windows", "browser-version": "73.0.3683.86"}
{"method": "GET", "path": "/data-integration/data_transformation/marketing_touchpoints/dependency-graph", "endpoint": "data_integration.dependency_graph", "view-args": {"path": "data_transformation/marketing_touchpoints"}, "status": 200, "user": "e5063e1f25c24f00@lampenwelt.de", "timestamp": "2019-03-28T16:00:28.004011", "browser": "chrome", "browser-platform": "windows", "browser-version": "73.0.3683.86"}
{"method": "GET", "path": "/data-integration/data_transformation/marketing_touchpoints/last-runs-selector", "endpoint": "data_integration.last_runs_selector", "view-args": {"path": "data_transformation/marketing_touchpoints"}, "status": 200, "user": "e5063e1f25c24f00@lampenwelt.de", "timestamp": "2019-03-28T16:00:28.045256", "browser": "chrome", "browser-platform": "windows", "browser-version": "73.0.3683.86"}
{"method": "GET", "path": "/data-integration/data_transformation/marketing_touchpoints/system-stats", "endpoint": "data_integration.system_stats", "view-args": {"path": "data_transformation/marketing_touchpoints", "run_id": null}, "status": 200, "user": "e5063e1f25c24f00@lampenwelt.de", "timestamp": "2019-03-28T16:00:28.102848", "browser": "chrome", "browser-platform": "windows", "browser-version": "73.0.3683.86"}
{"method": "GET", "path": "/data-integration/data_transformation/marketing_touchpoints/run-time-chart", "endpoint": "data_integration.run_time_chart", "view-args": {"path": "data_transformation/marketing_touchpoints"}, "status": 200, "user": "e5063e1f25c24f00@lampenwelt.de", "timestamp": "2019-03-28T16:00:28.128739", "browser": "chrome", "browser-platform": "windows", "browser-version": "73.0.3683.86"}
{"method": "GET", "path": "/data-integration/data_transformation/marketing_touchpoints/timeline-chart", "endpoint": "data_integration.timeline_chart", "view-args": {"path": "data_transformation/marketing_touchpoints", "run_id": null}, "status": 200, "user": "e5063e1f25c24f00@lampenwelt.de", "timestamp": "2019-03-28T16:00:28.168404", "browser": "chrome", "browser-platform": "windows", "browser-version": "73.0.3683.86"}
{"method": "GET", "path": "/data-integration/data_transformation/marketing_touchpoints/run-output-limited", "endpoint": "data_integration.run_output", "view-args": {"path": "data_transformation/marketing_touchpoints", "run_id": null, "limit": true}, "status": 200, "user": "e5063e1f25c24f00@lampenwelt.de", "timestamp": "2019-03-28T16:00:28.229179", "browser": "chrome", "browser-platform": "windows", "browser-version": "73.0.3683.86"}
{"method": "GET", "path": "/data-integration/data_transformation/marketing_touchpoints/pipeline-children-table", "endpoint": "data_integration.pipeline_children_table", "view-args": {"path": "data_transformation/marketing_touchpoints"}, "status": 200, "user": "e5063e1f25c24f00@lampenwelt.de", "timestamp": "2019-03-28T16:00:28.536547", "browser": "chrome", "browser-platform": "windows", "browser-version": "73.0.3683.86"}
{"method": "GET", "path": "/data-integration/data_transformation", "endpoint": "data_integration.node_page", "view-args": {"path": "data_transformation"}, "status": 200, "user": "e5063e1f25c24f00@lampenwelt.de", "timestamp": "2019-03-28T16:00:29.773538", "browser": "chrome", "browser-platform": "windows", "browser-version": "73.0.3683.86"}
{"method": "GET", "path": "/data-integration/data_transformation/dependency-graph", "endpoint": "data_integration.dependency_graph", "view-args": {"path": "data_transformation"}, "status": 200, "user": "e5063e1f25c24f00@lampenwelt.de", "timestamp": "2019-03-28T16:00:30.005843", "browser": "chrome", "browser-platform": "windows", "browser-version": "73.0.3683.86"}
{"method": "GET", "path": "/data-integration/data_transformation/last-runs-selector", "endpoint": "data_integration.last_runs_selector", "view-args": {"path": "data_transformation"}, "status": 200, "user": "e5063e1f25c24f00@lampenwelt.de", "timestamp": "2019-03-28T16:00:30.029388", "browser": "chrome", "browser-platform": "windows", "browser-version": "73.0.3683.86"}
{"method": "GET", "path": "/data-integration/data_transformation/run-time-chart", "endpoint": "data_integration.run_time_chart", "view-args": {"path": "data_transformation"}, "status": 200, "user": "e5063e1f25c24f00@lampenwelt.de", "timestamp": "2019-03-28T16:00:30.092416", "browser": "chrome", "browser-platform": "windows", "browser-version": "73.0.3683.86"}
{"method": "GET", "path": "/data-integration/data_transformation/system-stats", "endpoint": "data_integration.system_stats", "view-args": {"path": "data_transformation", "run_id": null}, "status": 200, "user": "e5063e1f25c24f00@lampenwelt.de", "timestamp": "2019-03-28T16:00:30.112048", "browser": "chrome", "browser-platform": "windows", "browser-version": "73.0.3683.86"}
{"method": "GET", "path": "/data-integration/data_transformation/timeline-chart", "endpoint": "data_integration.timeline_chart", "view-args": {"path": "data_transformation", "run_id": null}, "status": 200, "user": "e5063e1f25c24f00@lampenwelt.de", "timestamp": "2019-03-28T16:00:30.158110", "browser": "chrome", "browser-platform": "windows", "browser-version": "73.0.3683.86"}
{"method": "GET", "path": "/data-integration/data_transformation/run-output-limited", "endpoint": "data_integration.run_output", "view-args": {"path": "data_transformation", "run_id": null, "limit": true}, "status": 200, "user": "e5063e1f25c24f00@lampenwelt.de", "timestamp": "2019-03-28T16:00:30.241334", "browser": "chrome", "browser-platform": "windows", "browser-version": "73.0.3683.86"}
{"method": "GET", "path": "/data-integration/data_transformation/pipeline-children-table", "endpoint": "data_integration.pipeline_children_table", "view-args": {"path": "data_transformation"}, "status": 200, "user": "e5063e1f25c24f00@lampenwelt.de", "timestamp": "2019-03-28T16:00:31.718297", "browser": "chrome", "browser-platform": "windows", "browser-version": "73.0.3683.86"}
{"method": "POST", "path": "/mondrian/excel/authorize", "endpoint": "py_mondrian.excel_authorize", "view-args": {}, "status": 200, "user": "35675e68f4b5af7b@localhost", "timestamp": "2019-03-28T16:07:30.987745", "browser": null, "browser-platform": null, "browser-version": null}
{"method": "GET", "path": "/mondrian/excel", "endpoint": "py_mondrian.excel", "view-args": {}, "status": 200, "user": "78b858772f907e50@lampenwelt.de", "timestamp": "2019-03-28T16:07:36.809673", "browser": "chrome", "browser-platform": "windows", "browser-version": "73.0.3683.86"}
{"method": "POST", "path": "/mondrian/excel/authorize", "endpoint": "py_mondrian.excel_authorize", "view-args": {}, "status": 200, "user": "35675e68f4b5af7b@localhost", "timestamp": "2019-03-28T16:07:51.264192", "browser": null, "browser-platform": null, "browser-version": null}
{"method": "GET", "path": "/product-performance-analyzer/", "endpoint": "product-performance-analyzer.product_filter_panel", "view-args": {}, "status": 200, "user": "e979bd6342e4da82@lampenwelt.de", "timestamp": "2019-03-28T16:09:59.031078", "browser": "chrome", "browser-platform": "windows", "browser-version": "73.0.3683.86"}
{"method": "GET", "path": "/product-performance-analyzer/_last_successful_import", "endpoint": "product-performance-analyzer.last_successful_import", "view-args": {}, "status": 200, "user": "e979bd6342e4da82@lampenwelt.de", "timestamp": "2019-03-28T16:09:59.418226", "browser": "chrome", "browser-platform": "windows", "browser-version": "73.0.3683.86"}
{"method": "POST", "path": "/product-performance-analyzer/_render-mdx-request", "endpoint": "product-performance-analyzer.render_mdx_request", "view-args": {}, "status": 200, "user": "e979bd6342e4da82@lampenwelt.de", "timestamp": "2019-03-28T16:10:03.799435", "browser": "chrome", "browser-platform": "windows", "browser-version": "73.0.3683.86"}
{"method": "GET", "path": "/product-performance-analyzer/_auto-complete/global_dim.sales_channel/sales_channel/", "endpoint": "product-performance-analyzer.auto_complete", "view-args": {"table_name": "global_dim.sales_channel", "column_name": "sales_channel"}, "status": 200, "user": "e979bd6342e4da82@lampenwelt.de", "timestamp": "2019-03-28T16:10:06.502424", "browser": "chrome", "browser-platform": "windows", "browser-version": "73.0.3683.86"}
{"method": "GET", "path": "/product-performance-analyzer/_auto-complete/global_dim.sales_channel/sales_channel/f", "endpoint": "product-performance-analyzer.auto_complete", "view-args": {"table_name": "global_dim.sales_channel", "column_name": "sales_channel", "term": "f"}, "status": 200, "user": "e979bd6342e4da82@lampenwelt.de", "timestamp": "2019-03-28T16:10:11.059161", "browser": "chrome", "browser-platform": "windows", "browser-version": "73.0.3683.86"}
{"method": "GET", "path": "/product-performance-analyzer/_auto-complete/global_dim.sales_channel/sales_channel/fr", "endpoint": "product-performance-analyzer.auto_complete", "view-args": {"table_name": "global_dim.sales_channel", "column_name": "sales_channel", "term": "fr"}, "status": 200, "user": "e979bd6342e4da82@lampenwelt.de", "timestamp": "2019-03-28T16:10:11.388764", "browser": "chrome", "browser-platform": "windows", "browser-version": "73.0.3683.86"}
{"method": "GET", "path": "/product-performance-analyzer/_auto-complete/global_dim.product_assortment_type/product_assortment_type/", "endpoint": "product-performance-analyzer.auto_complete", "view-args": {"table_name": "global_dim.product_assortment_type", "column_name": "product_assortment_type"}, "status": 200, "user": "e979bd6342e4da82@lampenwelt.de", "timestamp": "2019-03-28T16:10:17.429023", "browser": "chrome", "browser-platform": "windows", "browser-version": "73.0.3683.86"}
{"method": "GET", "path": "/product-performance-analyzer/_auto-complete/global_dim.product/product_style_1/", "endpoint": "product-performance-analyzer.auto_complete", "view-args": {"table_name": "global_dim.product", "column_name": "product_style_1"}, "status": 200, "user": "e979bd6342e4da82@lampenwelt.de", "timestamp": "2019-03-28T16:10:28.206093", "browser": "chrome", "browser-platform": "windows", "browser-version": "73.0.3683.86"}
{"method": "GET", "path": "/product-performance-analyzer/_auto-complete/global_dim.product_group/product_group_name/", "endpoint": "product-performance-analyzer.auto_complete", "view-args": {"table_name": "global_dim.product_group", "column_name": "product_group_name"}, "status": 200, "user": "e979bd6342e4da82@lampenwelt.de", "timestamp": "2019-03-28T16:11:42.821738", "browser": "chrome", "browser-platform": "windows", "browser-version": "73.0.3683.86"}
{"method": "GET", "path": "/product-performance-analyzer/_auto-complete/global_dim.product_group/product_group_name/w", "endpoint": "product-performance-analyzer.auto_complete", "view-args": {"table_name": "global_dim.product_group", "column_name": "product_group_name", "term": "w"}, "status": 200, "user": "e979bd6342e4da82@lampenwelt.de", "timestamp": "2019-03-28T16:11:49.447116", "browser": "chrome", "browser-platform": "windows", "browser-version": "73.0.3683.86"}
{"method": "GET", "path": "/product-performance-analyzer/_auto-complete/global_dim.product_group/product_group_name/we", "endpoint": "product-performance-analyzer.auto_complete", "view-args": {"table_name": "global_dim.product_group", "column_name": "product_group_name", "term": "we"}, "status": 200, "user": "e979bd6342e4da82@lampenwelt.de", "timestamp": "2019-03-28T16:11:50.961778", "browser": "chrome", "browser-platform": "windows", "browser-version": "73.0.3683.86"}
{"method": "GET", "path": "/product-performance-analyzer/_auto-complete/global_dim.product_group/product_group_name/weg", "endpoint": "product-performance-analyzer.auto_complete", "view-args": {"table_name": "global_dim.product_group", "column_name": "product_group_name", "term": "weg"}, "status": 200, "user": "e979bd6342e4da82@lampenwelt.de", "timestamp": "2019-03-28T16:11:51.830764", "browser": "chrome", "browser-platform": "windows", "browser-version": "73.0.3683.86"}
{"method": "GET", "path": "/product-performance-analyzer/_auto-complete/global_dim.product_group/product_group_name/wege", "endpoint": "product-performance-analyzer.auto_complete", "view-args": {"table_name": "global_dim.product_group", "column_name": "product_group_name", "term": "wege"}, "status": 200, "user": "e979bd6342e4da82@lampenwelt.de", "timestamp": "2019-03-28T16:11:52.152190", "browser": "chrome", "browser-platform": "windows", "browser-version": "73.0.3683.86"}
{"method": "POST", "path": "/product-performance-analyzer/_render-mdx-request", "endpoint": "product-performance-analyzer.render_mdx_request", "view-args": {}, "status": 200, "user": "e979bd6342e4da82@lampenwelt.de", "timestamp": "2019-03-28T16:12:09.978102", "browser": "chrome", "browser-platform": "windows", "browser-version": "73.0.3683.86"}
{"method": "POST", "path": "/product-performance-analyzer/_render-mdx-request", "endpoint": "product-performance-analyzer.render_mdx_request", "view-args": {}, "status": 200, "user": "e979bd6342e4da82@lampenwelt.de", "timestamp": "2019-03-28T16:12:36.545733", "browser": "chrome", "browser-platform": "windows", "browser-version": "73.0.3683.86"}
{"method": "GET", "path": "/mondrian/saiku", "endpoint": "py_mondrian.saiku", "view-args": {}, "status": 302, "user": "e979bd6342e4da82@lampenwelt.de", "timestamp": "2019-03-28T16:19:03.462353", "browser": "chrome", "browser-platform": "windows", "browser-version": "73.0.3683.86"}
{"method": "POST", "path": "/mondrian/saiku/authorize", "endpoint": "py_mondrian.saiku_authorize", "view-args": {}, "status": 200, "user": "35675e68f4b5af7b@localhost", "timestamp": "2019-03-28T16:19:03.816919", "browser": null, "browser-platform": null, "browser-version": null}
{"method": "POST", "path": "/mondrian/saiku/authorize", "endpoint": "py_mondrian.saiku_authorize", "view-args": {}, "status": 200, "user": "35675e68f4b5af7b@localhost", "timestamp": "2019-03-28T16:19:04.078675", "browser": null, "browser-platform": null, "browser-version": null}
{"method": "GET", "path": "/", "endpoint": "start_page.start_page", "view-args": {}, "status": 302, "user": "b1fababf379ab3d8@project-a.com", "timestamp": "2019-03-28T16:21:35.886619", "browser": "chrome", "browser-platform": "macos", "browser-version": "72.0.3626.121"}
{"method": "GET", "path": "/dashboards/marketing-overview", "endpoint": "dashboards.view_dashboard", "view-args": {"id": "marketing-overview"}, "status": 200, "user": "b1fababf379ab3d8@project-a.com", "timestamp": "2019-03-28T16:21:36.515543", "browser": "chrome", "browser-platform": "macos", "browser-version": "72.0.3626.121"}
{"method": "GET", "path": "/dashboards/_render_async_sql_query/2abfa780-29cc-4018-8215-7f3fb5e4aaa2", "endpoint": "dashboards.render_async_sql_query", "view-args": {"id": "2abfa780-29cc-4018-8215-7f3fb5e4aaa2"}, "status": 200, "user": "b1fababf379ab3d8@project-a.com", "timestamp": "2019-03-28T16:21:38.441571", "browser": "chrome", "browser-platform": "macos", "browser-version": "72.0.3626.121"}
{"method": "GET", "path": "/dashboards/_last_successful_import", "endpoint": "dashboards.last_successful_import", "view-args": {}, "status": 200, "user": "b1fababf379ab3d8@project-a.com", "timestamp": "2019-03-28T16:21:38.448404", "browser": "chrome", "browser-platform": "macos", "browser-version": "72.0.3626.121"}
{"method": "GET", "path": "/dashboards/_render_async_sql_query/86217014-dc1d-4b0b-8841-778664d4fbec", "endpoint": "dashboards.render_async_sql_query", "view-args": {"id": "86217014-dc1d-4b0b-8841-778664d4fbec"}, "status": 200, "user": "b1fababf379ab3d8@project-a.com", "timestamp": "2019-03-28T16:21:38.450656", "browser": "chrome", "browser-platform": "macos", "browser-version": "72.0.3626.121"}
{"method": "GET", "path": "/dashboards/_render_async_sql_query/5b069123-bac5-4bfd-b1f7-ee5b59a932ca", "endpoint": "dashboards.render_async_sql_query", "view-args": {"id": "5b069123-bac5-4bfd-b1f7-ee5b59a932ca"}, "status": 200, "user": "b1fababf379ab3d8@project-a.com", "timestamp": "2019-03-28T16:21:38.471920", "browser": "chrome", "browser-platform": "macos", "browser-version": "72.0.3626.121"}
{"method": "GET", "path": "/dashboards/_render_async_sql_query/f8ef39b9-35d1-4881-bc0b-e904eb465b9b", "endpoint": "dashboards.render_async_sql_query", "view-args": {"id": "f8ef39b9-35d1-4881-bc0b-e904eb465b9b"}, "status": 200, "user": "b1fababf379ab3d8@project-a.com", "timestamp": "2019-03-28T16:21:38.478666", "browser": "chrome", "browser-platform": "macos", "browser-version": "72.0.3626.121"}
{"method": "GET", "path": "/dashboards/_last_marketing_cost/marketing-overview", "endpoint": "dashboards.last_marketing_cost", "view-args": {"id": "marketing-overview"}, "status": 200, "user": "b1fababf379ab3d8@project-a.com", "timestamp": "2019-03-28T16:21:38.568862", "browser": "chrome", "browser-platform": "macos", "browser-version": "72.0.3626.121"}
{"method": "GET", "path": "/dashboards/_render_async_sql_query/ba1e96c9-afbe-4041-9bd6-a0b641c2ffae", "endpoint": "dashboards.render_async_sql_query", "view-args": {"id": "ba1e96c9-afbe-4041-9bd6-a0b641c2ffae"}, "status": 200, "user": "b1fababf379ab3d8@project-a.com", "timestamp": "2019-03-28T16:21:38.614500", "browser": "chrome", "browser-platform": "macos", "browser-version": "72.0.3626.121"}
{"method": "GET", "path": "/dashboards/_render_async_sql_query/f701fd20-5e62-43a2-88ed-2bc776fc4324", "endpoint": "dashboards.render_async_sql_query", "view-args": {"id": "f701fd20-5e62-43a2-88ed-2bc776fc4324"}, "status": 200, "user": "b1fababf379ab3d8@project-a.com", "timestamp": "2019-03-28T16:21:38.621816", "browser": "chrome", "browser-platform": "macos", "browser-version": "72.0.3626.121"}
{"method": "GET", "path": "/dashboards/_render_async_sql_query/54d9ccbd-94d8-4cff-96d8-01647356f676", "endpoint": "dashboards.render_async_sql_query", "view-args": {"id": "54d9ccbd-94d8-4cff-96d8-01647356f676"}, "status": 200, "user": "b1fababf379ab3d8@project-a.com", "timestamp": "2019-03-28T16:21:38.637962", "browser": "chrome", "browser-platform": "macos", "browser-version": "72.0.3626.121"}
{"method": "GET", "path": "/dashboards/_render_async_sql_query/0480590c-5957-4865-932b-a04b1b26c769", "endpoint": "dashboards.render_async_sql_query", "view-args": {"id": "0480590c-5957-4865-932b-a04b1b26c769"}, "status": 200, "user": "b1fababf379ab3d8@project-a.com", "timestamp": "2019-03-28T16:21:38.733493", "browser": "chrome", "browser-platform": "macos", "browser-version": "72.0.3626.121"}
{"method": "GET", "path": "/dashboards/_render_async_sql_query/47f48757-fcda-4215-a926-89eaafc33b6f", "endpoint": "dashboards.render_async_sql_query", "view-args": {"id": "47f48757-fcda-4215-a926-89eaafc33b6f"}, "status": 200, "user": "b1fababf379ab3d8@project-a.com", "timestamp": "2019-03-28T16:21:38.808938", "browser": "chrome", "browser-platform": "macos", "browser-version": "72.0.3626.121"}
{"method": "GET", "path": "/dashboards/_render_async_sql_query/7ca7429d-0255-43c3-9a46-715ca27e6611", "endpoint": "dashboards.render_async_sql_query", "view-args": {"id": "7ca7429d-0255-43c3-9a46-715ca27e6611"}, "status": 200, "user": "b1fababf379ab3d8@project-a.com", "timestamp": "2019-03-28T16:21:38.814763", "browser": "chrome", "browser-platform": "macos", "browser-version": "72.0.3626.121"}
{"method": "GET", "path": "/dashboards/_render_async_sql_query/a422d1d7-1236-4155-83f4-7d069b46a838", "endpoint": "dashboards.render_async_sql_query", "view-args": {"id": "a422d1d7-1236-4155-83f4-7d069b46a838"}, "status": 200, "user": "b1fababf379ab3d8@project-a.com", "timestamp": "2019-03-28T16:21:38.823127", "browser": "chrome", "browser-platform": "macos", "browser-version": "72.0.3626.121"}
{"method": "GET", "path": "/dashboards/_render_async_sql_query/f599d529-7e3b-4438-9a65-fac5e1ad8c29", "endpoint": "dashboards.render_async_sql_query", "view-args": {"id": "f599d529-7e3b-4438-9a65-fac5e1ad8c29"}, "status": 200, "user": "b1fababf379ab3d8@project-a.com", "timestamp": "2019-03-28T16:21:39.134217", "browser": "chrome", "browser-platform": "macos", "browser-version": "72.0.3626.121"}
{"method": "GET", "path": "/dashboards/_render_async_sql_query/f27bc823-8160-4d57-9fb4-da61541b2cb0", "endpoint": "dashboards.render_async_sql_query", "view-args": {"id": "f27bc823-8160-4d57-9fb4-da61541b2cb0"}, "status": 200, "user": "b1fababf379ab3d8@project-a.com", "timestamp": "2019-03-28T16:21:39.148956", "browser": "chrome", "browser-platform": "macos", "browser-version": "72.0.3626.121"}
{"method": "GET", "path": "/dashboards/_render_async_sql_query/aaa1f821-a97c-4ac1-8602-9e31cf3e177e", "endpoint": "dashboards.render_async_sql_query", "view-args": {"id": "aaa1f821-a97c-4ac1-8602-9e31cf3e177e"}, "status": 200, "user": "b1fababf379ab3d8@project-a.com", "timestamp": "2019-03-28T16:21:39.161361", "browser": "chrome", "browser-platform": "macos", "browser-version": "72.0.3626.121"}
{"method": "GET", "path": "/dashboards/_render_async_sql_query/1a165138-766b-4e34-b5d0-fffc15e3bfc0", "endpoint": "dashboards.render_async_sql_query", "view-args": {"id": "1a165138-766b-4e34-b5d0-fffc15e3bfc0"}, "status": 200, "user": "b1fababf379ab3d8@project-a.com", "timestamp": "2019-03-28T16:21:39.162309", "browser": "chrome", "browser-platform": "macos", "browser-version": "72.0.3626.121"}
{"method": "GET", "path": "/dashboards/_render_async_sql_query/3f94daee-d9bd-4fa1-83f5-c145b0c242b5", "endpoint": "dashboards.render_async_sql_query", "view-args": {"id": "3f94daee-d9bd-4fa1-83f5-c145b0c242b5"}, "status": 200, "user": "b1fababf379ab3d8@project-a.com", "timestamp": "2019-03-28T16:21:39.285306", "browser": "chrome", "browser-platform": "macos", "browser-version": "72.0.3626.121"}
{"method": "GET", "path": "/mondrian/saiku", "endpoint": "py_mondrian.saiku", "view-args": {}, "status": 302, "user": "b1fababf379ab3d8@project-a.com", "timestamp": "2019-03-28T16:21:42.253796", "browser": "chrome", "browser-platform": "macos", "browser-version": "72.0.3626.121"}
{"method": "POST", "path": "/mondrian/saiku/authorize", "endpoint": "py_mondrian.saiku_authorize", "view-args": {}, "status": 200, "user": "35675e68f4b5af7b@localhost", "timestamp": "2019-03-28T16:21:42.664349", "browser": null, "browser-platform": null, "browser-version": null}
{"method": "POST", "path": "/mondrian/saiku/authorize", "endpoint": "py_mondrian.saiku_authorize", "view-args": {}, "status": 200, "user": "35675e68f4b5af7b@localhost", "timestamp": "2019-03-28T16:21:52.440318", "browser": null, "browser-platform": null, "browser-version": null}
{"method": "GET", "path": "/data-integration/data_transformation", "endpoint": "data_integration.node_page", "view-args": {"path": "data_transformation"}, "status": 200, "user": "67151590075fb3ec@lampenwelt.de", "timestamp": "2019-03-28T16:32:56.009284", "browser": "chrome", "browser-platform": "windows", "browser-version": "73.0.3683.86"}
{"method": "GET", "path": "/data-integration/data_transformation", "endpoint": "data_integration.node_page", "view-args": {"path": "data_transformation"}, "status": 200, "user": "67151590075fb3ec@lampenwelt.de", "timestamp": "2019-03-28T16:32:57.155091", "browser": "chrome", "browser-platform": "windows", "browser-version": "73.0.3683.86"}
{"method": "GET", "path": "/data-integration/data_transformation/dependency-graph", "endpoint": "data_integration.dependency_graph", "view-args": {"path": "data_transformation"}, "status": 200, "user": "67151590075fb3ec@lampenwelt.de", "timestamp": "2019-03-28T16:32:57.486776", "browser": "chrome", "browser-platform": "windows", "browser-version": "73.0.3683.86"}
{"method": "GET", "path": "/data-integration/data_transformation/last-runs-selector", "endpoint": "data_integration.last_runs_selector", "view-args": {"path": "data_transformation"}, "status": 200, "user": "67151590075fb3ec@lampenwelt.de", "timestamp": "2019-03-28T16:32:57.507846", "browser": "chrome", "browser-platform": "windows", "browser-version": "73.0.3683.86"}
{"method": "GET", "path": "/data-integration/data_transformation/system-stats", "endpoint": "data_integration.system_stats", "view-args": {"path": "data_transformation", "run_id": null}, "status": 200, "user": "67151590075fb3ec@lampenwelt.de", "timestamp": "2019-03-28T16:32:57.564065", "browser": "chrome", "browser-platform": "windows", "browser-version": "73.0.3683.86"}
{"method": "GET", "path": "/data-integration/data_transformation/run-time-chart", "endpoint": "data_integration.run_time_chart", "view-args": {"path": "data_transformation"}, "status": 200, "user": "67151590075fb3ec@lampenwelt.de", "timestamp": "2019-03-28T16:32:57.579294", "browser": "chrome", "browser-platform": "windows", "browser-version": "73.0.3683.86"}
{"method": "GET", "path": "/data-integration/data_transformation/timeline-chart", "endpoint": "data_integration.timeline_chart", "view-args": {"path": "data_transformation", "run_id": null}, "status": 200, "user": "67151590075fb3ec@lampenwelt.de", "timestamp": "2019-03-28T16:32:57.621613", "browser": "chrome", "browser-platform": "windows", "browser-version": "73.0.3683.86"}
{"method": "GET", "path": "/data-integration/data_transformation/run-output-limited", "endpoint": "data_integration.run_output", "view-args": {"path": "data_transformation", "run_id": null, "limit": true}, "status": 200, "user": "67151590075fb3ec@lampenwelt.de", "timestamp": "2019-03-28T16:32:57.689280", "browser": "chrome", "browser-platform": "windows", "browser-version": "73.0.3683.86"}
{"method": "GET", "path": "/data-integration/data_transformation/pipeline-children-table", "endpoint": "data_integration.pipeline_children_table", "view-args": {"path": "data_transformation"}, "status": 200, "user": "67151590075fb3ec@lampenwelt.de", "timestamp": "2019-03-28T16:32:59.180290", "browser": "chrome", "browser-platform": "windows", "browser-version": "73.0.3683.86"}
{"method": "GET", "path": "/data-integration", "endpoint": "data_integration.node_page", "view-args": {"path": ""}, "status": 200, "user": "67151590075fb3ec@lampenwelt.de", "timestamp": "2019-03-28T16:33:07.755806", "browser": "chrome", "browser-platform": "windows", "browser-version": "73.0.3683.86"}
{"method": "GET", "path": "/data-integration/dependency-graph", "endpoint": "data_integration.dependency_graph", "view-args": {"path": ""}, "status": 200, "user": "67151590075fb3ec@lampenwelt.de", "timestamp": "2019-03-28T16:33:07.913386", "browser": "chrome", "browser-platform": "windows", "browser-version": "73.0.3683.86"}
{"method": "GET", "path": "/data-integration/last-runs-selector", "endpoint": "data_integration.last_runs_selector", "view-args": {"path": ""}, "status": 200, "user": "67151590075fb3ec@lampenwelt.de", "timestamp": "2019-03-28T16:33:07.946992", "browser": "chrome", "browser-platform": "windows", "browser-version": "73.0.3683.86"}
{"method": "GET", "path": "/data-integration/system-stats", "endpoint": "data_integration.system_stats", "view-args": {"path": "", "run_id": null}, "status": 200, "user": "67151590075fb3ec@lampenwelt.de", "timestamp": "2019-03-28T16:33:07.969889", "browser": "chrome", "browser-platform": "windows", "browser-version": "73.0.3683.86"}
{"method": "GET", "path": "/data-integration/run-time-chart", "endpoint": "data_integration.run_time_chart", "view-args": {"path": ""}, "status": 200, "user": "67151590075fb3ec@lampenwelt.de", "timestamp": "2019-03-28T16:33:07.972937", "browser": "chrome", "browser-platform": "windows", "browser-version": "73.0.3683.86"}
{"method": "GET", "path": "/data-integration/timeline-chart", "endpoint": "data_integration.timeline_chart", "view-args": {"path": "", "run_id": null}, "status": 200, "user": "67151590075fb3ec@lampenwelt.de", "timestamp": "2019-03-28T16:33:07.989432", "browser": "chrome", "browser-platform": "windows", "browser-version": "73.0.3683.86"}
{"method": "GET", "path": "/data-integration/run-output-limited", "endpoint": "data_integration.run_output", "view-args": {"path": "", "run_id": null, "limit": true}, "status": 200, "user": "67151590075fb3ec@lampenwelt.de", "timestamp": "2019-03-28T16:33:07.995534", "browser": "chrome", "browser-platform": "windows", "browser-version": "73.0.3683.86"}
{"method": "GET", "path": "/data-integration/pipeline-children-table", "endpoint": "data_integration.pipeline_children_table", "view-args": {"path": ""}, "status": 200, "user": "67151590075fb3ec@lampenwelt.de", "timestamp": "2019-03-28T16:33:11.174673", "browser": "chrome", "browser-platform": "windows", "browser-version": "73.0.3683.86"}
{"method": "GET", "path": "/data-integration/affiliate_sales_validation", "endpoint": "data_integration.node_page", "view-args": {"path": "affiliate_sales_validation"}, "status": 200, "user": "67151590075fb3ec@lampenwelt.de", "timestamp": "2019-03-28T16:33:15.437198", "browser": "chrome", "browser-platform": "windows", "browser-version": "73.0.3683.86"}
{"method": "GET", "path": "/data-integration/affiliate_sales_validation/dependency-graph", "endpoint": "data_integration.dependency_graph", "view-args": {"path": "affiliate_sales_validation"}, "status": 200, "user": "67151590075fb3ec@lampenwelt.de", "timestamp": "2019-03-28T16:33:15.594513", "browser": "chrome", "browser-platform": "windows", "browser-version": "73.0.3683.86"}
{"method": "GET", "path": "/data-integration/affiliate_sales_validation/last-runs-selector", "endpoint": "data_integration.last_runs_selector", "view-args": {"path": "affiliate_sales_validation"}, "status": 200, "user": "67151590075fb3ec@lampenwelt.de", "timestamp": "2019-03-28T16:33:15.623404", "browser": "chrome", "browser-platform": "windows", "browser-version": "73.0.3683.86"}
{"method": "GET", "path": "/data-integration/affiliate_sales_validation/run-time-chart", "endpoint": "data_integration.run_time_chart", "view-args": {"path": "affiliate_sales_validation"}, "status": 200, "user": "67151590075fb3ec@lampenwelt.de", "timestamp": "2019-03-28T16:33:15.636150", "browser": "chrome", "browser-platform": "windows", "browser-version": "73.0.3683.86"}
{"method": "GET", "path": "/data-integration/affiliate_sales_validation/pipeline-children-table", "endpoint": "data_integration.pipeline_children_table", "view-args": {"path": "affiliate_sales_validation"}, "status": 200, "user": "67151590075fb3ec@lampenwelt.de", "timestamp": "2019-03-28T16:33:15.646928", "browser": "chrome", "browser-platform": "windows", "browser-version": "73.0.3683.86"}
{"method": "GET", "path": "/data-integration/affiliate_sales_validation/system-stats", "endpoint": "data_integration.system_stats", "view-args": {"path": "affiliate_sales_validation", "run_id": null}, "status": 200, "user": "67151590075fb3ec@lampenwelt.de", "timestamp": "2019-03-28T16:33:15.659238", "browser": "chrome", "browser-platform": "windows", "browser-version": "73.0.3683.86"}
{"method": "GET", "path": "/data-integration/affiliate_sales_validation/timeline-chart", "endpoint": "data_integration.timeline_chart", "view-args": {"path": "affiliate_sales_validation", "run_id": null}, "status": 200, "user": "67151590075fb3ec@lampenwelt.de", "timestamp": "2019-03-28T16:33:15.678720", "browser": "chrome", "browser-platform": "windows", "browser-version": "73.0.3683.86"}
{"method": "GET", "path": "/data-integration/affiliate_sales_validation/run-output-limited", "endpoint": "data_integration.run_output", "view-args": {"path": "affiliate_sales_validation", "run_id": null, "limit": true}, "status": 200, "user": "67151590075fb3ec@lampenwelt.de", "timestamp": "2019-03-28T16:33:15.710445", "browser": "chrome", "browser-platform": "windows", "browser-version": "73.0.3683.86"}
{"method": "GET", "path": "/", "endpoint": "start_page.start_page", "view-args": {}, "status": 302, "user": "78b858772f907e50@lampenwelt.de", "timestamp": "2019-03-28T16:57:29.404497", "browser": "chrome", "browser-platform": "windows", "browser-version": "73.0.3683.86"}
{"method": "GET", "path": "/dashboards/marketing-overview", "endpoint": "dashboards.view_dashboard", "view-args": {"id": "marketing-overview"}, "status": 200, "user": "78b858772f907e50@lampenwelt.de", "timestamp": "2019-03-28T16:57:29.613570", "browser": "chrome", "browser-platform": "windows", "browser-version": "73.0.3683.86"}
{"method": "GET", "path": "/", "endpoint": "start_page.start_page", "view-args": {}, "status": 302, "user": "78b858772f907e50@lampenwelt.de", "timestamp": "2019-03-28T16:57:30.024822", "browser": "chrome", "browser-platform": "windows", "browser-version": "73.0.3683.86"}
{"method": "GET", "path": "/dashboards/marketing-overview", "endpoint": "dashboards.view_dashboard", "view-args": {"id": "marketing-overview"}, "status": 200, "user": "78b858772f907e50@lampenwelt.de", "timestamp": "2019-03-28T16:57:30.217463", "browser": "chrome", "browser-platform": "windows", "browser-version": "73.0.3683.86"}
{"method": "GET", "path": "/dashboards/_render_async_sql_query/17dc77e1-37b5-4407-a9fd-1bcb809ea4ac", "endpoint": "dashboards.render_async_sql_query", "view-args": {"id": "17dc77e1-37b5-4407-a9fd-1bcb809ea4ac"}, "status": 200, "user": "78b858772f907e50@lampenwelt.de", "timestamp": "2019-03-28T16:57:30.693641", "browser": "chrome", "browser-platform": "windows", "browser-version": "73.0.3683.86"}
{"method": "GET", "path": "/dashboards/_render_async_sql_query/c2f048a3-0eb7-45f2-bdda-b6193dc73425", "endpoint": "dashboards.render_async_sql_query", "view-args": {"id": "c2f048a3-0eb7-45f2-bdda-b6193dc73425"}, "status": 200, "user": "78b858772f907e50@lampenwelt.de", "timestamp": "2019-03-28T16:57:30.698499", "browser": "chrome", "browser-platform": "windows", "browser-version": "73.0.3683.86"}
{"method": "GET", "path": "/dashboards/_last_successful_import", "endpoint": "dashboards.last_successful_import", "view-args": {}, "status": 200, "user": "78b858772f907e50@lampenwelt.de", "timestamp": "2019-03-28T16:57:30.719353", "browser": "chrome", "browser-platform": "windows", "browser-version": "73.0.3683.86"}
{"method": "GET", "path": "/dashboards/_render_async_sql_query/fef428b8-8bb4-4b85-804a-41f6bd8aed58", "endpoint": "dashboards.render_async_sql_query", "view-args": {"id": "fef428b8-8bb4-4b85-804a-41f6bd8aed58"}, "status": 200, "user": "78b858772f907e50@lampenwelt.de", "timestamp": "2019-03-28T16:57:30.722612", "browser": "chrome", "browser-platform": "windows", "browser-version": "73.0.3683.86"}
{"method": "GET", "path": "/dashboards/_render_async_sql_query/decd3b62-0e73-42e1-ad57-13760d6d98cd", "endpoint": "dashboards.render_async_sql_query", "view-args": {"id": "decd3b62-0e73-42e1-ad57-13760d6d98cd"}, "status": 200, "user": "78b858772f907e50@lampenwelt.de", "timestamp": "2019-03-28T16:57:30.723676", "browser": "chrome", "browser-platform": "windows", "browser-version": "73.0.3683.86"}
{"method": "GET", "path": "/dashboards/_last_marketing_cost/marketing-overview", "endpoint": "dashboards.last_marketing_cost", "view-args": {"id": "marketing-overview"}, "status": 200, "user": "78b858772f907e50@lampenwelt.de", "timestamp": "2019-03-28T16:57:30.735966", "browser": "chrome", "browser-platform": "windows", "browser-version": "73.0.3683.86"}
{"method": "GET", "path": "/dashboards/_render_async_sql_query/f52d8a13-cc13-4d93-a74a-bc922318ec81", "endpoint": "dashboards.render_async_sql_query", "view-args": {"id": "f52d8a13-cc13-4d93-a74a-bc922318ec81"}, "status": 200, "user": "78b858772f907e50@lampenwelt.de", "timestamp": "2019-03-28T16:57:30.787101", "browser": "chrome", "browser-platform": "windows", "browser-version": "73.0.3683.86"}
{"method": "GET", "path": "/dashboards/_render_async_sql_query/5b3396d3-7d5e-4f2d-8ba3-13866119b7ca", "endpoint": "dashboards.render_async_sql_query", "view-args": {"id": "5b3396d3-7d5e-4f2d-8ba3-13866119b7ca"}, "status": 200, "user": "78b858772f907e50@lampenwelt.de", "timestamp": "2019-03-28T16:57:30.795230", "browser": "chrome", "browser-platform": "windows", "browser-version": "73.0.3683.86"}
{"method": "GET", "path": "/dashboards/_render_async_sql_query/38229378-9e8f-42b5-8fdf-c1cdc97162e6", "endpoint": "dashboards.render_async_sql_query", "view-args": {"id": "38229378-9e8f-42b5-8fdf-c1cdc97162e6"}, "status": 200, "user": "78b858772f907e50@lampenwelt.de", "timestamp": "2019-03-28T16:57:30.799144", "browser": "chrome", "browser-platform": "windows", "browser-version": "73.0.3683.86"}
{"method": "GET", "path": "/dashboards/_render_async_sql_query/4d87798c-5cb5-4d63-8a98-1af708bf8d2c", "endpoint": "dashboards.render_async_sql_query", "view-args": {"id": "4d87798c-5cb5-4d63-8a98-1af708bf8d2c"}, "status": 200, "user": "78b858772f907e50@lampenwelt.de", "timestamp": "2019-03-28T16:57:30.810248", "browser": "chrome", "browser-platform": "windows", "browser-version": "73.0.3683.86"}
{"method": "GET", "path": "/dashboards/_render_async_sql_query/0734957f-fc9c-47a1-b027-3a5485e25082", "endpoint": "dashboards.render_async_sql_query", "view-args": {"id": "0734957f-fc9c-47a1-b027-3a5485e25082"}, "status": 200, "user": "78b858772f907e50@lampenwelt.de", "timestamp": "2019-03-28T16:57:30.846101", "browser": "chrome", "browser-platform": "windows", "browser-version": "73.0.3683.86"}
{"method": "GET", "path": "/dashboards/_render_async_sql_query/c7797f18-0456-4c99-8a1b-978c7bb2e734", "endpoint": "dashboards.render_async_sql_query", "view-args": {"id": "c7797f18-0456-4c99-8a1b-978c7bb2e734"}, "status": 200, "user": "78b858772f907e50@lampenwelt.de", "timestamp": "2019-03-28T16:57:30.846944", "browser": "chrome", "browser-platform": "windows", "browser-version": "73.0.3683.86"}
{"method": "GET", "path": "/dashboards/_render_async_sql_query/2c7b769f-5746-41a9-bf02-0b7f8585bd33", "endpoint": "dashboards.render_async_sql_query", "view-args": {"id": "2c7b769f-5746-41a9-bf02-0b7f8585bd33"}, "status": 200, "user": "78b858772f907e50@lampenwelt.de", "timestamp": "2019-03-28T16:57:30.856877", "browser": "chrome", "browser-platform": "windows", "browser-version": "73.0.3683.86"}
{"method": "GET", "path": "/dashboards/_render_async_sql_query/be33db49-975e-4fcf-9473-be0034881e43", "endpoint": "dashboards.render_async_sql_query", "view-args": {"id": "be33db49-975e-4fcf-9473-be0034881e43"}, "status": 200, "user": "78b858772f907e50@lampenwelt.de", "timestamp": "2019-03-28T16:57:30.867841", "browser": "chrome", "browser-platform": "windows", "browser-version": "73.0.3683.86"}
{"method": "GET", "path": "/dashboards/_render_async_sql_query/574bf19c-7f1c-44b1-95aa-96a1ac79956b", "endpoint": "dashboards.render_async_sql_query", "view-args": {"id": "574bf19c-7f1c-44b1-95aa-96a1ac79956b"}, "status": 200, "user": "78b858772f907e50@lampenwelt.de", "timestamp": "2019-03-28T16:57:31.054264", "browser": "chrome", "browser-platform": "windows", "browser-version": "73.0.3683.86"}
{"method": "GET", "path": "/dashboards/_render_async_sql_query/d321aad9-5a40-49e5-9fc3-2e24533788a0", "endpoint": "dashboards.render_async_sql_query", "view-args": {"id": "d321aad9-5a40-49e5-9fc3-2e24533788a0"}, "status": 200, "user": "78b858772f907e50@lampenwelt.de", "timestamp": "2019-03-28T16:57:31.054874", "browser": "chrome", "browser-platform": "windows", "browser-version": "73.0.3683.86"}
{"method": "GET", "path": "/dashboards/_render_async_sql_query/0843716c-fa6b-470b-a007-83d2971775de", "endpoint": "dashboards.render_async_sql_query", "view-args": {"id": "0843716c-fa6b-470b-a007-83d2971775de"}, "status": 200, "user": "78b858772f907e50@lampenwelt.de", "timestamp": "2019-03-28T16:57:31.060743", "browser": "chrome", "browser-platform": "windows", "browser-version": "73.0.3683.86"}
{"method": "GET", "path": "/dashboards/_render_async_sql_query/626b5b5d-9011-4136-93ac-aa6e17acf1cf", "endpoint": "dashboards.render_async_sql_query", "view-args": {"id": "626b5b5d-9011-4136-93ac-aa6e17acf1cf"}, "status": 200, "user": "78b858772f907e50@lampenwelt.de", "timestamp": "2019-03-28T16:57:31.080509", "browser": "chrome", "browser-platform": "windows", "browser-version": "73.0.3683.86"}
{"method": "GET", "path": "/mondrian/saiku", "endpoint": "py_mondrian.saiku", "view-args": {}, "status": 302, "user": "78b858772f907e50@lampenwelt.de", "timestamp": "2019-03-28T16:57:37.490513", "browser": "chrome", "browser-platform": "windows", "browser-version": "73.0.3683.86"}
{"method": "POST", "path": "/mondrian/saiku/authorize", "endpoint": "py_mondrian.saiku_authorize", "view-args": {}, "status": 200, "user": "35675e68f4b5af7b@localhost", "timestamp": "2019-03-28T16:57:37.832836", "browser": null, "browser-platform": null, "browser-version": null}
{"method": "POST", "path": "/mondrian/saiku/authorize", "endpoint": "py_mondrian.saiku_authorize", "view-args": {}, "status": 200, "user": "35675e68f4b5af7b@localhost", "timestamp": "2019-03-28T16:57:38.050007", "browser": null, "browser-platform": null, "browser-version": null}
