{"method": "GET", "path": "/data-integration/data_transformation", "endpoint": "data_integration.node_page", "view-args": {"path": "data_transformation"}, "status": 200, "user": "67151590075fb3ec@lampenwelt.de", "timestamp": "2019-03-28T19:07:26.037753", "browser": "chrome", "browser-platform": "windows", "browser-version": "73.0.3683.86"}
{"method": "GET", "path": "/data-integration/data_transformation", "endpoint": "data_integration.node_page", "view-args": {"path": "data_transformation"}, "status": 200, "user": "67151590075fb3ec@lampenwelt.de", "timestamp": "2019-03-28T19:07:26.456981", "browser": "chrome", "browser-platform": "windows", "browser-version": "73.0.3683.86"}
{"method": "GET", "path": "/data-integration/data_transformation/dependency-graph", "endpoint": "data_integration.dependency_graph", "view-args": {"path": "data_transformation"}, "status": 200, "user": "67151590075fb3ec@lampenwelt.de", "timestamp": "2019-03-28T19:07:26.835609", "browser": "chrome", "browser-platform": "windows", "browser-version": "73.0.3683.86"}
{"method": "GET", "path": "/data-integration/data_transformation/last-runs-selector", "endpoint": "data_integration.last_runs_selector", "view-args": {"path": "data_transformation"}, "status": 200, "user": "67151590075fb3ec@lampenwelt.de", "timestamp": "2019-03-28T19:07:26.857662", "browser": "chrome", "browser-platform": "windows", "browser-version": "73.0.3683.86"}
{"method": "GET", "path": "/data-integration/data_transformation/run-time-chart", "endpoint": "data_integration.run_time_chart", "view-args": {"path": "data_transformation"}, "status": 200, "user": "67151590075fb3ec@lampenwelt.de", "timestamp": "2019-03-28T19:07:26.887746", "browser": "chrome", "browser-platform": "windows", "browser-version": "73.0.3683.86"}
{"method": "GET", "path": "/data-integration/data_transformation/system-stats", "endpoint": "data_integration.system_stats", "view-args": {"path": "data_transformation", "run_id": null}, "status": 200, "user": "67151590075fb3ec@lampenwelt.de", "timestamp": "2019-03-28T19:07:26.903487", "browser": "chrome", "browser-platform": "windows", "browser-version": "73.0.3683.86"}
{"method": "GET", "path": "/data-integration/data_transformation/run-output-limited", "endpoint": "data_integration.run_output", "view-args": {"path": "data_transformation", "run_id": null, "limit": true}, "status": 200, "user": "67151590075fb3ec@lampenwelt.de", "timestamp": "2019-03-28T19:07:27.068565", "browser": "chrome", "browser-platform": "windows", "browser-version": "73.0.3683.86"}
{"method": "GET", "path": "/data-integration/data_transformation/timeline-chart", "endpoint": "data_integration.timeline_chart", "view-args": {"path": "data_transformation", "run_id": null}, "status": 200, "user": "67151590075fb3ec@lampenwelt.de", "timestamp": "2019-03-28T19:07:27.077746", "browser": "chrome", "browser-platform": "windows", "browser-version": "73.0.3683.86"}
{"method": "GET", "path": "/data-integration/data_transformation/pipeline-children-table", "endpoint": "data_integration.pipeline_children_table", "view-args": {"path": "data_transformation"}, "status": 200, "user": "67151590075fb3ec@lampenwelt.de", "timestamp": "2019-03-28T19:07:28.498670", "browser": "chrome", "browser-platform": "windows", "browser-version": "73.0.3683.86"}
{"method": "GET", "path": "/data-sets/affiliate-sales-validation", "endpoint": "data_sets.data_set_page", "view-args": {"data_set_id": "affiliate-sales-validation", "query_id": null}, "status": 200, "user": "67151590075fb3ec@lampenwelt.de", "timestamp": "2019-03-28T19:07:38.317069", "browser": "chrome", "browser-platform": "windows", "browser-version": "73.0.3683.86"}
{"method": "POST", "path": "/data-sets/.initialize", "endpoint": "data_sets.initialize_query", "view-args": {}, "status": 200, "user": "67151590075fb3ec@lampenwelt.de", "timestamp": "2019-03-28T19:07:38.517144", "browser": "chrome", "browser-platform": "windows", "browser-version": "73.0.3683.86"}
{"method": "POST", "path": "/data-sets/.row-count", "endpoint": "data_sets.row_count", "view-args": {}, "status": 200, "user": "67151590075fb3ec@lampenwelt.de", "timestamp": "2019-03-28T19:07:38.627977", "browser": "chrome", "browser-platform": "windows", "browser-version": "73.0.3683.86"}
{"method": "POST", "path": "/data-sets/.preview", "endpoint": "data_sets.preview", "view-args": {}, "status": 200, "user": "67151590075fb3ec@lampenwelt.de", "timestamp": "2019-03-28T19:07:38.630916", "browser": "chrome", "browser-platform": "windows", "browser-version": "73.0.3683.86"}
{"method": "POST", "path": "/data-sets/.distribution-chart-0", "endpoint": "data_sets.distribution_chart", "view-args": {"pos": 0}, "status": 200, "user": "67151590075fb3ec@lampenwelt.de", "timestamp": "2019-03-28T19:07:38.638006", "browser": "chrome", "browser-platform": "windows", "browser-version": "73.0.3683.86"}
{"method": "POST", "path": "/data-sets/.distribution-chart-1", "endpoint": "data_sets.distribution_chart", "view-args": {"pos": 1}, "status": 200, "user": "67151590075fb3ec@lampenwelt.de", "timestamp": "2019-03-28T19:07:38.670556", "browser": "chrome", "browser-platform": "windows", "browser-version": "73.0.3683.86"}
{"method": "POST", "path": "/data-sets/.distribution-chart-2", "endpoint": "data_sets.distribution_chart", "view-args": {"pos": 2}, "status": 200, "user": "67151590075fb3ec@lampenwelt.de", "timestamp": "2019-03-28T19:07:38.930491", "browser": "chrome", "browser-platform": "windows", "browser-version": "73.0.3683.86"}
{"method": "POST", "path": "/data-sets/.distribution-chart-3", "endpoint": "data_sets.distribution_chart", "view-args": {"pos": 3}, "status": 200, "user": "67151590075fb3ec@lampenwelt.de", "timestamp": "2019-03-28T19:07:38.932320", "browser": "chrome", "browser-platform": "windows", "browser-version": "73.0.3683.86"}
{"method": "POST", "path": "/data-sets/.distribution-chart-4", "endpoint": "data_sets.distribution_chart", "view-args": {"pos": 4}, "status": 200, "user": "67151590075fb3ec@lampenwelt.de", "timestamp": "2019-03-28T19:07:38.943081", "browser": "chrome", "browser-platform": "windows", "browser-version": "73.0.3683.86"}
{"method": "POST", "path": "/data-sets/.distribution-chart-5", "endpoint": "data_sets.distribution_chart", "view-args": {"pos": 5}, "status": 200, "user": "67151590075fb3ec@lampenwelt.de", "timestamp": "2019-03-28T19:07:38.970626", "browser": "chrome", "browser-platform": "windows", "browser-version": "73.0.3683.86"}
{"method": "POST", "path": "/data-sets/.distribution-chart-6", "endpoint": "data_sets.distribution_chart", "view-args": {"pos": 6}, "status": 200, "user": "67151590075fb3ec@lampenwelt.de", "timestamp": "2019-03-28T19:07:38.975150", "browser": "chrome", "browser-platform": "windows", "browser-version": "73.0.3683.86"}
{"method": "POST", "path": "/data-sets/.distribution-chart-7", "endpoint": "data_sets.distribution_chart", "view-args": {"pos": 7}, "status": 200, "user": "67151590075fb3ec@lampenwelt.de", "timestamp": "2019-03-28T19:07:39.002964", "browser": "chrome", "browser-platform": "windows", "browser-version": "73.0.3683.86"}
{"method": "POST", "path": "/data-sets/.distribution-chart-8", "endpoint": "data_sets.distribution_chart", "view-args": {"pos": 8}, "status": 200, "user": "67151590075fb3ec@lampenwelt.de", "timestamp": "2019-03-28T19:07:39.020423", "browser": "chrome", "browser-platform": "windows", "browser-version": "73.0.3683.86"}
