{"method": "GET", "path": "/", "endpoint": "start_page.start_page", "view-args": {}, "status": 302, "user": "b1fababf379ab3d8@project-a.com", "timestamp": "2019-03-28T22:23:01.038481", "browser": "chrome", "browser-platform": "macos", "browser-version": "72.0.3626.121"}
{"method": "GET", "path": "/", "endpoint": "start_page.start_page", "view-args": {}, "status": 302, "user": "b1fababf379ab3d8@project-a.com", "timestamp": "2019-03-28T22:23:03.254073", "browser": "chrome", "browser-platform": "macos", "browser-version": "72.0.3626.121"}
{"method": "GET", "path": "/dashboards/marketing-overview", "endpoint": "dashboards.view_dashboard", "view-args": {"id": "marketing-overview"}, "status": 200, "user": "b1fababf379ab3d8@project-a.com", "timestamp": "2019-03-28T22:23:05.289249", "browser": "chrome", "browser-platform": "macos", "browser-version": "72.0.3626.121"}
{"method": "GET", "path": "/dashboards/marketing-overview", "endpoint": "dashboards.view_dashboard", "view-args": {"id": "marketing-overview"}, "status": 200, "user": "b1fababf379ab3d8@project-a.com", "timestamp": "2019-03-28T22:23:05.270019", "browser": "chrome", "browser-platform": "macos", "browser-version": "72.0.3626.121"}
{"method": "GET", "path": "/dashboards/_render_async_sql_query/18ae746d-2102-4f5e-9f8d-506bd3a52fd9", "endpoint": "dashboards.render_async_sql_query", "view-args": {"id": "18ae746d-2102-4f5e-9f8d-506bd3a52fd9"}, "status": 200, "user": "b1fababf379ab3d8@project-a.com", "timestamp": "2019-03-28T22:23:12.492149", "browser": "chrome", "browser-platform": "macos", "browser-version": "72.0.3626.121"}
{"method": "GET", "path": "/dashboards/_render_async_sql_query/d728073c-3f2f-4adf-b027-e5035b508743", "endpoint": "dashboards.render_async_sql_query", "view-args": {"id": "d728073c-3f2f-4adf-b027-e5035b508743"}, "status": 200, "user": "b1fababf379ab3d8@project-a.com", "timestamp": "2019-03-28T22:23:12.525228", "browser": "chrome", "browser-platform": "macos", "browser-version": "72.0.3626.121"}
{"method": "GET", "path": "/dashboards/_last_successful_import", "endpoint": "dashboards.last_successful_import", "view-args": {}, "status": 200, "user": "b1fababf379ab3d8@project-a.com", "timestamp": "2019-03-28T22:23:12.685953", "browser": "chrome", "browser-platform": "macos", "browser-version": "72.0.3626.121"}
{"method": "GET", "path": "/dashboards/_render_async_sql_query/7e677a64-8d19-49ce-9842-d551e4963a4d", "endpoint": "dashboards.render_async_sql_query", "view-args": {"id": "7e677a64-8d19-49ce-9842-d551e4963a4d"}, "status": 200, "user": "b1fababf379ab3d8@project-a.com", "timestamp": "2019-03-28T22:23:12.755369", "browser": "chrome", "browser-platform": "macos", "browser-version": "72.0.3626.121"}
{"method": "GET", "path": "/dashboards/_last_marketing_cost/marketing-overview", "endpoint": "dashboards.last_marketing_cost", "view-args": {"id": "marketing-overview"}, "status": 200, "user": "b1fababf379ab3d8@project-a.com", "timestamp": "2019-03-28T22:23:12.761033", "browser": "chrome", "browser-platform": "macos", "browser-version": "72.0.3626.121"}
{"method": "GET", "path": "/dashboards/_render_async_sql_query/0afc8944-ec29-40c5-89e0-c4c2e4b89c88", "endpoint": "dashboards.render_async_sql_query", "view-args": {"id": "0afc8944-ec29-40c5-89e0-c4c2e4b89c88"}, "status": 200, "user": "b1fababf379ab3d8@project-a.com", "timestamp": "2019-03-28T22:23:12.800953", "browser": "chrome", "browser-platform": "macos", "browser-version": "72.0.3626.121"}
{"method": "GET", "path": "/dashboards/_render_async_sql_query/05058d50-7976-4a7d-8ef9-09978d77e575", "endpoint": "dashboards.render_async_sql_query", "view-args": {"id": "05058d50-7976-4a7d-8ef9-09978d77e575"}, "status": 200, "user": "b1fababf379ab3d8@project-a.com", "timestamp": "2019-03-28T22:23:12.802414", "browser": "chrome", "browser-platform": "macos", "browser-version": "72.0.3626.121"}
{"method": "GET", "path": "/dashboards/_render_async_sql_query/d0982fca-a205-426d-9840-356e878845e9", "endpoint": "dashboards.render_async_sql_query", "view-args": {"id": "d0982fca-a205-426d-9840-356e878845e9"}, "status": 200, "user": "b1fababf379ab3d8@project-a.com", "timestamp": "2019-03-28T22:23:13.179087", "browser": "chrome", "browser-platform": "macos", "browser-version": "72.0.3626.121"}
{"method": "GET", "path": "/dashboards/_render_async_sql_query/94a60e52-4de3-4775-b24b-34499d35ea49", "endpoint": "dashboards.render_async_sql_query", "view-args": {"id": "94a60e52-4de3-4775-b24b-34499d35ea49"}, "status": 200, "user": "b1fababf379ab3d8@project-a.com", "timestamp": "2019-03-28T22:23:13.216895", "browser": "chrome", "browser-platform": "macos", "browser-version": "72.0.3626.121"}
{"method": "GET", "path": "/dashboards/_render_async_sql_query/1a4e36a2-2e64-42d8-bc29-c1235beaf45f", "endpoint": "dashboards.render_async_sql_query", "view-args": {"id": "1a4e36a2-2e64-42d8-bc29-c1235beaf45f"}, "status": 200, "user": "b1fababf379ab3d8@project-a.com", "timestamp": "2019-03-28T22:23:13.348269", "browser": "chrome", "browser-platform": "macos", "browser-version": "72.0.3626.121"}
{"method": "GET", "path": "/dashboards/_render_async_sql_query/13256019-037e-422b-ad97-30c4ad1a6823", "endpoint": "dashboards.render_async_sql_query", "view-args": {"id": "13256019-037e-422b-ad97-30c4ad1a6823"}, "status": 200, "user": "b1fababf379ab3d8@project-a.com", "timestamp": "2019-03-28T22:23:13.384575", "browser": "chrome", "browser-platform": "macos", "browser-version": "72.0.3626.121"}
{"method": "GET", "path": "/dashboards/_render_async_sql_query/c2f2d9c7-46f5-4c2e-99d3-d4fef7938dbc", "endpoint": "dashboards.render_async_sql_query", "view-args": {"id": "c2f2d9c7-46f5-4c2e-99d3-d4fef7938dbc"}, "status": 200, "user": "b1fababf379ab3d8@project-a.com", "timestamp": "2019-03-28T22:23:13.389958", "browser": "chrome", "browser-platform": "macos", "browser-version": "72.0.3626.121"}
{"method": "GET", "path": "/dashboards/_render_async_sql_query/403c23a3-623c-4130-a905-8cd6773cee4f", "endpoint": "dashboards.render_async_sql_query", "view-args": {"id": "403c23a3-623c-4130-a905-8cd6773cee4f"}, "status": 200, "user": "b1fababf379ab3d8@project-a.com", "timestamp": "2019-03-28T22:23:13.453592", "browser": "chrome", "browser-platform": "macos", "browser-version": "72.0.3626.121"}
{"method": "GET", "path": "/dashboards/_render_async_sql_query/145358f1-bdcd-4918-9442-22ef430e2ba9", "endpoint": "dashboards.render_async_sql_query", "view-args": {"id": "145358f1-bdcd-4918-9442-22ef430e2ba9"}, "status": 200, "user": "b1fababf379ab3d8@project-a.com", "timestamp": "2019-03-28T22:23:13.838810", "browser": "chrome", "browser-platform": "macos", "browser-version": "72.0.3626.121"}
{"method": "GET", "path": "/dashboards/_render_async_sql_query/c64dcbe4-653c-4697-b1ce-7ff6b144013b", "endpoint": "dashboards.render_async_sql_query", "view-args": {"id": "c64dcbe4-653c-4697-b1ce-7ff6b144013b"}, "status": 200, "user": "b1fababf379ab3d8@project-a.com", "timestamp": "2019-03-28T22:23:13.889687", "browser": "chrome", "browser-platform": "macos", "browser-version": "72.0.3626.121"}
{"method": "GET", "path": "/dashboards/_render_async_sql_query/cf4f3dff-263a-4aae-9749-cd106a352af8", "endpoint": "dashboards.render_async_sql_query", "view-args": {"id": "cf4f3dff-263a-4aae-9749-cd106a352af8"}, "status": 200, "user": "b1fababf379ab3d8@project-a.com", "timestamp": "2019-03-28T22:23:13.935470", "browser": "chrome", "browser-platform": "macos", "browser-version": "72.0.3626.121"}
{"method": "GET", "path": "/dashboards/_render_async_sql_query/4885088e-311d-42d6-b9cb-ab3e962519b9", "endpoint": "dashboards.render_async_sql_query", "view-args": {"id": "4885088e-311d-42d6-b9cb-ab3e962519b9"}, "status": 200, "user": "b1fababf379ab3d8@project-a.com", "timestamp": "2019-03-28T22:23:13.935523", "browser": "chrome", "browser-platform": "macos", "browser-version": "72.0.3626.121"}
{"method": "GET", "path": "/dashboards/_render_async_sql_query/aeef5fc5-421f-43c3-a89d-069882d3f218", "endpoint": "dashboards.render_async_sql_query", "view-args": {"id": "aeef5fc5-421f-43c3-a89d-069882d3f218"}, "status": 200, "user": "b1fababf379ab3d8@project-a.com", "timestamp": "2019-03-28T22:23:14.404456", "browser": "chrome", "browser-platform": "macos", "browser-version": "72.0.3626.121"}
{"method": "GET", "path": "/dashboards/user-stats", "endpoint": "dashboards.view_dashboard", "view-args": {"id": "user-stats"}, "status": 200, "user": "b1fababf379ab3d8@project-a.com", "timestamp": "2019-03-28T22:52:52.047256", "browser": "chrome", "browser-platform": "macos", "browser-version": "72.0.3626.121"}
{"method": "GET", "path": "/dashboards/_render_async_sql_query/aee4aa6c-e41a-4101-86a9-812be2a2c1d1", "endpoint": "dashboards.render_async_sql_query", "view-args": {"id": "aee4aa6c-e41a-4101-86a9-812be2a2c1d1"}, "status": 200, "user": "b1fababf379ab3d8@project-a.com", "timestamp": "2019-03-28T22:52:52.725296", "browser": "chrome", "browser-platform": "macos", "browser-version": "72.0.3626.121"}
{"method": "GET", "path": "/dashboards/_render_async_sql_query/0e9d2af8-4e29-49cd-9633-b578954d4222", "endpoint": "dashboards.render_async_sql_query", "view-args": {"id": "0e9d2af8-4e29-49cd-9633-b578954d4222"}, "status": 200, "user": "b1fababf379ab3d8@project-a.com", "timestamp": "2019-03-28T22:52:52.725382", "browser": "chrome", "browser-platform": "macos", "browser-version": "72.0.3626.121"}
{"method": "GET", "path": "/dashboards/_render_async_sql_query/b129c405-56d8-496a-ac35-886e373a2b0b", "endpoint": "dashboards.render_async_sql_query", "view-args": {"id": "b129c405-56d8-496a-ac35-886e373a2b0b"}, "status": 200, "user": "b1fababf379ab3d8@project-a.com", "timestamp": "2019-03-28T22:52:52.900741", "browser": "chrome", "browser-platform": "macos", "browser-version": "72.0.3626.121"}
{"method": "GET", "path": "/dashboards/_render_async_sql_query/231dc744-9e74-4683-9ba1-2a94e39e0692", "endpoint": "dashboards.render_async_sql_query", "view-args": {"id": "231dc744-9e74-4683-9ba1-2a94e39e0692"}, "status": 200, "user": "b1fababf379ab3d8@project-a.com", "timestamp": "2019-03-28T22:52:52.909154", "browser": "chrome", "browser-platform": "macos", "browser-version": "72.0.3626.121"}
{"method": "GET", "path": "/dashboards/_last_successful_import", "endpoint": "dashboards.last_successful_import", "view-args": {}, "status": 200, "user": "b1fababf379ab3d8@project-a.com", "timestamp": "2019-03-28T22:52:52.954531", "browser": "chrome", "browser-platform": "macos", "browser-version": "72.0.3626.121"}
{"method": "GET", "path": "/dashboards/_last_marketing_cost/user-stats", "endpoint": "dashboards.last_marketing_cost", "view-args": {"id": "user-stats"}, "status": 200, "user": "b1fababf379ab3d8@project-a.com", "timestamp": "2019-03-28T22:52:52.960300", "browser": "chrome", "browser-platform": "macos", "browser-version": "72.0.3626.121"}
{"method": "GET", "path": "/dashboards/_render_async_sql_query/d2baa5ae-aa21-4cf3-87a8-3ea7ebca83c3", "endpoint": "dashboards.render_async_sql_query", "view-args": {"id": "d2baa5ae-aa21-4cf3-87a8-3ea7ebca83c3"}, "status": 200, "user": "b1fababf379ab3d8@project-a.com", "timestamp": "2019-03-28T22:52:53.015457", "browser": "chrome", "browser-platform": "macos", "browser-version": "72.0.3626.121"}
{"method": "GET", "path": "/dashboards/_render_async_sql_query/6cc1e660-eb56-4bef-9c33-b6497997a8e9", "endpoint": "dashboards.render_async_sql_query", "view-args": {"id": "6cc1e660-eb56-4bef-9c33-b6497997a8e9"}, "status": 200, "user": "b1fababf379ab3d8@project-a.com", "timestamp": "2019-03-28T22:52:53.100948", "browser": "chrome", "browser-platform": "macos", "browser-version": "72.0.3626.121"}
{"method": "GET", "path": "/dashboards/_render_async_sql_query/bb3a0dc7-1c20-45cd-b617-5720d855f982", "endpoint": "dashboards.render_async_sql_query", "view-args": {"id": "bb3a0dc7-1c20-45cd-b617-5720d855f982"}, "status": 200, "user": "b1fababf379ab3d8@project-a.com", "timestamp": "2019-03-28T22:52:53.172301", "browser": "chrome", "browser-platform": "macos", "browser-version": "72.0.3626.121"}
{"method": "GET", "path": "/dashboards/_render_async_sql_query/2845b55d-70d8-487e-88c1-c14b5044a3d6", "endpoint": "dashboards.render_async_sql_query", "view-args": {"id": "2845b55d-70d8-487e-88c1-c14b5044a3d6"}, "status": 200, "user": "b1fababf379ab3d8@project-a.com", "timestamp": "2019-03-28T22:52:53.247021", "browser": "chrome", "browser-platform": "macos", "browser-version": "72.0.3626.121"}
{"method": "GET", "path": "/dashboards/_render_async_sql_query/2a003c73-6e06-42ed-93f5-808c36aba97a", "endpoint": "dashboards.render_async_sql_query", "view-args": {"id": "2a003c73-6e06-42ed-93f5-808c36aba97a"}, "status": 200, "user": "b1fababf379ab3d8@project-a.com", "timestamp": "2019-03-28T22:52:53.541919", "browser": "chrome", "browser-platform": "macos", "browser-version": "72.0.3626.121"}
{"method": "GET", "path": "/dashboards/_render_async_sql_query/cb87519f-aa19-4eba-932a-869c440d94e7", "endpoint": "dashboards.render_async_sql_query", "view-args": {"id": "cb87519f-aa19-4eba-932a-869c440d94e7"}, "status": 200, "user": "b1fababf379ab3d8@project-a.com", "timestamp": "2019-03-28T22:52:53.827268", "browser": "chrome", "browser-platform": "macos", "browser-version": "72.0.3626.121"}
{"method": "POST", "path": "/dashboards/user-stats", "endpoint": "dashboards.view_dashboard", "view-args": {"id": "user-stats"}, "status": 200, "user": "b1fababf379ab3d8@project-a.com", "timestamp": "2019-03-28T22:53:08.000235", "browser": "chrome", "browser-platform": "macos", "browser-version": "72.0.3626.121"}
{"method": "GET", "path": "/dashboards/_render_async_sql_query/59167261-8ada-44ee-af5d-146fdd54b738", "endpoint": "dashboards.render_async_sql_query", "view-args": {"id": "59167261-8ada-44ee-af5d-146fdd54b738"}, "status": 200, "user": "b1fababf379ab3d8@project-a.com", "timestamp": "2019-03-28T22:53:08.576206", "browser": "chrome", "browser-platform": "macos", "browser-version": "72.0.3626.121"}
{"method": "GET", "path": "/dashboards/_render_async_sql_query/18dee79f-a4cb-4242-b1b1-e6253296357d", "endpoint": "dashboards.render_async_sql_query", "view-args": {"id": "18dee79f-a4cb-4242-b1b1-e6253296357d"}, "status": 200, "user": "b1fababf379ab3d8@project-a.com", "timestamp": "2019-03-28T22:53:08.592640", "browser": "chrome", "browser-platform": "macos", "browser-version": "72.0.3626.121"}
{"method": "GET", "path": "/dashboards/_last_successful_import", "endpoint": "dashboards.last_successful_import", "view-args": {}, "status": 200, "user": "b1fababf379ab3d8@project-a.com", "timestamp": "2019-03-28T22:53:08.606651", "browser": "chrome", "browser-platform": "macos", "browser-version": "72.0.3626.121"}
{"method": "GET", "path": "/dashboards/_render_async_sql_query/3b794935-0454-4f30-bdac-a31d441d7735", "endpoint": "dashboards.render_async_sql_query", "view-args": {"id": "3b794935-0454-4f30-bdac-a31d441d7735"}, "status": 200, "user": "b1fababf379ab3d8@project-a.com", "timestamp": "2019-03-28T22:53:08.606855", "browser": "chrome", "browser-platform": "macos", "browser-version": "72.0.3626.121"}
{"method": "GET", "path": "/dashboards/_last_marketing_cost/user-stats", "endpoint": "dashboards.last_marketing_cost", "view-args": {"id": "user-stats"}, "status": 200, "user": "b1fababf379ab3d8@project-a.com", "timestamp": "2019-03-28T22:53:08.615433", "browser": "chrome", "browser-platform": "macos", "browser-version": "72.0.3626.121"}
{"method": "GET", "path": "/dashboards/_render_async_sql_query/84e5423f-02b8-46ed-a149-27bb4672ad56", "endpoint": "dashboards.render_async_sql_query", "view-args": {"id": "84e5423f-02b8-46ed-a149-27bb4672ad56"}, "status": 200, "user": "b1fababf379ab3d8@project-a.com", "timestamp": "2019-03-28T22:53:08.641081", "browser": "chrome", "browser-platform": "macos", "browser-version": "72.0.3626.121"}
{"method": "GET", "path": "/dashboards/_render_async_sql_query/a32ee562-705c-4bdd-a54a-1800943c4f86", "endpoint": "dashboards.render_async_sql_query", "view-args": {"id": "a32ee562-705c-4bdd-a54a-1800943c4f86"}, "status": 200, "user": "b1fababf379ab3d8@project-a.com", "timestamp": "2019-03-28T22:53:08.789622", "browser": "chrome", "browser-platform": "macos", "browser-version": "72.0.3626.121"}
{"method": "GET", "path": "/dashboards/_render_async_sql_query/d2cf7dab-0fc4-4947-812d-d44f06ff616f", "endpoint": "dashboards.render_async_sql_query", "view-args": {"id": "d2cf7dab-0fc4-4947-812d-d44f06ff616f"}, "status": 200, "user": "b1fababf379ab3d8@project-a.com", "timestamp": "2019-03-28T22:53:08.795892", "browser": "chrome", "browser-platform": "macos", "browser-version": "72.0.3626.121"}
{"method": "GET", "path": "/dashboards/_render_async_sql_query/d84f2cb1-8d36-45f0-9d2d-d30dfa8f315d", "endpoint": "dashboards.render_async_sql_query", "view-args": {"id": "d84f2cb1-8d36-45f0-9d2d-d30dfa8f315d"}, "status": 200, "user": "b1fababf379ab3d8@project-a.com", "timestamp": "2019-03-28T22:53:08.909430", "browser": "chrome", "browser-platform": "macos", "browser-version": "72.0.3626.121"}
{"method": "GET", "path": "/dashboards/_render_async_sql_query/79f60042-7432-4cb5-aaf1-404110dd32b3", "endpoint": "dashboards.render_async_sql_query", "view-args": {"id": "79f60042-7432-4cb5-aaf1-404110dd32b3"}, "status": 200, "user": "b1fababf379ab3d8@project-a.com", "timestamp": "2019-03-28T22:53:08.952493", "browser": "chrome", "browser-platform": "macos", "browser-version": "72.0.3626.121"}
{"method": "GET", "path": "/dashboards/_render_async_sql_query/95741c9c-4ef1-4ec9-a3ee-0bd767431cf8", "endpoint": "dashboards.render_async_sql_query", "view-args": {"id": "95741c9c-4ef1-4ec9-a3ee-0bd767431cf8"}, "status": 200, "user": "b1fababf379ab3d8@project-a.com", "timestamp": "2019-03-28T22:53:09.536902", "browser": "chrome", "browser-platform": "macos", "browser-version": "72.0.3626.121"}
{"method": "GET", "path": "/dashboards/_render_async_sql_query/0492bb05-db74-435a-9a07-8138c1f0e7eb", "endpoint": "dashboards.render_async_sql_query", "view-args": {"id": "0492bb05-db74-435a-9a07-8138c1f0e7eb"}, "status": 200, "user": "b1fababf379ab3d8@project-a.com", "timestamp": "2019-03-28T22:53:09.746097", "browser": "chrome", "browser-platform": "macos", "browser-version": "72.0.3626.121"}
{"method": "POST", "path": "/dashboards/user-stats", "endpoint": "dashboards.view_dashboard", "view-args": {"id": "user-stats"}, "status": 200, "user": "b1fababf379ab3d8@project-a.com", "timestamp": "2019-03-28T22:53:18.967373", "browser": "chrome", "browser-platform": "macos", "browser-version": "72.0.3626.121"}
{"method": "GET", "path": "/dashboards/_render_async_sql_query/afb77855-d6f6-4964-b4b7-abe3c0616595", "endpoint": "dashboards.render_async_sql_query", "view-args": {"id": "afb77855-d6f6-4964-b4b7-abe3c0616595"}, "status": 200, "user": "b1fababf379ab3d8@project-a.com", "timestamp": "2019-03-28T22:53:19.370240", "browser": "chrome", "browser-platform": "macos", "browser-version": "72.0.3626.121"}
{"method": "GET", "path": "/dashboards/_render_async_sql_query/e3a7edeb-f6cf-4b36-853a-9f04c4bca456", "endpoint": "dashboards.render_async_sql_query", "view-args": {"id": "e3a7edeb-f6cf-4b36-853a-9f04c4bca456"}, "status": 200, "user": "b1fababf379ab3d8@project-a.com", "timestamp": "2019-03-28T22:53:19.391395", "browser": "chrome", "browser-platform": "macos", "browser-version": "72.0.3626.121"}
{"method": "GET", "path": "/dashboards/_last_successful_import", "endpoint": "dashboards.last_successful_import", "view-args": {}, "status": 200, "user": "b1fababf379ab3d8@project-a.com", "timestamp": "2019-03-28T22:53:19.405992", "browser": "chrome", "browser-platform": "macos", "browser-version": "72.0.3626.121"}
{"method": "GET", "path": "/dashboards/_render_async_sql_query/4864cff3-397b-417d-9ba1-5a9d0b7a931e", "endpoint": "dashboards.render_async_sql_query", "view-args": {"id": "4864cff3-397b-417d-9ba1-5a9d0b7a931e"}, "status": 200, "user": "b1fababf379ab3d8@project-a.com", "timestamp": "2019-03-28T22:53:19.413222", "browser": "chrome", "browser-platform": "macos", "browser-version": "72.0.3626.121"}
{"method": "GET", "path": "/dashboards/_last_marketing_cost/user-stats", "endpoint": "dashboards.last_marketing_cost", "view-args": {"id": "user-stats"}, "status": 200, "user": "b1fababf379ab3d8@project-a.com", "timestamp": "2019-03-28T22:53:19.413888", "browser": "chrome", "browser-platform": "macos", "browser-version": "72.0.3626.121"}
{"method": "GET", "path": "/dashboards/_render_async_sql_query/775775f0-a665-4b35-9b99-4739fdf02298", "endpoint": "dashboards.render_async_sql_query", "view-args": {"id": "775775f0-a665-4b35-9b99-4739fdf02298"}, "status": 200, "user": "b1fababf379ab3d8@project-a.com", "timestamp": "2019-03-28T22:53:19.429266", "browser": "chrome", "browser-platform": "macos", "browser-version": "72.0.3626.121"}
{"method": "GET", "path": "/dashboards/_render_async_sql_query/8e6201d7-31b8-45f2-b3e7-84b3073ab1a4", "endpoint": "dashboards.render_async_sql_query", "view-args": {"id": "8e6201d7-31b8-45f2-b3e7-84b3073ab1a4"}, "status": 200, "user": "b1fababf379ab3d8@project-a.com", "timestamp": "2019-03-28T22:53:19.585099", "browser": "chrome", "browser-platform": "macos", "browser-version": "72.0.3626.121"}
{"method": "GET", "path": "/dashboards/_render_async_sql_query/3c94fe9a-78f9-4a45-b55b-d1f7c67e9391", "endpoint": "dashboards.render_async_sql_query", "view-args": {"id": "3c94fe9a-78f9-4a45-b55b-d1f7c67e9391"}, "status": 200, "user": "b1fababf379ab3d8@project-a.com", "timestamp": "2019-03-28T22:53:19.628590", "browser": "chrome", "browser-platform": "macos", "browser-version": "72.0.3626.121"}
{"method": "GET", "path": "/dashboards/_render_async_sql_query/32fde8d7-3466-4a75-9387-755deddd82a9", "endpoint": "dashboards.render_async_sql_query", "view-args": {"id": "32fde8d7-3466-4a75-9387-755deddd82a9"}, "status": 200, "user": "b1fababf379ab3d8@project-a.com", "timestamp": "2019-03-28T22:53:19.722819", "browser": "chrome", "browser-platform": "macos", "browser-version": "72.0.3626.121"}
{"method": "GET", "path": "/dashboards/_render_async_sql_query/26b9d2c2-e6db-4b66-ac5b-fe4c09580ec9", "endpoint": "dashboards.render_async_sql_query", "view-args": {"id": "26b9d2c2-e6db-4b66-ac5b-fe4c09580ec9"}, "status": 200, "user": "b1fababf379ab3d8@project-a.com", "timestamp": "2019-03-28T22:53:19.763779", "browser": "chrome", "browser-platform": "macos", "browser-version": "72.0.3626.121"}
{"method": "GET", "path": "/dashboards/_render_async_sql_query/1479563a-0bea-4459-9810-9321ac6948ce", "endpoint": "dashboards.render_async_sql_query", "view-args": {"id": "1479563a-0bea-4459-9810-9321ac6948ce"}, "status": 200, "user": "b1fababf379ab3d8@project-a.com", "timestamp": "2019-03-28T22:53:19.772707", "browser": "chrome", "browser-platform": "macos", "browser-version": "72.0.3626.121"}
{"method": "GET", "path": "/dashboards/_render_async_sql_query/f0887493-0ab6-4ea4-bd6f-8b7eaefeab3d", "endpoint": "dashboards.render_async_sql_query", "view-args": {"id": "f0887493-0ab6-4ea4-bd6f-8b7eaefeab3d"}, "status": 200, "user": "b1fababf379ab3d8@project-a.com", "timestamp": "2019-03-28T22:53:20.386294", "browser": "chrome", "browser-platform": "macos", "browser-version": "72.0.3626.121"}
