{"method": "POST", "path": "/mondrian/saiku/authorize", "endpoint": "py_mondrian.saiku_authorize", "view-args": {}, "status": 200, "user": "35675e68f4b5af7b@localhost", "timestamp": "2019-03-11T19:57:49.004374", "browser": null, "browser-platform": null, "browser-version": null}
{"method": "POST", "path": "/mondrian/saiku/authorize", "endpoint": "py_mondrian.saiku_authorize", "view-args": {}, "status": 200, "user": "35675e68f4b5af7b@localhost", "timestamp": "2019-03-11T19:57:53.296513", "browser": null, "browser-platform": null, "browser-version": null}
{"method": "GET", "path": "/dashboards/marketing-overview", "endpoint": "dashboards.view_dashboard", "view-args": {"id": "marketing-overview"}, "status": 200, "user": "be210909e1a06d2c@lampenwelt.de", "timestamp": "2019-03-11T19:58:19.762616", "browser": "chrome", "browser-platform": "windows", "browser-version": "72.0.3626.121"}
{"method": "GET", "path": "/mondrian/saiku", "endpoint": "py_mondrian.saiku", "view-args": {}, "status": 302, "user": "be210909e1a06d2c@lampenwelt.de", "timestamp": "2019-03-11T19:58:48.206836", "browser": "chrome", "browser-platform": "windows", "browser-version": "72.0.3626.121"}
{"method": "POST", "path": "/mondrian/saiku/authorize", "endpoint": "py_mondrian.saiku_authorize", "view-args": {}, "status": 200, "user": "35675e68f4b5af7b@localhost", "timestamp": "2019-03-11T19:58:50.503854", "browser": null, "browser-platform": null, "browser-version": null}
{"method": "GET", "path": "/dashboards/marketing-overview", "endpoint": "dashboards.view_dashboard", "view-args": {"id": "marketing-overview"}, "status": 200, "user": "be210909e1a06d2c@lampenwelt.de", "timestamp": "2019-03-11T19:58:55.034917", "browser": "chrome", "browser-platform": "windows", "browser-version": "72.0.3626.121"}
{"method": "GET", "path": "/dashboards/_render_async_sql_query/86ba8eef-0999-40be-bd98-f6ae8f962a32", "endpoint": "dashboards.render_async_sql_query", "view-args": {"id": "86ba8eef-0999-40be-bd98-f6ae8f962a32"}, "status": 200, "user": "be210909e1a06d2c@lampenwelt.de", "timestamp": "2019-03-11T19:58:55.593453", "browser": "chrome", "browser-platform": "windows", "browser-version": "72.0.3626.121"}
{"method": "GET", "path": "/dashboards/_render_async_sql_query/22214682-fb11-4f3a-a5b6-868c92c8f51f", "endpoint": "dashboards.render_async_sql_query", "view-args": {"id": "22214682-fb11-4f3a-a5b6-868c92c8f51f"}, "status": 200, "user": "be210909e1a06d2c@lampenwelt.de", "timestamp": "2019-03-11T19:58:55.598459", "browser": "chrome", "browser-platform": "windows", "browser-version": "72.0.3626.121"}
{"method": "GET", "path": "/dashboards/_render_async_sql_query/133fc7e0-a199-48b5-9173-8d0864b3b05c", "endpoint": "dashboards.render_async_sql_query", "view-args": {"id": "133fc7e0-a199-48b5-9173-8d0864b3b05c"}, "status": 200, "user": "be210909e1a06d2c@lampenwelt.de", "timestamp": "2019-03-11T19:58:55.606808", "browser": "chrome", "browser-platform": "windows", "browser-version": "72.0.3626.121"}
{"method": "GET", "path": "/dashboards/_last_successful_import", "endpoint": "dashboards.last_successful_import", "view-args": {}, "status": 200, "user": "be210909e1a06d2c@lampenwelt.de", "timestamp": "2019-03-11T19:58:55.613026", "browser": "chrome", "browser-platform": "windows", "browser-version": "72.0.3626.121"}
{"method": "GET", "path": "/dashboards/_render_async_sql_query/c82d5c15-2418-4afe-985a-92f7f0a3bd87", "endpoint": "dashboards.render_async_sql_query", "view-args": {"id": "c82d5c15-2418-4afe-985a-92f7f0a3bd87"}, "status": 200, "user": "be210909e1a06d2c@lampenwelt.de", "timestamp": "2019-03-11T19:58:55.618533", "browser": "chrome", "browser-platform": "windows", "browser-version": "72.0.3626.121"}
{"method": "GET", "path": "/dashboards/_last_marketing_cost/marketing-overview", "endpoint": "dashboards.last_marketing_cost", "view-args": {"id": "marketing-overview"}, "status": 200, "user": "be210909e1a06d2c@lampenwelt.de", "timestamp": "2019-03-11T19:58:55.653763", "browser": "chrome", "browser-platform": "windows", "browser-version": "72.0.3626.121"}
{"method": "GET", "path": "/dashboards/_render_async_sql_query/cf5c9d7b-be1b-4418-8da7-f9420c9a17df", "endpoint": "dashboards.render_async_sql_query", "view-args": {"id": "cf5c9d7b-be1b-4418-8da7-f9420c9a17df"}, "status": 200, "user": "be210909e1a06d2c@lampenwelt.de", "timestamp": "2019-03-11T19:58:55.699070", "browser": "chrome", "browser-platform": "windows", "browser-version": "72.0.3626.121"}
{"method": "GET", "path": "/dashboards/_render_async_sql_query/60a66bad-65ec-417d-b59f-28133c2a667a", "endpoint": "dashboards.render_async_sql_query", "view-args": {"id": "60a66bad-65ec-417d-b59f-28133c2a667a"}, "status": 200, "user": "be210909e1a06d2c@lampenwelt.de", "timestamp": "2019-03-11T19:58:55.705005", "browser": "chrome", "browser-platform": "windows", "browser-version": "72.0.3626.121"}
{"method": "GET", "path": "/dashboards/_render_async_sql_query/96bb8d17-a6fc-4ae4-a7da-2575ab0599bb", "endpoint": "dashboards.render_async_sql_query", "view-args": {"id": "96bb8d17-a6fc-4ae4-a7da-2575ab0599bb"}, "status": 200, "user": "be210909e1a06d2c@lampenwelt.de", "timestamp": "2019-03-11T19:58:55.721524", "browser": "chrome", "browser-platform": "windows", "browser-version": "72.0.3626.121"}
{"method": "GET", "path": "/dashboards/_render_async_sql_query/7dccf8e0-522b-4936-9d8d-06623e7d572f", "endpoint": "dashboards.render_async_sql_query", "view-args": {"id": "7dccf8e0-522b-4936-9d8d-06623e7d572f"}, "status": 200, "user": "be210909e1a06d2c@lampenwelt.de", "timestamp": "2019-03-11T19:58:55.762521", "browser": "chrome", "browser-platform": "windows", "browser-version": "72.0.3626.121"}
{"method": "GET", "path": "/dashboards/_render_async_sql_query/f1d884ff-e6a7-4a14-a73a-27ba6f0a7b03", "endpoint": "dashboards.render_async_sql_query", "view-args": {"id": "f1d884ff-e6a7-4a14-a73a-27ba6f0a7b03"}, "status": 200, "user": "be210909e1a06d2c@lampenwelt.de", "timestamp": "2019-03-11T19:58:55.825131", "browser": "chrome", "browser-platform": "windows", "browser-version": "72.0.3626.121"}
{"method": "GET", "path": "/dashboards/_render_async_sql_query/84c65eac-d2f3-47fb-8740-5e82f971acd1", "endpoint": "dashboards.render_async_sql_query", "view-args": {"id": "84c65eac-d2f3-47fb-8740-5e82f971acd1"}, "status": 200, "user": "be210909e1a06d2c@lampenwelt.de", "timestamp": "2019-03-11T19:58:55.833439", "browser": "chrome", "browser-platform": "windows", "browser-version": "72.0.3626.121"}
{"method": "GET", "path": "/dashboards/_render_async_sql_query/11bd4059-1d75-4064-a13a-a749f1eb0763", "endpoint": "dashboards.render_async_sql_query", "view-args": {"id": "11bd4059-1d75-4064-a13a-a749f1eb0763"}, "status": 200, "user": "be210909e1a06d2c@lampenwelt.de", "timestamp": "2019-03-11T19:58:55.852251", "browser": "chrome", "browser-platform": "windows", "browser-version": "72.0.3626.121"}
{"method": "GET", "path": "/dashboards/_render_async_sql_query/e2d3bede-b0ae-403c-a185-6e3fc407844e", "endpoint": "dashboards.render_async_sql_query", "view-args": {"id": "e2d3bede-b0ae-403c-a185-6e3fc407844e"}, "status": 200, "user": "be210909e1a06d2c@lampenwelt.de", "timestamp": "2019-03-11T19:58:55.883344", "browser": "chrome", "browser-platform": "windows", "browser-version": "72.0.3626.121"}
{"method": "GET", "path": "/dashboards/_render_async_sql_query/390569bb-9880-4de8-b173-df6bb9892949", "endpoint": "dashboards.render_async_sql_query", "view-args": {"id": "390569bb-9880-4de8-b173-df6bb9892949"}, "status": 200, "user": "be210909e1a06d2c@lampenwelt.de", "timestamp": "2019-03-11T19:58:55.939353", "browser": "chrome", "browser-platform": "windows", "browser-version": "72.0.3626.121"}
{"method": "GET", "path": "/dashboards/_render_async_sql_query/e570fcf5-15c3-44fc-b7d3-3f2c90ef4317", "endpoint": "dashboards.render_async_sql_query", "view-args": {"id": "e570fcf5-15c3-44fc-b7d3-3f2c90ef4317"}, "status": 200, "user": "be210909e1a06d2c@lampenwelt.de", "timestamp": "2019-03-11T19:58:55.954491", "browser": "chrome", "browser-platform": "windows", "browser-version": "72.0.3626.121"}
{"method": "GET", "path": "/dashboards/_render_async_sql_query/35645e20-aca0-4cec-b4ef-bd1ba517c385", "endpoint": "dashboards.render_async_sql_query", "view-args": {"id": "35645e20-aca0-4cec-b4ef-bd1ba517c385"}, "status": 200, "user": "be210909e1a06d2c@lampenwelt.de", "timestamp": "2019-03-11T19:58:55.967911", "browser": "chrome", "browser-platform": "windows", "browser-version": "72.0.3626.121"}
{"method": "GET", "path": "/dashboards/_render_async_sql_query/084f5c2a-f9ed-43c5-bf09-265d982d5b11", "endpoint": "dashboards.render_async_sql_query", "view-args": {"id": "084f5c2a-f9ed-43c5-bf09-265d982d5b11"}, "status": 200, "user": "be210909e1a06d2c@lampenwelt.de", "timestamp": "2019-03-11T19:58:56.009526", "browser": "chrome", "browser-platform": "windows", "browser-version": "72.0.3626.121"}
{"method": "GET", "path": "/dashboards/_auto-complete/m_dim.touchpoints_fact/channel/", "endpoint": "dashboards.auto_complete", "view-args": {"table_name": "m_dim.touchpoints_fact", "column_name": "channel"}, "status": 200, "user": "be210909e1a06d2c@lampenwelt.de", "timestamp": "2019-03-11T19:58:58.005892", "browser": "chrome", "browser-platform": "windows", "browser-version": "72.0.3626.121"}
{"method": "GET", "path": "/product-performance-analyzer/", "endpoint": "product-performance-analyzer.product_filter_panel", "view-args": {}, "status": 200, "user": "be210909e1a06d2c@lampenwelt.de", "timestamp": "2019-03-11T19:59:08.080892", "browser": "chrome", "browser-platform": "windows", "browser-version": "72.0.3626.121"}
{"method": "GET", "path": "/product-performance-analyzer/_last_successful_import", "endpoint": "product-performance-analyzer.last_successful_import", "view-args": {}, "status": 200, "user": "be210909e1a06d2c@lampenwelt.de", "timestamp": "2019-03-11T19:59:09.612315", "browser": "chrome", "browser-platform": "windows", "browser-version": "72.0.3626.121"}
{"method": "POST", "path": "/product-performance-analyzer/_render-mdx-request", "endpoint": "product-performance-analyzer.render_mdx_request", "view-args": {}, "status": 200, "user": "be210909e1a06d2c@lampenwelt.de", "timestamp": "2019-03-11T19:59:11.692083", "browser": "chrome", "browser-platform": "windows", "browser-version": "72.0.3626.121"}
{"method": "GET", "path": "/product-performance-analyzer/_product_images/1/9956004.jpg", "endpoint": "product-performance-analyzer.get_product_image", "view-args": {"filename": "1/9956004.jpg"}, "status": 200, "user": "be210909e1a06d2c@lampenwelt.de", "timestamp": "2019-03-11T19:59:12.065547", "browser": "chrome", "browser-platform": "windows", "browser-version": "72.0.3626.121"}
{"method": "GET", "path": "/product-performance-analyzer/_product_images/1/9956002.jpg", "endpoint": "product-performance-analyzer.get_product_image", "view-args": {"filename": "1/9956002.jpg"}, "status": 200, "user": "be210909e1a06d2c@lampenwelt.de", "timestamp": "2019-03-11T19:59:12.069191", "browser": "chrome", "browser-platform": "windows", "browser-version": "72.0.3626.121"}
{"method": "GET", "path": "/product-performance-analyzer/_product_images/1/9620334.jpg", "endpoint": "product-performance-analyzer.get_product_image", "view-args": {"filename": "1/9620334.jpg"}, "status": 200, "user": "be210909e1a06d2c@lampenwelt.de", "timestamp": "2019-03-11T19:59:12.075099", "browser": "chrome", "browser-platform": "windows", "browser-version": "72.0.3626.121"}
{"method": "GET", "path": "/product-performance-analyzer/_product_images/1/9639015.jpg", "endpoint": "product-performance-analyzer.get_product_image", "view-args": {"filename": "1/9639015.jpg"}, "status": 200, "user": "be210909e1a06d2c@lampenwelt.de", "timestamp": "2019-03-11T19:59:12.079919", "browser": "chrome", "browser-platform": "windows", "browser-version": "72.0.3626.121"}
{"method": "GET", "path": "/product-performance-analyzer/_product_images/1/9956001.jpg", "endpoint": "product-performance-analyzer.get_product_image", "view-args": {"filename": "1/9956001.jpg"}, "status": 200, "user": "be210909e1a06d2c@lampenwelt.de", "timestamp": "2019-03-11T19:59:12.083761", "browser": "chrome", "browser-platform": "windows", "browser-version": "72.0.3626.121"}
{"method": "GET", "path": "/product-performance-analyzer/_product_images/1/9620632.jpg", "endpoint": "product-performance-analyzer.get_product_image", "view-args": {"filename": "1/9620632.jpg"}, "status": 200, "user": "be210909e1a06d2c@lampenwelt.de", "timestamp": "2019-03-11T19:59:12.126324", "browser": "chrome", "browser-platform": "windows", "browser-version": "72.0.3626.121"}
{"method": "GET", "path": "/product-performance-analyzer/_product_images/1/9956008.jpg", "endpoint": "product-performance-analyzer.get_product_image", "view-args": {"filename": "1/9956008.jpg"}, "status": 200, "user": "be210909e1a06d2c@lampenwelt.de", "timestamp": "2019-03-11T19:59:13.163695", "browser": "chrome", "browser-platform": "windows", "browser-version": "72.0.3626.121"}
{"method": "GET", "path": "/product-performance-analyzer/_product_images/1/7590002.jpg", "endpoint": "product-performance-analyzer.get_product_image", "view-args": {"filename": "1/7590002.jpg"}, "status": 404, "user": "be210909e1a06d2c@lampenwelt.de", "timestamp": "2019-03-11T19:59:13.316414", "browser": "chrome", "browser-platform": "windows", "browser-version": "72.0.3626.121"}
{"method": "GET", "path": "/product-performance-analyzer/_product_images/1/9956005.jpg", "endpoint": "product-performance-analyzer.get_product_image", "view-args": {"filename": "1/9956005.jpg"}, "status": 200, "user": "be210909e1a06d2c@lampenwelt.de", "timestamp": "2019-03-11T19:59:13.500388", "browser": "chrome", "browser-platform": "windows", "browser-version": "72.0.3626.121"}
{"method": "GET", "path": "/product-performance-analyzer/_product_images/1/9956006.jpg", "endpoint": "product-performance-analyzer.get_product_image", "view-args": {"filename": "1/9956006.jpg"}, "status": 200, "user": "be210909e1a06d2c@lampenwelt.de", "timestamp": "2019-03-11T19:59:13.595378", "browser": "chrome", "browser-platform": "windows", "browser-version": "72.0.3626.121"}
{"method": "GET", "path": "/product-performance-analyzer/_product_images/1/9621743.jpg", "endpoint": "product-performance-analyzer.get_product_image", "view-args": {"filename": "1/9621743.jpg"}, "status": 200, "user": "be210909e1a06d2c@lampenwelt.de", "timestamp": "2019-03-11T19:59:14.400830", "browser": "chrome", "browser-platform": "windows", "browser-version": "72.0.3626.121"}
{"method": "GET", "path": "/product-performance-analyzer/_product_images/1/9978020.jpg", "endpoint": "product-performance-analyzer.get_product_image", "view-args": {"filename": "1/9978020.jpg"}, "status": 200, "user": "be210909e1a06d2c@lampenwelt.de", "timestamp": "2019-03-11T19:59:16.110777", "browser": "chrome", "browser-platform": "windows", "browser-version": "72.0.3626.121"}
{"method": "GET", "path": "/product-performance-analyzer/_product_images/1/9978021.jpg", "endpoint": "product-performance-analyzer.get_product_image", "view-args": {"filename": "1/9978021.jpg"}, "status": 200, "user": "be210909e1a06d2c@lampenwelt.de", "timestamp": "2019-03-11T19:59:16.160563", "browser": "chrome", "browser-platform": "windows", "browser-version": "72.0.3626.121"}
{"method": "GET", "path": "/product-performance-analyzer/_product_images/1/9621285.jpg", "endpoint": "product-performance-analyzer.get_product_image", "view-args": {"filename": "1/9621285.jpg"}, "status": 200, "user": "be210909e1a06d2c@lampenwelt.de", "timestamp": "2019-03-11T19:59:16.500590", "browser": "chrome", "browser-platform": "windows", "browser-version": "72.0.3626.121"}
{"method": "GET", "path": "/mondrian/excel", "endpoint": "py_mondrian.excel", "view-args": {}, "status": 200, "user": "be210909e1a06d2c@lampenwelt.de", "timestamp": "2019-03-11T19:59:17.511041", "browser": "chrome", "browser-platform": "windows", "browser-version": "72.0.3626.121"}
{"method": "GET", "path": "/product-performance-analyzer/_product_images/1/7261139.jpg", "endpoint": "product-performance-analyzer.get_product_image", "view-args": {"filename": "1/7261139.jpg"}, "status": 200, "user": "be210909e1a06d2c@lampenwelt.de", "timestamp": "2019-03-11T19:59:18.132360", "browser": "chrome", "browser-platform": "windows", "browser-version": "72.0.3626.121"}
{"method": "GET", "path": "/product-performance-analyzer/_product_images/1/9978024.jpg", "endpoint": "product-performance-analyzer.get_product_image", "view-args": {"filename": "1/9978024.jpg"}, "status": 200, "user": "be210909e1a06d2c@lampenwelt.de", "timestamp": "2019-03-11T19:59:19.851425", "browser": "chrome", "browser-platform": "windows", "browser-version": "72.0.3626.121"}
{"method": "GET", "path": "/product-performance-analyzer/_product_images/1/9621336.jpg", "endpoint": "product-performance-analyzer.get_product_image", "view-args": {"filename": "1/9621336.jpg"}, "status": 200, "user": "be210909e1a06d2c@lampenwelt.de", "timestamp": "2019-03-11T19:59:19.920244", "browser": "chrome", "browser-platform": "windows", "browser-version": "72.0.3626.121"}
{"method": "GET", "path": "/product-performance-analyzer/_product_images/1/9620633.jpg", "endpoint": "product-performance-analyzer.get_product_image", "view-args": {"filename": "1/9620633.jpg"}, "status": 200, "user": "be210909e1a06d2c@lampenwelt.de", "timestamp": "2019-03-11T19:59:19.929161", "browser": "chrome", "browser-platform": "windows", "browser-version": "72.0.3626.121"}
