{"method": "POST", "path": "/mondrian/excel/authorize", "endpoint": "py_mondrian.excel_authorize", "view-args": {}, "status": 200, "user": "35675e68f4b5af7b@localhost", "timestamp": "2019-03-19T09:08:54.882341", "browser": null, "browser-platform": null, "browser-version": null}
{"method": "GET", "path": "/", "endpoint": "start_page.start_page", "view-args": {}, "status": 302, "user": "e5063e1f25c24f00@lampenwelt.de", "timestamp": "2019-03-19T09:14:30.589990", "browser": "chrome", "browser-platform": "windows", "browser-version": "72.0.3626.121"}
{"method": "GET", "path": "/dashboards/marketing-overview", "endpoint": "dashboards.view_dashboard", "view-args": {"id": "marketing-overview"}, "status": 200, "user": "e5063e1f25c24f00@lampenwelt.de", "timestamp": "2019-03-19T09:14:30.819205", "browser": "chrome", "browser-platform": "windows", "browser-version": "72.0.3626.121"}
{"method": "GET", "path": "/dashboards/_render_async_sql_query/7a5d2f6e-ae92-4685-b9ef-49c361d8f1ec", "endpoint": "dashboards.render_async_sql_query", "view-args": {"id": "7a5d2f6e-ae92-4685-b9ef-49c361d8f1ec"}, "status": 200, "user": "e5063e1f25c24f00@lampenwelt.de", "timestamp": "2019-03-19T09:14:31.227811", "browser": "chrome", "browser-platform": "windows", "browser-version": "72.0.3626.121"}
{"method": "GET", "path": "/dashboards/_render_async_sql_query/728322b9-cfe6-4d56-880d-0453503ce15d", "endpoint": "dashboards.render_async_sql_query", "view-args": {"id": "728322b9-cfe6-4d56-880d-0453503ce15d"}, "status": 200, "user": "e5063e1f25c24f00@lampenwelt.de", "timestamp": "2019-03-19T09:14:31.239235", "browser": "chrome", "browser-platform": "windows", "browser-version": "72.0.3626.121"}
{"method": "GET", "path": "/dashboards/_render_async_sql_query/7eff02f2-548c-44a5-b7c2-e69bb8e6105e", "endpoint": "dashboards.render_async_sql_query", "view-args": {"id": "7eff02f2-548c-44a5-b7c2-e69bb8e6105e"}, "status": 200, "user": "e5063e1f25c24f00@lampenwelt.de", "timestamp": "2019-03-19T09:14:31.243170", "browser": "chrome", "browser-platform": "windows", "browser-version": "72.0.3626.121"}
{"method": "GET", "path": "/dashboards/_render_async_sql_query/b7474461-656b-460a-ad01-338a156dad02", "endpoint": "dashboards.render_async_sql_query", "view-args": {"id": "b7474461-656b-460a-ad01-338a156dad02"}, "status": 200, "user": "e5063e1f25c24f00@lampenwelt.de", "timestamp": "2019-03-19T09:14:31.253315", "browser": "chrome", "browser-platform": "windows", "browser-version": "72.0.3626.121"}
{"method": "GET", "path": "/dashboards/_last_successful_import", "endpoint": "dashboards.last_successful_import", "view-args": {}, "status": 200, "user": "e5063e1f25c24f00@lampenwelt.de", "timestamp": "2019-03-19T09:14:31.254591", "browser": "chrome", "browser-platform": "windows", "browser-version": "72.0.3626.121"}
{"method": "GET", "path": "/dashboards/_last_marketing_cost/marketing-overview", "endpoint": "dashboards.last_marketing_cost", "view-args": {"id": "marketing-overview"}, "status": 200, "user": "e5063e1f25c24f00@lampenwelt.de", "timestamp": "2019-03-19T09:14:31.261329", "browser": "chrome", "browser-platform": "windows", "browser-version": "72.0.3626.121"}
{"method": "GET", "path": "/dashboards/_render_async_sql_query/425c3c18-be86-481b-bd48-ee42e520ce50", "endpoint": "dashboards.render_async_sql_query", "view-args": {"id": "425c3c18-be86-481b-bd48-ee42e520ce50"}, "status": 200, "user": "e5063e1f25c24f00@lampenwelt.de", "timestamp": "2019-03-19T09:14:31.291497", "browser": "chrome", "browser-platform": "windows", "browser-version": "72.0.3626.121"}
{"method": "GET", "path": "/dashboards/_render_async_sql_query/808ce0e5-68b3-4e16-906c-e0892974693d", "endpoint": "dashboards.render_async_sql_query", "view-args": {"id": "808ce0e5-68b3-4e16-906c-e0892974693d"}, "status": 200, "user": "e5063e1f25c24f00@lampenwelt.de", "timestamp": "2019-03-19T09:14:31.293606", "browser": "chrome", "browser-platform": "windows", "browser-version": "72.0.3626.121"}
{"method": "GET", "path": "/dashboards/_render_async_sql_query/762976fa-20c6-48c2-928f-d8ec778c28c5", "endpoint": "dashboards.render_async_sql_query", "view-args": {"id": "762976fa-20c6-48c2-928f-d8ec778c28c5"}, "status": 200, "user": "e5063e1f25c24f00@lampenwelt.de", "timestamp": "2019-03-19T09:14:31.296553", "browser": "chrome", "browser-platform": "windows", "browser-version": "72.0.3626.121"}
{"method": "GET", "path": "/dashboards/_render_async_sql_query/513cf33b-97d7-4c91-94e7-acf30e096302", "endpoint": "dashboards.render_async_sql_query", "view-args": {"id": "513cf33b-97d7-4c91-94e7-acf30e096302"}, "status": 200, "user": "e5063e1f25c24f00@lampenwelt.de", "timestamp": "2019-03-19T09:14:31.321911", "browser": "chrome", "browser-platform": "windows", "browser-version": "72.0.3626.121"}
{"method": "GET", "path": "/dashboards/_render_async_sql_query/c7b81961-fb3a-4415-9413-67c957bd3229", "endpoint": "dashboards.render_async_sql_query", "view-args": {"id": "c7b81961-fb3a-4415-9413-67c957bd3229"}, "status": 200, "user": "e5063e1f25c24f00@lampenwelt.de", "timestamp": "2019-03-19T09:14:31.330177", "browser": "chrome", "browser-platform": "windows", "browser-version": "72.0.3626.121"}
{"method": "GET", "path": "/dashboards/_render_async_sql_query/6484cda4-ceda-4b23-baff-f59187fd85fb", "endpoint": "dashboards.render_async_sql_query", "view-args": {"id": "6484cda4-ceda-4b23-baff-f59187fd85fb"}, "status": 200, "user": "e5063e1f25c24f00@lampenwelt.de", "timestamp": "2019-03-19T09:14:31.334700", "browser": "chrome", "browser-platform": "windows", "browser-version": "72.0.3626.121"}
{"method": "GET", "path": "/dashboards/_render_async_sql_query/39ee5a08-962b-4307-a8ef-8bfdd18bd1cc", "endpoint": "dashboards.render_async_sql_query", "view-args": {"id": "39ee5a08-962b-4307-a8ef-8bfdd18bd1cc"}, "status": 200, "user": "e5063e1f25c24f00@lampenwelt.de", "timestamp": "2019-03-19T09:14:31.348298", "browser": "chrome", "browser-platform": "windows", "browser-version": "72.0.3626.121"}
{"method": "GET", "path": "/dashboards/_render_async_sql_query/fca0ec24-43c8-4784-952d-410d77ae0c19", "endpoint": "dashboards.render_async_sql_query", "view-args": {"id": "fca0ec24-43c8-4784-952d-410d77ae0c19"}, "status": 200, "user": "e5063e1f25c24f00@lampenwelt.de", "timestamp": "2019-03-19T09:14:31.361460", "browser": "chrome", "browser-platform": "windows", "browser-version": "72.0.3626.121"}
{"method": "GET", "path": "/dashboards/_render_async_sql_query/166ad7b0-233a-4290-9bc4-b1772cc4314e", "endpoint": "dashboards.render_async_sql_query", "view-args": {"id": "166ad7b0-233a-4290-9bc4-b1772cc4314e"}, "status": 200, "user": "e5063e1f25c24f00@lampenwelt.de", "timestamp": "2019-03-19T09:14:31.508228", "browser": "chrome", "browser-platform": "windows", "browser-version": "72.0.3626.121"}
{"method": "GET", "path": "/dashboards/_render_async_sql_query/e76be35b-7e57-41d3-99e7-97165b909336", "endpoint": "dashboards.render_async_sql_query", "view-args": {"id": "e76be35b-7e57-41d3-99e7-97165b909336"}, "status": 200, "user": "e5063e1f25c24f00@lampenwelt.de", "timestamp": "2019-03-19T09:14:31.510938", "browser": "chrome", "browser-platform": "windows", "browser-version": "72.0.3626.121"}
{"method": "GET", "path": "/dashboards/_render_async_sql_query/e9b2c95c-e68c-468c-ac21-99e208706c64", "endpoint": "dashboards.render_async_sql_query", "view-args": {"id": "e9b2c95c-e68c-468c-ac21-99e208706c64"}, "status": 200, "user": "e5063e1f25c24f00@lampenwelt.de", "timestamp": "2019-03-19T09:14:31.540314", "browser": "chrome", "browser-platform": "windows", "browser-version": "72.0.3626.121"}
{"method": "GET", "path": "/dashboards/_render_async_sql_query/7ea5d583-ff22-4ec0-bb0f-bf6d5904b45a", "endpoint": "dashboards.render_async_sql_query", "view-args": {"id": "7ea5d583-ff22-4ec0-bb0f-bf6d5904b45a"}, "status": 200, "user": "e5063e1f25c24f00@lampenwelt.de", "timestamp": "2019-03-19T09:14:31.545833", "browser": "chrome", "browser-platform": "windows", "browser-version": "72.0.3626.121"}
{"method": "GET", "path": "/dashboards/weekly-overview", "endpoint": "dashboards.view_dashboard", "view-args": {"id": "weekly-overview"}, "status": 200, "user": "e5063e1f25c24f00@lampenwelt.de", "timestamp": "2019-03-19T09:14:35.963779", "browser": "chrome", "browser-platform": "windows", "browser-version": "72.0.3626.121"}
{"method": "GET", "path": "/dashboards/_render_async_sql_query/f9bf47e0-ab84-4365-84cb-9a4f6e658564", "endpoint": "dashboards.render_async_sql_query", "view-args": {"id": "f9bf47e0-ab84-4365-84cb-9a4f6e658564"}, "status": 200, "user": "e5063e1f25c24f00@lampenwelt.de", "timestamp": "2019-03-19T09:14:36.096320", "browser": "chrome", "browser-platform": "windows", "browser-version": "72.0.3626.121"}
{"method": "GET", "path": "/dashboards/_render_async_sql_query/b8b43625-e13c-410d-b376-49cd8aa07841", "endpoint": "dashboards.render_async_sql_query", "view-args": {"id": "b8b43625-e13c-410d-b376-49cd8aa07841"}, "status": 200, "user": "e5063e1f25c24f00@lampenwelt.de", "timestamp": "2019-03-19T09:14:36.105804", "browser": "chrome", "browser-platform": "windows", "browser-version": "72.0.3626.121"}
{"method": "GET", "path": "/dashboards/_render_async_sql_query/940ab562-2c5d-4269-a326-b921a2107900", "endpoint": "dashboards.render_async_sql_query", "view-args": {"id": "940ab562-2c5d-4269-a326-b921a2107900"}, "status": 200, "user": "e5063e1f25c24f00@lampenwelt.de", "timestamp": "2019-03-19T09:14:36.116938", "browser": "chrome", "browser-platform": "windows", "browser-version": "72.0.3626.121"}
{"method": "GET", "path": "/dashboards/_render_async_sql_query/4274678e-510a-40fd-ac7b-9f47ba65f6c2", "endpoint": "dashboards.render_async_sql_query", "view-args": {"id": "4274678e-510a-40fd-ac7b-9f47ba65f6c2"}, "status": 200, "user": "e5063e1f25c24f00@lampenwelt.de", "timestamp": "2019-03-19T09:14:36.122850", "browser": "chrome", "browser-platform": "windows", "browser-version": "72.0.3626.121"}
{"method": "GET", "path": "/dashboards/_last_successful_import", "endpoint": "dashboards.last_successful_import", "view-args": {}, "status": 200, "user": "e5063e1f25c24f00@lampenwelt.de", "timestamp": "2019-03-19T09:14:36.128907", "browser": "chrome", "browser-platform": "windows", "browser-version": "72.0.3626.121"}
{"method": "GET", "path": "/dashboards/_last_marketing_cost/weekly-overview", "endpoint": "dashboards.last_marketing_cost", "view-args": {"id": "weekly-overview"}, "status": 200, "user": "e5063e1f25c24f00@lampenwelt.de", "timestamp": "2019-03-19T09:14:36.129563", "browser": "chrome", "browser-platform": "windows", "browser-version": "72.0.3626.121"}
{"method": "GET", "path": "/dashboards/_render_async_sql_query/04532c41-cbb1-4120-87e2-4c078df53d37", "endpoint": "dashboards.render_async_sql_query", "view-args": {"id": "04532c41-cbb1-4120-87e2-4c078df53d37"}, "status": 200, "user": "e5063e1f25c24f00@lampenwelt.de", "timestamp": "2019-03-19T09:14:36.145011", "browser": "chrome", "browser-platform": "windows", "browser-version": "72.0.3626.121"}
{"method": "GET", "path": "/dashboards/_render_async_sql_query/62a00ac4-8846-4bae-8bec-9408223c4e14", "endpoint": "dashboards.render_async_sql_query", "view-args": {"id": "62a00ac4-8846-4bae-8bec-9408223c4e14"}, "status": 200, "user": "e5063e1f25c24f00@lampenwelt.de", "timestamp": "2019-03-19T09:14:36.173489", "browser": "chrome", "browser-platform": "windows", "browser-version": "72.0.3626.121"}
{"method": "GET", "path": "/dashboards/_render_async_sql_query/6cc463d2-2a7b-48a6-bdd5-920c18e2f2e9", "endpoint": "dashboards.render_async_sql_query", "view-args": {"id": "6cc463d2-2a7b-48a6-bdd5-920c18e2f2e9"}, "status": 200, "user": "e5063e1f25c24f00@lampenwelt.de", "timestamp": "2019-03-19T09:14:36.205101", "browser": "chrome", "browser-platform": "windows", "browser-version": "72.0.3626.121"}
{"method": "GET", "path": "/dashboards/_render_async_sql_query/699e73f4-3511-4682-8608-125f80296af1", "endpoint": "dashboards.render_async_sql_query", "view-args": {"id": "699e73f4-3511-4682-8608-125f80296af1"}, "status": 200, "user": "e5063e1f25c24f00@lampenwelt.de", "timestamp": "2019-03-19T09:14:36.215024", "browser": "chrome", "browser-platform": "windows", "browser-version": "72.0.3626.121"}
{"method": "GET", "path": "/dashboards/_render_async_sql_query/442577a2-ca15-4410-97b4-af3cc1337a14", "endpoint": "dashboards.render_async_sql_query", "view-args": {"id": "442577a2-ca15-4410-97b4-af3cc1337a14"}, "status": 200, "user": "e5063e1f25c24f00@lampenwelt.de", "timestamp": "2019-03-19T09:14:36.234969", "browser": "chrome", "browser-platform": "windows", "browser-version": "72.0.3626.121"}
{"method": "GET", "path": "/dashboards/_render_async_sql_query/74db3f21-79e2-446c-9af7-45e2153b5511", "endpoint": "dashboards.render_async_sql_query", "view-args": {"id": "74db3f21-79e2-446c-9af7-45e2153b5511"}, "status": 200, "user": "e5063e1f25c24f00@lampenwelt.de", "timestamp": "2019-03-19T09:14:36.241935", "browser": "chrome", "browser-platform": "windows", "browser-version": "72.0.3626.121"}
{"method": "GET", "path": "/dashboards/marketing-overview", "endpoint": "dashboards.view_dashboard", "view-args": {"id": "marketing-overview"}, "status": 200, "user": "dacba1c243f1eae0@lampenwelt.de", "timestamp": "2019-03-19T09:23:30.522271", "browser": "chrome", "browser-platform": "windows", "browser-version": "72.0.3626.121"}
{"method": "GET", "path": "/dashboards/_render_async_sql_query/5b5c3f3a-e7ee-4c5e-b504-a3fcd8aca638", "endpoint": "dashboards.render_async_sql_query", "view-args": {"id": "5b5c3f3a-e7ee-4c5e-b504-a3fcd8aca638"}, "status": 200, "user": "dacba1c243f1eae0@lampenwelt.de", "timestamp": "2019-03-19T09:23:31.007895", "browser": "chrome", "browser-platform": "windows", "browser-version": "72.0.3626.121"}
{"method": "GET", "path": "/dashboards/_render_async_sql_query/e4afbc08-4261-435c-ab22-37d7ba754874", "endpoint": "dashboards.render_async_sql_query", "view-args": {"id": "e4afbc08-4261-435c-ab22-37d7ba754874"}, "status": 200, "user": "dacba1c243f1eae0@lampenwelt.de", "timestamp": "2019-03-19T09:23:31.009292", "browser": "chrome", "browser-platform": "windows", "browser-version": "72.0.3626.121"}
{"method": "GET", "path": "/dashboards/_render_async_sql_query/9ba92ee4-8de2-4435-946e-81a64f562ce3", "endpoint": "dashboards.render_async_sql_query", "view-args": {"id": "9ba92ee4-8de2-4435-946e-81a64f562ce3"}, "status": 200, "user": "dacba1c243f1eae0@lampenwelt.de", "timestamp": "2019-03-19T09:23:31.014325", "browser": "chrome", "browser-platform": "windows", "browser-version": "72.0.3626.121"}
{"method": "GET", "path": "/dashboards/_last_successful_import", "endpoint": "dashboards.last_successful_import", "view-args": {}, "status": 200, "user": "dacba1c243f1eae0@lampenwelt.de", "timestamp": "2019-03-19T09:23:31.024367", "browser": "chrome", "browser-platform": "windows", "browser-version": "72.0.3626.121"}
{"method": "GET", "path": "/dashboards/_render_async_sql_query/d0963587-f230-49d6-8d4d-6f54dad5acd4", "endpoint": "dashboards.render_async_sql_query", "view-args": {"id": "d0963587-f230-49d6-8d4d-6f54dad5acd4"}, "status": 200, "user": "dacba1c243f1eae0@lampenwelt.de", "timestamp": "2019-03-19T09:23:31.034216", "browser": "chrome", "browser-platform": "windows", "browser-version": "72.0.3626.121"}
{"method": "GET", "path": "/dashboards/_last_marketing_cost/marketing-overview", "endpoint": "dashboards.last_marketing_cost", "view-args": {"id": "marketing-overview"}, "status": 200, "user": "dacba1c243f1eae0@lampenwelt.de", "timestamp": "2019-03-19T09:23:31.039377", "browser": "chrome", "browser-platform": "windows", "browser-version": "72.0.3626.121"}
{"method": "GET", "path": "/dashboards/_render_async_sql_query/7f46e6d9-6cb9-45a0-a54e-faf3fcece6ce", "endpoint": "dashboards.render_async_sql_query", "view-args": {"id": "7f46e6d9-6cb9-45a0-a54e-faf3fcece6ce"}, "status": 200, "user": "dacba1c243f1eae0@lampenwelt.de", "timestamp": "2019-03-19T09:23:31.092644", "browser": "chrome", "browser-platform": "windows", "browser-version": "72.0.3626.121"}
{"method": "GET", "path": "/dashboards/_render_async_sql_query/3132d649-64a6-453d-942d-b19049096bb5", "endpoint": "dashboards.render_async_sql_query", "view-args": {"id": "3132d649-64a6-453d-942d-b19049096bb5"}, "status": 200, "user": "dacba1c243f1eae0@lampenwelt.de", "timestamp": "2019-03-19T09:23:31.097127", "browser": "chrome", "browser-platform": "windows", "browser-version": "72.0.3626.121"}
{"method": "GET", "path": "/dashboards/_render_async_sql_query/076c2e1a-bf95-4942-8d18-1d889aec1a73", "endpoint": "dashboards.render_async_sql_query", "view-args": {"id": "076c2e1a-bf95-4942-8d18-1d889aec1a73"}, "status": 200, "user": "dacba1c243f1eae0@lampenwelt.de", "timestamp": "2019-03-19T09:23:31.106307", "browser": "chrome", "browser-platform": "windows", "browser-version": "72.0.3626.121"}
{"method": "GET", "path": "/dashboards/_render_async_sql_query/0dfe8de8-a215-482c-bbe1-71d946ff0859", "endpoint": "dashboards.render_async_sql_query", "view-args": {"id": "0dfe8de8-a215-482c-bbe1-71d946ff0859"}, "status": 200, "user": "dacba1c243f1eae0@lampenwelt.de", "timestamp": "2019-03-19T09:23:31.130186", "browser": "chrome", "browser-platform": "windows", "browser-version": "72.0.3626.121"}
{"method": "GET", "path": "/dashboards/_render_async_sql_query/eced57d5-3487-4a73-b0cf-a3e535a0daaa", "endpoint": "dashboards.render_async_sql_query", "view-args": {"id": "eced57d5-3487-4a73-b0cf-a3e535a0daaa"}, "status": 200, "user": "dacba1c243f1eae0@lampenwelt.de", "timestamp": "2019-03-19T09:23:31.150254", "browser": "chrome", "browser-platform": "windows", "browser-version": "72.0.3626.121"}
{"method": "GET", "path": "/dashboards/_render_async_sql_query/eb398a0a-5114-4132-a306-30c7df71c558", "endpoint": "dashboards.render_async_sql_query", "view-args": {"id": "eb398a0a-5114-4132-a306-30c7df71c558"}, "status": 200, "user": "dacba1c243f1eae0@lampenwelt.de", "timestamp": "2019-03-19T09:23:31.153823", "browser": "chrome", "browser-platform": "windows", "browser-version": "72.0.3626.121"}
{"method": "GET", "path": "/dashboards/_render_async_sql_query/ebd8f11f-52d5-4890-86f0-1398aac2a661", "endpoint": "dashboards.render_async_sql_query", "view-args": {"id": "ebd8f11f-52d5-4890-86f0-1398aac2a661"}, "status": 200, "user": "dacba1c243f1eae0@lampenwelt.de", "timestamp": "2019-03-19T09:23:31.164655", "browser": "chrome", "browser-platform": "windows", "browser-version": "72.0.3626.121"}
{"method": "GET", "path": "/dashboards/_render_async_sql_query/6d8aaf3a-8d40-448c-99cc-e8a9c1685c7e", "endpoint": "dashboards.render_async_sql_query", "view-args": {"id": "6d8aaf3a-8d40-448c-99cc-e8a9c1685c7e"}, "status": 200, "user": "dacba1c243f1eae0@lampenwelt.de", "timestamp": "2019-03-19T09:23:31.202846", "browser": "chrome", "browser-platform": "windows", "browser-version": "72.0.3626.121"}
{"method": "GET", "path": "/dashboards/_render_async_sql_query/fd4addbb-a94e-47c4-8be4-5c1e447a5c84", "endpoint": "dashboards.render_async_sql_query", "view-args": {"id": "fd4addbb-a94e-47c4-8be4-5c1e447a5c84"}, "status": 200, "user": "dacba1c243f1eae0@lampenwelt.de", "timestamp": "2019-03-19T09:23:31.203853", "browser": "chrome", "browser-platform": "windows", "browser-version": "72.0.3626.121"}
{"method": "GET", "path": "/dashboards/_render_async_sql_query/44deff97-370a-4503-a725-3d489f909385", "endpoint": "dashboards.render_async_sql_query", "view-args": {"id": "44deff97-370a-4503-a725-3d489f909385"}, "status": 200, "user": "dacba1c243f1eae0@lampenwelt.de", "timestamp": "2019-03-19T09:23:31.207786", "browser": "chrome", "browser-platform": "windows", "browser-version": "72.0.3626.121"}
{"method": "GET", "path": "/dashboards/_render_async_sql_query/9715ef28-e307-4f39-89c5-31f98aa1ce0b", "endpoint": "dashboards.render_async_sql_query", "view-args": {"id": "9715ef28-e307-4f39-89c5-31f98aa1ce0b"}, "status": 200, "user": "dacba1c243f1eae0@lampenwelt.de", "timestamp": "2019-03-19T09:23:31.231562", "browser": "chrome", "browser-platform": "windows", "browser-version": "72.0.3626.121"}
{"method": "GET", "path": "/dashboards/_render_async_sql_query/b9e9814b-f72b-44fb-ba3e-903e115e5482", "endpoint": "dashboards.render_async_sql_query", "view-args": {"id": "b9e9814b-f72b-44fb-ba3e-903e115e5482"}, "status": 200, "user": "dacba1c243f1eae0@lampenwelt.de", "timestamp": "2019-03-19T09:23:31.379673", "browser": "chrome", "browser-platform": "windows", "browser-version": "72.0.3626.121"}
{"method": "GET", "path": "/acl", "endpoint": "mara_acl.acl_page", "view-args": {}, "status": 403, "user": "dacba1c243f1eae0@lampenwelt.de", "timestamp": "2019-03-19T09:23:44.334718", "browser": "chrome", "browser-platform": "windows", "browser-version": "72.0.3626.121"}
{"method": "GET", "path": "/mondrian/excel", "endpoint": "py_mondrian.excel", "view-args": {}, "status": 200, "user": "dacba1c243f1eae0@lampenwelt.de", "timestamp": "2019-03-19T09:23:48.000773", "browser": "chrome", "browser-platform": "windows", "browser-version": "72.0.3626.121"}
{"method": "GET", "path": "/data-integration/data_transformation", "endpoint": "data_integration.node_page", "view-args": {"path": "data_transformation"}, "status": 200, "user": "e5063e1f25c24f00@lampenwelt.de", "timestamp": "2019-03-19T09:25:33.016791", "browser": "chrome", "browser-platform": "windows", "browser-version": "72.0.3626.121"}
{"method": "GET", "path": "/data-integration/data_transformation/dependency-graph", "endpoint": "data_integration.dependency_graph", "view-args": {"path": "data_transformation"}, "status": 200, "user": "e5063e1f25c24f00@lampenwelt.de", "timestamp": "2019-03-19T09:25:33.180964", "browser": "chrome", "browser-platform": "windows", "browser-version": "72.0.3626.121"}
{"method": "GET", "path": "/data-integration/data_transformation/last-runs-selector", "endpoint": "data_integration.last_runs_selector", "view-args": {"path": "data_transformation"}, "status": 200, "user": "e5063e1f25c24f00@lampenwelt.de", "timestamp": "2019-03-19T09:25:33.210251", "browser": "chrome", "browser-platform": "windows", "browser-version": "72.0.3626.121"}
{"method": "GET", "path": "/data-integration/data_transformation/system-stats", "endpoint": "data_integration.system_stats", "view-args": {"path": "data_transformation", "run_id": null}, "status": 200, "user": "e5063e1f25c24f00@lampenwelt.de", "timestamp": "2019-03-19T09:25:33.267888", "browser": "chrome", "browser-platform": "windows", "browser-version": "72.0.3626.121"}
{"method": "GET", "path": "/data-integration/data_transformation/run-time-chart", "endpoint": "data_integration.run_time_chart", "view-args": {"path": "data_transformation"}, "status": 200, "user": "e5063e1f25c24f00@lampenwelt.de", "timestamp": "2019-03-19T09:25:33.275328", "browser": "chrome", "browser-platform": "windows", "browser-version": "72.0.3626.121"}
{"method": "GET", "path": "/data-integration/data_transformation/timeline-chart", "endpoint": "data_integration.timeline_chart", "view-args": {"path": "data_transformation", "run_id": null}, "status": 200, "user": "e5063e1f25c24f00@lampenwelt.de", "timestamp": "2019-03-19T09:25:33.321667", "browser": "chrome", "browser-platform": "windows", "browser-version": "72.0.3626.121"}
{"method": "GET", "path": "/data-integration/data_transformation/run-output-limited", "endpoint": "data_integration.run_output", "view-args": {"path": "data_transformation", "run_id": null, "limit": true}, "status": 200, "user": "e5063e1f25c24f00@lampenwelt.de", "timestamp": "2019-03-19T09:25:33.380336", "browser": "chrome", "browser-platform": "windows", "browser-version": "72.0.3626.121"}
{"method": "GET", "path": "/data-integration/data_transformation/pipeline-children-table", "endpoint": "data_integration.pipeline_children_table", "view-args": {"path": "data_transformation"}, "status": 200, "user": "e5063e1f25c24f00@lampenwelt.de", "timestamp": "2019-03-19T09:25:34.904203", "browser": "chrome", "browser-platform": "windows", "browser-version": "72.0.3626.121"}
{"method": "GET", "path": "/data-integration/data_transformation/sales", "endpoint": "data_integration.node_page", "view-args": {"path": "data_transformation/sales"}, "status": 200, "user": "e5063e1f25c24f00@lampenwelt.de", "timestamp": "2019-03-19T09:25:35.781677", "browser": "chrome", "browser-platform": "windows", "browser-version": "72.0.3626.121"}
{"method": "GET", "path": "/data-integration/data_transformation/sales/dependency-graph", "endpoint": "data_integration.dependency_graph", "view-args": {"path": "data_transformation/sales"}, "status": 200, "user": "e5063e1f25c24f00@lampenwelt.de", "timestamp": "2019-03-19T09:25:35.933786", "browser": "chrome", "browser-platform": "windows", "browser-version": "72.0.3626.121"}
{"method": "GET", "path": "/data-integration/data_transformation/sales/last-runs-selector", "endpoint": "data_integration.last_runs_selector", "view-args": {"path": "data_transformation/sales"}, "status": 200, "user": "e5063e1f25c24f00@lampenwelt.de", "timestamp": "2019-03-19T09:25:35.962617", "browser": "chrome", "browser-platform": "windows", "browser-version": "72.0.3626.121"}
{"method": "GET", "path": "/data-integration/data_transformation/sales/system-stats", "endpoint": "data_integration.system_stats", "view-args": {"path": "data_transformation/sales", "run_id": null}, "status": 200, "user": "e5063e1f25c24f00@lampenwelt.de", "timestamp": "2019-03-19T09:25:36.009472", "browser": "chrome", "browser-platform": "windows", "browser-version": "72.0.3626.121"}
{"method": "GET", "path": "/data-integration/data_transformation/sales/pipeline-children-table", "endpoint": "data_integration.pipeline_children_table", "view-args": {"path": "data_transformation/sales"}, "status": 200, "user": "e5063e1f25c24f00@lampenwelt.de", "timestamp": "2019-03-19T09:25:36.044260", "browser": "chrome", "browser-platform": "windows", "browser-version": "72.0.3626.121"}
{"method": "GET", "path": "/data-integration/data_transformation/sales/timeline-chart", "endpoint": "data_integration.timeline_chart", "view-args": {"path": "data_transformation/sales", "run_id": null}, "status": 200, "user": "e5063e1f25c24f00@lampenwelt.de", "timestamp": "2019-03-19T09:25:36.058534", "browser": "chrome", "browser-platform": "windows", "browser-version": "72.0.3626.121"}
{"method": "GET", "path": "/data-integration/data_transformation/sales/run-time-chart", "endpoint": "data_integration.run_time_chart", "view-args": {"path": "data_transformation/sales"}, "status": 200, "user": "e5063e1f25c24f00@lampenwelt.de", "timestamp": "2019-03-19T09:25:36.076208", "browser": "chrome", "browser-platform": "windows", "browser-version": "72.0.3626.121"}
{"method": "GET", "path": "/data-integration/data_transformation/sales/run-output-limited", "endpoint": "data_integration.run_output", "view-args": {"path": "data_transformation/sales", "run_id": null, "limit": true}, "status": 200, "user": "e5063e1f25c24f00@lampenwelt.de", "timestamp": "2019-03-19T09:25:36.091406", "browser": "chrome", "browser-platform": "windows", "browser-version": "72.0.3626.121"}
{"method": "GET", "path": "/data-integration/data_transformation/sales/compute_invoice_line_amounts", "endpoint": "data_integration.node_page", "view-args": {"path": "data_transformation/sales/compute_invoice_line_amounts"}, "status": 200, "user": "e5063e1f25c24f00@lampenwelt.de", "timestamp": "2019-03-19T09:25:43.500413", "browser": "chrome", "browser-platform": "windows", "browser-version": "72.0.3626.121"}
{"method": "GET", "path": "/data-integration/data_transformation/sales/compute_invoice_line_amounts/last-runs-selector", "endpoint": "data_integration.last_runs_selector", "view-args": {"path": "data_transformation/sales/compute_invoice_line_amounts"}, "status": 200, "user": "e5063e1f25c24f00@lampenwelt.de", "timestamp": "2019-03-19T09:25:43.748966", "browser": "chrome", "browser-platform": "windows", "browser-version": "72.0.3626.121"}
{"method": "GET", "path": "/data-integration/data_transformation/sales/compute_invoice_line_amounts/dependency-graph", "endpoint": "data_integration.dependency_graph", "view-args": {"path": "data_transformation/sales/compute_invoice_line_amounts"}, "status": 200, "user": "e5063e1f25c24f00@lampenwelt.de", "timestamp": "2019-03-19T09:25:43.760797", "browser": "chrome", "browser-platform": "windows", "browser-version": "72.0.3626.121"}
{"method": "GET", "path": "/data-integration/data_transformation/sales/compute_invoice_line_amounts/system-stats", "endpoint": "data_integration.system_stats", "view-args": {"path": "data_transformation/sales/compute_invoice_line_amounts", "run_id": null}, "status": 200, "user": "e5063e1f25c24f00@lampenwelt.de", "timestamp": "2019-03-19T09:25:43.787449", "browser": "chrome", "browser-platform": "windows", "browser-version": "72.0.3626.121"}
{"method": "GET", "path": "/data-integration/data_transformation/sales/compute_invoice_line_amounts/timeline-chart", "endpoint": "data_integration.timeline_chart", "view-args": {"path": "data_transformation/sales/compute_invoice_line_amounts", "run_id": null}, "status": 200, "user": "e5063e1f25c24f00@lampenwelt.de", "timestamp": "2019-03-19T09:25:43.806013", "browser": "chrome", "browser-platform": "windows", "browser-version": "72.0.3626.121"}
{"method": "GET", "path": "/data-integration/data_transformation/sales/compute_invoice_line_amounts/run-time-chart", "endpoint": "data_integration.run_time_chart", "view-args": {"path": "data_transformation/sales/compute_invoice_line_amounts"}, "status": 200, "user": "e5063e1f25c24f00@lampenwelt.de", "timestamp": "2019-03-19T09:25:43.807192", "browser": "chrome", "browser-platform": "windows", "browser-version": "72.0.3626.121"}
{"method": "GET", "path": "/data-integration/data_transformation/sales/compute_invoice_line_amounts/run-output-limited", "endpoint": "data_integration.run_output", "view-args": {"path": "data_transformation/sales/compute_invoice_line_amounts", "run_id": null, "limit": true}, "status": 200, "user": "e5063e1f25c24f00@lampenwelt.de", "timestamp": "2019-03-19T09:25:43.828671", "browser": "chrome", "browser-platform": "windows", "browser-version": "72.0.3626.121"}
{"method": "GET", "path": "/data-integration/data_transformation/sales/compute_open_line_amounts", "endpoint": "data_integration.node_page", "view-args": {"path": "data_transformation/sales/compute_open_line_amounts"}, "status": 200, "user": "e5063e1f25c24f00@lampenwelt.de", "timestamp": "2019-03-19T09:25:47.724109", "browser": "chrome", "browser-platform": "windows", "browser-version": "72.0.3626.121"}
{"method": "GET", "path": "/data-integration/data_transformation/sales/compute_open_line_amounts/last-runs-selector", "endpoint": "data_integration.last_runs_selector", "view-args": {"path": "data_transformation/sales/compute_open_line_amounts"}, "status": 200, "user": "e5063e1f25c24f00@lampenwelt.de", "timestamp": "2019-03-19T09:25:47.980940", "browser": "chrome", "browser-platform": "windows", "browser-version": "72.0.3626.121"}
{"method": "GET", "path": "/data-integration/data_transformation/sales/compute_open_line_amounts/dependency-graph", "endpoint": "data_integration.dependency_graph", "view-args": {"path": "data_transformation/sales/compute_open_line_amounts"}, "status": 200, "user": "e5063e1f25c24f00@lampenwelt.de", "timestamp": "2019-03-19T09:25:47.986525", "browser": "chrome", "browser-platform": "windows", "browser-version": "72.0.3626.121"}
{"method": "GET", "path": "/data-integration/data_transformation/sales/compute_open_line_amounts/system-stats", "endpoint": "data_integration.system_stats", "view-args": {"path": "data_transformation/sales/compute_open_line_amounts", "run_id": null}, "status": 200, "user": "e5063e1f25c24f00@lampenwelt.de", "timestamp": "2019-03-19T09:25:48.017540", "browser": "chrome", "browser-platform": "windows", "browser-version": "72.0.3626.121"}
{"method": "GET", "path": "/data-integration/data_transformation/sales/compute_open_line_amounts/timeline-chart", "endpoint": "data_integration.timeline_chart", "view-args": {"path": "data_transformation/sales/compute_open_line_amounts", "run_id": null}, "status": 200, "user": "e5063e1f25c24f00@lampenwelt.de", "timestamp": "2019-03-19T09:25:48.032736", "browser": "chrome", "browser-platform": "windows", "browser-version": "72.0.3626.121"}
{"method": "GET", "path": "/data-integration/data_transformation/sales/compute_open_line_amounts/run-time-chart", "endpoint": "data_integration.run_time_chart", "view-args": {"path": "data_transformation/sales/compute_open_line_amounts"}, "status": 200, "user": "e5063e1f25c24f00@lampenwelt.de", "timestamp": "2019-03-19T09:25:48.037528", "browser": "chrome", "browser-platform": "windows", "browser-version": "72.0.3626.121"}
{"method": "GET", "path": "/data-integration/data_transformation/sales/compute_open_line_amounts/run-output-limited", "endpoint": "data_integration.run_output", "view-args": {"path": "data_transformation/sales/compute_open_line_amounts", "run_id": null, "limit": true}, "status": 200, "user": "e5063e1f25c24f00@lampenwelt.de", "timestamp": "2019-03-19T09:25:48.061147", "browser": "chrome", "browser-platform": "windows", "browser-version": "72.0.3626.121"}
{"method": "GET", "path": "/data-sets", "endpoint": "data_sets.index_page", "view-args": {}, "status": 200, "user": "72141146ea8e13f4@lampenwelt.de", "timestamp": "2019-03-19T09:29:38.832828", "browser": "chrome", "browser-platform": "windows", "browser-version": "72.0.3626.121"}
{"method": "GET", "path": "/data-sets/affiliate-sales-validation/.preview", "endpoint": "data_sets.data_set_preview", "view-args": {"data_set_id": "affiliate-sales-validation"}, "status": 500, "user": "72141146ea8e13f4@lampenwelt.de", "timestamp": "2019-03-19T09:29:39.918738", "browser": "chrome", "browser-platform": "windows", "browser-version": "72.0.3626.121"}
{"method": "GET", "path": "/data-sets/deduplication-errors/.preview", "endpoint": "data_sets.data_set_preview", "view-args": {"data_set_id": "deduplication-errors"}, "status": 200, "user": "72141146ea8e13f4@lampenwelt.de", "timestamp": "2019-03-19T09:29:39.969068", "browser": "chrome", "browser-platform": "windows", "browser-version": "72.0.3626.121"}
{"method": "GET", "path": "/data-sets/customers/.preview", "endpoint": "data_sets.data_set_preview", "view-args": {"data_set_id": "customers"}, "status": 200, "user": "72141146ea8e13f4@lampenwelt.de", "timestamp": "2019-03-19T09:29:40.025029", "browser": "chrome", "browser-platform": "windows", "browser-version": "72.0.3626.121"}
{"method": "GET", "path": "/data-sets/email-contacts/.preview", "endpoint": "data_sets.data_set_preview", "view-args": {"data_set_id": "email-contacts"}, "status": 200, "user": "72141146ea8e13f4@lampenwelt.de", "timestamp": "2019-03-19T09:29:40.104094", "browser": "chrome", "browser-platform": "windows", "browser-version": "72.0.3626.121"}
{"method": "GET", "path": "/data-sets/mail-campaign-performance/.preview", "endpoint": "data_sets.data_set_preview", "view-args": {"data_set_id": "mail-campaign-performance"}, "status": 200, "user": "72141146ea8e13f4@lampenwelt.de", "timestamp": "2019-03-19T09:29:40.166335", "browser": "chrome", "browser-platform": "windows", "browser-version": "72.0.3626.121"}
{"method": "GET", "path": "/data-sets/ad-performance/.preview", "endpoint": "data_sets.data_set_preview", "view-args": {"data_set_id": "ad-performance"}, "status": 200, "user": "72141146ea8e13f4@lampenwelt.de", "timestamp": "2019-03-19T09:29:40.248909", "browser": "chrome", "browser-platform": "windows", "browser-version": "72.0.3626.121"}
{"method": "GET", "path": "/data-sets/orders/.preview", "endpoint": "data_sets.data_set_preview", "view-args": {"data_set_id": "orders"}, "status": 200, "user": "72141146ea8e13f4@lampenwelt.de", "timestamp": "2019-03-19T09:29:40.251731", "browser": "chrome", "browser-platform": "windows", "browser-version": "72.0.3626.121"}
{"method": "GET", "path": "/data-sets/merged-customers/.preview", "endpoint": "data_sets.data_set_preview", "view-args": {"data_set_id": "merged-customers"}, "status": 200, "user": "72141146ea8e13f4@lampenwelt.de", "timestamp": "2019-03-19T09:29:40.540966", "browser": "chrome", "browser-platform": "windows", "browser-version": "72.0.3626.121"}
{"method": "GET", "path": "/data-sets/sales/.preview", "endpoint": "data_sets.data_set_preview", "view-args": {"data_set_id": "sales"}, "status": 200, "user": "72141146ea8e13f4@lampenwelt.de", "timestamp": "2019-03-19T09:29:40.595841", "browser": "chrome", "browser-platform": "windows", "browser-version": "72.0.3626.121"}
{"method": "GET", "path": "/data-sets/quotes/.preview", "endpoint": "data_sets.data_set_preview", "view-args": {"data_set_id": "quotes"}, "status": 200, "user": "72141146ea8e13f4@lampenwelt.de", "timestamp": "2019-03-19T09:29:40.702440", "browser": "chrome", "browser-platform": "windows", "browser-version": "72.0.3626.121"}
{"method": "GET", "path": "/data-sets/shop-performance-test/.preview", "endpoint": "data_sets.data_set_preview", "view-args": {"data_set_id": "shop-performance-test"}, "status": 200, "user": "72141146ea8e13f4@lampenwelt.de", "timestamp": "2019-03-19T09:29:41.031111", "browser": "chrome", "browser-platform": "windows", "browser-version": "72.0.3626.121"}
{"method": "GET", "path": "/data-sets/marketing-touchpoints/.preview", "endpoint": "data_sets.data_set_preview", "view-args": {"data_set_id": "marketing-touchpoints"}, "status": 200, "user": "72141146ea8e13f4@lampenwelt.de", "timestamp": "2019-03-19T09:29:41.120093", "browser": "chrome", "browser-platform": "windows", "browser-version": "72.0.3626.121"}
{"method": "GET", "path": "/data-sets/marketing-cost/.preview", "endpoint": "data_sets.data_set_preview", "view-args": {"data_set_id": "marketing-cost"}, "status": 200, "user": "72141146ea8e13f4@lampenwelt.de", "timestamp": "2019-03-19T09:29:41.178109", "browser": "chrome", "browser-platform": "windows", "browser-version": "72.0.3626.121"}
{"method": "GET", "path": "/data-sets/warehouse-shipment/.preview", "endpoint": "data_sets.data_set_preview", "view-args": {"data_set_id": "warehouse-shipment"}, "status": 200, "user": "72141146ea8e13f4@lampenwelt.de", "timestamp": "2019-03-19T09:29:41.378692", "browser": "chrome", "browser-platform": "windows", "browser-version": "72.0.3626.121"}
{"method": "GET", "path": "/data-sets/warehouse-inventory/.preview", "endpoint": "data_sets.data_set_preview", "view-args": {"data_set_id": "warehouse-inventory"}, "status": 200, "user": "72141146ea8e13f4@lampenwelt.de", "timestamp": "2019-03-19T09:29:41.836004", "browser": "chrome", "browser-platform": "windows", "browser-version": "72.0.3626.121"}
{"method": "GET", "path": "/data-sets", "endpoint": "data_sets.index_page", "view-args": {}, "status": 200, "user": "72141146ea8e13f4@lampenwelt.de", "timestamp": "2019-03-19T09:29:57.139973", "browser": "chrome", "browser-platform": "windows", "browser-version": "72.0.3626.121"}
{"method": "GET", "path": "/data-sets/customers/.preview", "endpoint": "data_sets.data_set_preview", "view-args": {"data_set_id": "customers"}, "status": 200, "user": "72141146ea8e13f4@lampenwelt.de", "timestamp": "2019-03-19T09:29:57.731486", "browser": "chrome", "browser-platform": "windows", "browser-version": "72.0.3626.121"}
{"method": "GET", "path": "/data-sets/ad-performance/.preview", "endpoint": "data_sets.data_set_preview", "view-args": {"data_set_id": "ad-performance"}, "status": 200, "user": "72141146ea8e13f4@lampenwelt.de", "timestamp": "2019-03-19T09:29:57.736921", "browser": "chrome", "browser-platform": "windows", "browser-version": "72.0.3626.121"}
{"method": "GET", "path": "/data-sets/deduplication-errors/.preview", "endpoint": "data_sets.data_set_preview", "view-args": {"data_set_id": "deduplication-errors"}, "status": 200, "user": "72141146ea8e13f4@lampenwelt.de", "timestamp": "2019-03-19T09:29:57.777977", "browser": "chrome", "browser-platform": "windows", "browser-version": "72.0.3626.121"}
{"method": "GET", "path": "/data-sets/email-contacts/.preview", "endpoint": "data_sets.data_set_preview", "view-args": {"data_set_id": "email-contacts"}, "status": 200, "user": "72141146ea8e13f4@lampenwelt.de", "timestamp": "2019-03-19T09:29:57.785896", "browser": "chrome", "browser-platform": "windows", "browser-version": "72.0.3626.121"}
{"method": "GET", "path": "/data-sets/affiliate-sales-validation/.preview", "endpoint": "data_sets.data_set_preview", "view-args": {"data_set_id": "affiliate-sales-validation"}, "status": 500, "user": "72141146ea8e13f4@lampenwelt.de", "timestamp": "2019-03-19T09:29:57.798553", "browser": "chrome", "browser-platform": "windows", "browser-version": "72.0.3626.121"}
{"method": "GET", "path": "/data-sets/mail-campaign-performance/.preview", "endpoint": "data_sets.data_set_preview", "view-args": {"data_set_id": "mail-campaign-performance"}, "status": 200, "user": "72141146ea8e13f4@lampenwelt.de", "timestamp": "2019-03-19T09:29:57.840005", "browser": "chrome", "browser-platform": "windows", "browser-version": "72.0.3626.121"}
{"method": "GET", "path": "/data-sets/orders/.preview", "endpoint": "data_sets.data_set_preview", "view-args": {"data_set_id": "orders"}, "status": 200, "user": "72141146ea8e13f4@lampenwelt.de", "timestamp": "2019-03-19T09:29:57.844095", "browser": "chrome", "browser-platform": "windows", "browser-version": "72.0.3626.121"}
{"method": "GET", "path": "/data-sets/marketing-cost/.preview", "endpoint": "data_sets.data_set_preview", "view-args": {"data_set_id": "marketing-cost"}, "status": 200, "user": "72141146ea8e13f4@lampenwelt.de", "timestamp": "2019-03-19T09:29:57.860469", "browser": "chrome", "browser-platform": "windows", "browser-version": "72.0.3626.121"}
{"method": "GET", "path": "/data-sets/marketing-touchpoints/.preview", "endpoint": "data_sets.data_set_preview", "view-args": {"data_set_id": "marketing-touchpoints"}, "status": 200, "user": "72141146ea8e13f4@lampenwelt.de", "timestamp": "2019-03-19T09:29:57.900777", "browser": "chrome", "browser-platform": "windows", "browser-version": "72.0.3626.121"}
{"method": "GET", "path": "/data-sets/merged-customers/.preview", "endpoint": "data_sets.data_set_preview", "view-args": {"data_set_id": "merged-customers"}, "status": 200, "user": "72141146ea8e13f4@lampenwelt.de", "timestamp": "2019-03-19T09:29:57.908544", "browser": "chrome", "browser-platform": "windows", "browser-version": "72.0.3626.121"}
{"method": "GET", "path": "/data-sets/sales/.preview", "endpoint": "data_sets.data_set_preview", "view-args": {"data_set_id": "sales"}, "status": 200, "user": "72141146ea8e13f4@lampenwelt.de", "timestamp": "2019-03-19T09:29:57.916897", "browser": "chrome", "browser-platform": "windows", "browser-version": "72.0.3626.121"}
{"method": "GET", "path": "/data-sets/quotes/.preview", "endpoint": "data_sets.data_set_preview", "view-args": {"data_set_id": "quotes"}, "status": 200, "user": "72141146ea8e13f4@lampenwelt.de", "timestamp": "2019-03-19T09:29:57.955683", "browser": "chrome", "browser-platform": "windows", "browser-version": "72.0.3626.121"}
{"method": "GET", "path": "/data-sets/shop-performance-test/.preview", "endpoint": "data_sets.data_set_preview", "view-args": {"data_set_id": "shop-performance-test"}, "status": 200, "user": "72141146ea8e13f4@lampenwelt.de", "timestamp": "2019-03-19T09:29:57.984231", "browser": "chrome", "browser-platform": "windows", "browser-version": "72.0.3626.121"}
{"method": "GET", "path": "/data-sets/warehouse-inventory/.preview", "endpoint": "data_sets.data_set_preview", "view-args": {"data_set_id": "warehouse-inventory"}, "status": 200, "user": "72141146ea8e13f4@lampenwelt.de", "timestamp": "2019-03-19T09:29:57.988017", "browser": "chrome", "browser-platform": "windows", "browser-version": "72.0.3626.121"}
{"method": "GET", "path": "/data-sets/warehouse-shipment/.preview", "endpoint": "data_sets.data_set_preview", "view-args": {"data_set_id": "warehouse-shipment"}, "status": 200, "user": "72141146ea8e13f4@lampenwelt.de", "timestamp": "2019-03-19T09:29:58.025884", "browser": "chrome", "browser-platform": "windows", "browser-version": "72.0.3626.121"}
{"method": "GET", "path": "/data-sets", "endpoint": "data_sets.index_page", "view-args": {}, "status": 200, "user": "72141146ea8e13f4@lampenwelt.de", "timestamp": "2019-03-19T09:30:01.032206", "browser": "chrome", "browser-platform": "windows", "browser-version": "72.0.3626.121"}
{"method": "GET", "path": "/data-sets/customers/.preview", "endpoint": "data_sets.data_set_preview", "view-args": {"data_set_id": "customers"}, "status": 200, "user": "72141146ea8e13f4@lampenwelt.de", "timestamp": "2019-03-19T09:30:02.191157", "browser": "chrome", "browser-platform": "windows", "browser-version": "72.0.3626.121"}
{"method": "GET", "path": "/data-sets/ad-performance/.preview", "endpoint": "data_sets.data_set_preview", "view-args": {"data_set_id": "ad-performance"}, "status": 200, "user": "72141146ea8e13f4@lampenwelt.de", "timestamp": "2019-03-19T09:30:02.202752", "browser": "chrome", "browser-platform": "windows", "browser-version": "72.0.3626.121"}
{"method": "GET", "path": "/data-sets/deduplication-errors/.preview", "endpoint": "data_sets.data_set_preview", "view-args": {"data_set_id": "deduplication-errors"}, "status": 200, "user": "72141146ea8e13f4@lampenwelt.de", "timestamp": "2019-03-19T09:30:02.256895", "browser": "chrome", "browser-platform": "windows", "browser-version": "72.0.3626.121"}
{"method": "GET", "path": "/data-sets/affiliate-sales-validation/.preview", "endpoint": "data_sets.data_set_preview", "view-args": {"data_set_id": "affiliate-sales-validation"}, "status": 500, "user": "72141146ea8e13f4@lampenwelt.de", "timestamp": "2019-03-19T09:30:02.274080", "browser": "chrome", "browser-platform": "windows", "browser-version": "72.0.3626.121"}
{"method": "GET", "path": "/data-sets/email-contacts/.preview", "endpoint": "data_sets.data_set_preview", "view-args": {"data_set_id": "email-contacts"}, "status": 200, "user": "72141146ea8e13f4@lampenwelt.de", "timestamp": "2019-03-19T09:30:02.279447", "browser": "chrome", "browser-platform": "windows", "browser-version": "72.0.3626.121"}
{"method": "GET", "path": "/data-sets/orders/.preview", "endpoint": "data_sets.data_set_preview", "view-args": {"data_set_id": "orders"}, "status": 200, "user": "72141146ea8e13f4@lampenwelt.de", "timestamp": "2019-03-19T09:30:02.327713", "browser": "chrome", "browser-platform": "windows", "browser-version": "72.0.3626.121"}
{"method": "GET", "path": "/data-sets/mail-campaign-performance/.preview", "endpoint": "data_sets.data_set_preview", "view-args": {"data_set_id": "mail-campaign-performance"}, "status": 200, "user": "72141146ea8e13f4@lampenwelt.de", "timestamp": "2019-03-19T09:30:02.333091", "browser": "chrome", "browser-platform": "windows", "browser-version": "72.0.3626.121"}
{"method": "GET", "path": "/data-sets/marketing-cost/.preview", "endpoint": "data_sets.data_set_preview", "view-args": {"data_set_id": "marketing-cost"}, "status": 200, "user": "72141146ea8e13f4@lampenwelt.de", "timestamp": "2019-03-19T09:30:02.342569", "browser": "chrome", "browser-platform": "windows", "browser-version": "72.0.3626.121"}
{"method": "GET", "path": "/data-sets/marketing-touchpoints/.preview", "endpoint": "data_sets.data_set_preview", "view-args": {"data_set_id": "marketing-touchpoints"}, "status": 200, "user": "72141146ea8e13f4@lampenwelt.de", "timestamp": "2019-03-19T09:30:02.397892", "browser": "chrome", "browser-platform": "windows", "browser-version": "72.0.3626.121"}
{"method": "GET", "path": "/data-sets/merged-customers/.preview", "endpoint": "data_sets.data_set_preview", "view-args": {"data_set_id": "merged-customers"}, "status": 200, "user": "72141146ea8e13f4@lampenwelt.de", "timestamp": "2019-03-19T09:30:02.407038", "browser": "chrome", "browser-platform": "windows", "browser-version": "72.0.3626.121"}
{"method": "GET", "path": "/data-sets/sales/.preview", "endpoint": "data_sets.data_set_preview", "view-args": {"data_set_id": "sales"}, "status": 200, "user": "72141146ea8e13f4@lampenwelt.de", "timestamp": "2019-03-19T09:30:02.413251", "browser": "chrome", "browser-platform": "windows", "browser-version": "72.0.3626.121"}
{"method": "GET", "path": "/data-sets/quotes/.preview", "endpoint": "data_sets.data_set_preview", "view-args": {"data_set_id": "quotes"}, "status": 200, "user": "72141146ea8e13f4@lampenwelt.de", "timestamp": "2019-03-19T09:30:02.466254", "browser": "chrome", "browser-platform": "windows", "browser-version": "72.0.3626.121"}
{"method": "GET", "path": "/data-sets/warehouse-inventory/.preview", "endpoint": "data_sets.data_set_preview", "view-args": {"data_set_id": "warehouse-inventory"}, "status": 200, "user": "72141146ea8e13f4@lampenwelt.de", "timestamp": "2019-03-19T09:30:02.479095", "browser": "chrome", "browser-platform": "windows", "browser-version": "72.0.3626.121"}
{"method": "GET", "path": "/data-sets/shop-performance-test/.preview", "endpoint": "data_sets.data_set_preview", "view-args": {"data_set_id": "shop-performance-test"}, "status": 200, "user": "72141146ea8e13f4@lampenwelt.de", "timestamp": "2019-03-19T09:30:02.479409", "browser": "chrome", "browser-platform": "windows", "browser-version": "72.0.3626.121"}
{"method": "GET", "path": "/data-sets/warehouse-shipment/.preview", "endpoint": "data_sets.data_set_preview", "view-args": {"data_set_id": "warehouse-shipment"}, "status": 200, "user": "72141146ea8e13f4@lampenwelt.de", "timestamp": "2019-03-19T09:30:02.540626", "browser": "chrome", "browser-platform": "windows", "browser-version": "72.0.3626.121"}
{"method": "GET", "path": "/data-sets/ad-performance", "endpoint": "data_sets.data_set_page", "view-args": {"data_set_id": "ad-performance", "query_id": null}, "status": 200, "user": "72141146ea8e13f4@lampenwelt.de", "timestamp": "2019-03-19T09:30:04.455680", "browser": "chrome", "browser-platform": "windows", "browser-version": "72.0.3626.121"}
{"method": "POST", "path": "/data-sets/.initialize", "endpoint": "data_sets.initialize_query", "view-args": {}, "status": 200, "user": "72141146ea8e13f4@lampenwelt.de", "timestamp": "2019-03-19T09:30:06.154506", "browser": "chrome", "browser-platform": "windows", "browser-version": "72.0.3626.121"}
{"method": "POST", "path": "/data-sets/.preview", "endpoint": "data_sets.preview", "view-args": {}, "status": 200, "user": "72141146ea8e13f4@lampenwelt.de", "timestamp": "2019-03-19T09:30:06.217835", "browser": "chrome", "browser-platform": "windows", "browser-version": "72.0.3626.121"}
{"method": "POST", "path": "/data-sets/.row-count", "endpoint": "data_sets.row_count", "view-args": {}, "status": 200, "user": "72141146ea8e13f4@lampenwelt.de", "timestamp": "2019-03-19T09:30:07.355460", "browser": "chrome", "browser-platform": "windows", "browser-version": "72.0.3626.121"}
{"method": "POST", "path": "/data-sets/.distribution-chart-1", "endpoint": "data_sets.distribution_chart", "view-args": {"pos": 1}, "status": 200, "user": "72141146ea8e13f4@lampenwelt.de", "timestamp": "2019-03-19T09:30:12.124083", "browser": "chrome", "browser-platform": "windows", "browser-version": "72.0.3626.121"}
{"method": "GET", "path": "/dashboards/marketing-overview", "endpoint": "dashboards.view_dashboard", "view-args": {"id": "marketing-overview"}, "status": 200, "user": "72141146ea8e13f4@lampenwelt.de", "timestamp": "2019-03-19T09:30:12.330708", "browser": "chrome", "browser-platform": "windows", "browser-version": "72.0.3626.121"}
{"method": "POST", "path": "/data-sets/.distribution-chart-2", "endpoint": "data_sets.distribution_chart", "view-args": {"pos": 2}, "status": 200, "user": "72141146ea8e13f4@lampenwelt.de", "timestamp": "2019-03-19T09:30:14.184180", "browser": "chrome", "browser-platform": "windows", "browser-version": "72.0.3626.121"}
{"method": "GET", "path": "/dashboards/_render_async_sql_query/bdfd896f-00e4-488e-9bb6-4d4369df162f", "endpoint": "dashboards.render_async_sql_query", "view-args": {"id": "bdfd896f-00e4-488e-9bb6-4d4369df162f"}, "status": 200, "user": "72141146ea8e13f4@lampenwelt.de", "timestamp": "2019-03-19T09:30:14.947169", "browser": "chrome", "browser-platform": "windows", "browser-version": "72.0.3626.121"}
{"method": "GET", "path": "/dashboards/_render_async_sql_query/60a583b3-a6b8-4b1f-9b0b-32cff9d30251", "endpoint": "dashboards.render_async_sql_query", "view-args": {"id": "60a583b3-a6b8-4b1f-9b0b-32cff9d30251"}, "status": 200, "user": "72141146ea8e13f4@lampenwelt.de", "timestamp": "2019-03-19T09:30:14.976378", "browser": "chrome", "browser-platform": "windows", "browser-version": "72.0.3626.121"}
{"method": "GET", "path": "/dashboards/_render_async_sql_query/ce3678f3-9a02-4a6d-9f40-e60c21f80c0e", "endpoint": "dashboards.render_async_sql_query", "view-args": {"id": "ce3678f3-9a02-4a6d-9f40-e60c21f80c0e"}, "status": 200, "user": "72141146ea8e13f4@lampenwelt.de", "timestamp": "2019-03-19T09:30:15.012658", "browser": "chrome", "browser-platform": "windows", "browser-version": "72.0.3626.121"}
{"method": "GET", "path": "/dashboards/_render_async_sql_query/bb18a676-823e-4fe3-9593-399c3262a746", "endpoint": "dashboards.render_async_sql_query", "view-args": {"id": "bb18a676-823e-4fe3-9593-399c3262a746"}, "status": 200, "user": "72141146ea8e13f4@lampenwelt.de", "timestamp": "2019-03-19T09:30:15.047702", "browser": "chrome", "browser-platform": "windows", "browser-version": "72.0.3626.121"}
{"method": "GET", "path": "/dashboards/_last_successful_import", "endpoint": "dashboards.last_successful_import", "view-args": {}, "status": 200, "user": "72141146ea8e13f4@lampenwelt.de", "timestamp": "2019-03-19T09:30:15.067808", "browser": "chrome", "browser-platform": "windows", "browser-version": "72.0.3626.121"}
{"method": "GET", "path": "/dashboards/_last_marketing_cost/marketing-overview", "endpoint": "dashboards.last_marketing_cost", "view-args": {"id": "marketing-overview"}, "status": 200, "user": "72141146ea8e13f4@lampenwelt.de", "timestamp": "2019-03-19T09:30:15.087487", "browser": "chrome", "browser-platform": "windows", "browser-version": "72.0.3626.121"}
{"method": "GET", "path": "/dashboards/_render_async_sql_query/9bdae3cf-3866-4abb-9178-379dde2c423f", "endpoint": "dashboards.render_async_sql_query", "view-args": {"id": "9bdae3cf-3866-4abb-9178-379dde2c423f"}, "status": 200, "user": "72141146ea8e13f4@lampenwelt.de", "timestamp": "2019-03-19T09:30:15.119326", "browser": "chrome", "browser-platform": "windows", "browser-version": "72.0.3626.121"}
{"method": "GET", "path": "/dashboards/_render_async_sql_query/fbb67ab3-0d70-431c-8074-f6e35cbfc614", "endpoint": "dashboards.render_async_sql_query", "view-args": {"id": "fbb67ab3-0d70-431c-8074-f6e35cbfc614"}, "status": 200, "user": "72141146ea8e13f4@lampenwelt.de", "timestamp": "2019-03-19T09:30:15.149760", "browser": "chrome", "browser-platform": "windows", "browser-version": "72.0.3626.121"}
{"method": "GET", "path": "/dashboards/_render_async_sql_query/f3198d95-30db-4dab-bee8-71ae871b180a", "endpoint": "dashboards.render_async_sql_query", "view-args": {"id": "f3198d95-30db-4dab-bee8-71ae871b180a"}, "status": 200, "user": "72141146ea8e13f4@lampenwelt.de", "timestamp": "2019-03-19T09:30:15.178395", "browser": "chrome", "browser-platform": "windows", "browser-version": "72.0.3626.121"}
{"method": "GET", "path": "/dashboards/_render_async_sql_query/3c0db4fb-808f-4bed-9563-161520a9c299", "endpoint": "dashboards.render_async_sql_query", "view-args": {"id": "3c0db4fb-808f-4bed-9563-161520a9c299"}, "status": 200, "user": "72141146ea8e13f4@lampenwelt.de", "timestamp": "2019-03-19T09:30:15.207998", "browser": "chrome", "browser-platform": "windows", "browser-version": "72.0.3626.121"}
{"method": "GET", "path": "/dashboards/_render_async_sql_query/84d76b09-356a-4055-b003-b4dac613aeb2", "endpoint": "dashboards.render_async_sql_query", "view-args": {"id": "84d76b09-356a-4055-b003-b4dac613aeb2"}, "status": 200, "user": "72141146ea8e13f4@lampenwelt.de", "timestamp": "2019-03-19T09:30:15.238629", "browser": "chrome", "browser-platform": "windows", "browser-version": "72.0.3626.121"}
{"method": "GET", "path": "/dashboards/_render_async_sql_query/025ebed7-2efb-42b0-a77a-35ed371d6b3f", "endpoint": "dashboards.render_async_sql_query", "view-args": {"id": "025ebed7-2efb-42b0-a77a-35ed371d6b3f"}, "status": 200, "user": "72141146ea8e13f4@lampenwelt.de", "timestamp": "2019-03-19T09:30:15.266011", "browser": "chrome", "browser-platform": "windows", "browser-version": "72.0.3626.121"}
{"method": "GET", "path": "/dashboards/_render_async_sql_query/435f3c6f-8494-432b-a7ad-72f5cb7d878d", "endpoint": "dashboards.render_async_sql_query", "view-args": {"id": "435f3c6f-8494-432b-a7ad-72f5cb7d878d"}, "status": 200, "user": "72141146ea8e13f4@lampenwelt.de", "timestamp": "2019-03-19T09:30:15.304390", "browser": "chrome", "browser-platform": "windows", "browser-version": "72.0.3626.121"}
{"method": "GET", "path": "/dashboards/_render_async_sql_query/fa8d4a7d-5819-4ac7-ac46-290392e0338a", "endpoint": "dashboards.render_async_sql_query", "view-args": {"id": "fa8d4a7d-5819-4ac7-ac46-290392e0338a"}, "status": 200, "user": "72141146ea8e13f4@lampenwelt.de", "timestamp": "2019-03-19T09:30:15.337584", "browser": "chrome", "browser-platform": "windows", "browser-version": "72.0.3626.121"}
{"method": "POST", "path": "/data-sets/.distribution-chart-0", "endpoint": "data_sets.distribution_chart", "view-args": {"pos": 0}, "status": 200, "user": "72141146ea8e13f4@lampenwelt.de", "timestamp": "2019-03-19T09:30:15.341869", "browser": "chrome", "browser-platform": "windows", "browser-version": "72.0.3626.121"}
{"method": "GET", "path": "/dashboards/_render_async_sql_query/5c2a2cdf-e673-4cdc-a2cf-30c65eaafdda", "endpoint": "dashboards.render_async_sql_query", "view-args": {"id": "5c2a2cdf-e673-4cdc-a2cf-30c65eaafdda"}, "status": 200, "user": "72141146ea8e13f4@lampenwelt.de", "timestamp": "2019-03-19T09:30:15.361838", "browser": "chrome", "browser-platform": "windows", "browser-version": "72.0.3626.121"}
{"method": "GET", "path": "/dashboards/_render_async_sql_query/12fb933e-b2ce-4379-af0c-6b882ba41dac", "endpoint": "dashboards.render_async_sql_query", "view-args": {"id": "12fb933e-b2ce-4379-af0c-6b882ba41dac"}, "status": 200, "user": "72141146ea8e13f4@lampenwelt.de", "timestamp": "2019-03-19T09:30:15.371338", "browser": "chrome", "browser-platform": "windows", "browser-version": "72.0.3626.121"}
{"method": "GET", "path": "/dashboards/_render_async_sql_query/3382d4d3-6a43-4aa1-bfec-c51296e9e7c0", "endpoint": "dashboards.render_async_sql_query", "view-args": {"id": "3382d4d3-6a43-4aa1-bfec-c51296e9e7c0"}, "status": 200, "user": "72141146ea8e13f4@lampenwelt.de", "timestamp": "2019-03-19T09:30:15.406291", "browser": "chrome", "browser-platform": "windows", "browser-version": "72.0.3626.121"}
{"method": "GET", "path": "/dashboards/_render_async_sql_query/4c4a90c2-0e6e-47a7-919c-1e54d9f6ebe5", "endpoint": "dashboards.render_async_sql_query", "view-args": {"id": "4c4a90c2-0e6e-47a7-919c-1e54d9f6ebe5"}, "status": 200, "user": "72141146ea8e13f4@lampenwelt.de", "timestamp": "2019-03-19T09:30:15.427963", "browser": "chrome", "browser-platform": "windows", "browser-version": "72.0.3626.121"}
{"method": "POST", "path": "/data-sets/.distribution-chart-3", "endpoint": "data_sets.distribution_chart", "view-args": {"pos": 3}, "status": 200, "user": "72141146ea8e13f4@lampenwelt.de", "timestamp": "2019-03-19T09:30:18.422138", "browser": "chrome", "browser-platform": "windows", "browser-version": "72.0.3626.121"}
{"method": "POST", "path": "/mondrian/saiku/authorize", "endpoint": "py_mondrian.saiku_authorize", "view-args": {}, "status": 200, "user": "35675e68f4b5af7b@localhost", "timestamp": "2019-03-19T09:30:22.952002", "browser": null, "browser-platform": null, "browser-version": null}
{"method": "GET", "path": "/data-integration/data_transformation", "endpoint": "data_integration.node_page", "view-args": {"path": "data_transformation"}, "status": 200, "user": "67151590075fb3ec@lampenwelt.de", "timestamp": "2019-03-19T09:31:39.922492", "browser": "chrome", "browser-platform": "windows", "browser-version": "72.0.3626.121"}
{"method": "GET", "path": "/data-integration/data_transformation/dependency-graph", "endpoint": "data_integration.dependency_graph", "view-args": {"path": "data_transformation"}, "status": 200, "user": "67151590075fb3ec@lampenwelt.de", "timestamp": "2019-03-19T09:31:40.332642", "browser": "chrome", "browser-platform": "windows", "browser-version": "72.0.3626.121"}
{"method": "GET", "path": "/data-integration/data_transformation/last-runs-selector", "endpoint": "data_integration.last_runs_selector", "view-args": {"path": "data_transformation"}, "status": 200, "user": "67151590075fb3ec@lampenwelt.de", "timestamp": "2019-03-19T09:31:40.459624", "browser": "chrome", "browser-platform": "windows", "browser-version": "72.0.3626.121"}
{"method": "GET", "path": "/data-integration/data_transformation/run-time-chart", "endpoint": "data_integration.run_time_chart", "view-args": {"path": "data_transformation"}, "status": 200, "user": "67151590075fb3ec@lampenwelt.de", "timestamp": "2019-03-19T09:31:40.484821", "browser": "chrome", "browser-platform": "windows", "browser-version": "72.0.3626.121"}
{"method": "GET", "path": "/data-integration/data_transformation/system-stats", "endpoint": "data_integration.system_stats", "view-args": {"path": "data_transformation", "run_id": null}, "status": 200, "user": "67151590075fb3ec@lampenwelt.de", "timestamp": "2019-03-19T09:31:40.518324", "browser": "chrome", "browser-platform": "windows", "browser-version": "72.0.3626.121"}
{"method": "GET", "path": "/data-integration/data_transformation/timeline-chart", "endpoint": "data_integration.timeline_chart", "view-args": {"path": "data_transformation", "run_id": null}, "status": 200, "user": "67151590075fb3ec@lampenwelt.de", "timestamp": "2019-03-19T09:31:40.537780", "browser": "chrome", "browser-platform": "windows", "browser-version": "72.0.3626.121"}
{"method": "GET", "path": "/data-integration/data_transformation/run-output-limited", "endpoint": "data_integration.run_output", "view-args": {"path": "data_transformation", "run_id": null, "limit": true}, "status": 200, "user": "67151590075fb3ec@lampenwelt.de", "timestamp": "2019-03-19T09:31:40.624125", "browser": "chrome", "browser-platform": "windows", "browser-version": "72.0.3626.121"}
{"method": "GET", "path": "/data-integration/data_transformation/pipeline-children-table", "endpoint": "data_integration.pipeline_children_table", "view-args": {"path": "data_transformation"}, "status": 200, "user": "67151590075fb3ec@lampenwelt.de", "timestamp": "2019-03-19T09:31:42.091564", "browser": "chrome", "browser-platform": "windows", "browser-version": "72.0.3626.121"}
{"method": "GET", "path": "/dashboards/marketing-country-overview", "endpoint": "dashboards.view_dashboard", "view-args": {"id": "marketing-country-overview"}, "status": 200, "user": "72141146ea8e13f4@lampenwelt.de", "timestamp": "2019-03-19T09:31:48.948254", "browser": "chrome", "browser-platform": "windows", "browser-version": "72.0.3626.121"}
{"method": "GET", "path": "/dashboards/_render_async_sql_query/da617ffe-03bd-4c2c-ae9a-ffcca0142925", "endpoint": "dashboards.render_async_sql_query", "view-args": {"id": "da617ffe-03bd-4c2c-ae9a-ffcca0142925"}, "status": 200, "user": "72141146ea8e13f4@lampenwelt.de", "timestamp": "2019-03-19T09:31:49.954471", "browser": "chrome", "browser-platform": "windows", "browser-version": "72.0.3626.121"}
{"method": "GET", "path": "/dashboards/_render_async_sql_query/df4a3471-2f6c-42dc-bae4-866ecd4f866c", "endpoint": "dashboards.render_async_sql_query", "view-args": {"id": "df4a3471-2f6c-42dc-bae4-866ecd4f866c"}, "status": 200, "user": "72141146ea8e13f4@lampenwelt.de", "timestamp": "2019-03-19T09:31:49.954794", "browser": "chrome", "browser-platform": "windows", "browser-version": "72.0.3626.121"}
{"method": "GET", "path": "/dashboards/_render_async_sql_query/13907c5b-a1e6-4e1c-b359-80daa852a978", "endpoint": "dashboards.render_async_sql_query", "view-args": {"id": "13907c5b-a1e6-4e1c-b359-80daa852a978"}, "status": 200, "user": "72141146ea8e13f4@lampenwelt.de", "timestamp": "2019-03-19T09:31:49.969458", "browser": "chrome", "browser-platform": "windows", "browser-version": "72.0.3626.121"}
{"method": "GET", "path": "/dashboards/_last_successful_import", "endpoint": "dashboards.last_successful_import", "view-args": {}, "status": 200, "user": "72141146ea8e13f4@lampenwelt.de", "timestamp": "2019-03-19T09:31:49.972921", "browser": "chrome", "browser-platform": "windows", "browser-version": "72.0.3626.121"}
{"method": "GET", "path": "/dashboards/_render_async_sql_query/56c53470-355e-423d-a1b8-d7f42fd25106", "endpoint": "dashboards.render_async_sql_query", "view-args": {"id": "56c53470-355e-423d-a1b8-d7f42fd25106"}, "status": 200, "user": "72141146ea8e13f4@lampenwelt.de", "timestamp": "2019-03-19T09:31:49.982280", "browser": "chrome", "browser-platform": "windows", "browser-version": "72.0.3626.121"}
{"method": "GET", "path": "/dashboards/_last_marketing_cost/marketing-country-overview", "endpoint": "dashboards.last_marketing_cost", "view-args": {"id": "marketing-country-overview"}, "status": 200, "user": "72141146ea8e13f4@lampenwelt.de", "timestamp": "2019-03-19T09:31:49.987967", "browser": "chrome", "browser-platform": "windows", "browser-version": "72.0.3626.121"}
{"method": "GET", "path": "/dashboards/_render_async_sql_query/12b49fa2-2266-4287-b4c2-7b6d48f8bede", "endpoint": "dashboards.render_async_sql_query", "view-args": {"id": "12b49fa2-2266-4287-b4c2-7b6d48f8bede"}, "status": 200, "user": "72141146ea8e13f4@lampenwelt.de", "timestamp": "2019-03-19T09:31:50.226676", "browser": "chrome", "browser-platform": "windows", "browser-version": "72.0.3626.121"}
{"method": "GET", "path": "/dashboards/_render_async_sql_query/2dea102f-f5b3-443f-bccb-5bb9fede9302", "endpoint": "dashboards.render_async_sql_query", "view-args": {"id": "2dea102f-f5b3-443f-bccb-5bb9fede9302"}, "status": 200, "user": "72141146ea8e13f4@lampenwelt.de", "timestamp": "2019-03-19T09:31:50.240763", "browser": "chrome", "browser-platform": "windows", "browser-version": "72.0.3626.121"}
{"method": "GET", "path": "/dashboards/_render_async_sql_query/74aa61c6-97e1-42f1-a928-50e570159712", "endpoint": "dashboards.render_async_sql_query", "view-args": {"id": "74aa61c6-97e1-42f1-a928-50e570159712"}, "status": 200, "user": "72141146ea8e13f4@lampenwelt.de", "timestamp": "2019-03-19T09:31:50.241240", "browser": "chrome", "browser-platform": "windows", "browser-version": "72.0.3626.121"}
{"method": "GET", "path": "/dashboards/_render_async_sql_query/c3dca647-1bca-4bf5-94b9-ca2f2b6f75f2", "endpoint": "dashboards.render_async_sql_query", "view-args": {"id": "c3dca647-1bca-4bf5-94b9-ca2f2b6f75f2"}, "status": 200, "user": "72141146ea8e13f4@lampenwelt.de", "timestamp": "2019-03-19T09:31:50.275028", "browser": "chrome", "browser-platform": "windows", "browser-version": "72.0.3626.121"}
{"method": "GET", "path": "/dashboards/_render_async_sql_query/df63384f-eccd-4b94-bd8e-26972c749e99", "endpoint": "dashboards.render_async_sql_query", "view-args": {"id": "df63384f-eccd-4b94-bd8e-26972c749e99"}, "status": 200, "user": "72141146ea8e13f4@lampenwelt.de", "timestamp": "2019-03-19T09:31:50.374415", "browser": "chrome", "browser-platform": "windows", "browser-version": "72.0.3626.121"}
{"method": "GET", "path": "/dashboards/_render_async_sql_query/e9f4545b-fbcc-4efd-b1a9-60ca496c449c", "endpoint": "dashboards.render_async_sql_query", "view-args": {"id": "e9f4545b-fbcc-4efd-b1a9-60ca496c449c"}, "status": 200, "user": "72141146ea8e13f4@lampenwelt.de", "timestamp": "2019-03-19T09:31:50.374486", "browser": "chrome", "browser-platform": "windows", "browser-version": "72.0.3626.121"}
{"method": "GET", "path": "/dashboards/_render_async_sql_query/2f74c4b3-1948-4e5e-a00e-a45ed0bacc40", "endpoint": "dashboards.render_async_sql_query", "view-args": {"id": "2f74c4b3-1948-4e5e-a00e-a45ed0bacc40"}, "status": 200, "user": "72141146ea8e13f4@lampenwelt.de", "timestamp": "2019-03-19T09:31:50.384653", "browser": "chrome", "browser-platform": "windows", "browser-version": "72.0.3626.121"}
{"method": "GET", "path": "/dashboards/_render_async_sql_query/c890517c-a705-45a9-91d0-1ce4c26c4a55", "endpoint": "dashboards.render_async_sql_query", "view-args": {"id": "c890517c-a705-45a9-91d0-1ce4c26c4a55"}, "status": 200, "user": "72141146ea8e13f4@lampenwelt.de", "timestamp": "2019-03-19T09:31:50.392183", "browser": "chrome", "browser-platform": "windows", "browser-version": "72.0.3626.121"}
{"method": "GET", "path": "/dashboards/_render_async_sql_query/888ba456-41c2-4eae-8909-361735bfa1ae", "endpoint": "dashboards.render_async_sql_query", "view-args": {"id": "888ba456-41c2-4eae-8909-361735bfa1ae"}, "status": 200, "user": "72141146ea8e13f4@lampenwelt.de", "timestamp": "2019-03-19T09:31:50.516310", "browser": "chrome", "browser-platform": "windows", "browser-version": "72.0.3626.121"}
{"method": "GET", "path": "/dashboards/_render_async_sql_query/2195c09e-500b-46df-8c37-8dcce1883bc9", "endpoint": "dashboards.render_async_sql_query", "view-args": {"id": "2195c09e-500b-46df-8c37-8dcce1883bc9"}, "status": 200, "user": "72141146ea8e13f4@lampenwelt.de", "timestamp": "2019-03-19T09:31:50.523337", "browser": "chrome", "browser-platform": "windows", "browser-version": "72.0.3626.121"}
{"method": "GET", "path": "/dashboards/_render_async_sql_query/7f19ce47-cd93-4de3-9705-059bd7345fec", "endpoint": "dashboards.render_async_sql_query", "view-args": {"id": "7f19ce47-cd93-4de3-9705-059bd7345fec"}, "status": 200, "user": "72141146ea8e13f4@lampenwelt.de", "timestamp": "2019-03-19T09:31:50.525853", "browser": "chrome", "browser-platform": "windows", "browser-version": "72.0.3626.121"}
{"method": "GET", "path": "/dashboards/_render_async_sql_query/7a98528c-a787-4a9a-a414-05378f550591", "endpoint": "dashboards.render_async_sql_query", "view-args": {"id": "7a98528c-a787-4a9a-a414-05378f550591"}, "status": 200, "user": "72141146ea8e13f4@lampenwelt.de", "timestamp": "2019-03-19T09:31:50.537549", "browser": "chrome", "browser-platform": "windows", "browser-version": "72.0.3626.121"}
{"method": "GET", "path": "/dashboards/_render_async_sql_query/e91bce49-4d2b-41bd-bfe0-2fc244bc94f5", "endpoint": "dashboards.render_async_sql_query", "view-args": {"id": "e91bce49-4d2b-41bd-bfe0-2fc244bc94f5"}, "status": 200, "user": "72141146ea8e13f4@lampenwelt.de", "timestamp": "2019-03-19T09:31:50.595734", "browser": "chrome", "browser-platform": "windows", "browser-version": "72.0.3626.121"}
{"method": "GET", "path": "/dashboards/_render_async_sql_query/79a368df-664d-48e5-9299-5a86947f0aba", "endpoint": "dashboards.render_async_sql_query", "view-args": {"id": "79a368df-664d-48e5-9299-5a86947f0aba"}, "status": 200, "user": "72141146ea8e13f4@lampenwelt.de", "timestamp": "2019-03-19T09:31:50.600871", "browser": "chrome", "browser-platform": "windows", "browser-version": "72.0.3626.121"}
{"method": "GET", "path": "/dashboards/_render_async_sql_query/33fb5f8a-ea5d-4f3b-90a9-395bf845447e", "endpoint": "dashboards.render_async_sql_query", "view-args": {"id": "33fb5f8a-ea5d-4f3b-90a9-395bf845447e"}, "status": 200, "user": "72141146ea8e13f4@lampenwelt.de", "timestamp": "2019-03-19T09:31:50.605842", "browser": "chrome", "browser-platform": "windows", "browser-version": "72.0.3626.121"}
{"method": "GET", "path": "/dashboards/_render_async_sql_query/a1cffbcf-acf3-4e9e-997c-030c578b63a7", "endpoint": "dashboards.render_async_sql_query", "view-args": {"id": "a1cffbcf-acf3-4e9e-997c-030c578b63a7"}, "status": 200, "user": "72141146ea8e13f4@lampenwelt.de", "timestamp": "2019-03-19T09:31:50.616336", "browser": "chrome", "browser-platform": "windows", "browser-version": "72.0.3626.121"}
{"method": "GET", "path": "/dashboards/_render_async_sql_query/9d0a0202-65ac-4c95-8211-1ec8fe17decc", "endpoint": "dashboards.render_async_sql_query", "view-args": {"id": "9d0a0202-65ac-4c95-8211-1ec8fe17decc"}, "status": 200, "user": "72141146ea8e13f4@lampenwelt.de", "timestamp": "2019-03-19T09:31:50.680718", "browser": "chrome", "browser-platform": "windows", "browser-version": "72.0.3626.121"}
{"method": "GET", "path": "/dashboards/_render_async_sql_query/346f1d4e-5573-4caa-9c8b-f9b6a8396076", "endpoint": "dashboards.render_async_sql_query", "view-args": {"id": "346f1d4e-5573-4caa-9c8b-f9b6a8396076"}, "status": 200, "user": "72141146ea8e13f4@lampenwelt.de", "timestamp": "2019-03-19T09:31:50.681934", "browser": "chrome", "browser-platform": "windows", "browser-version": "72.0.3626.121"}
{"method": "GET", "path": "/dashboards/_render_async_sql_query/5f4f6b43-a4db-4c24-8f47-4efeca169d31", "endpoint": "dashboards.render_async_sql_query", "view-args": {"id": "5f4f6b43-a4db-4c24-8f47-4efeca169d31"}, "status": 200, "user": "72141146ea8e13f4@lampenwelt.de", "timestamp": "2019-03-19T09:31:50.689286", "browser": "chrome", "browser-platform": "windows", "browser-version": "72.0.3626.121"}
{"method": "GET", "path": "/mondrian/saiku", "endpoint": "py_mondrian.saiku", "view-args": {}, "status": 302, "user": "67151590075fb3ec@lampenwelt.de", "timestamp": "2019-03-19T09:31:57.461049", "browser": "chrome", "browser-platform": "windows", "browser-version": "72.0.3626.121"}
{"method": "POST", "path": "/mondrian/saiku/authorize", "endpoint": "py_mondrian.saiku_authorize", "view-args": {}, "status": 200, "user": "35675e68f4b5af7b@localhost", "timestamp": "2019-03-19T09:31:58.081580", "browser": null, "browser-platform": null, "browser-version": null}
{"method": "POST", "path": "/mondrian/saiku/authorize", "endpoint": "py_mondrian.saiku_authorize", "view-args": {}, "status": 200, "user": "35675e68f4b5af7b@localhost", "timestamp": "2019-03-19T09:31:58.081720", "browser": null, "browser-platform": null, "browser-version": null}
{"method": "POST", "path": "/mondrian/saiku/authorize", "endpoint": "py_mondrian.saiku_authorize", "view-args": {}, "status": 200, "user": "35675e68f4b5af7b@localhost", "timestamp": "2019-03-19T09:31:58.766031", "browser": null, "browser-platform": null, "browser-version": null}
{"method": "POST", "path": "/mondrian/excel/authorize", "endpoint": "py_mondrian.excel_authorize", "view-args": {}, "status": 200, "user": "35675e68f4b5af7b@localhost", "timestamp": "2019-03-19T09:35:59.064268", "browser": null, "browser-platform": null, "browser-version": null}
{"method": "POST", "path": "/mondrian/saiku/authorize", "endpoint": "py_mondrian.saiku_authorize", "view-args": {}, "status": 200, "user": "35675e68f4b5af7b@localhost", "timestamp": "2019-03-19T09:35:59.674670", "browser": null, "browser-platform": null, "browser-version": null}
{"method": "POST", "path": "/mondrian/excel/authorize", "endpoint": "py_mondrian.excel_authorize", "view-args": {}, "status": 200, "user": "35675e68f4b5af7b@localhost", "timestamp": "2019-03-19T09:36:06.817593", "browser": null, "browser-platform": null, "browser-version": null}
{"method": "POST", "path": "/mondrian/saiku/authorize", "endpoint": "py_mondrian.saiku_authorize", "view-args": {}, "status": 200, "user": "35675e68f4b5af7b@localhost", "timestamp": "2019-03-19T09:52:35.584901", "browser": null, "browser-platform": null, "browser-version": null}
{"method": "POST", "path": "/mondrian/saiku/authorize", "endpoint": "py_mondrian.saiku_authorize", "view-args": {}, "status": 200, "user": "35675e68f4b5af7b@localhost", "timestamp": "2019-03-19T09:52:36.460883", "browser": null, "browser-platform": null, "browser-version": null}
