{"method": "POST", "path": "/dashboards/sales-comparison", "endpoint": "dashboards.view_dashboard", "view-args": {"id": "sales-comparison"}, "status": 200, "user": "9635ba394a33875c@lampenwelt.de", "timestamp": "2019-04-23T09:01:46.098597", "browser": "chrome", "browser-platform": "windows", "browser-version": "73.0.3683.86"}
{"method": "GET", "path": "/dashboards/_render_async_sql_query/d5954034-bf06-4245-9a94-7cc84cfbd055", "endpoint": "dashboards.render_async_sql_query", "view-args": {"id": "d5954034-bf06-4245-9a94-7cc84cfbd055"}, "status": 500, "user": "9635ba394a33875c@lampenwelt.de", "timestamp": "2019-04-23T09:01:46.670585", "browser": "chrome", "browser-platform": "windows", "browser-version": "73.0.3683.86"}
{"method": "GET", "path": "/dashboards/_render_async_sql_query/4371e797-7ef5-4928-9250-80fa1beff202", "endpoint": "dashboards.render_async_sql_query", "view-args": {"id": "4371e797-7ef5-4928-9250-80fa1beff202"}, "status": 500, "user": "9635ba394a33875c@lampenwelt.de", "timestamp": "2019-04-23T09:01:46.679521", "browser": "chrome", "browser-platform": "windows", "browser-version": "73.0.3683.86"}
{"method": "GET", "path": "/dashboards/_last_successful_import", "endpoint": "dashboards.last_successful_import", "view-args": {}, "status": 200, "user": "9635ba394a33875c@lampenwelt.de", "timestamp": "2019-04-23T09:01:46.712290", "browser": "chrome", "browser-platform": "windows", "browser-version": "73.0.3683.86"}
{"method": "GET", "path": "/dashboards/_last_marketing_cost/sales-comparison", "endpoint": "dashboards.last_marketing_cost", "view-args": {"id": "sales-comparison"}, "status": 200, "user": "9635ba394a33875c@lampenwelt.de", "timestamp": "2019-04-23T09:01:46.725073", "browser": "chrome", "browser-platform": "windows", "browser-version": "73.0.3683.86"}
{"method": "GET", "path": "/dashboards/_render_async_sql_query/84b9e95d-fcd7-4bdf-9b2c-c3b34fb3a363", "endpoint": "dashboards.render_async_sql_query", "view-args": {"id": "84b9e95d-fcd7-4bdf-9b2c-c3b34fb3a363"}, "status": 500, "user": "9635ba394a33875c@lampenwelt.de", "timestamp": "2019-04-23T09:01:46.756039", "browser": "chrome", "browser-platform": "windows", "browser-version": "73.0.3683.86"}
{"method": "GET", "path": "/dashboards/_render_async_sql_query/59294f00-6f90-4685-a60f-370c889998e8", "endpoint": "dashboards.render_async_sql_query", "view-args": {"id": "59294f00-6f90-4685-a60f-370c889998e8"}, "status": 500, "user": "9635ba394a33875c@lampenwelt.de", "timestamp": "2019-04-23T09:01:47.161106", "browser": "chrome", "browser-platform": "windows", "browser-version": "73.0.3683.86"}
{"method": "GET", "path": "/dashboards/_render_async_sql_query/93530ffb-ed54-48dd-b8fb-ea4abca1a457", "endpoint": "dashboards.render_async_sql_query", "view-args": {"id": "93530ffb-ed54-48dd-b8fb-ea4abca1a457"}, "status": 500, "user": "9635ba394a33875c@lampenwelt.de", "timestamp": "2019-04-23T09:01:47.189771", "browser": "chrome", "browser-platform": "windows", "browser-version": "73.0.3683.86"}
{"method": "GET", "path": "/dashboards/_render_async_sql_query/0c914c72-83fb-4604-8ae6-fbdbcb357f88", "endpoint": "dashboards.render_async_sql_query", "view-args": {"id": "0c914c72-83fb-4604-8ae6-fbdbcb357f88"}, "status": 200, "user": "9635ba394a33875c@lampenwelt.de", "timestamp": "2019-04-23T09:01:48.404121", "browser": "chrome", "browser-platform": "windows", "browser-version": "73.0.3683.86"}
{"method": "GET", "path": "/dashboards/sales-comparison", "endpoint": "dashboards.view_dashboard", "view-args": {"id": "sales-comparison"}, "status": 200, "user": "9942c672b9354771@lampenwelt.de", "timestamp": "2019-04-23T09:13:00.659106", "browser": "chrome", "browser-platform": "windows", "browser-version": "73.0.3683.103"}
{"method": "GET", "path": "/dashboards/_render_async_sql_query/0a6c0296-0add-4ac7-9095-6a9db139d891", "endpoint": "dashboards.render_async_sql_query", "view-args": {"id": "0a6c0296-0add-4ac7-9095-6a9db139d891"}, "status": 200, "user": "9942c672b9354771@lampenwelt.de", "timestamp": "2019-04-23T09:13:01.004140", "browser": "chrome", "browser-platform": "windows", "browser-version": "73.0.3683.103"}
{"method": "GET", "path": "/dashboards/_render_async_sql_query/264cce36-9371-47a7-8f52-b9a8d41628be", "endpoint": "dashboards.render_async_sql_query", "view-args": {"id": "264cce36-9371-47a7-8f52-b9a8d41628be"}, "status": 500, "user": "9942c672b9354771@lampenwelt.de", "timestamp": "2019-04-23T09:13:01.017556", "browser": "chrome", "browser-platform": "windows", "browser-version": "73.0.3683.103"}
{"method": "GET", "path": "/dashboards/_render_async_sql_query/50a56b65-aef7-470e-abd1-0a0b46bdaebb", "endpoint": "dashboards.render_async_sql_query", "view-args": {"id": "50a56b65-aef7-470e-abd1-0a0b46bdaebb"}, "status": 500, "user": "9942c672b9354771@lampenwelt.de", "timestamp": "2019-04-23T09:13:01.024040", "browser": "chrome", "browser-platform": "windows", "browser-version": "73.0.3683.103"}
{"method": "GET", "path": "/dashboards/_last_marketing_cost/sales-comparison", "endpoint": "dashboards.last_marketing_cost", "view-args": {"id": "sales-comparison"}, "status": 200, "user": "9942c672b9354771@lampenwelt.de", "timestamp": "2019-04-23T09:13:01.035451", "browser": "chrome", "browser-platform": "windows", "browser-version": "73.0.3683.103"}
{"method": "GET", "path": "/dashboards/_last_successful_import", "endpoint": "dashboards.last_successful_import", "view-args": {}, "status": 200, "user": "9942c672b9354771@lampenwelt.de", "timestamp": "2019-04-23T09:13:01.036372", "browser": "chrome", "browser-platform": "windows", "browser-version": "73.0.3683.103"}
{"method": "GET", "path": "/dashboards/_render_async_sql_query/5a8cea99-a10c-4dcb-85a0-91530c0be40d", "endpoint": "dashboards.render_async_sql_query", "view-args": {"id": "5a8cea99-a10c-4dcb-85a0-91530c0be40d"}, "status": 500, "user": "9942c672b9354771@lampenwelt.de", "timestamp": "2019-04-23T09:13:01.046592", "browser": "chrome", "browser-platform": "windows", "browser-version": "73.0.3683.103"}
{"method": "GET", "path": "/dashboards/_render_async_sql_query/c5470ee3-adcf-4cd1-b5d9-e53c2f0d2aa0", "endpoint": "dashboards.render_async_sql_query", "view-args": {"id": "c5470ee3-adcf-4cd1-b5d9-e53c2f0d2aa0"}, "status": 500, "user": "9942c672b9354771@lampenwelt.de", "timestamp": "2019-04-23T09:13:01.080049", "browser": "chrome", "browser-platform": "windows", "browser-version": "73.0.3683.103"}
{"method": "GET", "path": "/dashboards/_render_async_sql_query/f8986082-2c1d-4ab3-8db9-5a83e461f2f2", "endpoint": "dashboards.render_async_sql_query", "view-args": {"id": "f8986082-2c1d-4ab3-8db9-5a83e461f2f2"}, "status": 500, "user": "9942c672b9354771@lampenwelt.de", "timestamp": "2019-04-23T09:13:01.229452", "browser": "chrome", "browser-platform": "windows", "browser-version": "73.0.3683.103"}
{"method": "GET", "path": "/dashboards/sales-comparison", "endpoint": "dashboards.view_dashboard", "view-args": {"id": "sales-comparison"}, "status": 200, "user": "9942c672b9354771@lampenwelt.de", "timestamp": "2019-04-23T09:13:09.639133", "browser": "chrome", "browser-platform": "windows", "browser-version": "73.0.3683.103"}
{"method": "GET", "path": "/dashboards/_render_async_sql_query/1f0d90c3-0e24-4d9a-9ca6-a46b2f24cce4", "endpoint": "dashboards.render_async_sql_query", "view-args": {"id": "1f0d90c3-0e24-4d9a-9ca6-a46b2f24cce4"}, "status": 200, "user": "9942c672b9354771@lampenwelt.de", "timestamp": "2019-04-23T09:13:09.853938", "browser": "chrome", "browser-platform": "windows", "browser-version": "73.0.3683.103"}
{"method": "GET", "path": "/dashboards/_render_async_sql_query/87b614f7-8df8-45d3-afe8-8378104f8bc8", "endpoint": "dashboards.render_async_sql_query", "view-args": {"id": "87b614f7-8df8-45d3-afe8-8378104f8bc8"}, "status": 500, "user": "9942c672b9354771@lampenwelt.de", "timestamp": "2019-04-23T09:13:09.865626", "browser": "chrome", "browser-platform": "windows", "browser-version": "73.0.3683.103"}
{"method": "GET", "path": "/dashboards/_render_async_sql_query/97b1ce71-53ea-4198-bcf1-64e774c8406e", "endpoint": "dashboards.render_async_sql_query", "view-args": {"id": "97b1ce71-53ea-4198-bcf1-64e774c8406e"}, "status": 500, "user": "9942c672b9354771@lampenwelt.de", "timestamp": "2019-04-23T09:13:09.867307", "browser": "chrome", "browser-platform": "windows", "browser-version": "73.0.3683.103"}
{"method": "GET", "path": "/dashboards/_last_marketing_cost/sales-comparison", "endpoint": "dashboards.last_marketing_cost", "view-args": {"id": "sales-comparison"}, "status": 200, "user": "9942c672b9354771@lampenwelt.de", "timestamp": "2019-04-23T09:13:09.876175", "browser": "chrome", "browser-platform": "windows", "browser-version": "73.0.3683.103"}
{"method": "GET", "path": "/dashboards/_last_successful_import", "endpoint": "dashboards.last_successful_import", "view-args": {}, "status": 200, "user": "9942c672b9354771@lampenwelt.de", "timestamp": "2019-04-23T09:13:09.882555", "browser": "chrome", "browser-platform": "windows", "browser-version": "73.0.3683.103"}
{"method": "GET", "path": "/dashboards/_render_async_sql_query/1442ef07-5379-4288-9744-1d0444ab1b4c", "endpoint": "dashboards.render_async_sql_query", "view-args": {"id": "1442ef07-5379-4288-9744-1d0444ab1b4c"}, "status": 500, "user": "9942c672b9354771@lampenwelt.de", "timestamp": "2019-04-23T09:13:09.891599", "browser": "chrome", "browser-platform": "windows", "browser-version": "73.0.3683.103"}
{"method": "GET", "path": "/dashboards/_render_async_sql_query/b18ee637-3574-46f5-857a-7067eeff04d0", "endpoint": "dashboards.render_async_sql_query", "view-args": {"id": "b18ee637-3574-46f5-857a-7067eeff04d0"}, "status": 500, "user": "9942c672b9354771@lampenwelt.de", "timestamp": "2019-04-23T09:13:09.910988", "browser": "chrome", "browser-platform": "windows", "browser-version": "73.0.3683.103"}
{"method": "GET", "path": "/dashboards/_render_async_sql_query/48f9eac6-22ea-43cb-a309-88b71c38f6a6", "endpoint": "dashboards.render_async_sql_query", "view-args": {"id": "48f9eac6-22ea-43cb-a309-88b71c38f6a6"}, "status": 500, "user": "9942c672b9354771@lampenwelt.de", "timestamp": "2019-04-23T09:13:10.070042", "browser": "chrome", "browser-platform": "windows", "browser-version": "73.0.3683.103"}
{"method": "POST", "path": "/mondrian/excel/authorize", "endpoint": "py_mondrian.excel_authorize", "view-args": {}, "status": 200, "user": "35675e68f4b5af7b@localhost", "timestamp": "2019-04-23T09:14:08.627011", "browser": null, "browser-platform": null, "browser-version": null}
{"method": "POST", "path": "/mondrian/saiku/authorize", "endpoint": "py_mondrian.saiku_authorize", "view-args": {}, "status": 200, "user": "35675e68f4b5af7b@localhost", "timestamp": "2019-04-23T09:14:27.059994", "browser": null, "browser-platform": null, "browser-version": null}
{"method": "GET", "path": "/dashboards/sales-comparison", "endpoint": "dashboards.view_dashboard", "view-args": {"id": "sales-comparison"}, "status": 200, "user": "9942c672b9354771@lampenwelt.de", "timestamp": "2019-04-23T09:14:27.872204", "browser": "chrome", "browser-platform": "windows", "browser-version": "73.0.3683.103"}
{"method": "GET", "path": "/dashboards/_render_async_sql_query/3cad3295-cd34-4998-a293-fbad906fc9c2", "endpoint": "dashboards.render_async_sql_query", "view-args": {"id": "3cad3295-cd34-4998-a293-fbad906fc9c2"}, "status": 200, "user": "9942c672b9354771@lampenwelt.de", "timestamp": "2019-04-23T09:14:28.092620", "browser": "chrome", "browser-platform": "windows", "browser-version": "73.0.3683.103"}
{"method": "GET", "path": "/dashboards/_render_async_sql_query/e3759938-e3d1-460f-8bfd-19b8a8054118", "endpoint": "dashboards.render_async_sql_query", "view-args": {"id": "e3759938-e3d1-460f-8bfd-19b8a8054118"}, "status": 500, "user": "9942c672b9354771@lampenwelt.de", "timestamp": "2019-04-23T09:14:28.099601", "browser": "chrome", "browser-platform": "windows", "browser-version": "73.0.3683.103"}
{"method": "GET", "path": "/dashboards/_render_async_sql_query/3777fd2b-912d-4519-be8b-956de5f3f9db", "endpoint": "dashboards.render_async_sql_query", "view-args": {"id": "3777fd2b-912d-4519-be8b-956de5f3f9db"}, "status": 500, "user": "9942c672b9354771@lampenwelt.de", "timestamp": "2019-04-23T09:14:28.104976", "browser": "chrome", "browser-platform": "windows", "browser-version": "73.0.3683.103"}
{"method": "GET", "path": "/dashboards/_last_marketing_cost/sales-comparison", "endpoint": "dashboards.last_marketing_cost", "view-args": {"id": "sales-comparison"}, "status": 200, "user": "9942c672b9354771@lampenwelt.de", "timestamp": "2019-04-23T09:14:28.113111", "browser": "chrome", "browser-platform": "windows", "browser-version": "73.0.3683.103"}
{"method": "GET", "path": "/dashboards/_last_successful_import", "endpoint": "dashboards.last_successful_import", "view-args": {}, "status": 200, "user": "9942c672b9354771@lampenwelt.de", "timestamp": "2019-04-23T09:14:28.122765", "browser": "chrome", "browser-platform": "windows", "browser-version": "73.0.3683.103"}
{"method": "GET", "path": "/dashboards/_render_async_sql_query/461bc805-4160-41fc-bd4e-4fa7facc405a", "endpoint": "dashboards.render_async_sql_query", "view-args": {"id": "461bc805-4160-41fc-bd4e-4fa7facc405a"}, "status": 500, "user": "9942c672b9354771@lampenwelt.de", "timestamp": "2019-04-23T09:14:28.129690", "browser": "chrome", "browser-platform": "windows", "browser-version": "73.0.3683.103"}
{"method": "GET", "path": "/dashboards/_render_async_sql_query/e58ecb22-e2ed-4287-930c-7c2313bd0d98", "endpoint": "dashboards.render_async_sql_query", "view-args": {"id": "e58ecb22-e2ed-4287-930c-7c2313bd0d98"}, "status": 500, "user": "9942c672b9354771@lampenwelt.de", "timestamp": "2019-04-23T09:14:28.147423", "browser": "chrome", "browser-platform": "windows", "browser-version": "73.0.3683.103"}
{"method": "GET", "path": "/dashboards/_render_async_sql_query/deb845f7-70d3-4a5e-a935-00251deb2a28", "endpoint": "dashboards.render_async_sql_query", "view-args": {"id": "deb845f7-70d3-4a5e-a935-00251deb2a28"}, "status": 500, "user": "9942c672b9354771@lampenwelt.de", "timestamp": "2019-04-23T09:14:28.295128", "browser": "chrome", "browser-platform": "windows", "browser-version": "73.0.3683.103"}
{"method": "POST", "path": "/mondrian/excel/authorize", "endpoint": "py_mondrian.excel_authorize", "view-args": {}, "status": 200, "user": "35675e68f4b5af7b@localhost", "timestamp": "2019-04-23T09:14:30.471507", "browser": null, "browser-platform": null, "browser-version": null}
{"method": "POST", "path": "/mondrian/excel/authorize", "endpoint": "py_mondrian.excel_authorize", "view-args": {}, "status": 200, "user": "35675e68f4b5af7b@localhost", "timestamp": "2019-04-23T09:19:51.045447", "browser": null, "browser-platform": null, "browser-version": null}
{"method": "POST", "path": "/mondrian/saiku/authorize", "endpoint": "py_mondrian.saiku_authorize", "view-args": {}, "status": 200, "user": "35675e68f4b5af7b@localhost", "timestamp": "2019-04-23T09:21:18.041155", "browser": null, "browser-platform": null, "browser-version": null}
{"method": "POST", "path": "/mondrian/saiku/authorize", "endpoint": "py_mondrian.saiku_authorize", "view-args": {}, "status": 200, "user": "35675e68f4b5af7b@localhost", "timestamp": "2019-04-23T09:21:18.049029", "browser": null, "browser-platform": null, "browser-version": null}
{"method": "POST", "path": "/mondrian/saiku/authorize", "endpoint": "py_mondrian.saiku_authorize", "view-args": {}, "status": 200, "user": "35675e68f4b5af7b@localhost", "timestamp": "2019-04-23T09:21:18.225970", "browser": null, "browser-platform": null, "browser-version": null}
{"method": "POST", "path": "/mondrian/excel/authorize", "endpoint": "py_mondrian.excel_authorize", "view-args": {}, "status": 200, "user": "35675e68f4b5af7b@localhost", "timestamp": "2019-04-23T09:29:34.604713", "browser": null, "browser-platform": null, "browser-version": null}
{"method": "GET", "path": "/mondrian/excel", "endpoint": "py_mondrian.excel", "view-args": {}, "status": 200, "user": "72141146ea8e13f4@lampenwelt.de", "timestamp": "2019-04-23T09:29:42.773381", "browser": "chrome", "browser-platform": "windows", "browser-version": "73.0.3683.103"}
{"method": "POST", "path": "/mondrian/excel/authorize", "endpoint": "py_mondrian.excel_authorize", "view-args": {}, "status": 200, "user": "35675e68f4b5af7b@localhost", "timestamp": "2019-04-23T09:29:47.669727", "browser": null, "browser-platform": null, "browser-version": null}
{"method": "GET", "path": "/data-integration/data_transformation/marketing_touchpoints/load_manual_cost", "endpoint": "data_integration.node_page", "view-args": {"path": "data_transformation/marketing_touchpoints/load_manual_cost"}, "status": 200, "user": "e5063e1f25c24f00@lampenwelt.de", "timestamp": "2019-04-23T09:33:31.398016", "browser": "chrome", "browser-platform": "windows", "browser-version": "73.0.3683.86"}
{"method": "GET", "path": "/data-integration/data_transformation/marketing_touchpoints/load_manual_cost/last-runs-selector", "endpoint": "data_integration.last_runs_selector", "view-args": {"path": "data_transformation/marketing_touchpoints/load_manual_cost"}, "status": 200, "user": "e5063e1f25c24f00@lampenwelt.de", "timestamp": "2019-04-23T09:33:31.889341", "browser": "chrome", "browser-platform": "windows", "browser-version": "73.0.3683.86"}
{"method": "GET", "path": "/data-integration/data_transformation/marketing_touchpoints/load_manual_cost/system-stats", "endpoint": "data_integration.system_stats", "view-args": {"path": "data_transformation/marketing_touchpoints/load_manual_cost", "run_id": null}, "status": 200, "user": "e5063e1f25c24f00@lampenwelt.de", "timestamp": "2019-04-23T09:33:31.950579", "browser": "chrome", "browser-platform": "windows", "browser-version": "73.0.3683.86"}
{"method": "GET", "path": "/data-integration/data_transformation/marketing_touchpoints/load_manual_cost/run-time-chart", "endpoint": "data_integration.run_time_chart", "view-args": {"path": "data_transformation/marketing_touchpoints/load_manual_cost"}, "status": 200, "user": "e5063e1f25c24f00@lampenwelt.de", "timestamp": "2019-04-23T09:33:32.007882", "browser": "chrome", "browser-platform": "windows", "browser-version": "73.0.3683.86"}
{"method": "GET", "path": "/data-integration/data_transformation/marketing_touchpoints/load_manual_cost/timeline-chart", "endpoint": "data_integration.timeline_chart", "view-args": {"path": "data_transformation/marketing_touchpoints/load_manual_cost", "run_id": null}, "status": 200, "user": "e5063e1f25c24f00@lampenwelt.de", "timestamp": "2019-04-23T09:33:32.020938", "browser": "chrome", "browser-platform": "windows", "browser-version": "73.0.3683.86"}
{"method": "GET", "path": "/data-integration/data_transformation/marketing_touchpoints/load_manual_cost/dependency-graph", "endpoint": "data_integration.dependency_graph", "view-args": {"path": "data_transformation/marketing_touchpoints/load_manual_cost"}, "status": 200, "user": "e5063e1f25c24f00@lampenwelt.de", "timestamp": "2019-04-23T09:33:32.054426", "browser": "chrome", "browser-platform": "windows", "browser-version": "73.0.3683.86"}
{"method": "GET", "path": "/data-integration/data_transformation/marketing_touchpoints/load_manual_cost/run-output-limited", "endpoint": "data_integration.run_output", "view-args": {"path": "data_transformation/marketing_touchpoints/load_manual_cost", "run_id": null, "limit": true}, "status": 200, "user": "e5063e1f25c24f00@lampenwelt.de", "timestamp": "2019-04-23T09:33:32.099209", "browser": "chrome", "browser-platform": "windows", "browser-version": "73.0.3683.86"}
{"method": "POST", "path": "/mondrian/saiku/authorize", "endpoint": "py_mondrian.saiku_authorize", "view-args": {}, "status": 200, "user": "35675e68f4b5af7b@localhost", "timestamp": "2019-04-23T09:41:25.137030", "browser": null, "browser-platform": null, "browser-version": null}
{"method": "POST", "path": "/mondrian/saiku/authorize", "endpoint": "py_mondrian.saiku_authorize", "view-args": {}, "status": 200, "user": "35675e68f4b5af7b@localhost", "timestamp": "2019-04-23T09:41:25.991472", "browser": null, "browser-platform": null, "browser-version": null}
{"method": "POST", "path": "/mondrian/saiku/authorize", "endpoint": "py_mondrian.saiku_authorize", "view-args": {}, "status": 200, "user": "35675e68f4b5af7b@localhost", "timestamp": "2019-04-23T09:59:51.381371", "browser": null, "browser-platform": null, "browser-version": null}
{"method": "POST", "path": "/mondrian/saiku/authorize", "endpoint": "py_mondrian.saiku_authorize", "view-args": {}, "status": 200, "user": "35675e68f4b5af7b@localhost", "timestamp": "2019-04-23T09:59:53.438649", "browser": null, "browser-platform": null, "browser-version": null}
