{"method": "POST", "path": "/mondrian/saiku/authorize", "endpoint": "py_mondrian.saiku_authorize", "view-args": {}, "status": 200, "user": "35675e68f4b5af7b@localhost", "timestamp": "2019-04-23T16:03:41.159560", "browser": null, "browser-platform": null, "browser-version": null}
{"method": "POST", "path": "/mondrian/saiku/authorize", "endpoint": "py_mondrian.saiku_authorize", "view-args": {}, "status": 200, "user": "35675e68f4b5af7b@localhost", "timestamp": "2019-04-23T16:03:41.213826", "browser": null, "browser-platform": null, "browser-version": null}
{"method": "POST", "path": "/mondrian/saiku/authorize", "endpoint": "py_mondrian.saiku_authorize", "view-args": {}, "status": 200, "user": "35675e68f4b5af7b@localhost", "timestamp": "2019-04-23T16:03:41.914156", "browser": null, "browser-platform": null, "browser-version": null}
{"method": "POST", "path": "/mondrian/saiku/authorize", "endpoint": "py_mondrian.saiku_authorize", "view-args": {}, "status": 200, "user": "35675e68f4b5af7b@localhost", "timestamp": "2019-04-23T16:06:32.520247", "browser": null, "browser-platform": null, "browser-version": null}
{"method": "POST", "path": "/mondrian/saiku/authorize", "endpoint": "py_mondrian.saiku_authorize", "view-args": {}, "status": 200, "user": "35675e68f4b5af7b@localhost", "timestamp": "2019-04-23T16:20:07.558272", "browser": null, "browser-platform": null, "browser-version": null}
{"method": "POST", "path": "/mondrian/saiku/authorize", "endpoint": "py_mondrian.saiku_authorize", "view-args": {}, "status": 200, "user": "35675e68f4b5af7b@localhost", "timestamp": "2019-04-23T16:20:08.937453", "browser": null, "browser-platform": null, "browser-version": null}
{"method": "POST", "path": "/dashboards/sales-comparison", "endpoint": "dashboards.view_dashboard", "view-args": {"id": "sales-comparison"}, "status": 200, "user": "9942c672b9354771@lampenwelt.de", "timestamp": "2019-04-23T16:33:56.854916", "browser": "chrome", "browser-platform": "windows", "browser-version": "73.0.3683.103"}
{"method": "GET", "path": "/dashboards/_render_async_sql_query/740b2b56-185a-48a4-87db-a9d374215b9e", "endpoint": "dashboards.render_async_sql_query", "view-args": {"id": "740b2b56-185a-48a4-87db-a9d374215b9e"}, "status": 200, "user": "9942c672b9354771@lampenwelt.de", "timestamp": "2019-04-23T16:33:57.043995", "browser": "chrome", "browser-platform": "windows", "browser-version": "73.0.3683.103"}
{"method": "GET", "path": "/dashboards/_render_async_sql_query/9bbfe7be-7b39-4083-9bbe-4de24ad7adb6", "endpoint": "dashboards.render_async_sql_query", "view-args": {"id": "9bbfe7be-7b39-4083-9bbe-4de24ad7adb6"}, "status": 200, "user": "9942c672b9354771@lampenwelt.de", "timestamp": "2019-04-23T16:33:57.045911", "browser": "chrome", "browser-platform": "windows", "browser-version": "73.0.3683.103"}
{"method": "GET", "path": "/dashboards/_render_async_sql_query/6a7fc017-5f28-4bbc-a866-7b117988d5db", "endpoint": "dashboards.render_async_sql_query", "view-args": {"id": "6a7fc017-5f28-4bbc-a866-7b117988d5db"}, "status": 200, "user": "9942c672b9354771@lampenwelt.de", "timestamp": "2019-04-23T16:33:57.047427", "browser": "chrome", "browser-platform": "windows", "browser-version": "73.0.3683.103"}
{"method": "GET", "path": "/dashboards/_last_marketing_cost/sales-comparison", "endpoint": "dashboards.last_marketing_cost", "view-args": {"id": "sales-comparison"}, "status": 200, "user": "9942c672b9354771@lampenwelt.de", "timestamp": "2019-04-23T16:33:57.054828", "browser": "chrome", "browser-platform": "windows", "browser-version": "73.0.3683.103"}
{"method": "GET", "path": "/dashboards/_last_successful_import", "endpoint": "dashboards.last_successful_import", "view-args": {}, "status": 200, "user": "9942c672b9354771@lampenwelt.de", "timestamp": "2019-04-23T16:33:57.061171", "browser": "chrome", "browser-platform": "windows", "browser-version": "73.0.3683.103"}
{"method": "GET", "path": "/dashboards/_render_async_sql_query/227a0755-bb8a-49b6-a8c1-bcac90b9fe9d", "endpoint": "dashboards.render_async_sql_query", "view-args": {"id": "227a0755-bb8a-49b6-a8c1-bcac90b9fe9d"}, "status": 200, "user": "9942c672b9354771@lampenwelt.de", "timestamp": "2019-04-23T16:33:57.068864", "browser": "chrome", "browser-platform": "windows", "browser-version": "73.0.3683.103"}
{"method": "GET", "path": "/dashboards/_render_async_sql_query/996d9906-dd6d-48be-bd42-61f0442cfb0f", "endpoint": "dashboards.render_async_sql_query", "view-args": {"id": "996d9906-dd6d-48be-bd42-61f0442cfb0f"}, "status": 200, "user": "9942c672b9354771@lampenwelt.de", "timestamp": "2019-04-23T16:33:57.083154", "browser": "chrome", "browser-platform": "windows", "browser-version": "73.0.3683.103"}
{"method": "GET", "path": "/dashboards/_render_async_sql_query/c06fbd25-4261-4266-9ba9-755cc00fd90d", "endpoint": "dashboards.render_async_sql_query", "view-args": {"id": "c06fbd25-4261-4266-9ba9-755cc00fd90d"}, "status": 200, "user": "9942c672b9354771@lampenwelt.de", "timestamp": "2019-04-23T16:33:57.085340", "browser": "chrome", "browser-platform": "windows", "browser-version": "73.0.3683.103"}
{"method": "GET", "path": "/product-performance-analyzer/", "endpoint": "product-performance-analyzer.product_filter_panel", "view-args": {}, "status": 200, "user": "13f7e9ada41f2425@lampenwelt.de", "timestamp": "2019-04-23T16:37:29.195091", "browser": "chrome", "browser-platform": "windows", "browser-version": "73.0.3683.86"}
{"method": "GET", "path": "/product-performance-analyzer/_last_successful_import", "endpoint": "product-performance-analyzer.last_successful_import", "view-args": {}, "status": 200, "user": "13f7e9ada41f2425@lampenwelt.de", "timestamp": "2019-04-23T16:37:29.868518", "browser": "chrome", "browser-platform": "windows", "browser-version": "73.0.3683.86"}
{"method": "POST", "path": "/product-performance-analyzer/_render-mdx-request", "endpoint": "product-performance-analyzer.render_mdx_request", "view-args": {}, "status": 200, "user": "13f7e9ada41f2425@lampenwelt.de", "timestamp": "2019-04-23T16:37:30.129780", "browser": "chrome", "browser-platform": "windows", "browser-version": "73.0.3683.86"}
{"method": "POST", "path": "/mondrian/saiku/authorize", "endpoint": "py_mondrian.saiku_authorize", "view-args": {}, "status": 200, "user": "35675e68f4b5af7b@localhost", "timestamp": "2019-04-23T16:44:16.736875", "browser": null, "browser-platform": null, "browser-version": null}
{"method": "POST", "path": "/mondrian/saiku/authorize", "endpoint": "py_mondrian.saiku_authorize", "view-args": {}, "status": 200, "user": "35675e68f4b5af7b@localhost", "timestamp": "2019-04-23T16:44:17.037149", "browser": null, "browser-platform": null, "browser-version": null}
{"method": "GET", "path": "/dashboards/sales-comparison", "endpoint": "dashboards.view_dashboard", "view-args": {"id": "sales-comparison"}, "status": 200, "user": "9942c672b9354771@lampenwelt.de", "timestamp": "2019-04-23T16:47:06.210534", "browser": "chrome", "browser-platform": "windows", "browser-version": "73.0.3683.103"}
{"method": "GET", "path": "/dashboards/_render_async_sql_query/0ee08530-edd1-4d97-b6e1-fb179a020e43", "endpoint": "dashboards.render_async_sql_query", "view-args": {"id": "0ee08530-edd1-4d97-b6e1-fb179a020e43"}, "status": 200, "user": "9942c672b9354771@lampenwelt.de", "timestamp": "2019-04-23T16:47:06.570977", "browser": "chrome", "browser-platform": "windows", "browser-version": "73.0.3683.103"}
{"method": "GET", "path": "/dashboards/_render_async_sql_query/ef82bce6-2b79-4d9d-92e1-85c3b271fbe9", "endpoint": "dashboards.render_async_sql_query", "view-args": {"id": "ef82bce6-2b79-4d9d-92e1-85c3b271fbe9"}, "status": 200, "user": "9942c672b9354771@lampenwelt.de", "timestamp": "2019-04-23T16:47:06.572722", "browser": "chrome", "browser-platform": "windows", "browser-version": "73.0.3683.103"}
{"method": "GET", "path": "/dashboards/_render_async_sql_query/47032b9b-6667-43df-aa7b-07749ed175c3", "endpoint": "dashboards.render_async_sql_query", "view-args": {"id": "47032b9b-6667-43df-aa7b-07749ed175c3"}, "status": 200, "user": "9942c672b9354771@lampenwelt.de", "timestamp": "2019-04-23T16:47:06.577775", "browser": "chrome", "browser-platform": "windows", "browser-version": "73.0.3683.103"}
{"method": "GET", "path": "/dashboards/_last_marketing_cost/sales-comparison", "endpoint": "dashboards.last_marketing_cost", "view-args": {"id": "sales-comparison"}, "status": 200, "user": "9942c672b9354771@lampenwelt.de", "timestamp": "2019-04-23T16:47:06.585310", "browser": "chrome", "browser-platform": "windows", "browser-version": "73.0.3683.103"}
{"method": "GET", "path": "/dashboards/_render_async_sql_query/6d9ea552-b9c1-424a-85dc-df8662446181", "endpoint": "dashboards.render_async_sql_query", "view-args": {"id": "6d9ea552-b9c1-424a-85dc-df8662446181"}, "status": 200, "user": "9942c672b9354771@lampenwelt.de", "timestamp": "2019-04-23T16:47:06.590012", "browser": "chrome", "browser-platform": "windows", "browser-version": "73.0.3683.103"}
{"method": "GET", "path": "/dashboards/_last_successful_import", "endpoint": "dashboards.last_successful_import", "view-args": {}, "status": 200, "user": "9942c672b9354771@lampenwelt.de", "timestamp": "2019-04-23T16:47:06.590995", "browser": "chrome", "browser-platform": "windows", "browser-version": "73.0.3683.103"}
{"method": "GET", "path": "/dashboards/_render_async_sql_query/79b43106-4501-4a92-ae84-f1e37afc9281", "endpoint": "dashboards.render_async_sql_query", "view-args": {"id": "79b43106-4501-4a92-ae84-f1e37afc9281"}, "status": 200, "user": "9942c672b9354771@lampenwelt.de", "timestamp": "2019-04-23T16:47:06.614336", "browser": "chrome", "browser-platform": "windows", "browser-version": "73.0.3683.103"}
{"method": "GET", "path": "/dashboards/_render_async_sql_query/deea1ac4-f9c1-4864-a300-aa4c56abd0ee", "endpoint": "dashboards.render_async_sql_query", "view-args": {"id": "deea1ac4-f9c1-4864-a300-aa4c56abd0ee"}, "status": 200, "user": "9942c672b9354771@lampenwelt.de", "timestamp": "2019-04-23T16:47:06.614621", "browser": "chrome", "browser-platform": "windows", "browser-version": "73.0.3683.103"}
{"method": "GET", "path": "/product-performance-analyzer/_auto-complete/sales_dim.order_origin/order_origin_name/", "endpoint": "product-performance-analyzer.auto_complete", "view-args": {"table_name": "sales_dim.order_origin", "column_name": "order_origin_name"}, "status": 200, "user": "9942c672b9354771@lampenwelt.de", "timestamp": "2019-04-23T16:47:09.316783", "browser": "chrome", "browser-platform": "windows", "browser-version": "73.0.3683.103"}
{"method": "GET", "path": "/product-performance-analyzer/_auto-complete/sales_dim.order_origin/order_origin_name/de", "endpoint": "product-performance-analyzer.auto_complete", "view-args": {"table_name": "sales_dim.order_origin", "column_name": "order_origin_name", "term": "de"}, "status": 200, "user": "9942c672b9354771@lampenwelt.de", "timestamp": "2019-04-23T16:47:12.718995", "browser": "chrome", "browser-platform": "windows", "browser-version": "73.0.3683.103"}
{"method": "GET", "path": "/product-performance-analyzer/_auto-complete/sales_dim.order_origin/order_origin_name/de-", "endpoint": "product-performance-analyzer.auto_complete", "view-args": {"table_name": "sales_dim.order_origin", "column_name": "order_origin_name", "term": "de-"}, "status": 200, "user": "9942c672b9354771@lampenwelt.de", "timestamp": "2019-04-23T16:47:15.331744", "browser": "chrome", "browser-platform": "windows", "browser-version": "73.0.3683.103"}
{"method": "GET", "path": "/product-performance-analyzer/_auto-complete/global_dim.sales_channel/sales_channel/", "endpoint": "product-performance-analyzer.auto_complete", "view-args": {"table_name": "global_dim.sales_channel", "column_name": "sales_channel"}, "status": 200, "user": "9942c672b9354771@lampenwelt.de", "timestamp": "2019-04-23T16:47:19.608732", "browser": "chrome", "browser-platform": "windows", "browser-version": "73.0.3683.103"}
{"method": "GET", "path": "/product-performance-analyzer/_auto-complete/global_dim.sales_channel/sales_channel/de", "endpoint": "product-performance-analyzer.auto_complete", "view-args": {"table_name": "global_dim.sales_channel", "column_name": "sales_channel", "term": "de"}, "status": 200, "user": "9942c672b9354771@lampenwelt.de", "timestamp": "2019-04-23T16:47:20.365348", "browser": "chrome", "browser-platform": "windows", "browser-version": "73.0.3683.103"}
{"method": "POST", "path": "/dashboards/sales-comparison", "endpoint": "dashboards.view_dashboard", "view-args": {"id": "sales-comparison"}, "status": 200, "user": "9942c672b9354771@lampenwelt.de", "timestamp": "2019-04-23T16:47:23.445437", "browser": "chrome", "browser-platform": "windows", "browser-version": "73.0.3683.103"}
{"method": "GET", "path": "/dashboards/_render_async_sql_query/0eab604f-74e1-4600-a420-62caa232d5a6", "endpoint": "dashboards.render_async_sql_query", "view-args": {"id": "0eab604f-74e1-4600-a420-62caa232d5a6"}, "status": 200, "user": "9942c672b9354771@lampenwelt.de", "timestamp": "2019-04-23T16:47:23.613187", "browser": "chrome", "browser-platform": "windows", "browser-version": "73.0.3683.103"}
{"method": "GET", "path": "/dashboards/_render_async_sql_query/68ced4bc-4577-4fd5-a9a0-bbf551c40030", "endpoint": "dashboards.render_async_sql_query", "view-args": {"id": "68ced4bc-4577-4fd5-a9a0-bbf551c40030"}, "status": 200, "user": "9942c672b9354771@lampenwelt.de", "timestamp": "2019-04-23T16:47:24.783987", "browser": "chrome", "browser-platform": "windows", "browser-version": "73.0.3683.103"}
{"method": "GET", "path": "/dashboards/_last_successful_import", "endpoint": "dashboards.last_successful_import", "view-args": {}, "status": 200, "user": "9942c672b9354771@lampenwelt.de", "timestamp": "2019-04-23T16:47:24.801696", "browser": "chrome", "browser-platform": "windows", "browser-version": "73.0.3683.103"}
{"method": "GET", "path": "/dashboards/_last_marketing_cost/sales-comparison", "endpoint": "dashboards.last_marketing_cost", "view-args": {"id": "sales-comparison"}, "status": 200, "user": "9942c672b9354771@lampenwelt.de", "timestamp": "2019-04-23T16:47:24.810776", "browser": "chrome", "browser-platform": "windows", "browser-version": "73.0.3683.103"}
{"method": "GET", "path": "/dashboards/_render_async_sql_query/10c5fe42-cda9-4f42-95c9-0db7d91a41fa", "endpoint": "dashboards.render_async_sql_query", "view-args": {"id": "10c5fe42-cda9-4f42-95c9-0db7d91a41fa"}, "status": 200, "user": "9942c672b9354771@lampenwelt.de", "timestamp": "2019-04-23T16:47:24.852438", "browser": "chrome", "browser-platform": "windows", "browser-version": "73.0.3683.103"}
{"method": "GET", "path": "/dashboards/_render_async_sql_query/17dd7dc7-1c5e-4eda-ae4f-0ca3f5000600", "endpoint": "dashboards.render_async_sql_query", "view-args": {"id": "17dd7dc7-1c5e-4eda-ae4f-0ca3f5000600"}, "status": 200, "user": "9942c672b9354771@lampenwelt.de", "timestamp": "2019-04-23T16:47:24.873399", "browser": "chrome", "browser-platform": "windows", "browser-version": "73.0.3683.103"}
{"method": "GET", "path": "/dashboards/_render_async_sql_query/34b0494a-355c-4d31-b4cc-2e9d7a397f67", "endpoint": "dashboards.render_async_sql_query", "view-args": {"id": "34b0494a-355c-4d31-b4cc-2e9d7a397f67"}, "status": 200, "user": "9942c672b9354771@lampenwelt.de", "timestamp": "2019-04-23T16:47:25.325794", "browser": "chrome", "browser-platform": "windows", "browser-version": "73.0.3683.103"}
{"method": "GET", "path": "/dashboards/_render_async_sql_query/7089ca00-0d86-46c0-9f39-a970cd34f4e9", "endpoint": "dashboards.render_async_sql_query", "view-args": {"id": "7089ca00-0d86-46c0-9f39-a970cd34f4e9"}, "status": 200, "user": "9942c672b9354771@lampenwelt.de", "timestamp": "2019-04-23T16:47:25.367792", "browser": "chrome", "browser-platform": "windows", "browser-version": "73.0.3683.103"}
{"method": "GET", "path": "/product-performance-analyzer/_auto-complete/global_dim.sales_channel/sales_channel/", "endpoint": "product-performance-analyzer.auto_complete", "view-args": {"table_name": "global_dim.sales_channel", "column_name": "sales_channel"}, "status": 200, "user": "9942c672b9354771@lampenwelt.de", "timestamp": "2019-04-23T16:47:27.824693", "browser": "chrome", "browser-platform": "windows", "browser-version": "73.0.3683.103"}
{"method": "GET", "path": "/product-performance-analyzer/_auto-complete/global_dim.sales_channel/sales_channel/ch", "endpoint": "product-performance-analyzer.auto_complete", "view-args": {"table_name": "global_dim.sales_channel", "column_name": "sales_channel", "term": "ch"}, "status": 200, "user": "9942c672b9354771@lampenwelt.de", "timestamp": "2019-04-23T16:47:29.386161", "browser": "chrome", "browser-platform": "windows", "browser-version": "73.0.3683.103"}
{"method": "POST", "path": "/dashboards/sales-comparison", "endpoint": "dashboards.view_dashboard", "view-args": {"id": "sales-comparison"}, "status": 200, "user": "9942c672b9354771@lampenwelt.de", "timestamp": "2019-04-23T16:47:31.175780", "browser": "chrome", "browser-platform": "windows", "browser-version": "73.0.3683.103"}
{"method": "GET", "path": "/dashboards/_render_async_sql_query/40b1ad61-ad2a-4c4f-98b8-75a01de572cf", "endpoint": "dashboards.render_async_sql_query", "view-args": {"id": "40b1ad61-ad2a-4c4f-98b8-75a01de572cf"}, "status": 200, "user": "9942c672b9354771@lampenwelt.de", "timestamp": "2019-04-23T16:47:32.308556", "browser": "chrome", "browser-platform": "windows", "browser-version": "73.0.3683.103"}
{"method": "GET", "path": "/dashboards/_render_async_sql_query/09f3c232-ba3d-4ecc-b9ce-6baeff4cd672", "endpoint": "dashboards.render_async_sql_query", "view-args": {"id": "09f3c232-ba3d-4ecc-b9ce-6baeff4cd672"}, "status": 200, "user": "9942c672b9354771@lampenwelt.de", "timestamp": "2019-04-23T16:47:32.970580", "browser": "chrome", "browser-platform": "windows", "browser-version": "73.0.3683.103"}
{"method": "GET", "path": "/dashboards/_last_successful_import", "endpoint": "dashboards.last_successful_import", "view-args": {}, "status": 200, "user": "9942c672b9354771@lampenwelt.de", "timestamp": "2019-04-23T16:47:33.013813", "browser": "chrome", "browser-platform": "windows", "browser-version": "73.0.3683.103"}
{"method": "GET", "path": "/dashboards/_last_marketing_cost/sales-comparison", "endpoint": "dashboards.last_marketing_cost", "view-args": {"id": "sales-comparison"}, "status": 200, "user": "9942c672b9354771@lampenwelt.de", "timestamp": "2019-04-23T16:47:33.045311", "browser": "chrome", "browser-platform": "windows", "browser-version": "73.0.3683.103"}
{"method": "GET", "path": "/dashboards/_render_async_sql_query/7b54c48b-4b0d-46f2-8cb1-bf19836fd155", "endpoint": "dashboards.render_async_sql_query", "view-args": {"id": "7b54c48b-4b0d-46f2-8cb1-bf19836fd155"}, "status": 200, "user": "9942c672b9354771@lampenwelt.de", "timestamp": "2019-04-23T16:47:33.144460", "browser": "chrome", "browser-platform": "windows", "browser-version": "73.0.3683.103"}
{"method": "GET", "path": "/dashboards/_render_async_sql_query/3e818a7a-ac56-4504-80bd-1c226f4afc5e", "endpoint": "dashboards.render_async_sql_query", "view-args": {"id": "3e818a7a-ac56-4504-80bd-1c226f4afc5e"}, "status": 200, "user": "9942c672b9354771@lampenwelt.de", "timestamp": "2019-04-23T16:47:33.362401", "browser": "chrome", "browser-platform": "windows", "browser-version": "73.0.3683.103"}
{"method": "GET", "path": "/dashboards/_render_async_sql_query/27d6ee0e-e7ad-46b3-9141-99dc2ba1e4f8", "endpoint": "dashboards.render_async_sql_query", "view-args": {"id": "27d6ee0e-e7ad-46b3-9141-99dc2ba1e4f8"}, "status": 200, "user": "9942c672b9354771@lampenwelt.de", "timestamp": "2019-04-23T16:47:34.064511", "browser": "chrome", "browser-platform": "windows", "browser-version": "73.0.3683.103"}
{"method": "GET", "path": "/dashboards/_render_async_sql_query/5e9bcf63-5abb-4b66-b738-0e53660f1a03", "endpoint": "dashboards.render_async_sql_query", "view-args": {"id": "5e9bcf63-5abb-4b66-b738-0e53660f1a03"}, "status": 200, "user": "9942c672b9354771@lampenwelt.de", "timestamp": "2019-04-23T16:47:34.187299", "browser": "chrome", "browser-platform": "windows", "browser-version": "73.0.3683.103"}
{"method": "GET", "path": "/product-performance-analyzer/_auto-complete/global_dim.sales_channel/sales_channel/", "endpoint": "product-performance-analyzer.auto_complete", "view-args": {"table_name": "global_dim.sales_channel", "column_name": "sales_channel"}, "status": 200, "user": "9942c672b9354771@lampenwelt.de", "timestamp": "2019-04-23T16:47:34.944119", "browser": "chrome", "browser-platform": "windows", "browser-version": "73.0.3683.103"}
{"method": "GET", "path": "/product-performance-analyzer/_auto-complete/global_dim.sales_channel/sales_channel/i", "endpoint": "product-performance-analyzer.auto_complete", "view-args": {"table_name": "global_dim.sales_channel", "column_name": "sales_channel", "term": "i"}, "status": 200, "user": "9942c672b9354771@lampenwelt.de", "timestamp": "2019-04-23T16:47:37.015799", "browser": "chrome", "browser-platform": "windows", "browser-version": "73.0.3683.103"}
{"method": "GET", "path": "/product-performance-analyzer/_auto-complete/global_dim.sales_channel/sales_channel/it", "endpoint": "product-performance-analyzer.auto_complete", "view-args": {"table_name": "global_dim.sales_channel", "column_name": "sales_channel", "term": "it"}, "status": 200, "user": "9942c672b9354771@lampenwelt.de", "timestamp": "2019-04-23T16:47:37.370845", "browser": "chrome", "browser-platform": "windows", "browser-version": "73.0.3683.103"}
{"method": "POST", "path": "/dashboards/sales-comparison", "endpoint": "dashboards.view_dashboard", "view-args": {"id": "sales-comparison"}, "status": 200, "user": "9942c672b9354771@lampenwelt.de", "timestamp": "2019-04-23T16:47:39.522619", "browser": "chrome", "browser-platform": "windows", "browser-version": "73.0.3683.103"}
{"method": "GET", "path": "/dashboards/_render_async_sql_query/317d34eb-7a46-4946-91c5-f22c5e80410c", "endpoint": "dashboards.render_async_sql_query", "view-args": {"id": "317d34eb-7a46-4946-91c5-f22c5e80410c"}, "status": 200, "user": "9942c672b9354771@lampenwelt.de", "timestamp": "2019-04-23T16:47:40.517542", "browser": "chrome", "browser-platform": "windows", "browser-version": "73.0.3683.103"}
{"method": "GET", "path": "/dashboards/_render_async_sql_query/b2447e67-5244-4115-928c-dbafb5e44e27", "endpoint": "dashboards.render_async_sql_query", "view-args": {"id": "b2447e67-5244-4115-928c-dbafb5e44e27"}, "status": 200, "user": "9942c672b9354771@lampenwelt.de", "timestamp": "2019-04-23T16:47:41.350321", "browser": "chrome", "browser-platform": "windows", "browser-version": "73.0.3683.103"}
{"method": "GET", "path": "/dashboards/_render_async_sql_query/a25dffb9-aa79-4b1c-8c7d-1c0b25e1e646", "endpoint": "dashboards.render_async_sql_query", "view-args": {"id": "a25dffb9-aa79-4b1c-8c7d-1c0b25e1e646"}, "status": 200, "user": "9942c672b9354771@lampenwelt.de", "timestamp": "2019-04-23T16:47:41.362913", "browser": "chrome", "browser-platform": "windows", "browser-version": "73.0.3683.103"}
{"method": "GET", "path": "/dashboards/_last_successful_import", "endpoint": "dashboards.last_successful_import", "view-args": {}, "status": 200, "user": "9942c672b9354771@lampenwelt.de", "timestamp": "2019-04-23T16:47:41.367760", "browser": "chrome", "browser-platform": "windows", "browser-version": "73.0.3683.103"}
{"method": "GET", "path": "/dashboards/_last_marketing_cost/sales-comparison", "endpoint": "dashboards.last_marketing_cost", "view-args": {"id": "sales-comparison"}, "status": 200, "user": "9942c672b9354771@lampenwelt.de", "timestamp": "2019-04-23T16:47:41.374624", "browser": "chrome", "browser-platform": "windows", "browser-version": "73.0.3683.103"}
{"method": "GET", "path": "/dashboards/_render_async_sql_query/09d1326d-6d3d-4e59-a022-51d01ae08a64", "endpoint": "dashboards.render_async_sql_query", "view-args": {"id": "09d1326d-6d3d-4e59-a022-51d01ae08a64"}, "status": 200, "user": "9942c672b9354771@lampenwelt.de", "timestamp": "2019-04-23T16:47:41.426187", "browser": "chrome", "browser-platform": "windows", "browser-version": "73.0.3683.103"}
{"method": "GET", "path": "/dashboards/_render_async_sql_query/6ebb806e-7176-4dc1-8dfa-d6dd3aa919e6", "endpoint": "dashboards.render_async_sql_query", "view-args": {"id": "6ebb806e-7176-4dc1-8dfa-d6dd3aa919e6"}, "status": 200, "user": "9942c672b9354771@lampenwelt.de", "timestamp": "2019-04-23T16:47:42.203250", "browser": "chrome", "browser-platform": "windows", "browser-version": "73.0.3683.103"}
{"method": "GET", "path": "/dashboards/_render_async_sql_query/670f5eba-ee60-4719-837d-6f53812be41b", "endpoint": "dashboards.render_async_sql_query", "view-args": {"id": "670f5eba-ee60-4719-837d-6f53812be41b"}, "status": 200, "user": "9942c672b9354771@lampenwelt.de", "timestamp": "2019-04-23T16:47:42.224742", "browser": "chrome", "browser-platform": "windows", "browser-version": "73.0.3683.103"}
{"method": "GET", "path": "/product-performance-analyzer/_auto-complete/global_dim.sales_channel/sales_channel/", "endpoint": "product-performance-analyzer.auto_complete", "view-args": {"table_name": "global_dim.sales_channel", "column_name": "sales_channel"}, "status": 200, "user": "9942c672b9354771@lampenwelt.de", "timestamp": "2019-04-23T16:47:43.775126", "browser": "chrome", "browser-platform": "windows", "browser-version": "73.0.3683.103"}
{"method": "GET", "path": "/product-performance-analyzer/_auto-complete/global_dim.sales_channel/sales_channel/fr", "endpoint": "product-performance-analyzer.auto_complete", "view-args": {"table_name": "global_dim.sales_channel", "column_name": "sales_channel", "term": "fr"}, "status": 200, "user": "9942c672b9354771@lampenwelt.de", "timestamp": "2019-04-23T16:47:45.276381", "browser": "chrome", "browser-platform": "windows", "browser-version": "73.0.3683.103"}
{"method": "POST", "path": "/dashboards/sales-comparison", "endpoint": "dashboards.view_dashboard", "view-args": {"id": "sales-comparison"}, "status": 200, "user": "9942c672b9354771@lampenwelt.de", "timestamp": "2019-04-23T16:47:47.997706", "browser": "chrome", "browser-platform": "windows", "browser-version": "73.0.3683.103"}
{"method": "GET", "path": "/dashboards/_render_async_sql_query/4dd83fb1-b414-475c-8295-d3602aee7ff8", "endpoint": "dashboards.render_async_sql_query", "view-args": {"id": "4dd83fb1-b414-475c-8295-d3602aee7ff8"}, "status": 200, "user": "9942c672b9354771@lampenwelt.de", "timestamp": "2019-04-23T16:47:49.209178", "browser": "chrome", "browser-platform": "windows", "browser-version": "73.0.3683.103"}
{"method": "GET", "path": "/dashboards/_render_async_sql_query/d250756c-d882-4d6c-9bd7-bc6730979182", "endpoint": "dashboards.render_async_sql_query", "view-args": {"id": "d250756c-d882-4d6c-9bd7-bc6730979182"}, "status": 200, "user": "9942c672b9354771@lampenwelt.de", "timestamp": "2019-04-23T16:47:49.832537", "browser": "chrome", "browser-platform": "windows", "browser-version": "73.0.3683.103"}
{"method": "GET", "path": "/dashboards/_last_successful_import", "endpoint": "dashboards.last_successful_import", "view-args": {}, "status": 200, "user": "9942c672b9354771@lampenwelt.de", "timestamp": "2019-04-23T16:47:49.870593", "browser": "chrome", "browser-platform": "windows", "browser-version": "73.0.3683.103"}
{"method": "GET", "path": "/dashboards/_last_marketing_cost/sales-comparison", "endpoint": "dashboards.last_marketing_cost", "view-args": {"id": "sales-comparison"}, "status": 200, "user": "9942c672b9354771@lampenwelt.de", "timestamp": "2019-04-23T16:47:49.880812", "browser": "chrome", "browser-platform": "windows", "browser-version": "73.0.3683.103"}
{"method": "GET", "path": "/dashboards/_render_async_sql_query/abbe9734-9264-45ba-be4d-0a838efa165b", "endpoint": "dashboards.render_async_sql_query", "view-args": {"id": "abbe9734-9264-45ba-be4d-0a838efa165b"}, "status": 200, "user": "9942c672b9354771@lampenwelt.de", "timestamp": "2019-04-23T16:47:49.988035", "browser": "chrome", "browser-platform": "windows", "browser-version": "73.0.3683.103"}
{"method": "GET", "path": "/dashboards/_render_async_sql_query/b6348a15-36af-404b-a836-6b6efd4091e0", "endpoint": "dashboards.render_async_sql_query", "view-args": {"id": "b6348a15-36af-404b-a836-6b6efd4091e0"}, "status": 200, "user": "9942c672b9354771@lampenwelt.de", "timestamp": "2019-04-23T16:47:50.192895", "browser": "chrome", "browser-platform": "windows", "browser-version": "73.0.3683.103"}
{"method": "GET", "path": "/dashboards/_render_async_sql_query/c470cce4-25fa-4c84-8e81-de537ae8d7e0", "endpoint": "dashboards.render_async_sql_query", "view-args": {"id": "c470cce4-25fa-4c84-8e81-de537ae8d7e0"}, "status": 200, "user": "9942c672b9354771@lampenwelt.de", "timestamp": "2019-04-23T16:47:50.800701", "browser": "chrome", "browser-platform": "windows", "browser-version": "73.0.3683.103"}
{"method": "GET", "path": "/dashboards/_render_async_sql_query/1b1367a8-a0b5-418c-81ed-702ac3b95555", "endpoint": "dashboards.render_async_sql_query", "view-args": {"id": "1b1367a8-a0b5-418c-81ed-702ac3b95555"}, "status": 200, "user": "9942c672b9354771@lampenwelt.de", "timestamp": "2019-04-23T16:47:50.980744", "browser": "chrome", "browser-platform": "windows", "browser-version": "73.0.3683.103"}
{"method": "GET", "path": "/product-performance-analyzer/_auto-complete/global_dim.sales_channel/sales_channel/", "endpoint": "product-performance-analyzer.auto_complete", "view-args": {"table_name": "global_dim.sales_channel", "column_name": "sales_channel"}, "status": 200, "user": "9942c672b9354771@lampenwelt.de", "timestamp": "2019-04-23T16:47:52.647068", "browser": "chrome", "browser-platform": "windows", "browser-version": "73.0.3683.103"}
{"method": "GET", "path": "/product-performance-analyzer/_auto-complete/global_dim.sales_channel/sales_channel/pl", "endpoint": "product-performance-analyzer.auto_complete", "view-args": {"table_name": "global_dim.sales_channel", "column_name": "sales_channel", "term": "pl"}, "status": 200, "user": "9942c672b9354771@lampenwelt.de", "timestamp": "2019-04-23T16:47:54.330114", "browser": "chrome", "browser-platform": "windows", "browser-version": "73.0.3683.103"}
{"method": "POST", "path": "/dashboards/sales-comparison", "endpoint": "dashboards.view_dashboard", "view-args": {"id": "sales-comparison"}, "status": 200, "user": "9942c672b9354771@lampenwelt.de", "timestamp": "2019-04-23T16:47:56.234707", "browser": "chrome", "browser-platform": "windows", "browser-version": "73.0.3683.103"}
{"method": "GET", "path": "/dashboards/_render_async_sql_query/08847328-fef4-4a81-818c-cbac5e38c74f", "endpoint": "dashboards.render_async_sql_query", "view-args": {"id": "08847328-fef4-4a81-818c-cbac5e38c74f"}, "status": 200, "user": "9942c672b9354771@lampenwelt.de", "timestamp": "2019-04-23T16:47:57.192478", "browser": "chrome", "browser-platform": "windows", "browser-version": "73.0.3683.103"}
{"method": "GET", "path": "/dashboards/_render_async_sql_query/cd32d317-ca53-4f41-83f0-dfee0a237c8b", "endpoint": "dashboards.render_async_sql_query", "view-args": {"id": "cd32d317-ca53-4f41-83f0-dfee0a237c8b"}, "status": 200, "user": "9942c672b9354771@lampenwelt.de", "timestamp": "2019-04-23T16:47:57.908098", "browser": "chrome", "browser-platform": "windows", "browser-version": "73.0.3683.103"}
{"method": "GET", "path": "/dashboards/_last_successful_import", "endpoint": "dashboards.last_successful_import", "view-args": {}, "status": 200, "user": "9942c672b9354771@lampenwelt.de", "timestamp": "2019-04-23T16:47:57.946999", "browser": "chrome", "browser-platform": "windows", "browser-version": "73.0.3683.103"}
{"method": "GET", "path": "/dashboards/_last_marketing_cost/sales-comparison", "endpoint": "dashboards.last_marketing_cost", "view-args": {"id": "sales-comparison"}, "status": 200, "user": "9942c672b9354771@lampenwelt.de", "timestamp": "2019-04-23T16:47:57.955704", "browser": "chrome", "browser-platform": "windows", "browser-version": "73.0.3683.103"}
{"method": "GET", "path": "/dashboards/_render_async_sql_query/3efea9f4-8990-4599-b957-bdefb6da32a7", "endpoint": "dashboards.render_async_sql_query", "view-args": {"id": "3efea9f4-8990-4599-b957-bdefb6da32a7"}, "status": 200, "user": "9942c672b9354771@lampenwelt.de", "timestamp": "2019-04-23T16:47:58.043493", "browser": "chrome", "browser-platform": "windows", "browser-version": "73.0.3683.103"}
{"method": "GET", "path": "/dashboards/_render_async_sql_query/911333e6-b842-4e27-bcdd-f6ff7ad066d6", "endpoint": "dashboards.render_async_sql_query", "view-args": {"id": "911333e6-b842-4e27-bcdd-f6ff7ad066d6"}, "status": 200, "user": "9942c672b9354771@lampenwelt.de", "timestamp": "2019-04-23T16:47:58.156446", "browser": "chrome", "browser-platform": "windows", "browser-version": "73.0.3683.103"}
{"method": "GET", "path": "/dashboards/_render_async_sql_query/9f51c632-3746-4a13-ba95-174484c304c6", "endpoint": "dashboards.render_async_sql_query", "view-args": {"id": "9f51c632-3746-4a13-ba95-174484c304c6"}, "status": 200, "user": "9942c672b9354771@lampenwelt.de", "timestamp": "2019-04-23T16:47:58.833047", "browser": "chrome", "browser-platform": "windows", "browser-version": "73.0.3683.103"}
{"method": "GET", "path": "/dashboards/_render_async_sql_query/57336d55-e3db-453b-a9f3-7e57fd57d01f", "endpoint": "dashboards.render_async_sql_query", "view-args": {"id": "57336d55-e3db-453b-a9f3-7e57fd57d01f"}, "status": 200, "user": "9942c672b9354771@lampenwelt.de", "timestamp": "2019-04-23T16:47:58.922435", "browser": "chrome", "browser-platform": "windows", "browser-version": "73.0.3683.103"}
{"method": "GET", "path": "/product-performance-analyzer/_auto-complete/global_dim.sales_channel/sales_channel/", "endpoint": "product-performance-analyzer.auto_complete", "view-args": {"table_name": "global_dim.sales_channel", "column_name": "sales_channel"}, "status": 200, "user": "9942c672b9354771@lampenwelt.de", "timestamp": "2019-04-23T16:48:00.945933", "browser": "chrome", "browser-platform": "windows", "browser-version": "73.0.3683.103"}
{"method": "GET", "path": "/product-performance-analyzer/_auto-complete/global_dim.sales_channel/sales_channel/", "endpoint": "product-performance-analyzer.auto_complete", "view-args": {"table_name": "global_dim.sales_channel", "column_name": "sales_channel"}, "status": 200, "user": "9942c672b9354771@lampenwelt.de", "timestamp": "2019-04-23T16:48:01.282582", "browser": "chrome", "browser-platform": "windows", "browser-version": "73.0.3683.103"}
{"method": "GET", "path": "/product-performance-analyzer/_auto-complete/global_dim.sales_channel/sales_channel/nl", "endpoint": "product-performance-analyzer.auto_complete", "view-args": {"table_name": "global_dim.sales_channel", "column_name": "sales_channel", "term": "nl"}, "status": 200, "user": "9942c672b9354771@lampenwelt.de", "timestamp": "2019-04-23T16:48:02.380250", "browser": "chrome", "browser-platform": "windows", "browser-version": "73.0.3683.103"}
{"method": "POST", "path": "/dashboards/sales-comparison", "endpoint": "dashboards.view_dashboard", "view-args": {"id": "sales-comparison"}, "status": 200, "user": "9942c672b9354771@lampenwelt.de", "timestamp": "2019-04-23T16:48:04.505844", "browser": "chrome", "browser-platform": "windows", "browser-version": "73.0.3683.103"}
{"method": "GET", "path": "/dashboards/_render_async_sql_query/e4092331-39b4-425c-9930-39f24c1a1a22", "endpoint": "dashboards.render_async_sql_query", "view-args": {"id": "e4092331-39b4-425c-9930-39f24c1a1a22"}, "status": 200, "user": "9942c672b9354771@lampenwelt.de", "timestamp": "2019-04-23T16:48:05.835812", "browser": "chrome", "browser-platform": "windows", "browser-version": "73.0.3683.103"}
{"method": "GET", "path": "/dashboards/_render_async_sql_query/1a0b2dd7-3002-4728-9d4b-5b2f9f709a26", "endpoint": "dashboards.render_async_sql_query", "view-args": {"id": "1a0b2dd7-3002-4728-9d4b-5b2f9f709a26"}, "status": 200, "user": "9942c672b9354771@lampenwelt.de", "timestamp": "2019-04-23T16:48:06.326315", "browser": "chrome", "browser-platform": "windows", "browser-version": "73.0.3683.103"}
{"method": "GET", "path": "/dashboards/_last_successful_import", "endpoint": "dashboards.last_successful_import", "view-args": {}, "status": 200, "user": "9942c672b9354771@lampenwelt.de", "timestamp": "2019-04-23T16:48:06.373670", "browser": "chrome", "browser-platform": "windows", "browser-version": "73.0.3683.103"}
{"method": "GET", "path": "/dashboards/_last_marketing_cost/sales-comparison", "endpoint": "dashboards.last_marketing_cost", "view-args": {"id": "sales-comparison"}, "status": 200, "user": "9942c672b9354771@lampenwelt.de", "timestamp": "2019-04-23T16:48:06.386382", "browser": "chrome", "browser-platform": "windows", "browser-version": "73.0.3683.103"}
{"method": "GET", "path": "/dashboards/_render_async_sql_query/1d640dae-0272-4522-9138-a58f7de27c17", "endpoint": "dashboards.render_async_sql_query", "view-args": {"id": "1d640dae-0272-4522-9138-a58f7de27c17"}, "status": 200, "user": "9942c672b9354771@lampenwelt.de", "timestamp": "2019-04-23T16:48:06.709163", "browser": "chrome", "browser-platform": "windows", "browser-version": "73.0.3683.103"}
{"method": "GET", "path": "/dashboards/_render_async_sql_query/4983b313-eaa4-4e9a-b759-cc560e9b8b56", "endpoint": "dashboards.render_async_sql_query", "view-args": {"id": "4983b313-eaa4-4e9a-b759-cc560e9b8b56"}, "status": 200, "user": "9942c672b9354771@lampenwelt.de", "timestamp": "2019-04-23T16:48:06.854037", "browser": "chrome", "browser-platform": "windows", "browser-version": "73.0.3683.103"}
{"method": "GET", "path": "/dashboards/_render_async_sql_query/5c82cc2c-2454-459f-8e61-6342c47e89b5", "endpoint": "dashboards.render_async_sql_query", "view-args": {"id": "5c82cc2c-2454-459f-8e61-6342c47e89b5"}, "status": 200, "user": "9942c672b9354771@lampenwelt.de", "timestamp": "2019-04-23T16:48:07.398287", "browser": "chrome", "browser-platform": "windows", "browser-version": "73.0.3683.103"}
{"method": "GET", "path": "/dashboards/_render_async_sql_query/a1456816-ff33-4fcf-9b52-a095ee4c0f5b", "endpoint": "dashboards.render_async_sql_query", "view-args": {"id": "a1456816-ff33-4fcf-9b52-a095ee4c0f5b"}, "status": 200, "user": "9942c672b9354771@lampenwelt.de", "timestamp": "2019-04-23T16:48:07.658944", "browser": "chrome", "browser-platform": "windows", "browser-version": "73.0.3683.103"}
{"method": "GET", "path": "/product-performance-analyzer/_auto-complete/global_dim.sales_channel/sales_channel/", "endpoint": "product-performance-analyzer.auto_complete", "view-args": {"table_name": "global_dim.sales_channel", "column_name": "sales_channel"}, "status": 200, "user": "9942c672b9354771@lampenwelt.de", "timestamp": "2019-04-23T16:48:35.477495", "browser": "chrome", "browser-platform": "windows", "browser-version": "73.0.3683.103"}
{"method": "GET", "path": "/product-performance-analyzer/_auto-complete/global_dim.product_category/category_name/", "endpoint": "product-performance-analyzer.auto_complete", "view-args": {"table_name": "global_dim.product_category", "column_name": "category_name"}, "status": 200, "user": "9942c672b9354771@lampenwelt.de", "timestamp": "2019-04-23T16:48:36.029103", "browser": "chrome", "browser-platform": "windows", "browser-version": "73.0.3683.103"}
{"method": "POST", "path": "/dashboards/sales-comparison", "endpoint": "dashboards.view_dashboard", "view-args": {"id": "sales-comparison"}, "status": 200, "user": "9942c672b9354771@lampenwelt.de", "timestamp": "2019-04-23T16:48:38.918215", "browser": "chrome", "browser-platform": "windows", "browser-version": "73.0.3683.103"}
{"method": "GET", "path": "/dashboards/_render_async_sql_query/9b1ed8c9-9c9f-459f-b000-7d1700a4d8e2", "endpoint": "dashboards.render_async_sql_query", "view-args": {"id": "9b1ed8c9-9c9f-459f-b000-7d1700a4d8e2"}, "status": 200, "user": "9942c672b9354771@lampenwelt.de", "timestamp": "2019-04-23T16:48:40.145985", "browser": "chrome", "browser-platform": "windows", "browser-version": "73.0.3683.103"}
{"method": "GET", "path": "/dashboards/_render_async_sql_query/6ba09d3d-7756-4deb-a51e-fc22469097e5", "endpoint": "dashboards.render_async_sql_query", "view-args": {"id": "6ba09d3d-7756-4deb-a51e-fc22469097e5"}, "status": 200, "user": "9942c672b9354771@lampenwelt.de", "timestamp": "2019-04-23T16:48:40.827592", "browser": "chrome", "browser-platform": "windows", "browser-version": "73.0.3683.103"}
{"method": "GET", "path": "/dashboards/_last_successful_import", "endpoint": "dashboards.last_successful_import", "view-args": {}, "status": 200, "user": "9942c672b9354771@lampenwelt.de", "timestamp": "2019-04-23T16:48:40.844768", "browser": "chrome", "browser-platform": "windows", "browser-version": "73.0.3683.103"}
{"method": "GET", "path": "/dashboards/_last_marketing_cost/sales-comparison", "endpoint": "dashboards.last_marketing_cost", "view-args": {"id": "sales-comparison"}, "status": 200, "user": "9942c672b9354771@lampenwelt.de", "timestamp": "2019-04-23T16:48:40.853429", "browser": "chrome", "browser-platform": "windows", "browser-version": "73.0.3683.103"}
{"method": "GET", "path": "/dashboards/_render_async_sql_query/969a0fda-9154-40b3-80b6-58a03f046109", "endpoint": "dashboards.render_async_sql_query", "view-args": {"id": "969a0fda-9154-40b3-80b6-58a03f046109"}, "status": 200, "user": "9942c672b9354771@lampenwelt.de", "timestamp": "2019-04-23T16:48:41.071869", "browser": "chrome", "browser-platform": "windows", "browser-version": "73.0.3683.103"}
{"method": "GET", "path": "/dashboards/_render_async_sql_query/23d9072f-880a-4468-b5d0-8987bd9644d9", "endpoint": "dashboards.render_async_sql_query", "view-args": {"id": "23d9072f-880a-4468-b5d0-8987bd9644d9"}, "status": 200, "user": "9942c672b9354771@lampenwelt.de", "timestamp": "2019-04-23T16:48:41.071959", "browser": "chrome", "browser-platform": "windows", "browser-version": "73.0.3683.103"}
{"method": "GET", "path": "/dashboards/_render_async_sql_query/669e5871-efe9-43fa-a7ba-857664e1ede1", "endpoint": "dashboards.render_async_sql_query", "view-args": {"id": "669e5871-efe9-43fa-a7ba-857664e1ede1"}, "status": 200, "user": "9942c672b9354771@lampenwelt.de", "timestamp": "2019-04-23T16:48:41.886933", "browser": "chrome", "browser-platform": "windows", "browser-version": "73.0.3683.103"}
{"method": "GET", "path": "/dashboards/_render_async_sql_query/16511f45-1b67-44a5-bb33-ecf1c6f30ddb", "endpoint": "dashboards.render_async_sql_query", "view-args": {"id": "16511f45-1b67-44a5-bb33-ecf1c6f30ddb"}, "status": 200, "user": "9942c672b9354771@lampenwelt.de", "timestamp": "2019-04-23T16:48:42.072322", "browser": "chrome", "browser-platform": "windows", "browser-version": "73.0.3683.103"}
{"method": "POST", "path": "/dashboards/sales-comparison", "endpoint": "dashboards.view_dashboard", "view-args": {"id": "sales-comparison"}, "status": 200, "user": "9942c672b9354771@lampenwelt.de", "timestamp": "2019-04-23T16:48:43.420210", "browser": "chrome", "browser-platform": "windows", "browser-version": "73.0.3683.103"}
{"method": "GET", "path": "/dashboards/_render_async_sql_query/e889395e-99b6-49b2-ab3a-94561737e5cf", "endpoint": "dashboards.render_async_sql_query", "view-args": {"id": "e889395e-99b6-49b2-ab3a-94561737e5cf"}, "status": 200, "user": "9942c672b9354771@lampenwelt.de", "timestamp": "2019-04-23T16:48:43.563372", "browser": "chrome", "browser-platform": "windows", "browser-version": "73.0.3683.103"}
{"method": "GET", "path": "/dashboards/_render_async_sql_query/f9d3f087-92c0-48d3-81e7-d5da304f35e0", "endpoint": "dashboards.render_async_sql_query", "view-args": {"id": "f9d3f087-92c0-48d3-81e7-d5da304f35e0"}, "status": 200, "user": "9942c672b9354771@lampenwelt.de", "timestamp": "2019-04-23T16:48:44.701193", "browser": "chrome", "browser-platform": "windows", "browser-version": "73.0.3683.103"}
{"method": "GET", "path": "/dashboards/_last_successful_import", "endpoint": "dashboards.last_successful_import", "view-args": {}, "status": 200, "user": "9942c672b9354771@lampenwelt.de", "timestamp": "2019-04-23T16:48:44.722780", "browser": "chrome", "browser-platform": "windows", "browser-version": "73.0.3683.103"}
{"method": "GET", "path": "/dashboards/_last_marketing_cost/sales-comparison", "endpoint": "dashboards.last_marketing_cost", "view-args": {"id": "sales-comparison"}, "status": 200, "user": "9942c672b9354771@lampenwelt.de", "timestamp": "2019-04-23T16:48:44.732084", "browser": "chrome", "browser-platform": "windows", "browser-version": "73.0.3683.103"}
{"method": "GET", "path": "/dashboards/_render_async_sql_query/1394a4a5-e676-474b-a552-b356749932ba", "endpoint": "dashboards.render_async_sql_query", "view-args": {"id": "1394a4a5-e676-474b-a552-b356749932ba"}, "status": 200, "user": "9942c672b9354771@lampenwelt.de", "timestamp": "2019-04-23T16:48:44.754923", "browser": "chrome", "browser-platform": "windows", "browser-version": "73.0.3683.103"}
{"method": "GET", "path": "/dashboards/_render_async_sql_query/2ee35ef1-814c-4974-b95a-ff3f5b2d562d", "endpoint": "dashboards.render_async_sql_query", "view-args": {"id": "2ee35ef1-814c-4974-b95a-ff3f5b2d562d"}, "status": 200, "user": "9942c672b9354771@lampenwelt.de", "timestamp": "2019-04-23T16:48:44.779638", "browser": "chrome", "browser-platform": "windows", "browser-version": "73.0.3683.103"}
{"method": "GET", "path": "/dashboards/_render_async_sql_query/36df15b2-94c8-4f68-a555-7df021ffbeb3", "endpoint": "dashboards.render_async_sql_query", "view-args": {"id": "36df15b2-94c8-4f68-a555-7df021ffbeb3"}, "status": 200, "user": "9942c672b9354771@lampenwelt.de", "timestamp": "2019-04-23T16:48:45.285578", "browser": "chrome", "browser-platform": "windows", "browser-version": "73.0.3683.103"}
{"method": "GET", "path": "/dashboards/_render_async_sql_query/51d08309-054b-4bd5-83ab-203f5d9008d3", "endpoint": "dashboards.render_async_sql_query", "view-args": {"id": "51d08309-054b-4bd5-83ab-203f5d9008d3"}, "status": 200, "user": "9942c672b9354771@lampenwelt.de", "timestamp": "2019-04-23T16:48:46.205783", "browser": "chrome", "browser-platform": "windows", "browser-version": "73.0.3683.103"}
{"method": "POST", "path": "/dashboards/sales-comparison", "endpoint": "dashboards.view_dashboard", "view-args": {"id": "sales-comparison"}, "status": 200, "user": "9942c672b9354771@lampenwelt.de", "timestamp": "2019-04-23T16:48:59.438189", "browser": "chrome", "browser-platform": "windows", "browser-version": "73.0.3683.103"}
{"method": "GET", "path": "/dashboards/_render_async_sql_query/386602b1-384b-4941-b6e3-4e794719d12d", "endpoint": "dashboards.render_async_sql_query", "view-args": {"id": "386602b1-384b-4941-b6e3-4e794719d12d"}, "status": 200, "user": "9942c672b9354771@lampenwelt.de", "timestamp": "2019-04-23T16:48:59.599317", "browser": "chrome", "browser-platform": "windows", "browser-version": "73.0.3683.103"}
{"method": "GET", "path": "/dashboards/_render_async_sql_query/40122970-4439-4309-a74e-1da8167d6ebe", "endpoint": "dashboards.render_async_sql_query", "view-args": {"id": "40122970-4439-4309-a74e-1da8167d6ebe"}, "status": 200, "user": "9942c672b9354771@lampenwelt.de", "timestamp": "2019-04-23T16:49:00.788352", "browser": "chrome", "browser-platform": "windows", "browser-version": "73.0.3683.103"}
{"method": "GET", "path": "/dashboards/_last_successful_import", "endpoint": "dashboards.last_successful_import", "view-args": {}, "status": 200, "user": "9942c672b9354771@lampenwelt.de", "timestamp": "2019-04-23T16:49:00.805974", "browser": "chrome", "browser-platform": "windows", "browser-version": "73.0.3683.103"}
{"method": "GET", "path": "/dashboards/_last_marketing_cost/sales-comparison", "endpoint": "dashboards.last_marketing_cost", "view-args": {"id": "sales-comparison"}, "status": 200, "user": "9942c672b9354771@lampenwelt.de", "timestamp": "2019-04-23T16:49:00.816659", "browser": "chrome", "browser-platform": "windows", "browser-version": "73.0.3683.103"}
{"method": "GET", "path": "/dashboards/_render_async_sql_query/527d6a49-aa91-436c-b1e3-63c5dbace56f", "endpoint": "dashboards.render_async_sql_query", "view-args": {"id": "527d6a49-aa91-436c-b1e3-63c5dbace56f"}, "status": 200, "user": "9942c672b9354771@lampenwelt.de", "timestamp": "2019-04-23T16:49:00.841177", "browser": "chrome", "browser-platform": "windows", "browser-version": "73.0.3683.103"}
{"method": "GET", "path": "/dashboards/_render_async_sql_query/e9a46536-fb67-4d2f-97a5-85954b4ff02e", "endpoint": "dashboards.render_async_sql_query", "view-args": {"id": "e9a46536-fb67-4d2f-97a5-85954b4ff02e"}, "status": 200, "user": "9942c672b9354771@lampenwelt.de", "timestamp": "2019-04-23T16:49:00.862906", "browser": "chrome", "browser-platform": "windows", "browser-version": "73.0.3683.103"}
{"method": "GET", "path": "/dashboards/_render_async_sql_query/c7ef1b4f-a8fd-466a-ab51-6cf84185b67c", "endpoint": "dashboards.render_async_sql_query", "view-args": {"id": "c7ef1b4f-a8fd-466a-ab51-6cf84185b67c"}, "status": 200, "user": "9942c672b9354771@lampenwelt.de", "timestamp": "2019-04-23T16:49:01.233298", "browser": "chrome", "browser-platform": "windows", "browser-version": "73.0.3683.103"}
{"method": "GET", "path": "/dashboards/_render_async_sql_query/c7211323-07e5-4e3e-816d-3519fd647087", "endpoint": "dashboards.render_async_sql_query", "view-args": {"id": "c7211323-07e5-4e3e-816d-3519fd647087"}, "status": 200, "user": "9942c672b9354771@lampenwelt.de", "timestamp": "2019-04-23T16:49:01.476764", "browser": "chrome", "browser-platform": "windows", "browser-version": "73.0.3683.103"}
{"method": "POST", "path": "/dashboards/sales-comparison", "endpoint": "dashboards.view_dashboard", "view-args": {"id": "sales-comparison"}, "status": 200, "user": "9942c672b9354771@lampenwelt.de", "timestamp": "2019-04-23T16:49:04.917830", "browser": "chrome", "browser-platform": "windows", "browser-version": "73.0.3683.103"}
{"method": "GET", "path": "/dashboards/_render_async_sql_query/4996b8bb-93f1-4a9e-a00a-ff4106164ead", "endpoint": "dashboards.render_async_sql_query", "view-args": {"id": "4996b8bb-93f1-4a9e-a00a-ff4106164ead"}, "status": 200, "user": "9942c672b9354771@lampenwelt.de", "timestamp": "2019-04-23T16:49:05.086759", "browser": "chrome", "browser-platform": "windows", "browser-version": "73.0.3683.103"}
{"method": "GET", "path": "/dashboards/_render_async_sql_query/7afc2ede-5c23-4cba-b844-bc6735f3c991", "endpoint": "dashboards.render_async_sql_query", "view-args": {"id": "7afc2ede-5c23-4cba-b844-bc6735f3c991"}, "status": 200, "user": "9942c672b9354771@lampenwelt.de", "timestamp": "2019-04-23T16:49:06.408091", "browser": "chrome", "browser-platform": "windows", "browser-version": "73.0.3683.103"}
{"method": "GET", "path": "/dashboards/_last_successful_import", "endpoint": "dashboards.last_successful_import", "view-args": {}, "status": 200, "user": "9942c672b9354771@lampenwelt.de", "timestamp": "2019-04-23T16:49:06.426312", "browser": "chrome", "browser-platform": "windows", "browser-version": "73.0.3683.103"}
{"method": "GET", "path": "/dashboards/_last_marketing_cost/sales-comparison", "endpoint": "dashboards.last_marketing_cost", "view-args": {"id": "sales-comparison"}, "status": 200, "user": "9942c672b9354771@lampenwelt.de", "timestamp": "2019-04-23T16:49:06.434664", "browser": "chrome", "browser-platform": "windows", "browser-version": "73.0.3683.103"}
{"method": "GET", "path": "/dashboards/_render_async_sql_query/d4faa981-df26-41cc-91f9-deaa14a42d17", "endpoint": "dashboards.render_async_sql_query", "view-args": {"id": "d4faa981-df26-41cc-91f9-deaa14a42d17"}, "status": 200, "user": "9942c672b9354771@lampenwelt.de", "timestamp": "2019-04-23T16:49:06.461142", "browser": "chrome", "browser-platform": "windows", "browser-version": "73.0.3683.103"}
{"method": "GET", "path": "/dashboards/_render_async_sql_query/67a2ed04-e3e3-40fd-b94c-791a5bd4d0a2", "endpoint": "dashboards.render_async_sql_query", "view-args": {"id": "67a2ed04-e3e3-40fd-b94c-791a5bd4d0a2"}, "status": 200, "user": "9942c672b9354771@lampenwelt.de", "timestamp": "2019-04-23T16:49:06.487446", "browser": "chrome", "browser-platform": "windows", "browser-version": "73.0.3683.103"}
{"method": "GET", "path": "/dashboards/_render_async_sql_query/b1a2bc52-e7a4-4325-bd39-b661affbc540", "endpoint": "dashboards.render_async_sql_query", "view-args": {"id": "b1a2bc52-e7a4-4325-bd39-b661affbc540"}, "status": 200, "user": "9942c672b9354771@lampenwelt.de", "timestamp": "2019-04-23T16:49:07.169895", "browser": "chrome", "browser-platform": "windows", "browser-version": "73.0.3683.103"}
{"method": "GET", "path": "/dashboards/_render_async_sql_query/afbb68d7-24da-4202-9400-be602980ffa5", "endpoint": "dashboards.render_async_sql_query", "view-args": {"id": "afbb68d7-24da-4202-9400-be602980ffa5"}, "status": 200, "user": "9942c672b9354771@lampenwelt.de", "timestamp": "2019-04-23T16:49:07.657997", "browser": "chrome", "browser-platform": "windows", "browser-version": "73.0.3683.103"}
{"method": "POST", "path": "/dashboards/sales-comparison", "endpoint": "dashboards.view_dashboard", "view-args": {"id": "sales-comparison"}, "status": 200, "user": "9942c672b9354771@lampenwelt.de", "timestamp": "2019-04-23T16:49:09.343915", "browser": "chrome", "browser-platform": "windows", "browser-version": "73.0.3683.103"}
{"method": "GET", "path": "/dashboards/_render_async_sql_query/2d667cdf-3322-40bc-a114-ae3779a27fc1", "endpoint": "dashboards.render_async_sql_query", "view-args": {"id": "2d667cdf-3322-40bc-a114-ae3779a27fc1"}, "status": 200, "user": "9942c672b9354771@lampenwelt.de", "timestamp": "2019-04-23T16:49:09.489329", "browser": "chrome", "browser-platform": "windows", "browser-version": "73.0.3683.103"}
{"method": "GET", "path": "/dashboards/_render_async_sql_query/aa2ae3cf-9349-4e4d-af91-1b8b8f2c5712", "endpoint": "dashboards.render_async_sql_query", "view-args": {"id": "aa2ae3cf-9349-4e4d-af91-1b8b8f2c5712"}, "status": 200, "user": "9942c672b9354771@lampenwelt.de", "timestamp": "2019-04-23T16:49:10.597520", "browser": "chrome", "browser-platform": "windows", "browser-version": "73.0.3683.103"}
{"method": "GET", "path": "/dashboards/_last_successful_import", "endpoint": "dashboards.last_successful_import", "view-args": {}, "status": 200, "user": "9942c672b9354771@lampenwelt.de", "timestamp": "2019-04-23T16:49:10.618894", "browser": "chrome", "browser-platform": "windows", "browser-version": "73.0.3683.103"}
{"method": "GET", "path": "/dashboards/_last_marketing_cost/sales-comparison", "endpoint": "dashboards.last_marketing_cost", "view-args": {"id": "sales-comparison"}, "status": 200, "user": "9942c672b9354771@lampenwelt.de", "timestamp": "2019-04-23T16:49:10.629309", "browser": "chrome", "browser-platform": "windows", "browser-version": "73.0.3683.103"}
{"method": "GET", "path": "/dashboards/_render_async_sql_query/13ebadf1-4230-449c-80e2-2249a5aa4369", "endpoint": "dashboards.render_async_sql_query", "view-args": {"id": "13ebadf1-4230-449c-80e2-2249a5aa4369"}, "status": 200, "user": "9942c672b9354771@lampenwelt.de", "timestamp": "2019-04-23T16:49:10.654712", "browser": "chrome", "browser-platform": "windows", "browser-version": "73.0.3683.103"}
{"method": "GET", "path": "/dashboards/_render_async_sql_query/4490fe88-0919-463e-8030-6f3533375758", "endpoint": "dashboards.render_async_sql_query", "view-args": {"id": "4490fe88-0919-463e-8030-6f3533375758"}, "status": 200, "user": "9942c672b9354771@lampenwelt.de", "timestamp": "2019-04-23T16:49:10.675499", "browser": "chrome", "browser-platform": "windows", "browser-version": "73.0.3683.103"}
{"method": "GET", "path": "/dashboards/_render_async_sql_query/279af41c-6deb-4d57-b284-a60bbd611cd7", "endpoint": "dashboards.render_async_sql_query", "view-args": {"id": "279af41c-6deb-4d57-b284-a60bbd611cd7"}, "status": 200, "user": "9942c672b9354771@lampenwelt.de", "timestamp": "2019-04-23T16:49:11.180739", "browser": "chrome", "browser-platform": "windows", "browser-version": "73.0.3683.103"}
{"method": "GET", "path": "/dashboards/_render_async_sql_query/7f3c4824-b9f7-4be8-927a-41f22d04c300", "endpoint": "dashboards.render_async_sql_query", "view-args": {"id": "7f3c4824-b9f7-4be8-927a-41f22d04c300"}, "status": 200, "user": "9942c672b9354771@lampenwelt.de", "timestamp": "2019-04-23T16:49:11.228972", "browser": "chrome", "browser-platform": "windows", "browser-version": "73.0.3683.103"}
{"method": "POST", "path": "/dashboards/sales-comparison", "endpoint": "dashboards.view_dashboard", "view-args": {"id": "sales-comparison"}, "status": 200, "user": "9942c672b9354771@lampenwelt.de", "timestamp": "2019-04-23T16:49:14.369846", "browser": "chrome", "browser-platform": "windows", "browser-version": "73.0.3683.103"}
{"method": "GET", "path": "/dashboards/_render_async_sql_query/335d213f-0b54-4cd4-8b44-15ee9788b312", "endpoint": "dashboards.render_async_sql_query", "view-args": {"id": "335d213f-0b54-4cd4-8b44-15ee9788b312"}, "status": 200, "user": "9942c672b9354771@lampenwelt.de", "timestamp": "2019-04-23T16:49:14.509029", "browser": "chrome", "browser-platform": "windows", "browser-version": "73.0.3683.103"}
{"method": "GET", "path": "/dashboards/_render_async_sql_query/bde49206-b022-4a87-968a-4372f5507ec8", "endpoint": "dashboards.render_async_sql_query", "view-args": {"id": "bde49206-b022-4a87-968a-4372f5507ec8"}, "status": 200, "user": "9942c672b9354771@lampenwelt.de", "timestamp": "2019-04-23T16:49:14.510978", "browser": "chrome", "browser-platform": "windows", "browser-version": "73.0.3683.103"}
{"method": "GET", "path": "/dashboards/_render_async_sql_query/3c0aa2a4-80c9-40ad-8838-e73763cbc8dc", "endpoint": "dashboards.render_async_sql_query", "view-args": {"id": "3c0aa2a4-80c9-40ad-8838-e73763cbc8dc"}, "status": 200, "user": "9942c672b9354771@lampenwelt.de", "timestamp": "2019-04-23T16:49:14.515087", "browser": "chrome", "browser-platform": "windows", "browser-version": "73.0.3683.103"}
{"method": "GET", "path": "/dashboards/_last_marketing_cost/sales-comparison", "endpoint": "dashboards.last_marketing_cost", "view-args": {"id": "sales-comparison"}, "status": 200, "user": "9942c672b9354771@lampenwelt.de", "timestamp": "2019-04-23T16:49:14.523186", "browser": "chrome", "browser-platform": "windows", "browser-version": "73.0.3683.103"}
{"method": "GET", "path": "/dashboards/_last_successful_import", "endpoint": "dashboards.last_successful_import", "view-args": {}, "status": 200, "user": "9942c672b9354771@lampenwelt.de", "timestamp": "2019-04-23T16:49:14.525780", "browser": "chrome", "browser-platform": "windows", "browser-version": "73.0.3683.103"}
{"method": "GET", "path": "/dashboards/_render_async_sql_query/a7e0c15c-ac97-4734-bcb2-022ac064fa58", "endpoint": "dashboards.render_async_sql_query", "view-args": {"id": "a7e0c15c-ac97-4734-bcb2-022ac064fa58"}, "status": 200, "user": "9942c672b9354771@lampenwelt.de", "timestamp": "2019-04-23T16:49:14.534000", "browser": "chrome", "browser-platform": "windows", "browser-version": "73.0.3683.103"}
{"method": "GET", "path": "/dashboards/_render_async_sql_query/58750f6e-195b-47d1-9087-2d6388f9a2f0", "endpoint": "dashboards.render_async_sql_query", "view-args": {"id": "58750f6e-195b-47d1-9087-2d6388f9a2f0"}, "status": 200, "user": "9942c672b9354771@lampenwelt.de", "timestamp": "2019-04-23T16:49:14.542906", "browser": "chrome", "browser-platform": "windows", "browser-version": "73.0.3683.103"}
{"method": "GET", "path": "/dashboards/_render_async_sql_query/d0e37062-c253-45e8-88f6-98297f3bf9ff", "endpoint": "dashboards.render_async_sql_query", "view-args": {"id": "d0e37062-c253-45e8-88f6-98297f3bf9ff"}, "status": 200, "user": "9942c672b9354771@lampenwelt.de", "timestamp": "2019-04-23T16:49:14.549694", "browser": "chrome", "browser-platform": "windows", "browser-version": "73.0.3683.103"}
{"method": "GET", "path": "/product-performance-analyzer/_auto-complete/global_dim.product_category/category_name/", "endpoint": "product-performance-analyzer.auto_complete", "view-args": {"table_name": "global_dim.product_category", "column_name": "category_name"}, "status": 200, "user": "9942c672b9354771@lampenwelt.de", "timestamp": "2019-04-23T16:49:17.463878", "browser": "chrome", "browser-platform": "windows", "browser-version": "73.0.3683.103"}
{"method": "GET", "path": "/product-performance-analyzer/_auto-complete/global_dim.product_category/category_name/innen", "endpoint": "product-performance-analyzer.auto_complete", "view-args": {"table_name": "global_dim.product_category", "column_name": "category_name", "term": "innen"}, "status": 200, "user": "9942c672b9354771@lampenwelt.de", "timestamp": "2019-04-23T16:49:19.354114", "browser": "chrome", "browser-platform": "windows", "browser-version": "73.0.3683.103"}
{"method": "POST", "path": "/dashboards/sales-comparison", "endpoint": "dashboards.view_dashboard", "view-args": {"id": "sales-comparison"}, "status": 200, "user": "9942c672b9354771@lampenwelt.de", "timestamp": "2019-04-23T16:49:21.568838", "browser": "chrome", "browser-platform": "windows", "browser-version": "73.0.3683.103"}
{"method": "GET", "path": "/dashboards/_render_async_sql_query/2c68b53f-69b0-4aed-a421-309dcc66f209", "endpoint": "dashboards.render_async_sql_query", "view-args": {"id": "2c68b53f-69b0-4aed-a421-309dcc66f209"}, "status": 200, "user": "9942c672b9354771@lampenwelt.de", "timestamp": "2019-04-23T16:49:22.968211", "browser": "chrome", "browser-platform": "windows", "browser-version": "73.0.3683.103"}
{"method": "GET", "path": "/dashboards/_render_async_sql_query/fc58d924-cbe1-48cb-9fae-3799d911a8e1", "endpoint": "dashboards.render_async_sql_query", "view-args": {"id": "fc58d924-cbe1-48cb-9fae-3799d911a8e1"}, "status": 200, "user": "9942c672b9354771@lampenwelt.de", "timestamp": "2019-04-23T16:49:23.579542", "browser": "chrome", "browser-platform": "windows", "browser-version": "73.0.3683.103"}
{"method": "GET", "path": "/dashboards/_last_successful_import", "endpoint": "dashboards.last_successful_import", "view-args": {}, "status": 200, "user": "9942c672b9354771@lampenwelt.de", "timestamp": "2019-04-23T16:49:23.596061", "browser": "chrome", "browser-platform": "windows", "browser-version": "73.0.3683.103"}
{"method": "GET", "path": "/dashboards/_last_marketing_cost/sales-comparison", "endpoint": "dashboards.last_marketing_cost", "view-args": {"id": "sales-comparison"}, "status": 200, "user": "9942c672b9354771@lampenwelt.de", "timestamp": "2019-04-23T16:49:23.604968", "browser": "chrome", "browser-platform": "windows", "browser-version": "73.0.3683.103"}
{"method": "GET", "path": "/dashboards/_render_async_sql_query/f4726e49-621c-430e-bcec-9b45e2973273", "endpoint": "dashboards.render_async_sql_query", "view-args": {"id": "f4726e49-621c-430e-bcec-9b45e2973273"}, "status": 200, "user": "9942c672b9354771@lampenwelt.de", "timestamp": "2019-04-23T16:49:23.640211", "browser": "chrome", "browser-platform": "windows", "browser-version": "73.0.3683.103"}
{"method": "GET", "path": "/dashboards/_render_async_sql_query/8b5cf7ac-fef2-4e5b-9a73-687ddb75584c", "endpoint": "dashboards.render_async_sql_query", "view-args": {"id": "8b5cf7ac-fef2-4e5b-9a73-687ddb75584c"}, "status": 200, "user": "9942c672b9354771@lampenwelt.de", "timestamp": "2019-04-23T16:49:24.036758", "browser": "chrome", "browser-platform": "windows", "browser-version": "73.0.3683.103"}
{"method": "GET", "path": "/dashboards/_render_async_sql_query/2cf1de8e-99ea-4f55-888c-ec05ad82eb85", "endpoint": "dashboards.render_async_sql_query", "view-args": {"id": "2cf1de8e-99ea-4f55-888c-ec05ad82eb85"}, "status": 200, "user": "9942c672b9354771@lampenwelt.de", "timestamp": "2019-04-23T16:49:24.885220", "browser": "chrome", "browser-platform": "windows", "browser-version": "73.0.3683.103"}
{"method": "GET", "path": "/dashboards/_render_async_sql_query/77c4bcaf-ce46-4dba-81dd-215d6e837b47", "endpoint": "dashboards.render_async_sql_query", "view-args": {"id": "77c4bcaf-ce46-4dba-81dd-215d6e837b47"}, "status": 200, "user": "9942c672b9354771@lampenwelt.de", "timestamp": "2019-04-23T16:49:24.915533", "browser": "chrome", "browser-platform": "windows", "browser-version": "73.0.3683.103"}
{"method": "POST", "path": "/dashboards/sales-comparison", "endpoint": "dashboards.view_dashboard", "view-args": {"id": "sales-comparison"}, "status": 200, "user": "9942c672b9354771@lampenwelt.de", "timestamp": "2019-04-23T16:49:30.721215", "browser": "chrome", "browser-platform": "windows", "browser-version": "73.0.3683.103"}
{"method": "GET", "path": "/dashboards/_render_async_sql_query/62982d94-01b5-4438-b06e-8e6932fd142d", "endpoint": "dashboards.render_async_sql_query", "view-args": {"id": "62982d94-01b5-4438-b06e-8e6932fd142d"}, "status": 200, "user": "9942c672b9354771@lampenwelt.de", "timestamp": "2019-04-23T16:49:30.872310", "browser": "chrome", "browser-platform": "windows", "browser-version": "73.0.3683.103"}
{"method": "GET", "path": "/dashboards/_render_async_sql_query/373b3972-e1ed-4dfe-bd35-04bbb41c78ad", "endpoint": "dashboards.render_async_sql_query", "view-args": {"id": "373b3972-e1ed-4dfe-bd35-04bbb41c78ad"}, "status": 200, "user": "9942c672b9354771@lampenwelt.de", "timestamp": "2019-04-23T16:49:32.142102", "browser": "chrome", "browser-platform": "windows", "browser-version": "73.0.3683.103"}
{"method": "GET", "path": "/dashboards/_last_successful_import", "endpoint": "dashboards.last_successful_import", "view-args": {}, "status": 200, "user": "9942c672b9354771@lampenwelt.de", "timestamp": "2019-04-23T16:49:32.161707", "browser": "chrome", "browser-platform": "windows", "browser-version": "73.0.3683.103"}
{"method": "GET", "path": "/dashboards/_last_marketing_cost/sales-comparison", "endpoint": "dashboards.last_marketing_cost", "view-args": {"id": "sales-comparison"}, "status": 200, "user": "9942c672b9354771@lampenwelt.de", "timestamp": "2019-04-23T16:49:32.170712", "browser": "chrome", "browser-platform": "windows", "browser-version": "73.0.3683.103"}
{"method": "GET", "path": "/dashboards/_render_async_sql_query/c6222211-fc24-4691-8f7a-fa1727a8dc55", "endpoint": "dashboards.render_async_sql_query", "view-args": {"id": "c6222211-fc24-4691-8f7a-fa1727a8dc55"}, "status": 200, "user": "9942c672b9354771@lampenwelt.de", "timestamp": "2019-04-23T16:49:32.196717", "browser": "chrome", "browser-platform": "windows", "browser-version": "73.0.3683.103"}
{"method": "GET", "path": "/dashboards/_render_async_sql_query/b54c64e4-2833-4225-95ec-c6776a6ddfa5", "endpoint": "dashboards.render_async_sql_query", "view-args": {"id": "b54c64e4-2833-4225-95ec-c6776a6ddfa5"}, "status": 200, "user": "9942c672b9354771@lampenwelt.de", "timestamp": "2019-04-23T16:49:32.223013", "browser": "chrome", "browser-platform": "windows", "browser-version": "73.0.3683.103"}
{"method": "GET", "path": "/dashboards/_render_async_sql_query/6f4ae61a-2149-4c85-965c-d815b52f4c96", "endpoint": "dashboards.render_async_sql_query", "view-args": {"id": "6f4ae61a-2149-4c85-965c-d815b52f4c96"}, "status": 200, "user": "9942c672b9354771@lampenwelt.de", "timestamp": "2019-04-23T16:49:32.814281", "browser": "chrome", "browser-platform": "windows", "browser-version": "73.0.3683.103"}
{"method": "GET", "path": "/dashboards/_render_async_sql_query/85e81f70-8acb-4a99-b3fc-b71ab68e87ae", "endpoint": "dashboards.render_async_sql_query", "view-args": {"id": "85e81f70-8acb-4a99-b3fc-b71ab68e87ae"}, "status": 200, "user": "9942c672b9354771@lampenwelt.de", "timestamp": "2019-04-23T16:49:32.902560", "browser": "chrome", "browser-platform": "windows", "browser-version": "73.0.3683.103"}
{"method": "POST", "path": "/dashboards/sales-comparison", "endpoint": "dashboards.view_dashboard", "view-args": {"id": "sales-comparison"}, "status": 200, "user": "9942c672b9354771@lampenwelt.de", "timestamp": "2019-04-23T16:49:36.607661", "browser": "chrome", "browser-platform": "windows", "browser-version": "73.0.3683.103"}
{"method": "GET", "path": "/dashboards/_render_async_sql_query/17931816-f7dd-43f1-9567-e4b91982d13a", "endpoint": "dashboards.render_async_sql_query", "view-args": {"id": "17931816-f7dd-43f1-9567-e4b91982d13a"}, "status": 200, "user": "9942c672b9354771@lampenwelt.de", "timestamp": "2019-04-23T16:49:36.748423", "browser": "chrome", "browser-platform": "windows", "browser-version": "73.0.3683.103"}
{"method": "GET", "path": "/dashboards/_render_async_sql_query/5b6bfca6-8c74-49fe-879e-e91d385eab9d", "endpoint": "dashboards.render_async_sql_query", "view-args": {"id": "5b6bfca6-8c74-49fe-879e-e91d385eab9d"}, "status": 200, "user": "9942c672b9354771@lampenwelt.de", "timestamp": "2019-04-23T16:49:36.752067", "browser": "chrome", "browser-platform": "windows", "browser-version": "73.0.3683.103"}
{"method": "GET", "path": "/dashboards/_render_async_sql_query/9bdfb1ab-eb77-4b2c-9976-9cc94a0a910b", "endpoint": "dashboards.render_async_sql_query", "view-args": {"id": "9bdfb1ab-eb77-4b2c-9976-9cc94a0a910b"}, "status": 200, "user": "9942c672b9354771@lampenwelt.de", "timestamp": "2019-04-23T16:49:36.754677", "browser": "chrome", "browser-platform": "windows", "browser-version": "73.0.3683.103"}
{"method": "GET", "path": "/dashboards/_last_marketing_cost/sales-comparison", "endpoint": "dashboards.last_marketing_cost", "view-args": {"id": "sales-comparison"}, "status": 200, "user": "9942c672b9354771@lampenwelt.de", "timestamp": "2019-04-23T16:49:36.763893", "browser": "chrome", "browser-platform": "windows", "browser-version": "73.0.3683.103"}
{"method": "GET", "path": "/dashboards/_last_successful_import", "endpoint": "dashboards.last_successful_import", "view-args": {}, "status": 200, "user": "9942c672b9354771@lampenwelt.de", "timestamp": "2019-04-23T16:49:36.767265", "browser": "chrome", "browser-platform": "windows", "browser-version": "73.0.3683.103"}
{"method": "GET", "path": "/dashboards/_render_async_sql_query/02c8f2fb-bfea-4116-9a45-fae8662b2fef", "endpoint": "dashboards.render_async_sql_query", "view-args": {"id": "02c8f2fb-bfea-4116-9a45-fae8662b2fef"}, "status": 200, "user": "9942c672b9354771@lampenwelt.de", "timestamp": "2019-04-23T16:49:36.776169", "browser": "chrome", "browser-platform": "windows", "browser-version": "73.0.3683.103"}
{"method": "GET", "path": "/dashboards/_render_async_sql_query/6ded415c-c9b7-4132-b257-9131e9c76709", "endpoint": "dashboards.render_async_sql_query", "view-args": {"id": "6ded415c-c9b7-4132-b257-9131e9c76709"}, "status": 200, "user": "9942c672b9354771@lampenwelt.de", "timestamp": "2019-04-23T16:49:36.792295", "browser": "chrome", "browser-platform": "windows", "browser-version": "73.0.3683.103"}
{"method": "GET", "path": "/dashboards/_render_async_sql_query/faad5b8d-acec-4046-8953-1f39866d9d7a", "endpoint": "dashboards.render_async_sql_query", "view-args": {"id": "faad5b8d-acec-4046-8953-1f39866d9d7a"}, "status": 200, "user": "9942c672b9354771@lampenwelt.de", "timestamp": "2019-04-23T16:49:36.794520", "browser": "chrome", "browser-platform": "windows", "browser-version": "73.0.3683.103"}
{"method": "GET", "path": "/data-sets/sales", "endpoint": "data_sets.data_set_page", "view-args": {"data_set_id": "sales", "query_id": null}, "status": 200, "user": "9942c672b9354771@lampenwelt.de", "timestamp": "2019-04-23T16:49:41.937294", "browser": "chrome", "browser-platform": "windows", "browser-version": "73.0.3683.103"}
{"method": "POST", "path": "/data-sets/.initialize", "endpoint": "data_sets.initialize_query", "view-args": {}, "status": 200, "user": "9942c672b9354771@lampenwelt.de", "timestamp": "2019-04-23T16:49:42.663059", "browser": "chrome", "browser-platform": "windows", "browser-version": "73.0.3683.103"}
{"method": "POST", "path": "/data-sets/.preview", "endpoint": "data_sets.preview", "view-args": {}, "status": 200, "user": "9942c672b9354771@lampenwelt.de", "timestamp": "2019-04-23T16:49:42.737100", "browser": "chrome", "browser-platform": "windows", "browser-version": "73.0.3683.103"}
{"method": "POST", "path": "/data-sets/.row-count", "endpoint": "data_sets.row_count", "view-args": {}, "status": 200, "user": "9942c672b9354771@lampenwelt.de", "timestamp": "2019-04-23T16:49:43.239932", "browser": "chrome", "browser-platform": "windows", "browser-version": "73.0.3683.103"}
{"method": "POST", "path": "/data-sets/.distribution-chart-1", "endpoint": "data_sets.distribution_chart", "view-args": {"pos": 1}, "status": 200, "user": "9942c672b9354771@lampenwelt.de", "timestamp": "2019-04-23T16:49:48.413536", "browser": "chrome", "browser-platform": "windows", "browser-version": "73.0.3683.103"}
{"method": "POST", "path": "/data-sets/.distribution-chart-3", "endpoint": "data_sets.distribution_chart", "view-args": {"pos": 3}, "status": 200, "user": "9942c672b9354771@lampenwelt.de", "timestamp": "2019-04-23T16:49:48.457032", "browser": "chrome", "browser-platform": "windows", "browser-version": "73.0.3683.103"}
{"method": "POST", "path": "/data-sets/.distribution-chart-0", "endpoint": "data_sets.distribution_chart", "view-args": {"pos": 0}, "status": 200, "user": "9942c672b9354771@lampenwelt.de", "timestamp": "2019-04-23T16:49:50.667360", "browser": "chrome", "browser-platform": "windows", "browser-version": "73.0.3683.103"}
{"method": "POST", "path": "/data-sets/.distribution-chart-11", "endpoint": "data_sets.distribution_chart", "view-args": {"pos": 11}, "status": 200, "user": "9942c672b9354771@lampenwelt.de", "timestamp": "2019-04-23T16:49:52.523547", "browser": "chrome", "browser-platform": "windows", "browser-version": "73.0.3683.103"}
{"method": "POST", "path": "/data-sets/.filter-row-count-0", "endpoint": "data_sets.filter_row_count", "view-args": {"filter_pos": 0}, "status": 200, "user": "9942c672b9354771@lampenwelt.de", "timestamp": "2019-04-23T16:49:53.203330", "browser": "chrome", "browser-platform": "windows", "browser-version": "73.0.3683.103"}
{"method": "POST", "path": "/data-sets/.distribution-chart-24", "endpoint": "data_sets.distribution_chart", "view-args": {"pos": 24}, "status": 200, "user": "9942c672b9354771@lampenwelt.de", "timestamp": "2019-04-23T16:49:54.380637", "browser": "chrome", "browser-platform": "windows", "browser-version": "73.0.3683.103"}
{"method": "POST", "path": "/data-sets/.distribution-chart-33", "endpoint": "data_sets.distribution_chart", "view-args": {"pos": 33}, "status": 200, "user": "9942c672b9354771@lampenwelt.de", "timestamp": "2019-04-23T16:49:56.574892", "browser": "chrome", "browser-platform": "windows", "browser-version": "73.0.3683.103"}
{"method": "POST", "path": "/data-sets/.preview", "endpoint": "data_sets.preview", "view-args": {}, "status": 200, "user": "9942c672b9354771@lampenwelt.de", "timestamp": "2019-04-23T16:49:56.627083", "browser": "chrome", "browser-platform": "windows", "browser-version": "73.0.3683.103"}
{"method": "POST", "path": "/data-sets/.row-count", "endpoint": "data_sets.row_count", "view-args": {}, "status": 200, "user": "9942c672b9354771@lampenwelt.de", "timestamp": "2019-04-23T16:49:57.315091", "browser": "chrome", "browser-platform": "windows", "browser-version": "73.0.3683.103"}
{"method": "POST", "path": "/data-sets/.filter-row-count-0", "endpoint": "data_sets.filter_row_count", "view-args": {"filter_pos": 0}, "status": 200, "user": "9942c672b9354771@lampenwelt.de", "timestamp": "2019-04-23T16:49:57.997653", "browser": "chrome", "browser-platform": "windows", "browser-version": "73.0.3683.103"}
{"method": "POST", "path": "/data-sets/.distribution-chart-1", "endpoint": "data_sets.distribution_chart", "view-args": {"pos": 1}, "status": 200, "user": "9942c672b9354771@lampenwelt.de", "timestamp": "2019-04-23T16:49:59.695766", "browser": "chrome", "browser-platform": "windows", "browser-version": "73.0.3683.103"}
{"method": "POST", "path": "/data-sets/.distribution-chart-1", "endpoint": "data_sets.distribution_chart", "view-args": {"pos": 1}, "status": 200, "user": "9942c672b9354771@lampenwelt.de", "timestamp": "2019-04-23T16:50:00.741430", "browser": "chrome", "browser-platform": "windows", "browser-version": "73.0.3683.103"}
{"method": "POST", "path": "/data-sets/.distribution-chart-0", "endpoint": "data_sets.distribution_chart", "view-args": {"pos": 0}, "status": 200, "user": "9942c672b9354771@lampenwelt.de", "timestamp": "2019-04-23T16:50:00.828691", "browser": "chrome", "browser-platform": "windows", "browser-version": "73.0.3683.103"}
{"method": "POST", "path": "/data-sets/.distribution-chart-11", "endpoint": "data_sets.distribution_chart", "view-args": {"pos": 11}, "status": 200, "user": "9942c672b9354771@lampenwelt.de", "timestamp": "2019-04-23T16:50:01.527887", "browser": "chrome", "browser-platform": "windows", "browser-version": "73.0.3683.103"}
{"method": "POST", "path": "/data-sets/.distribution-chart-3", "endpoint": "data_sets.distribution_chart", "view-args": {"pos": 3}, "status": 200, "user": "9942c672b9354771@lampenwelt.de", "timestamp": "2019-04-23T16:50:01.552056", "browser": "chrome", "browser-platform": "windows", "browser-version": "73.0.3683.103"}
{"method": "POST", "path": "/data-sets/.filter-row-count-1", "endpoint": "data_sets.filter_row_count", "view-args": {"filter_pos": 1}, "status": 200, "user": "9942c672b9354771@lampenwelt.de", "timestamp": "2019-04-23T16:50:01.569059", "browser": "chrome", "browser-platform": "windows", "browser-version": "73.0.3683.103"}
{"method": "POST", "path": "/data-sets/.preview", "endpoint": "data_sets.preview", "view-args": {}, "status": 200, "user": "9942c672b9354771@lampenwelt.de", "timestamp": "2019-04-23T16:50:01.608669", "browser": "chrome", "browser-platform": "windows", "browser-version": "73.0.3683.103"}
{"method": "GET", "path": "/data-sets/.auto-complete", "endpoint": "data_sets.auto_complete", "view-args": {}, "status": 200, "user": "9942c672b9354771@lampenwelt.de", "timestamp": "2019-04-23T16:50:01.678450", "browser": "chrome", "browser-platform": "windows", "browser-version": "73.0.3683.103"}
{"method": "GET", "path": "/data-sets/.auto-complete", "endpoint": "data_sets.auto_complete", "view-args": {}, "status": 200, "user": "9942c672b9354771@lampenwelt.de", "timestamp": "2019-04-23T16:50:01.723368", "browser": "chrome", "browser-platform": "windows", "browser-version": "73.0.3683.103"}
{"method": "GET", "path": "/data-sets/.auto-complete", "endpoint": "data_sets.auto_complete", "view-args": {}, "status": 200, "user": "9942c672b9354771@lampenwelt.de", "timestamp": "2019-04-23T16:50:01.756220", "browser": "chrome", "browser-platform": "windows", "browser-version": "73.0.3683.103"}
{"method": "POST", "path": "/data-sets/.distribution-chart-0", "endpoint": "data_sets.distribution_chart", "view-args": {"pos": 0}, "status": 200, "user": "9942c672b9354771@lampenwelt.de", "timestamp": "2019-04-23T16:50:02.646597", "browser": "chrome", "browser-platform": "windows", "browser-version": "73.0.3683.103"}
{"method": "POST", "path": "/data-sets/.distribution-chart-1", "endpoint": "data_sets.distribution_chart", "view-args": {"pos": 1}, "status": 200, "user": "9942c672b9354771@lampenwelt.de", "timestamp": "2019-04-23T16:50:02.860034", "browser": "chrome", "browser-platform": "windows", "browser-version": "73.0.3683.103"}
{"method": "GET", "path": "/data-sets/.auto-complete", "endpoint": "data_sets.auto_complete", "view-args": {}, "status": 200, "user": "9942c672b9354771@lampenwelt.de", "timestamp": "2019-04-23T16:50:02.908574", "browser": "chrome", "browser-platform": "windows", "browser-version": "73.0.3683.103"}
{"method": "POST", "path": "/data-sets/.distribution-chart-11", "endpoint": "data_sets.distribution_chart", "view-args": {"pos": 11}, "status": 200, "user": "9942c672b9354771@lampenwelt.de", "timestamp": "2019-04-23T16:50:03.592190", "browser": "chrome", "browser-platform": "windows", "browser-version": "73.0.3683.103"}
{"method": "POST", "path": "/data-sets/.distribution-chart-3", "endpoint": "data_sets.distribution_chart", "view-args": {"pos": 3}, "status": 200, "user": "9942c672b9354771@lampenwelt.de", "timestamp": "2019-04-23T16:50:03.651039", "browser": "chrome", "browser-platform": "windows", "browser-version": "73.0.3683.103"}
{"method": "POST", "path": "/data-sets/.distribution-chart-33", "endpoint": "data_sets.distribution_chart", "view-args": {"pos": 33}, "status": 200, "user": "9942c672b9354771@lampenwelt.de", "timestamp": "2019-04-23T16:50:04.762990", "browser": "chrome", "browser-platform": "windows", "browser-version": "73.0.3683.103"}
{"method": "POST", "path": "/data-sets/.distribution-chart-24", "endpoint": "data_sets.distribution_chart", "view-args": {"pos": 24}, "status": 200, "user": "9942c672b9354771@lampenwelt.de", "timestamp": "2019-04-23T16:50:04.768740", "browser": "chrome", "browser-platform": "windows", "browser-version": "73.0.3683.103"}
{"method": "POST", "path": "/data-sets/.preview", "endpoint": "data_sets.preview", "view-args": {}, "status": 200, "user": "9942c672b9354771@lampenwelt.de", "timestamp": "2019-04-23T16:50:04.843255", "browser": "chrome", "browser-platform": "windows", "browser-version": "73.0.3683.103"}
{"method": "POST", "path": "/data-sets/.distribution-chart-5", "endpoint": "data_sets.distribution_chart", "view-args": {"pos": 5}, "status": 200, "user": "9942c672b9354771@lampenwelt.de", "timestamp": "2019-04-23T16:50:05.518839", "browser": "chrome", "browser-platform": "windows", "browser-version": "73.0.3683.103"}
{"method": "POST", "path": "/data-sets/.row-count", "endpoint": "data_sets.row_count", "view-args": {}, "status": 200, "user": "9942c672b9354771@lampenwelt.de", "timestamp": "2019-04-23T16:50:05.896924", "browser": "chrome", "browser-platform": "windows", "browser-version": "73.0.3683.103"}
{"method": "POST", "path": "/data-sets/.filter-row-count-1", "endpoint": "data_sets.filter_row_count", "view-args": {"filter_pos": 1}, "status": 200, "user": "9942c672b9354771@lampenwelt.de", "timestamp": "2019-04-23T16:50:06.298339", "browser": "chrome", "browser-platform": "windows", "browser-version": "73.0.3683.103"}
{"method": "POST", "path": "/data-sets/.distribution-chart-0", "endpoint": "data_sets.distribution_chart", "view-args": {"pos": 0}, "status": 200, "user": "9942c672b9354771@lampenwelt.de", "timestamp": "2019-04-23T16:50:06.575372", "browser": "chrome", "browser-platform": "windows", "browser-version": "73.0.3683.103"}
{"method": "POST", "path": "/data-sets/.distribution-chart-3", "endpoint": "data_sets.distribution_chart", "view-args": {"pos": 3}, "status": 200, "user": "9942c672b9354771@lampenwelt.de", "timestamp": "2019-04-23T16:50:08.408657", "browser": "chrome", "browser-platform": "windows", "browser-version": "73.0.3683.103"}
{"method": "POST", "path": "/data-sets/.distribution-chart-0", "endpoint": "data_sets.distribution_chart", "view-args": {"pos": 0}, "status": 200, "user": "9942c672b9354771@lampenwelt.de", "timestamp": "2019-04-23T16:50:08.441604", "browser": "chrome", "browser-platform": "windows", "browser-version": "73.0.3683.103"}
{"method": "POST", "path": "/data-sets/.preview", "endpoint": "data_sets.preview", "view-args": {}, "status": 200, "user": "9942c672b9354771@lampenwelt.de", "timestamp": "2019-04-23T16:50:08.454292", "browser": "chrome", "browser-platform": "windows", "browser-version": "73.0.3683.103"}
{"method": "POST", "path": "/data-sets/.distribution-chart-1", "endpoint": "data_sets.distribution_chart", "view-args": {"pos": 1}, "status": 200, "user": "9942c672b9354771@lampenwelt.de", "timestamp": "2019-04-23T16:50:08.492920", "browser": "chrome", "browser-platform": "windows", "browser-version": "73.0.3683.103"}
{"method": "POST", "path": "/data-sets/.row-count", "endpoint": "data_sets.row_count", "view-args": {}, "status": 200, "user": "9942c672b9354771@lampenwelt.de", "timestamp": "2019-04-23T16:50:08.530401", "browser": "chrome", "browser-platform": "windows", "browser-version": "73.0.3683.103"}
{"method": "POST", "path": "/data-sets/.filter-row-count-0", "endpoint": "data_sets.filter_row_count", "view-args": {"filter_pos": 0}, "status": 200, "user": "9942c672b9354771@lampenwelt.de", "timestamp": "2019-04-23T16:50:08.561198", "browser": "chrome", "browser-platform": "windows", "browser-version": "73.0.3683.103"}
{"method": "POST", "path": "/data-sets/.distribution-chart-11", "endpoint": "data_sets.distribution_chart", "view-args": {"pos": 11}, "status": 200, "user": "9942c672b9354771@lampenwelt.de", "timestamp": "2019-04-23T16:50:08.994150", "browser": "chrome", "browser-platform": "windows", "browser-version": "73.0.3683.103"}
{"method": "POST", "path": "/data-sets/.distribution-chart-5", "endpoint": "data_sets.distribution_chart", "view-args": {"pos": 5}, "status": 200, "user": "9942c672b9354771@lampenwelt.de", "timestamp": "2019-04-23T16:50:09.037335", "browser": "chrome", "browser-platform": "windows", "browser-version": "73.0.3683.103"}
{"method": "POST", "path": "/data-sets/.distribution-chart-0", "endpoint": "data_sets.distribution_chart", "view-args": {"pos": 0}, "status": 200, "user": "9942c672b9354771@lampenwelt.de", "timestamp": "2019-04-23T16:50:09.492147", "browser": "chrome", "browser-platform": "windows", "browser-version": "73.0.3683.103"}
{"method": "POST", "path": "/data-sets/.distribution-chart-1", "endpoint": "data_sets.distribution_chart", "view-args": {"pos": 1}, "status": 200, "user": "9942c672b9354771@lampenwelt.de", "timestamp": "2019-04-23T16:50:09.728045", "browser": "chrome", "browser-platform": "windows", "browser-version": "73.0.3683.103"}
{"method": "POST", "path": "/data-sets/.distribution-chart-3", "endpoint": "data_sets.distribution_chart", "view-args": {"pos": 3}, "status": 200, "user": "9942c672b9354771@lampenwelt.de", "timestamp": "2019-04-23T16:50:09.764083", "browser": "chrome", "browser-platform": "windows", "browser-version": "73.0.3683.103"}
{"method": "POST", "path": "/data-sets/.distribution-chart-5", "endpoint": "data_sets.distribution_chart", "view-args": {"pos": 5}, "status": 200, "user": "9942c672b9354771@lampenwelt.de", "timestamp": "2019-04-23T16:50:10.056318", "browser": "chrome", "browser-platform": "windows", "browser-version": "73.0.3683.103"}
{"method": "POST", "path": "/data-sets/.distribution-chart-11", "endpoint": "data_sets.distribution_chart", "view-args": {"pos": 11}, "status": 200, "user": "9942c672b9354771@lampenwelt.de", "timestamp": "2019-04-23T16:50:10.267460", "browser": "chrome", "browser-platform": "windows", "browser-version": "73.0.3683.103"}
{"method": "POST", "path": "/data-sets/.distribution-chart-24", "endpoint": "data_sets.distribution_chart", "view-args": {"pos": 24}, "status": 200, "user": "9942c672b9354771@lampenwelt.de", "timestamp": "2019-04-23T16:50:10.575732", "browser": "chrome", "browser-platform": "windows", "browser-version": "73.0.3683.103"}
{"method": "POST", "path": "/data-sets/.distribution-chart-33", "endpoint": "data_sets.distribution_chart", "view-args": {"pos": 33}, "status": 200, "user": "9942c672b9354771@lampenwelt.de", "timestamp": "2019-04-23T16:50:10.779064", "browser": "chrome", "browser-platform": "windows", "browser-version": "73.0.3683.103"}
{"method": "POST", "path": "/data-sets/.preview", "endpoint": "data_sets.preview", "view-args": {}, "status": 200, "user": "9942c672b9354771@lampenwelt.de", "timestamp": "2019-04-23T16:50:13.118343", "browser": "chrome", "browser-platform": "windows", "browser-version": "73.0.3683.103"}
{"method": "POST", "path": "/data-sets/.preview", "endpoint": "data_sets.preview", "view-args": {}, "status": 200, "user": "9942c672b9354771@lampenwelt.de", "timestamp": "2019-04-23T16:50:14.664865", "browser": "chrome", "browser-platform": "windows", "browser-version": "73.0.3683.103"}
{"method": "GET", "path": "/product-performance-analyzer/_auto-complete/global_dim.product_category/category_name/", "endpoint": "product-performance-analyzer.auto_complete", "view-args": {"table_name": "global_dim.product_category", "column_name": "category_name"}, "status": 200, "user": "9942c672b9354771@lampenwelt.de", "timestamp": "2019-04-23T16:52:15.737833", "browser": "chrome", "browser-platform": "windows", "browser-version": "73.0.3683.103"}
{"method": "POST", "path": "/dashboards/sales-comparison", "endpoint": "dashboards.view_dashboard", "view-args": {"id": "sales-comparison"}, "status": 200, "user": "9942c672b9354771@lampenwelt.de", "timestamp": "2019-04-23T16:52:17.670332", "browser": "chrome", "browser-platform": "windows", "browser-version": "73.0.3683.103"}
{"method": "GET", "path": "/dashboards/_render_async_sql_query/ec07b70f-e876-4fef-a3c2-5e1400df5455", "endpoint": "dashboards.render_async_sql_query", "view-args": {"id": "ec07b70f-e876-4fef-a3c2-5e1400df5455"}, "status": 200, "user": "9942c672b9354771@lampenwelt.de", "timestamp": "2019-04-23T16:52:17.864167", "browser": "chrome", "browser-platform": "windows", "browser-version": "73.0.3683.103"}
{"method": "GET", "path": "/dashboards/_render_async_sql_query/d9949170-c363-4ae8-883f-6d88ddbca50b", "endpoint": "dashboards.render_async_sql_query", "view-args": {"id": "d9949170-c363-4ae8-883f-6d88ddbca50b"}, "status": 200, "user": "9942c672b9354771@lampenwelt.de", "timestamp": "2019-04-23T16:52:17.868814", "browser": "chrome", "browser-platform": "windows", "browser-version": "73.0.3683.103"}
{"method": "GET", "path": "/dashboards/_render_async_sql_query/ef17e421-ca5a-4bee-a4de-fd614ffc7b46", "endpoint": "dashboards.render_async_sql_query", "view-args": {"id": "ef17e421-ca5a-4bee-a4de-fd614ffc7b46"}, "status": 200, "user": "9942c672b9354771@lampenwelt.de", "timestamp": "2019-04-23T16:52:17.869011", "browser": "chrome", "browser-platform": "windows", "browser-version": "73.0.3683.103"}
{"method": "GET", "path": "/dashboards/_last_marketing_cost/sales-comparison", "endpoint": "dashboards.last_marketing_cost", "view-args": {"id": "sales-comparison"}, "status": 200, "user": "9942c672b9354771@lampenwelt.de", "timestamp": "2019-04-23T16:52:17.876751", "browser": "chrome", "browser-platform": "windows", "browser-version": "73.0.3683.103"}
{"method": "GET", "path": "/dashboards/_render_async_sql_query/8f09fc06-2994-4813-8631-dc906f8649a7", "endpoint": "dashboards.render_async_sql_query", "view-args": {"id": "8f09fc06-2994-4813-8631-dc906f8649a7"}, "status": 200, "user": "9942c672b9354771@lampenwelt.de", "timestamp": "2019-04-23T16:52:17.884114", "browser": "chrome", "browser-platform": "windows", "browser-version": "73.0.3683.103"}
{"method": "GET", "path": "/dashboards/_last_successful_import", "endpoint": "dashboards.last_successful_import", "view-args": {}, "status": 200, "user": "9942c672b9354771@lampenwelt.de", "timestamp": "2019-04-23T16:52:17.885598", "browser": "chrome", "browser-platform": "windows", "browser-version": "73.0.3683.103"}
{"method": "GET", "path": "/dashboards/_render_async_sql_query/0efe193c-40fb-47c6-a5ba-d4095be715fb", "endpoint": "dashboards.render_async_sql_query", "view-args": {"id": "0efe193c-40fb-47c6-a5ba-d4095be715fb"}, "status": 200, "user": "9942c672b9354771@lampenwelt.de", "timestamp": "2019-04-23T16:52:17.908057", "browser": "chrome", "browser-platform": "windows", "browser-version": "73.0.3683.103"}
{"method": "GET", "path": "/dashboards/_render_async_sql_query/c30f97cc-bd22-4621-9253-9a1c4b82cfa7", "endpoint": "dashboards.render_async_sql_query", "view-args": {"id": "c30f97cc-bd22-4621-9253-9a1c4b82cfa7"}, "status": 200, "user": "9942c672b9354771@lampenwelt.de", "timestamp": "2019-04-23T16:52:17.909220", "browser": "chrome", "browser-platform": "windows", "browser-version": "73.0.3683.103"}
