{"method": "GET", "path": "/dashboards/sales-comparison", "endpoint": "dashboards.view_dashboard", "view-args": {"id": "sales-comparison"}, "status": 200, "user": "2945b89f775d264f@lampenwelt.de", "timestamp": "2019-04-23T07:06:20.151837", "browser": "chrome", "browser-platform": "windows", "browser-version": "73.0.3683.103"}
{"method": "GET", "path": "/dashboards/_render_async_sql_query/ba6ad1a5-713e-4a3f-891a-1f37114fb882", "endpoint": "dashboards.render_async_sql_query", "view-args": {"id": "ba6ad1a5-713e-4a3f-891a-1f37114fb882"}, "status": 200, "user": "2945b89f775d264f@lampenwelt.de", "timestamp": "2019-04-23T07:06:21.011406", "browser": "chrome", "browser-platform": "windows", "browser-version": "73.0.3683.103"}
{"method": "GET", "path": "/dashboards/_render_async_sql_query/d64dae20-4042-4096-b856-ce7773fe7395", "endpoint": "dashboards.render_async_sql_query", "view-args": {"id": "d64dae20-4042-4096-b856-ce7773fe7395"}, "status": 200, "user": "2945b89f775d264f@lampenwelt.de", "timestamp": "2019-04-23T07:06:21.015998", "browser": "chrome", "browser-platform": "windows", "browser-version": "73.0.3683.103"}
{"method": "GET", "path": "/dashboards/_render_async_sql_query/185f42eb-3128-421f-a28b-4d9f686c4bed", "endpoint": "dashboards.render_async_sql_query", "view-args": {"id": "185f42eb-3128-421f-a28b-4d9f686c4bed"}, "status": 200, "user": "2945b89f775d264f@lampenwelt.de", "timestamp": "2019-04-23T07:06:21.018891", "browser": "chrome", "browser-platform": "windows", "browser-version": "73.0.3683.103"}
{"method": "GET", "path": "/dashboards/_render_async_sql_query/7df3eb7e-5f3e-450c-b964-580b68f0cef9", "endpoint": "dashboards.render_async_sql_query", "view-args": {"id": "7df3eb7e-5f3e-450c-b964-580b68f0cef9"}, "status": 200, "user": "2945b89f775d264f@lampenwelt.de", "timestamp": "2019-04-23T07:06:21.033248", "browser": "chrome", "browser-platform": "windows", "browser-version": "73.0.3683.103"}
{"method": "GET", "path": "/dashboards/_last_marketing_cost/sales-comparison", "endpoint": "dashboards.last_marketing_cost", "view-args": {"id": "sales-comparison"}, "status": 200, "user": "2945b89f775d264f@lampenwelt.de", "timestamp": "2019-04-23T07:06:21.033155", "browser": "chrome", "browser-platform": "windows", "browser-version": "73.0.3683.103"}
{"method": "GET", "path": "/dashboards/_last_successful_import", "endpoint": "dashboards.last_successful_import", "view-args": {}, "status": 200, "user": "2945b89f775d264f@lampenwelt.de", "timestamp": "2019-04-23T07:06:21.051517", "browser": "chrome", "browser-platform": "windows", "browser-version": "73.0.3683.103"}
{"method": "GET", "path": "/dashboards/_render_async_sql_query/f855b92c-69af-4c9c-9c09-a7dad6d3ade6", "endpoint": "dashboards.render_async_sql_query", "view-args": {"id": "f855b92c-69af-4c9c-9c09-a7dad6d3ade6"}, "status": 200, "user": "2945b89f775d264f@lampenwelt.de", "timestamp": "2019-04-23T07:06:21.059085", "browser": "chrome", "browser-platform": "windows", "browser-version": "73.0.3683.103"}
{"method": "GET", "path": "/dashboards/_render_async_sql_query/d0c16c67-c0b2-4d72-a632-8d1c6f88ee85", "endpoint": "dashboards.render_async_sql_query", "view-args": {"id": "d0c16c67-c0b2-4d72-a632-8d1c6f88ee85"}, "status": 200, "user": "2945b89f775d264f@lampenwelt.de", "timestamp": "2019-04-23T07:06:21.096092", "browser": "chrome", "browser-platform": "windows", "browser-version": "73.0.3683.103"}
{"method": "GET", "path": "/mondrian/excel", "endpoint": "py_mondrian.excel", "view-args": {}, "status": 200, "user": "20afbf2131feb737@lampenwelt.de", "timestamp": "2019-04-23T07:35:10.308119", "browser": "chrome", "browser-platform": "windows", "browser-version": "73.0.3683.103"}
{"method": "POST", "path": "/mondrian/excel/authorize", "endpoint": "py_mondrian.excel_authorize", "view-args": {}, "status": 200, "user": "35675e68f4b5af7b@localhost", "timestamp": "2019-04-23T07:35:22.792179", "browser": null, "browser-platform": null, "browser-version": null}
{"method": "POST", "path": "/mondrian/excel/authorize", "endpoint": "py_mondrian.excel_authorize", "view-args": {}, "status": 200, "user": "35675e68f4b5af7b@localhost", "timestamp": "2019-04-23T07:35:34.280840", "browser": null, "browser-platform": null, "browser-version": null}
{"method": "GET", "path": "/dashboards/marketing-overview", "endpoint": "dashboards.view_dashboard", "view-args": {"id": "marketing-overview"}, "status": 200, "user": "db0fdd3ef09fda0a@lampenwelt.de", "timestamp": "2019-04-23T07:45:45.934615", "browser": "chrome", "browser-platform": "windows", "browser-version": "73.0.3683.103"}
{"method": "GET", "path": "/dashboards/_render_async_sql_query/d94956eb-b384-4c52-bec9-4d7f168432b2", "endpoint": "dashboards.render_async_sql_query", "view-args": {"id": "d94956eb-b384-4c52-bec9-4d7f168432b2"}, "status": 200, "user": "db0fdd3ef09fda0a@lampenwelt.de", "timestamp": "2019-04-23T07:45:46.670991", "browser": "chrome", "browser-platform": "windows", "browser-version": "73.0.3683.103"}
{"method": "GET", "path": "/dashboards/_render_async_sql_query/93285c2b-dc11-4038-b3b9-d725df7199a2", "endpoint": "dashboards.render_async_sql_query", "view-args": {"id": "93285c2b-dc11-4038-b3b9-d725df7199a2"}, "status": 200, "user": "db0fdd3ef09fda0a@lampenwelt.de", "timestamp": "2019-04-23T07:45:46.673456", "browser": "chrome", "browser-platform": "windows", "browser-version": "73.0.3683.103"}
{"method": "GET", "path": "/dashboards/_render_async_sql_query/f6c6682f-bece-48b1-a0ba-3e1f0c2f700c", "endpoint": "dashboards.render_async_sql_query", "view-args": {"id": "f6c6682f-bece-48b1-a0ba-3e1f0c2f700c"}, "status": 200, "user": "db0fdd3ef09fda0a@lampenwelt.de", "timestamp": "2019-04-23T07:45:46.678840", "browser": "chrome", "browser-platform": "windows", "browser-version": "73.0.3683.103"}
{"method": "GET", "path": "/dashboards/_last_successful_import", "endpoint": "dashboards.last_successful_import", "view-args": {}, "status": 200, "user": "db0fdd3ef09fda0a@lampenwelt.de", "timestamp": "2019-04-23T07:45:46.692129", "browser": "chrome", "browser-platform": "windows", "browser-version": "73.0.3683.103"}
{"method": "GET", "path": "/dashboards/_render_async_sql_query/80881f2d-eb83-43e7-9901-98e9c3d71ef1", "endpoint": "dashboards.render_async_sql_query", "view-args": {"id": "80881f2d-eb83-43e7-9901-98e9c3d71ef1"}, "status": 200, "user": "db0fdd3ef09fda0a@lampenwelt.de", "timestamp": "2019-04-23T07:45:46.700088", "browser": "chrome", "browser-platform": "windows", "browser-version": "73.0.3683.103"}
{"method": "GET", "path": "/dashboards/_last_marketing_cost/marketing-overview", "endpoint": "dashboards.last_marketing_cost", "view-args": {"id": "marketing-overview"}, "status": 200, "user": "db0fdd3ef09fda0a@lampenwelt.de", "timestamp": "2019-04-23T07:45:46.704732", "browser": "chrome", "browser-platform": "windows", "browser-version": "73.0.3683.103"}
{"method": "GET", "path": "/dashboards/_render_async_sql_query/9c300cad-6e2f-4856-a6ca-2f6330ba03d7", "endpoint": "dashboards.render_async_sql_query", "view-args": {"id": "9c300cad-6e2f-4856-a6ca-2f6330ba03d7"}, "status": 200, "user": "db0fdd3ef09fda0a@lampenwelt.de", "timestamp": "2019-04-23T07:45:46.827349", "browser": "chrome", "browser-platform": "windows", "browser-version": "73.0.3683.103"}
{"method": "GET", "path": "/dashboards/_render_async_sql_query/0b9360da-dca6-4491-8918-483ada156012", "endpoint": "dashboards.render_async_sql_query", "view-args": {"id": "0b9360da-dca6-4491-8918-483ada156012"}, "status": 200, "user": "db0fdd3ef09fda0a@lampenwelt.de", "timestamp": "2019-04-23T07:45:46.903170", "browser": "chrome", "browser-platform": "windows", "browser-version": "73.0.3683.103"}
{"method": "GET", "path": "/dashboards/_render_async_sql_query/4b56168a-02da-4943-8e1a-a0538db503f9", "endpoint": "dashboards.render_async_sql_query", "view-args": {"id": "4b56168a-02da-4943-8e1a-a0538db503f9"}, "status": 200, "user": "db0fdd3ef09fda0a@lampenwelt.de", "timestamp": "2019-04-23T07:45:46.909519", "browser": "chrome", "browser-platform": "windows", "browser-version": "73.0.3683.103"}
{"method": "GET", "path": "/dashboards/_render_async_sql_query/8d741919-986f-4d15-b9ff-2405ff5f2bda", "endpoint": "dashboards.render_async_sql_query", "view-args": {"id": "8d741919-986f-4d15-b9ff-2405ff5f2bda"}, "status": 200, "user": "db0fdd3ef09fda0a@lampenwelt.de", "timestamp": "2019-04-23T07:45:46.912857", "browser": "chrome", "browser-platform": "windows", "browser-version": "73.0.3683.103"}
{"method": "GET", "path": "/dashboards/_render_async_sql_query/e5b1b800-1142-4610-b2ff-377a076cb04a", "endpoint": "dashboards.render_async_sql_query", "view-args": {"id": "e5b1b800-1142-4610-b2ff-377a076cb04a"}, "status": 200, "user": "db0fdd3ef09fda0a@lampenwelt.de", "timestamp": "2019-04-23T07:45:46.932144", "browser": "chrome", "browser-platform": "windows", "browser-version": "73.0.3683.103"}
{"method": "GET", "path": "/dashboards/_render_async_sql_query/e7a73854-59c9-47e9-9730-1aca85e40e70", "endpoint": "dashboards.render_async_sql_query", "view-args": {"id": "e7a73854-59c9-47e9-9730-1aca85e40e70"}, "status": 200, "user": "db0fdd3ef09fda0a@lampenwelt.de", "timestamp": "2019-04-23T07:45:47.008577", "browser": "chrome", "browser-platform": "windows", "browser-version": "73.0.3683.103"}
{"method": "GET", "path": "/dashboards/_render_async_sql_query/a823797d-1e69-4c28-a519-d6ca9c2f0c3e", "endpoint": "dashboards.render_async_sql_query", "view-args": {"id": "a823797d-1e69-4c28-a519-d6ca9c2f0c3e"}, "status": 200, "user": "db0fdd3ef09fda0a@lampenwelt.de", "timestamp": "2019-04-23T07:45:47.045702", "browser": "chrome", "browser-platform": "windows", "browser-version": "73.0.3683.103"}
{"method": "GET", "path": "/dashboards/_render_async_sql_query/60588242-d23e-4da2-b381-950e9228baef", "endpoint": "dashboards.render_async_sql_query", "view-args": {"id": "60588242-d23e-4da2-b381-950e9228baef"}, "status": 200, "user": "db0fdd3ef09fda0a@lampenwelt.de", "timestamp": "2019-04-23T07:45:47.049396", "browser": "chrome", "browser-platform": "windows", "browser-version": "73.0.3683.103"}
{"method": "GET", "path": "/dashboards/_render_async_sql_query/eff22dce-6d95-4723-ab76-707a596ce8f0", "endpoint": "dashboards.render_async_sql_query", "view-args": {"id": "eff22dce-6d95-4723-ab76-707a596ce8f0"}, "status": 200, "user": "db0fdd3ef09fda0a@lampenwelt.de", "timestamp": "2019-04-23T07:45:47.054584", "browser": "chrome", "browser-platform": "windows", "browser-version": "73.0.3683.103"}
{"method": "GET", "path": "/dashboards/_render_async_sql_query/ca9d7736-995a-491c-8291-e695c220c6e6", "endpoint": "dashboards.render_async_sql_query", "view-args": {"id": "ca9d7736-995a-491c-8291-e695c220c6e6"}, "status": 200, "user": "db0fdd3ef09fda0a@lampenwelt.de", "timestamp": "2019-04-23T07:45:47.069682", "browser": "chrome", "browser-platform": "windows", "browser-version": "73.0.3683.103"}
{"method": "GET", "path": "/dashboards/_render_async_sql_query/3aec81f2-752e-4548-86b4-59fccd41bf67", "endpoint": "dashboards.render_async_sql_query", "view-args": {"id": "3aec81f2-752e-4548-86b4-59fccd41bf67"}, "status": 200, "user": "db0fdd3ef09fda0a@lampenwelt.de", "timestamp": "2019-04-23T07:45:47.149162", "browser": "chrome", "browser-platform": "windows", "browser-version": "73.0.3683.103"}
{"method": "GET", "path": "/dashboards/_render_async_sql_query/5b340d38-d2e1-418d-afa8-68dd96e83a9e", "endpoint": "dashboards.render_async_sql_query", "view-args": {"id": "5b340d38-d2e1-418d-afa8-68dd96e83a9e"}, "status": 200, "user": "db0fdd3ef09fda0a@lampenwelt.de", "timestamp": "2019-04-23T07:45:47.152691", "browser": "chrome", "browser-platform": "windows", "browser-version": "73.0.3683.103"}
{"method": "GET", "path": "/dashboards/sales-comparison", "endpoint": "dashboards.view_dashboard", "view-args": {"id": "sales-comparison"}, "status": 200, "user": "db0fdd3ef09fda0a@lampenwelt.de", "timestamp": "2019-04-23T07:45:55.267489", "browser": "chrome", "browser-platform": "windows", "browser-version": "73.0.3683.103"}
{"method": "GET", "path": "/dashboards/_render_async_sql_query/054fa783-7c0b-4760-8cc3-5a9073f1e6b8", "endpoint": "dashboards.render_async_sql_query", "view-args": {"id": "054fa783-7c0b-4760-8cc3-5a9073f1e6b8"}, "status": 200, "user": "db0fdd3ef09fda0a@lampenwelt.de", "timestamp": "2019-04-23T07:45:55.527656", "browser": "chrome", "browser-platform": "windows", "browser-version": "73.0.3683.103"}
{"method": "GET", "path": "/dashboards/_render_async_sql_query/cb4627ce-6f16-49cc-b60c-beb03d7a903d", "endpoint": "dashboards.render_async_sql_query", "view-args": {"id": "cb4627ce-6f16-49cc-b60c-beb03d7a903d"}, "status": 200, "user": "db0fdd3ef09fda0a@lampenwelt.de", "timestamp": "2019-04-23T07:45:55.533656", "browser": "chrome", "browser-platform": "windows", "browser-version": "73.0.3683.103"}
{"method": "GET", "path": "/dashboards/_render_async_sql_query/a37bd59d-0784-4fd1-a796-549a2f7b8e9a", "endpoint": "dashboards.render_async_sql_query", "view-args": {"id": "a37bd59d-0784-4fd1-a796-549a2f7b8e9a"}, "status": 200, "user": "db0fdd3ef09fda0a@lampenwelt.de", "timestamp": "2019-04-23T07:45:55.550656", "browser": "chrome", "browser-platform": "windows", "browser-version": "73.0.3683.103"}
{"method": "GET", "path": "/dashboards/_render_async_sql_query/7c3d907b-6d0f-4462-acd6-3aab7a13f68a", "endpoint": "dashboards.render_async_sql_query", "view-args": {"id": "7c3d907b-6d0f-4462-acd6-3aab7a13f68a"}, "status": 200, "user": "db0fdd3ef09fda0a@lampenwelt.de", "timestamp": "2019-04-23T07:45:55.552114", "browser": "chrome", "browser-platform": "windows", "browser-version": "73.0.3683.103"}
{"method": "GET", "path": "/dashboards/_last_successful_import", "endpoint": "dashboards.last_successful_import", "view-args": {}, "status": 200, "user": "db0fdd3ef09fda0a@lampenwelt.de", "timestamp": "2019-04-23T07:45:55.555579", "browser": "chrome", "browser-platform": "windows", "browser-version": "73.0.3683.103"}
{"method": "GET", "path": "/dashboards/_last_marketing_cost/sales-comparison", "endpoint": "dashboards.last_marketing_cost", "view-args": {"id": "sales-comparison"}, "status": 200, "user": "db0fdd3ef09fda0a@lampenwelt.de", "timestamp": "2019-04-23T07:45:55.560434", "browser": "chrome", "browser-platform": "windows", "browser-version": "73.0.3683.103"}
{"method": "GET", "path": "/dashboards/_render_async_sql_query/11d09049-f584-401b-9909-72271d032934", "endpoint": "dashboards.render_async_sql_query", "view-args": {"id": "11d09049-f584-401b-9909-72271d032934"}, "status": 200, "user": "db0fdd3ef09fda0a@lampenwelt.de", "timestamp": "2019-04-23T07:45:55.626354", "browser": "chrome", "browser-platform": "windows", "browser-version": "73.0.3683.103"}
{"method": "GET", "path": "/dashboards/_render_async_sql_query/9c6eeccd-23f4-4ecf-b530-f6b1e0ce7ede", "endpoint": "dashboards.render_async_sql_query", "view-args": {"id": "9c6eeccd-23f4-4ecf-b530-f6b1e0ce7ede"}, "status": 200, "user": "db0fdd3ef09fda0a@lampenwelt.de", "timestamp": "2019-04-23T07:45:55.706036", "browser": "chrome", "browser-platform": "windows", "browser-version": "73.0.3683.103"}
{"method": "GET", "path": "/dashboards/_auto-complete/reporting.weekly_summary/sales_channel/", "endpoint": "dashboards.auto_complete", "view-args": {"table_name": "reporting.weekly_summary", "column_name": "sales_channel"}, "status": 200, "user": "db0fdd3ef09fda0a@lampenwelt.de", "timestamp": "2019-04-23T07:46:18.802412", "browser": "chrome", "browser-platform": "windows", "browser-version": "73.0.3683.103"}
{"method": "GET", "path": "/dashboards/_auto-complete/reporting.weekly_summary/order_origin_name/", "endpoint": "dashboards.auto_complete", "view-args": {"table_name": "reporting.weekly_summary", "column_name": "order_origin_name"}, "status": 200, "user": "db0fdd3ef09fda0a@lampenwelt.de", "timestamp": "2019-04-23T07:46:20.383394", "browser": "chrome", "browser-platform": "windows", "browser-version": "73.0.3683.103"}
{"method": "GET", "path": "/dashboards/_auto-complete/reporting.weekly_summary/sales_channel/pl", "endpoint": "dashboards.auto_complete", "view-args": {"table_name": "reporting.weekly_summary", "column_name": "sales_channel", "term": "pl"}, "status": 200, "user": "db0fdd3ef09fda0a@lampenwelt.de", "timestamp": "2019-04-23T07:46:26.294202", "browser": "chrome", "browser-platform": "windows", "browser-version": "73.0.3683.103"}
{"method": "POST", "path": "/dashboards/sales-comparison", "endpoint": "dashboards.view_dashboard", "view-args": {"id": "sales-comparison"}, "status": 200, "user": "db0fdd3ef09fda0a@lampenwelt.de", "timestamp": "2019-04-23T07:46:28.853481", "browser": "chrome", "browser-platform": "windows", "browser-version": "73.0.3683.103"}
{"method": "GET", "path": "/dashboards/_render_async_sql_query/5e19c4c6-1c8c-412f-9ab2-72dd1832052e", "endpoint": "dashboards.render_async_sql_query", "view-args": {"id": "5e19c4c6-1c8c-412f-9ab2-72dd1832052e"}, "status": 200, "user": "db0fdd3ef09fda0a@lampenwelt.de", "timestamp": "2019-04-23T07:46:29.177914", "browser": "chrome", "browser-platform": "windows", "browser-version": "73.0.3683.103"}
{"method": "GET", "path": "/dashboards/_render_async_sql_query/d6293b89-c98b-4b54-b2f3-526d7213c076", "endpoint": "dashboards.render_async_sql_query", "view-args": {"id": "d6293b89-c98b-4b54-b2f3-526d7213c076"}, "status": 200, "user": "db0fdd3ef09fda0a@lampenwelt.de", "timestamp": "2019-04-23T07:46:29.178398", "browser": "chrome", "browser-platform": "windows", "browser-version": "73.0.3683.103"}
{"method": "GET", "path": "/dashboards/_render_async_sql_query/45669deb-bde2-403f-9b79-06e550804b78", "endpoint": "dashboards.render_async_sql_query", "view-args": {"id": "45669deb-bde2-403f-9b79-06e550804b78"}, "status": 200, "user": "db0fdd3ef09fda0a@lampenwelt.de", "timestamp": "2019-04-23T07:46:29.201336", "browser": "chrome", "browser-platform": "windows", "browser-version": "73.0.3683.103"}
{"method": "GET", "path": "/dashboards/_last_successful_import", "endpoint": "dashboards.last_successful_import", "view-args": {}, "status": 200, "user": "db0fdd3ef09fda0a@lampenwelt.de", "timestamp": "2019-04-23T07:46:29.206595", "browser": "chrome", "browser-platform": "windows", "browser-version": "73.0.3683.103"}
{"method": "GET", "path": "/dashboards/_last_marketing_cost/sales-comparison", "endpoint": "dashboards.last_marketing_cost", "view-args": {"id": "sales-comparison"}, "status": 200, "user": "db0fdd3ef09fda0a@lampenwelt.de", "timestamp": "2019-04-23T07:46:29.234002", "browser": "chrome", "browser-platform": "windows", "browser-version": "73.0.3683.103"}
{"method": "GET", "path": "/dashboards/_render_async_sql_query/edbd9bd9-6af4-4327-ba18-802dfeb0a060", "endpoint": "dashboards.render_async_sql_query", "view-args": {"id": "edbd9bd9-6af4-4327-ba18-802dfeb0a060"}, "status": 200, "user": "db0fdd3ef09fda0a@lampenwelt.de", "timestamp": "2019-04-23T07:46:29.234303", "browser": "chrome", "browser-platform": "windows", "browser-version": "73.0.3683.103"}
{"method": "GET", "path": "/dashboards/_render_async_sql_query/799847fe-384f-49f5-8650-69c422e423fd", "endpoint": "dashboards.render_async_sql_query", "view-args": {"id": "799847fe-384f-49f5-8650-69c422e423fd"}, "status": 200, "user": "db0fdd3ef09fda0a@lampenwelt.de", "timestamp": "2019-04-23T07:46:29.356536", "browser": "chrome", "browser-platform": "windows", "browser-version": "73.0.3683.103"}
{"method": "GET", "path": "/dashboards/_render_async_sql_query/eb54dd28-f6ee-45a7-8aef-90ff0455dcd4", "endpoint": "dashboards.render_async_sql_query", "view-args": {"id": "eb54dd28-f6ee-45a7-8aef-90ff0455dcd4"}, "status": 200, "user": "db0fdd3ef09fda0a@lampenwelt.de", "timestamp": "2019-04-23T07:46:29.356973", "browser": "chrome", "browser-platform": "windows", "browser-version": "73.0.3683.103"}
{"method": "POST", "path": "/mondrian/saiku/authorize", "endpoint": "py_mondrian.saiku_authorize", "view-args": {}, "status": 200, "user": "35675e68f4b5af7b@localhost", "timestamp": "2019-04-23T07:48:06.839616", "browser": null, "browser-platform": null, "browser-version": null}
{"method": "POST", "path": "/mondrian/saiku/authorize", "endpoint": "py_mondrian.saiku_authorize", "view-args": {}, "status": 200, "user": "35675e68f4b5af7b@localhost", "timestamp": "2019-04-23T07:48:06.839575", "browser": null, "browser-platform": null, "browser-version": null}
{"method": "POST", "path": "/mondrian/saiku/authorize", "endpoint": "py_mondrian.saiku_authorize", "view-args": {}, "status": 200, "user": "35675e68f4b5af7b@localhost", "timestamp": "2019-04-23T07:48:06.847630", "browser": null, "browser-platform": null, "browser-version": null}
{"method": "POST", "path": "/mondrian/saiku/authorize", "endpoint": "py_mondrian.saiku_authorize", "view-args": {}, "status": 200, "user": "35675e68f4b5af7b@localhost", "timestamp": "2019-04-23T07:48:06.847670", "browser": null, "browser-platform": null, "browser-version": null}
{"method": "POST", "path": "/mondrian/saiku/authorize", "endpoint": "py_mondrian.saiku_authorize", "view-args": {}, "status": 200, "user": "35675e68f4b5af7b@localhost", "timestamp": "2019-04-23T07:48:06.856489", "browser": null, "browser-platform": null, "browser-version": null}
{"method": "POST", "path": "/mondrian/saiku/authorize", "endpoint": "py_mondrian.saiku_authorize", "view-args": {}, "status": 200, "user": "35675e68f4b5af7b@localhost", "timestamp": "2019-04-23T07:48:06.858089", "browser": null, "browser-platform": null, "browser-version": null}
{"method": "POST", "path": "/mondrian/saiku/authorize", "endpoint": "py_mondrian.saiku_authorize", "view-args": {}, "status": 200, "user": "35675e68f4b5af7b@localhost", "timestamp": "2019-04-23T07:48:19.956577", "browser": null, "browser-platform": null, "browser-version": null}
{"method": "GET", "path": "/dashboards/marketing-overview", "endpoint": "dashboards.view_dashboard", "view-args": {"id": "marketing-overview"}, "status": 200, "user": "5b7720289cab3093@lampenwelt.de", "timestamp": "2019-04-23T07:55:12.717157", "browser": "chrome", "browser-platform": "windows", "browser-version": "73.0.3683.103"}
{"method": "GET", "path": "/dashboards/_render_async_sql_query/cc527fbf-1c1e-4611-8107-88d4271ba5af", "endpoint": "dashboards.render_async_sql_query", "view-args": {"id": "cc527fbf-1c1e-4611-8107-88d4271ba5af"}, "status": 200, "user": "5b7720289cab3093@lampenwelt.de", "timestamp": "2019-04-23T07:55:13.532298", "browser": "chrome", "browser-platform": "windows", "browser-version": "73.0.3683.103"}
{"method": "GET", "path": "/dashboards/_render_async_sql_query/c29d2a67-49a4-494f-aa8d-174629494054", "endpoint": "dashboards.render_async_sql_query", "view-args": {"id": "c29d2a67-49a4-494f-aa8d-174629494054"}, "status": 200, "user": "5b7720289cab3093@lampenwelt.de", "timestamp": "2019-04-23T07:55:13.545067", "browser": "chrome", "browser-platform": "windows", "browser-version": "73.0.3683.103"}
{"method": "GET", "path": "/dashboards/_render_async_sql_query/0ddbe0e7-a28e-479c-a4a6-0f29f53695da", "endpoint": "dashboards.render_async_sql_query", "view-args": {"id": "0ddbe0e7-a28e-479c-a4a6-0f29f53695da"}, "status": 200, "user": "5b7720289cab3093@lampenwelt.de", "timestamp": "2019-04-23T07:55:13.546313", "browser": "chrome", "browser-platform": "windows", "browser-version": "73.0.3683.103"}
{"method": "GET", "path": "/dashboards/_last_successful_import", "endpoint": "dashboards.last_successful_import", "view-args": {}, "status": 200, "user": "5b7720289cab3093@lampenwelt.de", "timestamp": "2019-04-23T07:55:13.561944", "browser": "chrome", "browser-platform": "windows", "browser-version": "73.0.3683.103"}
{"method": "GET", "path": "/dashboards/_last_marketing_cost/marketing-overview", "endpoint": "dashboards.last_marketing_cost", "view-args": {"id": "marketing-overview"}, "status": 200, "user": "5b7720289cab3093@lampenwelt.de", "timestamp": "2019-04-23T07:55:13.562941", "browser": "chrome", "browser-platform": "windows", "browser-version": "73.0.3683.103"}
{"method": "GET", "path": "/dashboards/_render_async_sql_query/29c2d8ef-5428-442f-8c6a-e5dafbc3f519", "endpoint": "dashboards.render_async_sql_query", "view-args": {"id": "29c2d8ef-5428-442f-8c6a-e5dafbc3f519"}, "status": 200, "user": "5b7720289cab3093@lampenwelt.de", "timestamp": "2019-04-23T07:55:13.564958", "browser": "chrome", "browser-platform": "windows", "browser-version": "73.0.3683.103"}
{"method": "GET", "path": "/dashboards/_render_async_sql_query/51c23c6b-40f7-43a2-801d-c7cf2f6071a6", "endpoint": "dashboards.render_async_sql_query", "view-args": {"id": "51c23c6b-40f7-43a2-801d-c7cf2f6071a6"}, "status": 200, "user": "5b7720289cab3093@lampenwelt.de", "timestamp": "2019-04-23T07:55:13.654792", "browser": "chrome", "browser-platform": "windows", "browser-version": "73.0.3683.103"}
{"method": "GET", "path": "/dashboards/_render_async_sql_query/12a2c7c8-263d-4216-9f33-96126cd01633", "endpoint": "dashboards.render_async_sql_query", "view-args": {"id": "12a2c7c8-263d-4216-9f33-96126cd01633"}, "status": 200, "user": "5b7720289cab3093@lampenwelt.de", "timestamp": "2019-04-23T07:55:13.664381", "browser": "chrome", "browser-platform": "windows", "browser-version": "73.0.3683.103"}
{"method": "GET", "path": "/dashboards/_render_async_sql_query/0d6d883a-fae5-489e-9223-9e4562264d27", "endpoint": "dashboards.render_async_sql_query", "view-args": {"id": "0d6d883a-fae5-489e-9223-9e4562264d27"}, "status": 200, "user": "5b7720289cab3093@lampenwelt.de", "timestamp": "2019-04-23T07:55:13.666574", "browser": "chrome", "browser-platform": "windows", "browser-version": "73.0.3683.103"}
{"method": "GET", "path": "/dashboards/_render_async_sql_query/d9966f9f-e50c-46fb-95b1-eb0c9196fe4d", "endpoint": "dashboards.render_async_sql_query", "view-args": {"id": "d9966f9f-e50c-46fb-95b1-eb0c9196fe4d"}, "status": 200, "user": "5b7720289cab3093@lampenwelt.de", "timestamp": "2019-04-23T07:55:13.708776", "browser": "chrome", "browser-platform": "windows", "browser-version": "73.0.3683.103"}
{"method": "GET", "path": "/dashboards/_render_async_sql_query/4af2a745-1c9f-49db-87fe-d5c5d66565ff", "endpoint": "dashboards.render_async_sql_query", "view-args": {"id": "4af2a745-1c9f-49db-87fe-d5c5d66565ff"}, "status": 200, "user": "5b7720289cab3093@lampenwelt.de", "timestamp": "2019-04-23T07:55:13.728433", "browser": "chrome", "browser-platform": "windows", "browser-version": "73.0.3683.103"}
{"method": "GET", "path": "/dashboards/_render_async_sql_query/557fc63b-c7a0-4b45-8909-5f43e8f5b28b", "endpoint": "dashboards.render_async_sql_query", "view-args": {"id": "557fc63b-c7a0-4b45-8909-5f43e8f5b28b"}, "status": 200, "user": "5b7720289cab3093@lampenwelt.de", "timestamp": "2019-04-23T07:55:13.728581", "browser": "chrome", "browser-platform": "windows", "browser-version": "73.0.3683.103"}
{"method": "GET", "path": "/dashboards/_render_async_sql_query/ba791706-96cd-40b1-9f35-5c17d6c351ec", "endpoint": "dashboards.render_async_sql_query", "view-args": {"id": "ba791706-96cd-40b1-9f35-5c17d6c351ec"}, "status": 200, "user": "5b7720289cab3093@lampenwelt.de", "timestamp": "2019-04-23T07:55:13.740769", "browser": "chrome", "browser-platform": "windows", "browser-version": "73.0.3683.103"}
{"method": "GET", "path": "/dashboards/_render_async_sql_query/36ba7920-5fff-438b-b8cc-7b129f47b426", "endpoint": "dashboards.render_async_sql_query", "view-args": {"id": "36ba7920-5fff-438b-b8cc-7b129f47b426"}, "status": 200, "user": "5b7720289cab3093@lampenwelt.de", "timestamp": "2019-04-23T07:55:13.785012", "browser": "chrome", "browser-platform": "windows", "browser-version": "73.0.3683.103"}
{"method": "GET", "path": "/dashboards/_render_async_sql_query/4140ed91-de57-413b-a06c-d75bc804079d", "endpoint": "dashboards.render_async_sql_query", "view-args": {"id": "4140ed91-de57-413b-a06c-d75bc804079d"}, "status": 200, "user": "5b7720289cab3093@lampenwelt.de", "timestamp": "2019-04-23T07:55:13.990816", "browser": "chrome", "browser-platform": "windows", "browser-version": "73.0.3683.103"}
{"method": "GET", "path": "/dashboards/_render_async_sql_query/4d6ef713-3b53-4b5a-9a43-d44da2ea7e3e", "endpoint": "dashboards.render_async_sql_query", "view-args": {"id": "4d6ef713-3b53-4b5a-9a43-d44da2ea7e3e"}, "status": 200, "user": "5b7720289cab3093@lampenwelt.de", "timestamp": "2019-04-23T07:55:13.994374", "browser": "chrome", "browser-platform": "windows", "browser-version": "73.0.3683.103"}
{"method": "GET", "path": "/dashboards/_render_async_sql_query/f3ff1c0b-7372-4797-8992-86779be45a31", "endpoint": "dashboards.render_async_sql_query", "view-args": {"id": "f3ff1c0b-7372-4797-8992-86779be45a31"}, "status": 200, "user": "5b7720289cab3093@lampenwelt.de", "timestamp": "2019-04-23T07:55:14.002701", "browser": "chrome", "browser-platform": "windows", "browser-version": "73.0.3683.103"}
{"method": "GET", "path": "/dashboards/_render_async_sql_query/2305d929-b637-495f-9a78-f7059773d168", "endpoint": "dashboards.render_async_sql_query", "view-args": {"id": "2305d929-b637-495f-9a78-f7059773d168"}, "status": 200, "user": "5b7720289cab3093@lampenwelt.de", "timestamp": "2019-04-23T07:55:14.033833", "browser": "chrome", "browser-platform": "windows", "browser-version": "73.0.3683.103"}
{"method": "GET", "path": "/data-sets/orders", "endpoint": "data_sets.data_set_page", "view-args": {"data_set_id": "orders", "query_id": null}, "status": 200, "user": "5b7720289cab3093@lampenwelt.de", "timestamp": "2019-04-23T07:55:18.929222", "browser": "chrome", "browser-platform": "windows", "browser-version": "73.0.3683.103"}
{"method": "POST", "path": "/data-sets/.initialize", "endpoint": "data_sets.initialize_query", "view-args": {}, "status": 200, "user": "5b7720289cab3093@lampenwelt.de", "timestamp": "2019-04-23T07:55:19.738821", "browser": "chrome", "browser-platform": "windows", "browser-version": "73.0.3683.103"}
{"method": "POST", "path": "/data-sets/.preview", "endpoint": "data_sets.preview", "view-args": {}, "status": 200, "user": "5b7720289cab3093@lampenwelt.de", "timestamp": "2019-04-23T07:55:19.983564", "browser": "chrome", "browser-platform": "windows", "browser-version": "73.0.3683.103"}
{"method": "POST", "path": "/data-sets/.row-count", "endpoint": "data_sets.row_count", "view-args": {}, "status": 200, "user": "5b7720289cab3093@lampenwelt.de", "timestamp": "2019-04-23T07:55:20.251551", "browser": "chrome", "browser-platform": "windows", "browser-version": "73.0.3683.103"}
{"method": "POST", "path": "/data-sets/.distribution-chart-6", "endpoint": "data_sets.distribution_chart", "view-args": {"pos": 6}, "status": 200, "user": "5b7720289cab3093@lampenwelt.de", "timestamp": "2019-04-23T07:55:23.025938", "browser": "chrome", "browser-platform": "windows", "browser-version": "73.0.3683.103"}
{"method": "POST", "path": "/data-sets/.distribution-chart-2", "endpoint": "data_sets.distribution_chart", "view-args": {"pos": 2}, "status": 200, "user": "5b7720289cab3093@lampenwelt.de", "timestamp": "2019-04-23T07:55:24.416243", "browser": "chrome", "browser-platform": "windows", "browser-version": "73.0.3683.103"}
{"method": "POST", "path": "/data-sets/.distribution-chart-0", "endpoint": "data_sets.distribution_chart", "view-args": {"pos": 0}, "status": 200, "user": "5b7720289cab3093@lampenwelt.de", "timestamp": "2019-04-23T07:55:24.453463", "browser": "chrome", "browser-platform": "windows", "browser-version": "73.0.3683.103"}
{"method": "GET", "path": "/data-sets/orders/.query-list", "endpoint": "data_sets.query_list", "view-args": {"data_set_id": "orders"}, "status": 200, "user": "5b7720289cab3093@lampenwelt.de", "timestamp": "2019-04-23T07:55:24.462979", "browser": "chrome", "browser-platform": "windows", "browser-version": "73.0.3683.103"}
{"method": "GET", "path": "/data-sets/orders/affiliate", "endpoint": "data_sets.data_set_page", "view-args": {"data_set_id": "orders", "query_id": "affiliate"}, "status": 200, "user": "5b7720289cab3093@lampenwelt.de", "timestamp": "2019-04-23T07:55:26.239498", "browser": "chrome", "browser-platform": "windows", "browser-version": "73.0.3683.103"}
{"method": "POST", "path": "/data-sets/.initialize", "endpoint": "data_sets.initialize_query", "view-args": {}, "status": 200, "user": "5b7720289cab3093@lampenwelt.de", "timestamp": "2019-04-23T07:55:26.887706", "browser": "chrome", "browser-platform": "windows", "browser-version": "73.0.3683.103"}
{"method": "POST", "path": "/data-sets/.distribution-chart-10", "endpoint": "data_sets.distribution_chart", "view-args": {"pos": 10}, "status": 200, "user": "5b7720289cab3093@lampenwelt.de", "timestamp": "2019-04-23T07:55:26.939076", "browser": "chrome", "browser-platform": "windows", "browser-version": "73.0.3683.103"}
{"method": "POST", "path": "/data-sets/.distribution-chart-18", "endpoint": "data_sets.distribution_chart", "view-args": {"pos": 18}, "status": 200, "user": "5b7720289cab3093@lampenwelt.de", "timestamp": "2019-04-23T07:55:27.085097", "browser": "chrome", "browser-platform": "windows", "browser-version": "73.0.3683.103"}
{"method": "POST", "path": "/data-sets/.filter-row-count-0", "endpoint": "data_sets.filter_row_count", "view-args": {"filter_pos": 0}, "status": 200, "user": "5b7720289cab3093@lampenwelt.de", "timestamp": "2019-04-23T07:55:27.291906", "browser": "chrome", "browser-platform": "windows", "browser-version": "73.0.3683.103"}
{"method": "POST", "path": "/data-sets/.row-count", "endpoint": "data_sets.row_count", "view-args": {}, "status": 200, "user": "5b7720289cab3093@lampenwelt.de", "timestamp": "2019-04-23T07:55:27.444076", "browser": "chrome", "browser-platform": "windows", "browser-version": "73.0.3683.103"}
{"method": "POST", "path": "/data-sets/.preview", "endpoint": "data_sets.preview", "view-args": {}, "status": 200, "user": "5b7720289cab3093@lampenwelt.de", "timestamp": "2019-04-23T07:55:27.692933", "browser": "chrome", "browser-platform": "windows", "browser-version": "73.0.3683.103"}
{"method": "POST", "path": "/data-sets/.distribution-chart-0", "endpoint": "data_sets.distribution_chart", "view-args": {"pos": 0}, "status": 200, "user": "5b7720289cab3093@lampenwelt.de", "timestamp": "2019-04-23T07:55:27.858657", "browser": "chrome", "browser-platform": "windows", "browser-version": "73.0.3683.103"}
{"method": "POST", "path": "/data-sets/.distribution-chart-6", "endpoint": "data_sets.distribution_chart", "view-args": {"pos": 6}, "status": 200, "user": "5b7720289cab3093@lampenwelt.de", "timestamp": "2019-04-23T07:55:27.908888", "browser": "chrome", "browser-platform": "windows", "browser-version": "73.0.3683.103"}
{"method": "POST", "path": "/data-sets/.distribution-chart-11", "endpoint": "data_sets.distribution_chart", "view-args": {"pos": 11}, "status": 200, "user": "5b7720289cab3093@lampenwelt.de", "timestamp": "2019-04-23T07:55:28.297763", "browser": "chrome", "browser-platform": "windows", "browser-version": "73.0.3683.103"}
{"method": "POST", "path": "/data-sets/.distribution-chart-13", "endpoint": "data_sets.distribution_chart", "view-args": {"pos": 13}, "status": 200, "user": "5b7720289cab3093@lampenwelt.de", "timestamp": "2019-04-23T07:55:28.366614", "browser": "chrome", "browser-platform": "windows", "browser-version": "73.0.3683.103"}
{"method": "POST", "path": "/data-sets/.distribution-chart-18", "endpoint": "data_sets.distribution_chart", "view-args": {"pos": 18}, "status": 200, "user": "5b7720289cab3093@lampenwelt.de", "timestamp": "2019-04-23T07:55:28.379146", "browser": "chrome", "browser-platform": "windows", "browser-version": "73.0.3683.103"}
{"method": "POST", "path": "/data-sets/.filter-row-count-0", "endpoint": "data_sets.filter_row_count", "view-args": {"filter_pos": 0}, "status": 200, "user": "5b7720289cab3093@lampenwelt.de", "timestamp": "2019-04-23T07:55:30.745527", "browser": "chrome", "browser-platform": "windows", "browser-version": "73.0.3683.103"}
{"method": "POST", "path": "/data-sets/.row-count", "endpoint": "data_sets.row_count", "view-args": {}, "status": 200, "user": "5b7720289cab3093@lampenwelt.de", "timestamp": "2019-04-23T07:55:30.749774", "browser": "chrome", "browser-platform": "windows", "browser-version": "73.0.3683.103"}
{"method": "POST", "path": "/data-sets/.preview", "endpoint": "data_sets.preview", "view-args": {}, "status": 200, "user": "5b7720289cab3093@lampenwelt.de", "timestamp": "2019-04-23T07:55:30.751195", "browser": "chrome", "browser-platform": "windows", "browser-version": "73.0.3683.103"}
{"method": "POST", "path": "/data-sets/.distribution-chart-6", "endpoint": "data_sets.distribution_chart", "view-args": {"pos": 6}, "status": 200, "user": "5b7720289cab3093@lampenwelt.de", "timestamp": "2019-04-23T07:55:31.204861", "browser": "chrome", "browser-platform": "windows", "browser-version": "73.0.3683.103"}
{"method": "POST", "path": "/data-sets/.distribution-chart-0", "endpoint": "data_sets.distribution_chart", "view-args": {"pos": 0}, "status": 200, "user": "5b7720289cab3093@lampenwelt.de", "timestamp": "2019-04-23T07:55:31.213287", "browser": "chrome", "browser-platform": "windows", "browser-version": "73.0.3683.103"}
{"method": "POST", "path": "/data-sets/.distribution-chart-11", "endpoint": "data_sets.distribution_chart", "view-args": {"pos": 11}, "status": 200, "user": "5b7720289cab3093@lampenwelt.de", "timestamp": "2019-04-23T07:55:31.330044", "browser": "chrome", "browser-platform": "windows", "browser-version": "73.0.3683.103"}
{"method": "POST", "path": "/data-sets/.distribution-chart-18", "endpoint": "data_sets.distribution_chart", "view-args": {"pos": 18}, "status": 200, "user": "5b7720289cab3093@lampenwelt.de", "timestamp": "2019-04-23T07:55:31.711331", "browser": "chrome", "browser-platform": "windows", "browser-version": "73.0.3683.103"}
{"method": "POST", "path": "/data-sets/.distribution-chart-13", "endpoint": "data_sets.distribution_chart", "view-args": {"pos": 13}, "status": 200, "user": "5b7720289cab3093@lampenwelt.de", "timestamp": "2019-04-23T07:55:31.721446", "browser": "chrome", "browser-platform": "windows", "browser-version": "73.0.3683.103"}
{"method": "POST", "path": "/data-sets/.preview", "endpoint": "data_sets.preview", "view-args": {}, "status": 200, "user": "5b7720289cab3093@lampenwelt.de", "timestamp": "2019-04-23T07:55:31.762316", "browser": "chrome", "browser-platform": "windows", "browser-version": "73.0.3683.103"}
{"method": "GET", "path": "/data-sets/.auto-complete", "endpoint": "data_sets.auto_complete", "view-args": {}, "status": 200, "user": "5b7720289cab3093@lampenwelt.de", "timestamp": "2019-04-23T07:55:31.845718", "browser": "chrome", "browser-platform": "windows", "browser-version": "73.0.3683.103"}
{"method": "POST", "path": "/data-sets/.row-count", "endpoint": "data_sets.row_count", "view-args": {}, "status": 200, "user": "5b7720289cab3093@lampenwelt.de", "timestamp": "2019-04-23T07:55:31.867432", "browser": "chrome", "browser-platform": "windows", "browser-version": "73.0.3683.103"}
{"method": "POST", "path": "/data-sets/.filter-row-count-0", "endpoint": "data_sets.filter_row_count", "view-args": {"filter_pos": 0}, "status": 200, "user": "5b7720289cab3093@lampenwelt.de", "timestamp": "2019-04-23T07:55:31.949437", "browser": "chrome", "browser-platform": "windows", "browser-version": "73.0.3683.103"}
{"method": "POST", "path": "/data-sets/.distribution-chart-0", "endpoint": "data_sets.distribution_chart", "view-args": {"pos": 0}, "status": 200, "user": "5b7720289cab3093@lampenwelt.de", "timestamp": "2019-04-23T07:55:32.317248", "browser": "chrome", "browser-platform": "windows", "browser-version": "73.0.3683.103"}
{"method": "POST", "path": "/data-sets/.distribution-chart-6", "endpoint": "data_sets.distribution_chart", "view-args": {"pos": 6}, "status": 200, "user": "5b7720289cab3093@lampenwelt.de", "timestamp": "2019-04-23T07:55:32.389036", "browser": "chrome", "browser-platform": "windows", "browser-version": "73.0.3683.103"}
{"method": "POST", "path": "/data-sets/.distribution-chart-11", "endpoint": "data_sets.distribution_chart", "view-args": {"pos": 11}, "status": 200, "user": "5b7720289cab3093@lampenwelt.de", "timestamp": "2019-04-23T07:55:32.561756", "browser": "chrome", "browser-platform": "windows", "browser-version": "73.0.3683.103"}
{"method": "POST", "path": "/data-sets/.distribution-chart-13", "endpoint": "data_sets.distribution_chart", "view-args": {"pos": 13}, "status": 200, "user": "5b7720289cab3093@lampenwelt.de", "timestamp": "2019-04-23T07:55:32.840561", "browser": "chrome", "browser-platform": "windows", "browser-version": "73.0.3683.103"}
{"method": "POST", "path": "/data-sets/.distribution-chart-18", "endpoint": "data_sets.distribution_chart", "view-args": {"pos": 18}, "status": 200, "user": "5b7720289cab3093@lampenwelt.de", "timestamp": "2019-04-23T07:55:32.957105", "browser": "chrome", "browser-platform": "windows", "browser-version": "73.0.3683.103"}
{"method": "POST", "path": "/dashboards/sales-comparison", "endpoint": "dashboards.view_dashboard", "view-args": {"id": "sales-comparison"}, "status": 200, "user": "2945b89f775d264f@lampenwelt.de", "timestamp": "2019-04-23T07:56:03.851979", "browser": "chrome", "browser-platform": "windows", "browser-version": "73.0.3683.103"}
{"method": "GET", "path": "/dashboards/_render_async_sql_query/ee211d35-7a57-4a92-b80a-c53fc8f9ae1f", "endpoint": "dashboards.render_async_sql_query", "view-args": {"id": "ee211d35-7a57-4a92-b80a-c53fc8f9ae1f"}, "status": 200, "user": "2945b89f775d264f@lampenwelt.de", "timestamp": "2019-04-23T07:56:04.137835", "browser": "chrome", "browser-platform": "windows", "browser-version": "73.0.3683.103"}
{"method": "GET", "path": "/dashboards/_render_async_sql_query/92294257-3458-476f-b7b3-4140705ae62b", "endpoint": "dashboards.render_async_sql_query", "view-args": {"id": "92294257-3458-476f-b7b3-4140705ae62b"}, "status": 200, "user": "2945b89f775d264f@lampenwelt.de", "timestamp": "2019-04-23T07:56:04.139892", "browser": "chrome", "browser-platform": "windows", "browser-version": "73.0.3683.103"}
{"method": "GET", "path": "/dashboards/_render_async_sql_query/b01f351e-e677-45c7-8968-0bb6b0ce17d8", "endpoint": "dashboards.render_async_sql_query", "view-args": {"id": "b01f351e-e677-45c7-8968-0bb6b0ce17d8"}, "status": 200, "user": "2945b89f775d264f@lampenwelt.de", "timestamp": "2019-04-23T07:56:04.150560", "browser": "chrome", "browser-platform": "windows", "browser-version": "73.0.3683.103"}
{"method": "GET", "path": "/dashboards/_last_marketing_cost/sales-comparison", "endpoint": "dashboards.last_marketing_cost", "view-args": {"id": "sales-comparison"}, "status": 200, "user": "2945b89f775d264f@lampenwelt.de", "timestamp": "2019-04-23T07:56:04.167504", "browser": "chrome", "browser-platform": "windows", "browser-version": "73.0.3683.103"}
{"method": "GET", "path": "/dashboards/_last_successful_import", "endpoint": "dashboards.last_successful_import", "view-args": {}, "status": 200, "user": "2945b89f775d264f@lampenwelt.de", "timestamp": "2019-04-23T07:56:04.168176", "browser": "chrome", "browser-platform": "windows", "browser-version": "73.0.3683.103"}
{"method": "GET", "path": "/dashboards/_render_async_sql_query/8c5da787-3637-4a7b-be8c-0a31487ea54e", "endpoint": "dashboards.render_async_sql_query", "view-args": {"id": "8c5da787-3637-4a7b-be8c-0a31487ea54e"}, "status": 200, "user": "2945b89f775d264f@lampenwelt.de", "timestamp": "2019-04-23T07:56:04.192762", "browser": "chrome", "browser-platform": "windows", "browser-version": "73.0.3683.103"}
{"method": "GET", "path": "/dashboards/_render_async_sql_query/f6c6507b-130e-45c0-abb4-a1d71931fd91", "endpoint": "dashboards.render_async_sql_query", "view-args": {"id": "f6c6507b-130e-45c0-abb4-a1d71931fd91"}, "status": 200, "user": "2945b89f775d264f@lampenwelt.de", "timestamp": "2019-04-23T07:56:04.203261", "browser": "chrome", "browser-platform": "windows", "browser-version": "73.0.3683.103"}
{"method": "GET", "path": "/dashboards/_render_async_sql_query/7afb8d2f-d8ef-4b23-ac6b-b1fcb45fff3d", "endpoint": "dashboards.render_async_sql_query", "view-args": {"id": "7afb8d2f-d8ef-4b23-ac6b-b1fcb45fff3d"}, "status": 200, "user": "2945b89f775d264f@lampenwelt.de", "timestamp": "2019-04-23T07:56:04.213796", "browser": "chrome", "browser-platform": "windows", "browser-version": "73.0.3683.103"}
{"method": "POST", "path": "/mondrian/excel/authorize", "endpoint": "py_mondrian.excel_authorize", "view-args": {}, "status": 200, "user": "35675e68f4b5af7b@localhost", "timestamp": "2019-04-23T07:59:33.333155", "browser": null, "browser-platform": null, "browser-version": null}
