{"method": "POST", "path": "/mondrian/saiku/authorize", "endpoint": "py_mondrian.saiku_authorize", "view-args": {}, "status": 200, "user": "35675e68f4b5af7b@localhost", "timestamp": "2019-03-14T18:07:46.969771", "browser": null, "browser-platform": null, "browser-version": null}
{"method": "POST", "path": "/mondrian/saiku/authorize", "endpoint": "py_mondrian.saiku_authorize", "view-args": {}, "status": 200, "user": "35675e68f4b5af7b@localhost", "timestamp": "2019-03-14T18:07:48.009248", "browser": null, "browser-platform": null, "browser-version": null}
{"method": "GET", "path": "/dashboards/sales-comparison", "endpoint": "dashboards.view_dashboard", "view-args": {"id": "sales-comparison"}, "status": 200, "user": "13f7e9ada41f2425@lampenwelt.de", "timestamp": "2019-03-14T18:08:09.507005", "browser": "chrome", "browser-platform": "windows", "browser-version": "72.0.3626.121"}
{"method": "GET", "path": "/dashboards/_render_async_sql_query/25c30003-81da-4a5c-9ddb-13b3be72e465", "endpoint": "dashboards.render_async_sql_query", "view-args": {"id": "25c30003-81da-4a5c-9ddb-13b3be72e465"}, "status": 200, "user": "13f7e9ada41f2425@lampenwelt.de", "timestamp": "2019-03-14T18:08:13.373498", "browser": "chrome", "browser-platform": "windows", "browser-version": "72.0.3626.121"}
{"method": "GET", "path": "/dashboards/_render_async_sql_query/a3b31cd8-cf2c-4e95-b9ff-2a11580cb388", "endpoint": "dashboards.render_async_sql_query", "view-args": {"id": "a3b31cd8-cf2c-4e95-b9ff-2a11580cb388"}, "status": 200, "user": "13f7e9ada41f2425@lampenwelt.de", "timestamp": "2019-03-14T18:08:13.391851", "browser": "chrome", "browser-platform": "windows", "browser-version": "72.0.3626.121"}
{"method": "GET", "path": "/dashboards/_render_async_sql_query/cf5bdadf-d8c1-479b-a72e-33a9ee0d4026", "endpoint": "dashboards.render_async_sql_query", "view-args": {"id": "cf5bdadf-d8c1-479b-a72e-33a9ee0d4026"}, "status": 200, "user": "13f7e9ada41f2425@lampenwelt.de", "timestamp": "2019-03-14T18:08:13.364118", "browser": "chrome", "browser-platform": "windows", "browser-version": "72.0.3626.121"}
{"method": "GET", "path": "/dashboards/_render_async_sql_query/e0e3f956-a49f-4618-8e5a-61ccbe60957a", "endpoint": "dashboards.render_async_sql_query", "view-args": {"id": "e0e3f956-a49f-4618-8e5a-61ccbe60957a"}, "status": 200, "user": "13f7e9ada41f2425@lampenwelt.de", "timestamp": "2019-03-14T18:08:13.376232", "browser": "chrome", "browser-platform": "windows", "browser-version": "72.0.3626.121"}
{"method": "GET", "path": "/dashboards/_last_marketing_cost/sales-comparison", "endpoint": "dashboards.last_marketing_cost", "view-args": {"id": "sales-comparison"}, "status": 200, "user": "13f7e9ada41f2425@lampenwelt.de", "timestamp": "2019-03-14T18:08:13.402711", "browser": "chrome", "browser-platform": "windows", "browser-version": "72.0.3626.121"}
{"method": "GET", "path": "/dashboards/_last_successful_import", "endpoint": "dashboards.last_successful_import", "view-args": {}, "status": 200, "user": "13f7e9ada41f2425@lampenwelt.de", "timestamp": "2019-03-14T18:08:13.406408", "browser": "chrome", "browser-platform": "windows", "browser-version": "72.0.3626.121"}
{"method": "GET", "path": "/dashboards/_render_async_sql_query/c7c4f462-4597-4cc2-ba97-f963f8f8ae0a", "endpoint": "dashboards.render_async_sql_query", "view-args": {"id": "c7c4f462-4597-4cc2-ba97-f963f8f8ae0a"}, "status": 200, "user": "13f7e9ada41f2425@lampenwelt.de", "timestamp": "2019-03-14T18:08:13.584116", "browser": "chrome", "browser-platform": "windows", "browser-version": "72.0.3626.121"}
{"method": "GET", "path": "/dashboards/_render_async_sql_query/3cf151d6-2a82-470c-ad76-afa64ea6272c", "endpoint": "dashboards.render_async_sql_query", "view-args": {"id": "3cf151d6-2a82-470c-ad76-afa64ea6272c"}, "status": 200, "user": "13f7e9ada41f2425@lampenwelt.de", "timestamp": "2019-03-14T18:08:13.603613", "browser": "chrome", "browser-platform": "windows", "browser-version": "72.0.3626.121"}
{"method": "GET", "path": "/", "endpoint": "start_page.start_page", "view-args": {}, "status": 302, "user": "78b858772f907e50@lampenwelt.de", "timestamp": "2019-03-14T18:19:56.111754", "browser": "chrome", "browser-platform": "windows", "browser-version": "72.0.3626.121"}
{"method": "GET", "path": "/", "endpoint": "start_page.start_page", "view-args": {}, "status": 302, "user": "78b858772f907e50@lampenwelt.de", "timestamp": "2019-03-14T18:19:56.288185", "browser": "chrome", "browser-platform": "windows", "browser-version": "72.0.3626.121"}
{"method": "GET", "path": "/dashboards/marketing-overview", "endpoint": "dashboards.view_dashboard", "view-args": {"id": "marketing-overview"}, "status": 200, "user": "78b858772f907e50@lampenwelt.de", "timestamp": "2019-03-14T18:19:56.459204", "browser": "chrome", "browser-platform": "windows", "browser-version": "72.0.3626.121"}
{"method": "GET", "path": "/dashboards/marketing-overview", "endpoint": "dashboards.view_dashboard", "view-args": {"id": "marketing-overview"}, "status": 200, "user": "78b858772f907e50@lampenwelt.de", "timestamp": "2019-03-14T18:19:56.677834", "browser": "chrome", "browser-platform": "windows", "browser-version": "72.0.3626.121"}
{"method": "GET", "path": "/dashboards/_render_async_sql_query/1d966e3e-58c7-40d2-ba01-6c6710501869", "endpoint": "dashboards.render_async_sql_query", "view-args": {"id": "1d966e3e-58c7-40d2-ba01-6c6710501869"}, "status": 200, "user": "78b858772f907e50@lampenwelt.de", "timestamp": "2019-03-14T18:19:57.168454", "browser": "chrome", "browser-platform": "windows", "browser-version": "72.0.3626.121"}
{"method": "GET", "path": "/dashboards/_render_async_sql_query/6e331959-38bb-4e0f-a293-2174c1505b3c", "endpoint": "dashboards.render_async_sql_query", "view-args": {"id": "6e331959-38bb-4e0f-a293-2174c1505b3c"}, "status": 200, "user": "78b858772f907e50@lampenwelt.de", "timestamp": "2019-03-14T18:19:57.173128", "browser": "chrome", "browser-platform": "windows", "browser-version": "72.0.3626.121"}
{"method": "GET", "path": "/dashboards/_render_async_sql_query/744a6643-c41a-475d-9b81-ce1244a21076", "endpoint": "dashboards.render_async_sql_query", "view-args": {"id": "744a6643-c41a-475d-9b81-ce1244a21076"}, "status": 200, "user": "78b858772f907e50@lampenwelt.de", "timestamp": "2019-03-14T18:19:57.176549", "browser": "chrome", "browser-platform": "windows", "browser-version": "72.0.3626.121"}
{"method": "GET", "path": "/dashboards/_last_marketing_cost/marketing-overview", "endpoint": "dashboards.last_marketing_cost", "view-args": {"id": "marketing-overview"}, "status": 200, "user": "78b858772f907e50@lampenwelt.de", "timestamp": "2019-03-14T18:19:57.193539", "browser": "chrome", "browser-platform": "windows", "browser-version": "72.0.3626.121"}
{"method": "GET", "path": "/dashboards/_last_successful_import", "endpoint": "dashboards.last_successful_import", "view-args": {}, "status": 200, "user": "78b858772f907e50@lampenwelt.de", "timestamp": "2019-03-14T18:19:57.193769", "browser": "chrome", "browser-platform": "windows", "browser-version": "72.0.3626.121"}
{"method": "GET", "path": "/dashboards/_render_async_sql_query/965a8288-ddc1-488d-862b-ba84a09a671c", "endpoint": "dashboards.render_async_sql_query", "view-args": {"id": "965a8288-ddc1-488d-862b-ba84a09a671c"}, "status": 200, "user": "78b858772f907e50@lampenwelt.de", "timestamp": "2019-03-14T18:19:57.195004", "browser": "chrome", "browser-platform": "windows", "browser-version": "72.0.3626.121"}
{"method": "GET", "path": "/dashboards/_render_async_sql_query/a262fbd7-3eb4-4936-a697-61a0ab96feb8", "endpoint": "dashboards.render_async_sql_query", "view-args": {"id": "a262fbd7-3eb4-4936-a697-61a0ab96feb8"}, "status": 200, "user": "78b858772f907e50@lampenwelt.de", "timestamp": "2019-03-14T18:19:57.272223", "browser": "chrome", "browser-platform": "windows", "browser-version": "72.0.3626.121"}
{"method": "GET", "path": "/dashboards/_render_async_sql_query/b1830ce3-6452-4b07-9ac2-5b023f07dc69", "endpoint": "dashboards.render_async_sql_query", "view-args": {"id": "b1830ce3-6452-4b07-9ac2-5b023f07dc69"}, "status": 200, "user": "78b858772f907e50@lampenwelt.de", "timestamp": "2019-03-14T18:19:57.275071", "browser": "chrome", "browser-platform": "windows", "browser-version": "72.0.3626.121"}
{"method": "GET", "path": "/dashboards/_render_async_sql_query/e5782003-9d31-4671-b360-b92ddda9a682", "endpoint": "dashboards.render_async_sql_query", "view-args": {"id": "e5782003-9d31-4671-b360-b92ddda9a682"}, "status": 200, "user": "78b858772f907e50@lampenwelt.de", "timestamp": "2019-03-14T18:19:57.296359", "browser": "chrome", "browser-platform": "windows", "browser-version": "72.0.3626.121"}
{"method": "GET", "path": "/dashboards/_render_async_sql_query/30bc2d66-bf8f-488e-9ed7-4e6db7f9ac04", "endpoint": "dashboards.render_async_sql_query", "view-args": {"id": "30bc2d66-bf8f-488e-9ed7-4e6db7f9ac04"}, "status": 200, "user": "78b858772f907e50@lampenwelt.de", "timestamp": "2019-03-14T18:19:57.302413", "browser": "chrome", "browser-platform": "windows", "browser-version": "72.0.3626.121"}
{"method": "GET", "path": "/dashboards/_render_async_sql_query/9dc0531d-88b2-42ae-a52c-ae62677e66c8", "endpoint": "dashboards.render_async_sql_query", "view-args": {"id": "9dc0531d-88b2-42ae-a52c-ae62677e66c8"}, "status": 200, "user": "78b858772f907e50@lampenwelt.de", "timestamp": "2019-03-14T18:19:57.328911", "browser": "chrome", "browser-platform": "windows", "browser-version": "72.0.3626.121"}
{"method": "GET", "path": "/dashboards/_render_async_sql_query/decdff15-06a4-4471-accb-b5cb77dd7e04", "endpoint": "dashboards.render_async_sql_query", "view-args": {"id": "decdff15-06a4-4471-accb-b5cb77dd7e04"}, "status": 200, "user": "78b858772f907e50@lampenwelt.de", "timestamp": "2019-03-14T18:19:57.334292", "browser": "chrome", "browser-platform": "windows", "browser-version": "72.0.3626.121"}
{"method": "GET", "path": "/dashboards/_render_async_sql_query/9f3b525a-12f0-4dc9-a8bc-ad7acb0a311b", "endpoint": "dashboards.render_async_sql_query", "view-args": {"id": "9f3b525a-12f0-4dc9-a8bc-ad7acb0a311b"}, "status": 200, "user": "78b858772f907e50@lampenwelt.de", "timestamp": "2019-03-14T18:19:57.363373", "browser": "chrome", "browser-platform": "windows", "browser-version": "72.0.3626.121"}
{"method": "GET", "path": "/dashboards/_render_async_sql_query/85971d94-f145-45e5-aaf4-7d809402b0a2", "endpoint": "dashboards.render_async_sql_query", "view-args": {"id": "85971d94-f145-45e5-aaf4-7d809402b0a2"}, "status": 200, "user": "78b858772f907e50@lampenwelt.de", "timestamp": "2019-03-14T18:19:57.368444", "browser": "chrome", "browser-platform": "windows", "browser-version": "72.0.3626.121"}
{"method": "GET", "path": "/dashboards/_render_async_sql_query/4c7741d9-8d8e-40a5-a4e5-87aefa888ec9", "endpoint": "dashboards.render_async_sql_query", "view-args": {"id": "4c7741d9-8d8e-40a5-a4e5-87aefa888ec9"}, "status": 200, "user": "78b858772f907e50@lampenwelt.de", "timestamp": "2019-03-14T18:19:57.382673", "browser": "chrome", "browser-platform": "windows", "browser-version": "72.0.3626.121"}
{"method": "GET", "path": "/dashboards/_render_async_sql_query/ff948e54-a9a5-4525-8f9d-30f2d2911e66", "endpoint": "dashboards.render_async_sql_query", "view-args": {"id": "ff948e54-a9a5-4525-8f9d-30f2d2911e66"}, "status": 200, "user": "78b858772f907e50@lampenwelt.de", "timestamp": "2019-03-14T18:19:57.412513", "browser": "chrome", "browser-platform": "windows", "browser-version": "72.0.3626.121"}
{"method": "GET", "path": "/dashboards/_render_async_sql_query/32690045-814c-4205-be63-689e0e1f480b", "endpoint": "dashboards.render_async_sql_query", "view-args": {"id": "32690045-814c-4205-be63-689e0e1f480b"}, "status": 200, "user": "78b858772f907e50@lampenwelt.de", "timestamp": "2019-03-14T18:19:57.418506", "browser": "chrome", "browser-platform": "windows", "browser-version": "72.0.3626.121"}
{"method": "GET", "path": "/dashboards/_render_async_sql_query/53bb3afd-76ae-4a53-ba43-0f7e6a0f7651", "endpoint": "dashboards.render_async_sql_query", "view-args": {"id": "53bb3afd-76ae-4a53-ba43-0f7e6a0f7651"}, "status": 200, "user": "78b858772f907e50@lampenwelt.de", "timestamp": "2019-03-14T18:19:57.432439", "browser": "chrome", "browser-platform": "windows", "browser-version": "72.0.3626.121"}
{"method": "GET", "path": "/data-sets/shop-performance-test", "endpoint": "data_sets.data_set_page", "view-args": {"data_set_id": "shop-performance-test", "query_id": null}, "status": 200, "user": "78b858772f907e50@lampenwelt.de", "timestamp": "2019-03-14T18:20:04.166357", "browser": "chrome", "browser-platform": "windows", "browser-version": "72.0.3626.121"}
{"method": "POST", "path": "/data-sets/.initialize", "endpoint": "data_sets.initialize_query", "view-args": {}, "status": 200, "user": "78b858772f907e50@lampenwelt.de", "timestamp": "2019-03-14T18:20:04.411545", "browser": "chrome", "browser-platform": "windows", "browser-version": "72.0.3626.121"}
{"method": "POST", "path": "/data-sets/.preview", "endpoint": "data_sets.preview", "view-args": {}, "status": 200, "user": "78b858772f907e50@lampenwelt.de", "timestamp": "2019-03-14T18:20:04.648221", "browser": "chrome", "browser-platform": "windows", "browser-version": "72.0.3626.121"}
{"method": "POST", "path": "/data-sets/.row-count", "endpoint": "data_sets.row_count", "view-args": {}, "status": 200, "user": "78b858772f907e50@lampenwelt.de", "timestamp": "2019-03-14T18:20:04.699144", "browser": "chrome", "browser-platform": "windows", "browser-version": "72.0.3626.121"}
{"method": "POST", "path": "/data-sets/.distribution-chart-1", "endpoint": "data_sets.distribution_chart", "view-args": {"pos": 1}, "status": 200, "user": "78b858772f907e50@lampenwelt.de", "timestamp": "2019-03-14T18:20:05.286777", "browser": "chrome", "browser-platform": "windows", "browser-version": "72.0.3626.121"}
{"method": "POST", "path": "/data-sets/.distribution-chart-0", "endpoint": "data_sets.distribution_chart", "view-args": {"pos": 0}, "status": 200, "user": "78b858772f907e50@lampenwelt.de", "timestamp": "2019-03-14T18:20:05.422106", "browser": "chrome", "browser-platform": "windows", "browser-version": "72.0.3626.121"}
{"method": "POST", "path": "/data-sets/.distribution-chart-2", "endpoint": "data_sets.distribution_chart", "view-args": {"pos": 2}, "status": 200, "user": "78b858772f907e50@lampenwelt.de", "timestamp": "2019-03-14T18:20:05.616496", "browser": "chrome", "browser-platform": "windows", "browser-version": "72.0.3626.121"}
{"method": "POST", "path": "/data-sets/.distribution-chart-5", "endpoint": "data_sets.distribution_chart", "view-args": {"pos": 5}, "status": 200, "user": "78b858772f907e50@lampenwelt.de", "timestamp": "2019-03-14T18:20:05.719180", "browser": "chrome", "browser-platform": "windows", "browser-version": "72.0.3626.121"}
{"method": "POST", "path": "/data-sets/.distribution-chart-6", "endpoint": "data_sets.distribution_chart", "view-args": {"pos": 6}, "status": 200, "user": "78b858772f907e50@lampenwelt.de", "timestamp": "2019-03-14T18:20:05.864001", "browser": "chrome", "browser-platform": "windows", "browser-version": "72.0.3626.121"}
{"method": "POST", "path": "/data-sets/.distribution-chart-11", "endpoint": "data_sets.distribution_chart", "view-args": {"pos": 11}, "status": 200, "user": "78b858772f907e50@lampenwelt.de", "timestamp": "2019-03-14T18:20:05.987087", "browser": "chrome", "browser-platform": "windows", "browser-version": "72.0.3626.121"}
{"method": "POST", "path": "/data-sets/.distribution-chart-12", "endpoint": "data_sets.distribution_chart", "view-args": {"pos": 12}, "status": 200, "user": "78b858772f907e50@lampenwelt.de", "timestamp": "2019-03-14T18:20:06.060009", "browser": "chrome", "browser-platform": "windows", "browser-version": "72.0.3626.121"}
{"method": "GET", "path": "/", "endpoint": "start_page.start_page", "view-args": {}, "status": 302, "user": "78b858772f907e50@lampenwelt.de", "timestamp": "2019-03-14T18:31:13.699886", "browser": "chrome", "browser-platform": "windows", "browser-version": "72.0.3626.121"}
{"method": "GET", "path": "/", "endpoint": "start_page.start_page", "view-args": {}, "status": 302, "user": "78b858772f907e50@lampenwelt.de", "timestamp": "2019-03-14T18:31:13.758040", "browser": "chrome", "browser-platform": "windows", "browser-version": "72.0.3626.121"}
{"method": "GET", "path": "/dashboards/marketing-overview", "endpoint": "dashboards.view_dashboard", "view-args": {"id": "marketing-overview"}, "status": 200, "user": "78b858772f907e50@lampenwelt.de", "timestamp": "2019-03-14T18:31:13.958009", "browser": "chrome", "browser-platform": "windows", "browser-version": "72.0.3626.121"}
{"method": "GET", "path": "/dashboards/marketing-overview", "endpoint": "dashboards.view_dashboard", "view-args": {"id": "marketing-overview"}, "status": 200, "user": "78b858772f907e50@lampenwelt.de", "timestamp": "2019-03-14T18:31:14.198957", "browser": "chrome", "browser-platform": "windows", "browser-version": "72.0.3626.121"}
{"method": "GET", "path": "/dashboards/_render_async_sql_query/7b20454a-f22a-4b87-8bf3-9806990208cb", "endpoint": "dashboards.render_async_sql_query", "view-args": {"id": "7b20454a-f22a-4b87-8bf3-9806990208cb"}, "status": 200, "user": "78b858772f907e50@lampenwelt.de", "timestamp": "2019-03-14T18:31:14.665477", "browser": "chrome", "browser-platform": "windows", "browser-version": "72.0.3626.121"}
{"method": "GET", "path": "/dashboards/_render_async_sql_query/388ac280-0be1-4a8a-9ae3-10c56223fbda", "endpoint": "dashboards.render_async_sql_query", "view-args": {"id": "388ac280-0be1-4a8a-9ae3-10c56223fbda"}, "status": 200, "user": "78b858772f907e50@lampenwelt.de", "timestamp": "2019-03-14T18:31:14.666977", "browser": "chrome", "browser-platform": "windows", "browser-version": "72.0.3626.121"}
{"method": "GET", "path": "/dashboards/_last_successful_import", "endpoint": "dashboards.last_successful_import", "view-args": {}, "status": 200, "user": "78b858772f907e50@lampenwelt.de", "timestamp": "2019-03-14T18:31:14.728011", "browser": "chrome", "browser-platform": "windows", "browser-version": "72.0.3626.121"}
{"method": "GET", "path": "/dashboards/_render_async_sql_query/16065dc3-a99e-4c43-bef1-5ca72881301b", "endpoint": "dashboards.render_async_sql_query", "view-args": {"id": "16065dc3-a99e-4c43-bef1-5ca72881301b"}, "status": 200, "user": "78b858772f907e50@lampenwelt.de", "timestamp": "2019-03-14T18:31:14.736658", "browser": "chrome", "browser-platform": "windows", "browser-version": "72.0.3626.121"}
{"method": "GET", "path": "/dashboards/_render_async_sql_query/31a0fd16-a3b7-46c5-ac61-8a6a7129643c", "endpoint": "dashboards.render_async_sql_query", "view-args": {"id": "31a0fd16-a3b7-46c5-ac61-8a6a7129643c"}, "status": 200, "user": "78b858772f907e50@lampenwelt.de", "timestamp": "2019-03-14T18:31:14.738436", "browser": "chrome", "browser-platform": "windows", "browser-version": "72.0.3626.121"}
{"method": "GET", "path": "/dashboards/_last_marketing_cost/marketing-overview", "endpoint": "dashboards.last_marketing_cost", "view-args": {"id": "marketing-overview"}, "status": 200, "user": "78b858772f907e50@lampenwelt.de", "timestamp": "2019-03-14T18:31:14.743980", "browser": "chrome", "browser-platform": "windows", "browser-version": "72.0.3626.121"}
{"method": "GET", "path": "/dashboards/_render_async_sql_query/e4b1ad39-a775-45e2-89d4-61ea4275bb6d", "endpoint": "dashboards.render_async_sql_query", "view-args": {"id": "e4b1ad39-a775-45e2-89d4-61ea4275bb6d"}, "status": 200, "user": "78b858772f907e50@lampenwelt.de", "timestamp": "2019-03-14T18:31:14.764622", "browser": "chrome", "browser-platform": "windows", "browser-version": "72.0.3626.121"}
{"method": "GET", "path": "/dashboards/_render_async_sql_query/7b57173d-31dc-406e-8213-bad819d81f45", "endpoint": "dashboards.render_async_sql_query", "view-args": {"id": "7b57173d-31dc-406e-8213-bad819d81f45"}, "status": 200, "user": "78b858772f907e50@lampenwelt.de", "timestamp": "2019-03-14T18:31:14.783220", "browser": "chrome", "browser-platform": "windows", "browser-version": "72.0.3626.121"}
{"method": "GET", "path": "/dashboards/_render_async_sql_query/c12f41bc-dc04-4743-890d-6409511fd482", "endpoint": "dashboards.render_async_sql_query", "view-args": {"id": "c12f41bc-dc04-4743-890d-6409511fd482"}, "status": 200, "user": "78b858772f907e50@lampenwelt.de", "timestamp": "2019-03-14T18:31:14.810409", "browser": "chrome", "browser-platform": "windows", "browser-version": "72.0.3626.121"}
{"method": "GET", "path": "/dashboards/_render_async_sql_query/9c0d91c9-103f-4c21-89fb-4016258bd9c9", "endpoint": "dashboards.render_async_sql_query", "view-args": {"id": "9c0d91c9-103f-4c21-89fb-4016258bd9c9"}, "status": 200, "user": "78b858772f907e50@lampenwelt.de", "timestamp": "2019-03-14T18:31:14.830673", "browser": "chrome", "browser-platform": "windows", "browser-version": "72.0.3626.121"}
{"method": "GET", "path": "/dashboards/_render_async_sql_query/e0dd8a98-2ad3-42ff-910b-6f920da3b4bf", "endpoint": "dashboards.render_async_sql_query", "view-args": {"id": "e0dd8a98-2ad3-42ff-910b-6f920da3b4bf"}, "status": 200, "user": "78b858772f907e50@lampenwelt.de", "timestamp": "2019-03-14T18:31:14.836930", "browser": "chrome", "browser-platform": "windows", "browser-version": "72.0.3626.121"}
{"method": "GET", "path": "/dashboards/_render_async_sql_query/4037155e-13cf-4f7f-a3d7-52bb8deb2c39", "endpoint": "dashboards.render_async_sql_query", "view-args": {"id": "4037155e-13cf-4f7f-a3d7-52bb8deb2c39"}, "status": 200, "user": "78b858772f907e50@lampenwelt.de", "timestamp": "2019-03-14T18:31:14.995418", "browser": "chrome", "browser-platform": "windows", "browser-version": "72.0.3626.121"}
{"method": "GET", "path": "/dashboards/_render_async_sql_query/d0979851-c197-4163-9329-28d1bcbabb59", "endpoint": "dashboards.render_async_sql_query", "view-args": {"id": "d0979851-c197-4163-9329-28d1bcbabb59"}, "status": 200, "user": "78b858772f907e50@lampenwelt.de", "timestamp": "2019-03-14T18:31:15.030531", "browser": "chrome", "browser-platform": "windows", "browser-version": "72.0.3626.121"}
{"method": "GET", "path": "/dashboards/_render_async_sql_query/79ae189f-3ac0-4087-93f0-dc02dbb4799d", "endpoint": "dashboards.render_async_sql_query", "view-args": {"id": "79ae189f-3ac0-4087-93f0-dc02dbb4799d"}, "status": 200, "user": "78b858772f907e50@lampenwelt.de", "timestamp": "2019-03-14T18:31:15.034464", "browser": "chrome", "browser-platform": "windows", "browser-version": "72.0.3626.121"}
{"method": "GET", "path": "/dashboards/_render_async_sql_query/44948cae-d1ad-43ab-a26e-ac7da459fe51", "endpoint": "dashboards.render_async_sql_query", "view-args": {"id": "44948cae-d1ad-43ab-a26e-ac7da459fe51"}, "status": 200, "user": "78b858772f907e50@lampenwelt.de", "timestamp": "2019-03-14T18:31:15.034846", "browser": "chrome", "browser-platform": "windows", "browser-version": "72.0.3626.121"}
{"method": "GET", "path": "/dashboards/_render_async_sql_query/958cd148-816e-4379-972b-9b991e95baa6", "endpoint": "dashboards.render_async_sql_query", "view-args": {"id": "958cd148-816e-4379-972b-9b991e95baa6"}, "status": 200, "user": "78b858772f907e50@lampenwelt.de", "timestamp": "2019-03-14T18:31:15.047031", "browser": "chrome", "browser-platform": "windows", "browser-version": "72.0.3626.121"}
{"method": "GET", "path": "/dashboards/_render_async_sql_query/d45dabda-601a-4f23-ba2c-369c71959423", "endpoint": "dashboards.render_async_sql_query", "view-args": {"id": "d45dabda-601a-4f23-ba2c-369c71959423"}, "status": 200, "user": "78b858772f907e50@lampenwelt.de", "timestamp": "2019-03-14T18:31:15.082827", "browser": "chrome", "browser-platform": "windows", "browser-version": "72.0.3626.121"}
{"method": "GET", "path": "/dashboards/_render_async_sql_query/0ec7ed62-edc0-4608-aa02-ea2825567d1e", "endpoint": "dashboards.render_async_sql_query", "view-args": {"id": "0ec7ed62-edc0-4608-aa02-ea2825567d1e"}, "status": 200, "user": "78b858772f907e50@lampenwelt.de", "timestamp": "2019-03-14T18:31:15.087791", "browser": "chrome", "browser-platform": "windows", "browser-version": "72.0.3626.121"}
{"method": "GET", "path": "/db/mdwh-etl", "endpoint": "mara_db.index_page", "view-args": {"db_alias": "mdwh-etl"}, "status": 200, "user": "78b858772f907e50@lampenwelt.de", "timestamp": "2019-03-14T18:31:20.637019", "browser": "chrome", "browser-platform": "windows", "browser-version": "72.0.3626.121"}
{"method": "GET", "path": "/db/mdwh-etl/.schemas", "endpoint": "mara_db.schema_selection", "view-args": {"db_alias": "mdwh-etl"}, "status": 200, "user": "78b858772f907e50@lampenwelt.de", "timestamp": "2019-03-14T18:31:20.796396", "browser": "chrome", "browser-platform": "windows", "browser-version": "72.0.3626.121"}
{"method": "GET", "path": "/db/mdwh-etl/sales_dim", "endpoint": "mara_db.draw_schema", "view-args": {"db_alias": "mdwh-etl", "schemas": "sales_dim"}, "status": 200, "user": "78b858772f907e50@lampenwelt.de", "timestamp": "2019-03-14T18:31:21.383458", "browser": "chrome", "browser-platform": "windows", "browser-version": "72.0.3626.121"}
{"method": "GET", "path": "/db/mdwh-etl/wms_dim", "endpoint": "mara_db.draw_schema", "view-args": {"db_alias": "mdwh-etl", "schemas": "wms_dim"}, "status": 200, "user": "78b858772f907e50@lampenwelt.de", "timestamp": "2019-03-14T18:32:12.444014", "browser": "chrome", "browser-platform": "windows", "browser-version": "72.0.3626.121"}
{"method": "GET", "path": "/db/mdwh-etl/crm_dim/wms_dim", "endpoint": "mara_db.draw_schema", "view-args": {"db_alias": "mdwh-etl", "schemas": "crm_dim/wms_dim"}, "status": 200, "user": "78b858772f907e50@lampenwelt.de", "timestamp": "2019-03-14T18:32:23.494621", "browser": "chrome", "browser-platform": "windows", "browser-version": "72.0.3626.121"}
{"method": "GET", "path": "/db/mdwh-etl/crm_dim", "endpoint": "mara_db.draw_schema", "view-args": {"db_alias": "mdwh-etl", "schemas": "crm_dim"}, "status": 200, "user": "78b858772f907e50@lampenwelt.de", "timestamp": "2019-03-14T18:32:25.627578", "browser": "chrome", "browser-platform": "windows", "browser-version": "72.0.3626.121"}
{"method": "GET", "path": "/db/mdwh-etl/crm_dim/cs_dim", "endpoint": "mara_db.draw_schema", "view-args": {"db_alias": "mdwh-etl", "schemas": "crm_dim/cs_dim"}, "status": 200, "user": "78b858772f907e50@lampenwelt.de", "timestamp": "2019-03-14T18:32:28.998053", "browser": "chrome", "browser-platform": "windows", "browser-version": "72.0.3626.121"}
{"method": "GET", "path": "/db/mdwh-etl/crm_dim/cs_dim/fb_dim", "endpoint": "mara_db.draw_schema", "view-args": {"db_alias": "mdwh-etl", "schemas": "crm_dim/cs_dim/fb_dim"}, "status": 200, "user": "78b858772f907e50@lampenwelt.de", "timestamp": "2019-03-14T18:32:29.482637", "browser": "chrome", "browser-platform": "windows", "browser-version": "72.0.3626.121"}
{"method": "GET", "path": "/db/mdwh-etl/crm_dim/cs_dim/fb_dim/gads_dim", "endpoint": "mara_db.draw_schema", "view-args": {"db_alias": "mdwh-etl", "schemas": "crm_dim/cs_dim/fb_dim/gads_dim"}, "status": 200, "user": "78b858772f907e50@lampenwelt.de", "timestamp": "2019-03-14T18:32:29.915870", "browser": "chrome", "browser-platform": "windows", "browser-version": "72.0.3626.121"}
{"method": "GET", "path": "/db/mdwh-etl/crm_dim/cs_dim/fb_dim/gads_dim/m_dim", "endpoint": "mara_db.draw_schema", "view-args": {"db_alias": "mdwh-etl", "schemas": "crm_dim/cs_dim/fb_dim/gads_dim/m_dim"}, "status": 200, "user": "78b858772f907e50@lampenwelt.de", "timestamp": "2019-03-14T18:32:30.911638", "browser": "chrome", "browser-platform": "windows", "browser-version": "72.0.3626.121"}
{"method": "GET", "path": "/db/mdwh-etl/crm_dim/cs_dim/fb_dim/gads_dim/global_dim/m_dim", "endpoint": "mara_db.draw_schema", "view-args": {"db_alias": "mdwh-etl", "schemas": "crm_dim/cs_dim/fb_dim/gads_dim/global_dim/m_dim"}, "status": 200, "user": "78b858772f907e50@lampenwelt.de", "timestamp": "2019-03-14T18:32:32.048689", "browser": "chrome", "browser-platform": "windows", "browser-version": "72.0.3626.121"}
{"method": "GET", "path": "/db/mdwh-etl/crm_dim/cs_dim/fb_dim/gads_dim/global_dim/m_dim/product_dim", "endpoint": "mara_db.draw_schema", "view-args": {"db_alias": "mdwh-etl", "schemas": "crm_dim/cs_dim/fb_dim/gads_dim/global_dim/m_dim/product_dim"}, "status": 200, "user": "78b858772f907e50@lampenwelt.de", "timestamp": "2019-03-14T18:32:32.789900", "browser": "chrome", "browser-platform": "windows", "browser-version": "72.0.3626.121"}
{"method": "GET", "path": "/db/mdwh-etl/crm_dim/cs_dim/fb_dim/gads_dim/global_dim/m_dim/product_dim/sales_dim", "endpoint": "mara_db.draw_schema", "view-args": {"db_alias": "mdwh-etl", "schemas": "crm_dim/cs_dim/fb_dim/gads_dim/global_dim/m_dim/product_dim/sales_dim"}, "status": 200, "user": "78b858772f907e50@lampenwelt.de", "timestamp": "2019-03-14T18:32:33.542680", "browser": "chrome", "browser-platform": "windows", "browser-version": "72.0.3626.121"}
{"method": "GET", "path": "/db/mdwh-etl/crm_dim/cs_dim/fb_dim/gads_dim/global_dim/m_dim/product_dim/sales_dim/sc_dim", "endpoint": "mara_db.draw_schema", "view-args": {"db_alias": "mdwh-etl", "schemas": "crm_dim/cs_dim/fb_dim/gads_dim/global_dim/m_dim/product_dim/sales_dim/sc_dim"}, "status": 200, "user": "78b858772f907e50@lampenwelt.de", "timestamp": "2019-03-14T18:32:34.155632", "browser": "chrome", "browser-platform": "windows", "browser-version": "72.0.3626.121"}
{"method": "GET", "path": "/db/mdwh-etl/crm_dim/cs_dim/fb_dim/gads_dim/global_dim/m_dim/product_dim/sales_dim/sc_dim/shop_dim", "endpoint": "mara_db.draw_schema", "view-args": {"db_alias": "mdwh-etl", "schemas": "crm_dim/cs_dim/fb_dim/gads_dim/global_dim/m_dim/product_dim/sales_dim/sc_dim/shop_dim"}, "status": 200, "user": "78b858772f907e50@lampenwelt.de", "timestamp": "2019-03-14T18:32:34.571678", "browser": "chrome", "browser-platform": "windows", "browser-version": "72.0.3626.121"}
{"method": "GET", "path": "/db/mdwh-etl/crm_dim/cs_dim/fb_dim/gads_dim/global_dim/m_dim/product_dim/sales_dim/sc_dim/shop_dim/time", "endpoint": "mara_db.draw_schema", "view-args": {"db_alias": "mdwh-etl", "schemas": "crm_dim/cs_dim/fb_dim/gads_dim/global_dim/m_dim/product_dim/sales_dim/sc_dim/shop_dim/time"}, "status": 200, "user": "78b858772f907e50@lampenwelt.de", "timestamp": "2019-03-14T18:32:35.117360", "browser": "chrome", "browser-platform": "windows", "browser-version": "72.0.3626.121"}
{"method": "GET", "path": "/db/mdwh-etl/crm_dim/cs_dim/fb_dim/gads_dim/global_dim/m_dim/product_dim/sales_dim/sc_dim/shop_dim/time/us_dim", "endpoint": "mara_db.draw_schema", "view-args": {"db_alias": "mdwh-etl", "schemas": "crm_dim/cs_dim/fb_dim/gads_dim/global_dim/m_dim/product_dim/sales_dim/sc_dim/shop_dim/time/us_dim"}, "status": 200, "user": "78b858772f907e50@lampenwelt.de", "timestamp": "2019-03-14T18:32:35.752489", "browser": "chrome", "browser-platform": "windows", "browser-version": "72.0.3626.121"}
{"method": "GET", "path": "/db/mdwh-etl/crm_dim/cs_dim/fb_dim/gads_dim/global_dim/m_dim/product_dim/sales_dim/sc_dim/shop_dim/time/us_dim/wms_dim", "endpoint": "mara_db.draw_schema", "view-args": {"db_alias": "mdwh-etl", "schemas": "crm_dim/cs_dim/fb_dim/gads_dim/global_dim/m_dim/product_dim/sales_dim/sc_dim/shop_dim/time/us_dim/wms_dim"}, "status": 200, "user": "78b858772f907e50@lampenwelt.de", "timestamp": "2019-03-14T18:32:36.447643", "browser": "chrome", "browser-platform": "windows", "browser-version": "72.0.3626.121"}
{"method": "GET", "path": "/db/mdwh-etl/bt_dim/crm_dim/cs_dim/fb_dim/gads_dim/global_dim/m_dim/product_dim/sales_dim/sc_dim/shop_dim/time/us_dim/wms_dim", "endpoint": "mara_db.draw_schema", "view-args": {"db_alias": "mdwh-etl", "schemas": "bt_dim/crm_dim/cs_dim/fb_dim/gads_dim/global_dim/m_dim/product_dim/sales_dim/sc_dim/shop_dim/time/us_dim/wms_dim"}, "status": 200, "user": "78b858772f907e50@lampenwelt.de", "timestamp": "2019-03-14T18:32:38.735260", "browser": "chrome", "browser-platform": "windows", "browser-version": "72.0.3626.121"}
{"method": "GET", "path": "/db/mdwh-etl/ba_dim/bt_dim/crm_dim/cs_dim/fb_dim/gads_dim/global_dim/m_dim/product_dim/sales_dim/sc_dim/shop_dim/time/us_dim/wms_dim", "endpoint": "mara_db.draw_schema", "view-args": {"db_alias": "mdwh-etl", "schemas": "ba_dim/bt_dim/crm_dim/cs_dim/fb_dim/gads_dim/global_dim/m_dim/product_dim/sales_dim/sc_dim/shop_dim/time/us_dim/wms_dim"}, "status": 200, "user": "78b858772f907e50@lampenwelt.de", "timestamp": "2019-03-14T18:32:39.815779", "browser": "chrome", "browser-platform": "windows", "browser-version": "72.0.3626.121"}
{"method": "GET", "path": "/db/mdwh-etl/aw_dim/ba_dim/bt_dim/crm_dim/cs_dim/fb_dim/gads_dim/global_dim/m_dim/product_dim/sales_dim/sc_dim/shop_dim/time/us_dim/wms_dim", "endpoint": "mara_db.draw_schema", "view-args": {"db_alias": "mdwh-etl", "schemas": "aw_dim/ba_dim/bt_dim/crm_dim/cs_dim/fb_dim/gads_dim/global_dim/m_dim/product_dim/sales_dim/sc_dim/shop_dim/time/us_dim/wms_dim"}, "status": 200, "user": "78b858772f907e50@lampenwelt.de", "timestamp": "2019-03-14T18:32:40.804364", "browser": "chrome", "browser-platform": "windows", "browser-version": "72.0.3626.121"}
{"method": "GET", "path": "/db/mdwh-etl/aw_dim/ba_dim/bt_dim/crm_dim/cs_dim/fb_dim/gads_dim/global_dim/m_dim/product_dim/sales_dim/sc_dim/shop_dim/time/us_dim/wms_dim", "endpoint": "mara_db.draw_schema", "view-args": {"db_alias": "mdwh-etl", "schemas": "aw_dim/ba_dim/bt_dim/crm_dim/cs_dim/fb_dim/gads_dim/global_dim/m_dim/product_dim/sales_dim/sc_dim/shop_dim/time/us_dim/wms_dim"}, "status": 200, "user": "78b858772f907e50@lampenwelt.de", "timestamp": "2019-03-14T18:32:57.170076", "browser": "chrome", "browser-platform": "windows", "browser-version": "72.0.3626.121"}
{"method": "GET", "path": "/db/mdwh-etl/aw_dim/ba_dim/bt_dim/crm_dim/cs_dim/fb_dim/gads_dim/global_dim/m_dim/product_dim/sales_dim/sc_dim/shop_dim/time/us_dim/wms_dim", "endpoint": "mara_db.draw_schema", "view-args": {"db_alias": "mdwh-etl", "schemas": "aw_dim/ba_dim/bt_dim/crm_dim/cs_dim/fb_dim/gads_dim/global_dim/m_dim/product_dim/sales_dim/sc_dim/shop_dim/time/us_dim/wms_dim"}, "status": 200, "user": "78b858772f907e50@lampenwelt.de", "timestamp": "2019-03-14T18:33:05.960699", "browser": "chrome", "browser-platform": "windows", "browser-version": "72.0.3626.121"}
{"method": "GET", "path": "/db/mara", "endpoint": "mara_db.index_page", "view-args": {"db_alias": "mara"}, "status": 200, "user": "78b858772f907e50@lampenwelt.de", "timestamp": "2019-03-14T18:33:14.268459", "browser": "chrome", "browser-platform": "windows", "browser-version": "72.0.3626.121"}
{"method": "GET", "path": "/db/mara/.schemas", "endpoint": "mara_db.schema_selection", "view-args": {"db_alias": "mara"}, "status": 200, "user": "78b858772f907e50@lampenwelt.de", "timestamp": "2019-03-14T18:33:14.521722", "browser": "chrome", "browser-platform": "windows", "browser-version": "72.0.3626.121"}
{"method": "GET", "path": "/db/mara/public", "endpoint": "mara_db.draw_schema", "view-args": {"db_alias": "mara", "schemas": "public"}, "status": 200, "user": "78b858772f907e50@lampenwelt.de", "timestamp": "2019-03-14T18:33:16.948129", "browser": "chrome", "browser-platform": "windows", "browser-version": "72.0.3626.121"}
{"method": "GET", "path": "/db/source-data-read", "endpoint": "mara_db.index_page", "view-args": {"db_alias": "source-data-read"}, "status": 200, "user": "78b858772f907e50@lampenwelt.de", "timestamp": "2019-03-14T18:33:21.018730", "browser": "chrome", "browser-platform": "windows", "browser-version": "72.0.3626.121"}
{"method": "GET", "path": "/db/source-data-read/.schemas", "endpoint": "mara_db.schema_selection", "view-args": {"db_alias": "source-data-read"}, "status": 200, "user": "78b858772f907e50@lampenwelt.de", "timestamp": "2019-03-14T18:33:21.142024", "browser": "chrome", "browser-platform": "windows", "browser-version": "72.0.3626.121"}
{"method": "GET", "path": "/db/source-data-read", "endpoint": "mara_db.index_page", "view-args": {"db_alias": "source-data-read"}, "status": 200, "user": "78b858772f907e50@lampenwelt.de", "timestamp": "2019-03-14T18:33:23.886722", "browser": "chrome", "browser-platform": "windows", "browser-version": "72.0.3626.121"}
{"method": "GET", "path": "/db/source-data-read/.schemas", "endpoint": "mara_db.schema_selection", "view-args": {"db_alias": "source-data-read"}, "status": 200, "user": "78b858772f907e50@lampenwelt.de", "timestamp": "2019-03-14T18:33:24.006638", "browser": "chrome", "browser-platform": "windows", "browser-version": "72.0.3626.121"}
{"method": "GET", "path": "/db/source-data-write", "endpoint": "mara_db.index_page", "view-args": {"db_alias": "source-data-write"}, "status": 200, "user": "78b858772f907e50@lampenwelt.de", "timestamp": "2019-03-14T18:33:25.952655", "browser": "chrome", "browser-platform": "windows", "browser-version": "72.0.3626.121"}
{"method": "GET", "path": "/db/source-data-write/.schemas", "endpoint": "mara_db.schema_selection", "view-args": {"db_alias": "source-data-write"}, "status": 200, "user": "78b858772f907e50@lampenwelt.de", "timestamp": "2019-03-14T18:33:26.074308", "browser": "chrome", "browser-platform": "windows", "browser-version": "72.0.3626.121"}
{"method": "GET", "path": "/", "endpoint": "start_page.start_page", "view-args": {}, "status": 302, "user": "78b858772f907e50@lampenwelt.de", "timestamp": "2019-03-14T18:37:59.621087", "browser": "chrome", "browser-platform": "windows", "browser-version": "72.0.3626.121"}
{"method": "GET", "path": "/", "endpoint": "start_page.start_page", "view-args": {}, "status": 302, "user": "78b858772f907e50@lampenwelt.de", "timestamp": "2019-03-14T18:37:59.782317", "browser": "chrome", "browser-platform": "windows", "browser-version": "72.0.3626.121"}
{"method": "GET", "path": "/dashboards/marketing-overview", "endpoint": "dashboards.view_dashboard", "view-args": {"id": "marketing-overview"}, "status": 200, "user": "78b858772f907e50@lampenwelt.de", "timestamp": "2019-03-14T18:37:59.865268", "browser": "chrome", "browser-platform": "windows", "browser-version": "72.0.3626.121"}
{"method": "GET", "path": "/dashboards/marketing-overview", "endpoint": "dashboards.view_dashboard", "view-args": {"id": "marketing-overview"}, "status": 200, "user": "78b858772f907e50@lampenwelt.de", "timestamp": "2019-03-14T18:38:00.087855", "browser": "chrome", "browser-platform": "windows", "browser-version": "72.0.3626.121"}
{"method": "GET", "path": "/dashboards/_render_async_sql_query/62ed7f8e-b26c-4257-b1c1-0ca5352fe2fe", "endpoint": "dashboards.render_async_sql_query", "view-args": {"id": "62ed7f8e-b26c-4257-b1c1-0ca5352fe2fe"}, "status": 200, "user": "78b858772f907e50@lampenwelt.de", "timestamp": "2019-03-14T18:38:00.519819", "browser": "chrome", "browser-platform": "windows", "browser-version": "72.0.3626.121"}
{"method": "GET", "path": "/dashboards/_render_async_sql_query/c3ee530a-af94-4cab-b0de-35a1ab38a0f5", "endpoint": "dashboards.render_async_sql_query", "view-args": {"id": "c3ee530a-af94-4cab-b0de-35a1ab38a0f5"}, "status": 200, "user": "78b858772f907e50@lampenwelt.de", "timestamp": "2019-03-14T18:38:00.526410", "browser": "chrome", "browser-platform": "windows", "browser-version": "72.0.3626.121"}
{"method": "GET", "path": "/dashboards/_render_async_sql_query/b3d094de-ed6e-4f26-a0de-65d8acfd02c6", "endpoint": "dashboards.render_async_sql_query", "view-args": {"id": "b3d094de-ed6e-4f26-a0de-65d8acfd02c6"}, "status": 200, "user": "78b858772f907e50@lampenwelt.de", "timestamp": "2019-03-14T18:38:00.571409", "browser": "chrome", "browser-platform": "windows", "browser-version": "72.0.3626.121"}
{"method": "GET", "path": "/dashboards/_last_successful_import", "endpoint": "dashboards.last_successful_import", "view-args": {}, "status": 200, "user": "78b858772f907e50@lampenwelt.de", "timestamp": "2019-03-14T18:38:00.598138", "browser": "chrome", "browser-platform": "windows", "browser-version": "72.0.3626.121"}
{"method": "GET", "path": "/dashboards/_last_marketing_cost/marketing-overview", "endpoint": "dashboards.last_marketing_cost", "view-args": {"id": "marketing-overview"}, "status": 200, "user": "78b858772f907e50@lampenwelt.de", "timestamp": "2019-03-14T18:38:00.601805", "browser": "chrome", "browser-platform": "windows", "browser-version": "72.0.3626.121"}
{"method": "GET", "path": "/dashboards/_render_async_sql_query/b1c4bf75-3893-4cc0-97da-303dc2df0a3b", "endpoint": "dashboards.render_async_sql_query", "view-args": {"id": "b1c4bf75-3893-4cc0-97da-303dc2df0a3b"}, "status": 200, "user": "78b858772f907e50@lampenwelt.de", "timestamp": "2019-03-14T18:38:00.607873", "browser": "chrome", "browser-platform": "windows", "browser-version": "72.0.3626.121"}
{"method": "GET", "path": "/dashboards/_render_async_sql_query/1c8d0c04-aaf2-4b0e-b8f0-44c9b22112d0", "endpoint": "dashboards.render_async_sql_query", "view-args": {"id": "1c8d0c04-aaf2-4b0e-b8f0-44c9b22112d0"}, "status": 200, "user": "78b858772f907e50@lampenwelt.de", "timestamp": "2019-03-14T18:38:00.722082", "browser": "chrome", "browser-platform": "windows", "browser-version": "72.0.3626.121"}
{"method": "GET", "path": "/dashboards/_render_async_sql_query/74868802-a821-4468-b150-d247ecf07812", "endpoint": "dashboards.render_async_sql_query", "view-args": {"id": "74868802-a821-4468-b150-d247ecf07812"}, "status": 200, "user": "78b858772f907e50@lampenwelt.de", "timestamp": "2019-03-14T18:38:00.723207", "browser": "chrome", "browser-platform": "windows", "browser-version": "72.0.3626.121"}
{"method": "GET", "path": "/dashboards/_render_async_sql_query/12c7bb8c-1e56-4ddf-8443-75f7fc2697bc", "endpoint": "dashboards.render_async_sql_query", "view-args": {"id": "12c7bb8c-1e56-4ddf-8443-75f7fc2697bc"}, "status": 200, "user": "78b858772f907e50@lampenwelt.de", "timestamp": "2019-03-14T18:38:00.728931", "browser": "chrome", "browser-platform": "windows", "browser-version": "72.0.3626.121"}
{"method": "GET", "path": "/dashboards/_render_async_sql_query/9a90546a-b238-4fd8-8454-696878b76bec", "endpoint": "dashboards.render_async_sql_query", "view-args": {"id": "9a90546a-b238-4fd8-8454-696878b76bec"}, "status": 200, "user": "78b858772f907e50@lampenwelt.de", "timestamp": "2019-03-14T18:38:00.743333", "browser": "chrome", "browser-platform": "windows", "browser-version": "72.0.3626.121"}
{"method": "GET", "path": "/dashboards/_render_async_sql_query/3412481e-e2e6-4d57-b364-d9e00f6fcfc8", "endpoint": "dashboards.render_async_sql_query", "view-args": {"id": "3412481e-e2e6-4d57-b364-d9e00f6fcfc8"}, "status": 200, "user": "78b858772f907e50@lampenwelt.de", "timestamp": "2019-03-14T18:38:00.795854", "browser": "chrome", "browser-platform": "windows", "browser-version": "72.0.3626.121"}
{"method": "GET", "path": "/dashboards/_render_async_sql_query/b4fd33bc-e1ef-4abe-844b-2eaf92e03fb1", "endpoint": "dashboards.render_async_sql_query", "view-args": {"id": "b4fd33bc-e1ef-4abe-844b-2eaf92e03fb1"}, "status": 200, "user": "78b858772f907e50@lampenwelt.de", "timestamp": "2019-03-14T18:38:00.952671", "browser": "chrome", "browser-platform": "windows", "browser-version": "72.0.3626.121"}
{"method": "GET", "path": "/dashboards/_render_async_sql_query/a0f03b62-e9cf-4e6c-bf99-cc720a1e1e16", "endpoint": "dashboards.render_async_sql_query", "view-args": {"id": "a0f03b62-e9cf-4e6c-bf99-cc720a1e1e16"}, "status": 200, "user": "78b858772f907e50@lampenwelt.de", "timestamp": "2019-03-14T18:38:00.959325", "browser": "chrome", "browser-platform": "windows", "browser-version": "72.0.3626.121"}
{"method": "GET", "path": "/dashboards/_render_async_sql_query/c35c09e6-6285-4124-882f-ae7ae7562f32", "endpoint": "dashboards.render_async_sql_query", "view-args": {"id": "c35c09e6-6285-4124-882f-ae7ae7562f32"}, "status": 200, "user": "78b858772f907e50@lampenwelt.de", "timestamp": "2019-03-14T18:38:00.967665", "browser": "chrome", "browser-platform": "windows", "browser-version": "72.0.3626.121"}
{"method": "GET", "path": "/dashboards/_render_async_sql_query/df112302-3f24-4fa5-83ba-f0b844909029", "endpoint": "dashboards.render_async_sql_query", "view-args": {"id": "df112302-3f24-4fa5-83ba-f0b844909029"}, "status": 200, "user": "78b858772f907e50@lampenwelt.de", "timestamp": "2019-03-14T18:38:00.970441", "browser": "chrome", "browser-platform": "windows", "browser-version": "72.0.3626.121"}
{"method": "GET", "path": "/dashboards/_render_async_sql_query/e8582213-803b-40b0-9619-6ae545551677", "endpoint": "dashboards.render_async_sql_query", "view-args": {"id": "e8582213-803b-40b0-9619-6ae545551677"}, "status": 200, "user": "78b858772f907e50@lampenwelt.de", "timestamp": "2019-03-14T18:38:01.046303", "browser": "chrome", "browser-platform": "windows", "browser-version": "72.0.3626.121"}
{"method": "GET", "path": "/dashboards/_render_async_sql_query/da63a314-2f58-41d9-be86-e2cc8068c699", "endpoint": "dashboards.render_async_sql_query", "view-args": {"id": "da63a314-2f58-41d9-be86-e2cc8068c699"}, "status": 200, "user": "78b858772f907e50@lampenwelt.de", "timestamp": "2019-03-14T18:38:01.046767", "browser": "chrome", "browser-platform": "windows", "browser-version": "72.0.3626.121"}
{"method": "GET", "path": "/dashboards/_render_async_sql_query/098c847d-df12-4bc7-91c0-79af2b1c16cd", "endpoint": "dashboards.render_async_sql_query", "view-args": {"id": "098c847d-df12-4bc7-91c0-79af2b1c16cd"}, "status": 200, "user": "78b858772f907e50@lampenwelt.de", "timestamp": "2019-03-14T18:38:01.052179", "browser": "chrome", "browser-platform": "windows", "browser-version": "72.0.3626.121"}
{"method": "GET", "path": "/data-sets/shop-performance-test", "endpoint": "data_sets.data_set_page", "view-args": {"data_set_id": "shop-performance-test", "query_id": null}, "status": 200, "user": "78b858772f907e50@lampenwelt.de", "timestamp": "2019-03-14T18:38:07.726722", "browser": "chrome", "browser-platform": "windows", "browser-version": "72.0.3626.121"}
{"method": "POST", "path": "/data-sets/.initialize", "endpoint": "data_sets.initialize_query", "view-args": {}, "status": 200, "user": "78b858772f907e50@lampenwelt.de", "timestamp": "2019-03-14T18:38:07.986488", "browser": "chrome", "browser-platform": "windows", "browser-version": "72.0.3626.121"}
{"method": "POST", "path": "/data-sets/.preview", "endpoint": "data_sets.preview", "view-args": {}, "status": 200, "user": "78b858772f907e50@lampenwelt.de", "timestamp": "2019-03-14T18:38:08.265801", "browser": "chrome", "browser-platform": "windows", "browser-version": "72.0.3626.121"}
{"method": "POST", "path": "/data-sets/.row-count", "endpoint": "data_sets.row_count", "view-args": {}, "status": 200, "user": "78b858772f907e50@lampenwelt.de", "timestamp": "2019-03-14T18:38:08.299694", "browser": "chrome", "browser-platform": "windows", "browser-version": "72.0.3626.121"}
{"method": "POST", "path": "/data-sets/.distribution-chart-1", "endpoint": "data_sets.distribution_chart", "view-args": {"pos": 1}, "status": 200, "user": "78b858772f907e50@lampenwelt.de", "timestamp": "2019-03-14T18:38:08.793303", "browser": "chrome", "browser-platform": "windows", "browser-version": "72.0.3626.121"}
{"method": "POST", "path": "/data-sets/.distribution-chart-0", "endpoint": "data_sets.distribution_chart", "view-args": {"pos": 0}, "status": 200, "user": "78b858772f907e50@lampenwelt.de", "timestamp": "2019-03-14T18:38:08.901516", "browser": "chrome", "browser-platform": "windows", "browser-version": "72.0.3626.121"}
{"method": "POST", "path": "/data-sets/.distribution-chart-5", "endpoint": "data_sets.distribution_chart", "view-args": {"pos": 5}, "status": 200, "user": "78b858772f907e50@lampenwelt.de", "timestamp": "2019-03-14T18:38:09.151137", "browser": "chrome", "browser-platform": "windows", "browser-version": "72.0.3626.121"}
{"method": "POST", "path": "/data-sets/.distribution-chart-2", "endpoint": "data_sets.distribution_chart", "view-args": {"pos": 2}, "status": 200, "user": "78b858772f907e50@lampenwelt.de", "timestamp": "2019-03-14T18:38:09.158465", "browser": "chrome", "browser-platform": "windows", "browser-version": "72.0.3626.121"}
{"method": "POST", "path": "/data-sets/.distribution-chart-6", "endpoint": "data_sets.distribution_chart", "view-args": {"pos": 6}, "status": 200, "user": "78b858772f907e50@lampenwelt.de", "timestamp": "2019-03-14T18:38:09.365414", "browser": "chrome", "browser-platform": "windows", "browser-version": "72.0.3626.121"}
{"method": "POST", "path": "/data-sets/.distribution-chart-11", "endpoint": "data_sets.distribution_chart", "view-args": {"pos": 11}, "status": 200, "user": "78b858772f907e50@lampenwelt.de", "timestamp": "2019-03-14T18:38:09.482967", "browser": "chrome", "browser-platform": "windows", "browser-version": "72.0.3626.121"}
{"method": "POST", "path": "/data-sets/.distribution-chart-12", "endpoint": "data_sets.distribution_chart", "view-args": {"pos": 12}, "status": 200, "user": "78b858772f907e50@lampenwelt.de", "timestamp": "2019-03-14T18:38:09.558010", "browser": "chrome", "browser-platform": "windows", "browser-version": "72.0.3626.121"}
{"method": "POST", "path": "/data-sets/.filter-row-count-0", "endpoint": "data_sets.filter_row_count", "view-args": {"filter_pos": 0}, "status": 200, "user": "78b858772f907e50@lampenwelt.de", "timestamp": "2019-03-14T18:38:11.049845", "browser": "chrome", "browser-platform": "windows", "browser-version": "72.0.3626.121"}
{"method": "POST", "path": "/data-sets/.preview", "endpoint": "data_sets.preview", "view-args": {}, "status": 200, "user": "78b858772f907e50@lampenwelt.de", "timestamp": "2019-03-14T18:38:11.127698", "browser": "chrome", "browser-platform": "windows", "browser-version": "72.0.3626.121"}
{"method": "POST", "path": "/data-sets/.distribution-chart-1", "endpoint": "data_sets.distribution_chart", "view-args": {"pos": 1}, "status": 200, "user": "78b858772f907e50@lampenwelt.de", "timestamp": "2019-03-14T18:38:11.399694", "browser": "chrome", "browser-platform": "windows", "browser-version": "72.0.3626.121"}
{"method": "POST", "path": "/data-sets/.distribution-chart-0", "endpoint": "data_sets.distribution_chart", "view-args": {"pos": 0}, "status": 200, "user": "78b858772f907e50@lampenwelt.de", "timestamp": "2019-03-14T18:38:11.610463", "browser": "chrome", "browser-platform": "windows", "browser-version": "72.0.3626.121"}
{"method": "POST", "path": "/data-sets/.distribution-chart-5", "endpoint": "data_sets.distribution_chart", "view-args": {"pos": 5}, "status": 200, "user": "78b858772f907e50@lampenwelt.de", "timestamp": "2019-03-14T18:38:11.787059", "browser": "chrome", "browser-platform": "windows", "browser-version": "72.0.3626.121"}
{"method": "POST", "path": "/data-sets/.distribution-chart-6", "endpoint": "data_sets.distribution_chart", "view-args": {"pos": 6}, "status": 200, "user": "78b858772f907e50@lampenwelt.de", "timestamp": "2019-03-14T18:38:11.965537", "browser": "chrome", "browser-platform": "windows", "browser-version": "72.0.3626.121"}
{"method": "POST", "path": "/data-sets/.distribution-chart-2", "endpoint": "data_sets.distribution_chart", "view-args": {"pos": 2}, "status": 200, "user": "78b858772f907e50@lampenwelt.de", "timestamp": "2019-03-14T18:38:12.003061", "browser": "chrome", "browser-platform": "windows", "browser-version": "72.0.3626.121"}
{"method": "POST", "path": "/data-sets/.distribution-chart-11", "endpoint": "data_sets.distribution_chart", "view-args": {"pos": 11}, "status": 200, "user": "78b858772f907e50@lampenwelt.de", "timestamp": "2019-03-14T18:38:12.123433", "browser": "chrome", "browser-platform": "windows", "browser-version": "72.0.3626.121"}
{"method": "POST", "path": "/data-sets/.row-count", "endpoint": "data_sets.row_count", "view-args": {}, "status": 200, "user": "78b858772f907e50@lampenwelt.de", "timestamp": "2019-03-14T18:38:12.164207", "browser": "chrome", "browser-platform": "windows", "browser-version": "72.0.3626.121"}
{"method": "POST", "path": "/data-sets/.distribution-chart-12", "endpoint": "data_sets.distribution_chart", "view-args": {"pos": 12}, "status": 200, "user": "78b858772f907e50@lampenwelt.de", "timestamp": "2019-03-14T18:38:12.313411", "browser": "chrome", "browser-platform": "windows", "browser-version": "72.0.3626.121"}
{"method": "POST", "path": "/data-sets/.preview", "endpoint": "data_sets.preview", "view-args": {}, "status": 200, "user": "78b858772f907e50@lampenwelt.de", "timestamp": "2019-03-14T18:38:13.404911", "browser": "chrome", "browser-platform": "windows", "browser-version": "72.0.3626.121"}
{"method": "POST", "path": "/data-sets/.row-count", "endpoint": "data_sets.row_count", "view-args": {}, "status": 200, "user": "78b858772f907e50@lampenwelt.de", "timestamp": "2019-03-14T18:38:13.436199", "browser": "chrome", "browser-platform": "windows", "browser-version": "72.0.3626.121"}
{"method": "POST", "path": "/data-sets/.filter-row-count-0", "endpoint": "data_sets.filter_row_count", "view-args": {"filter_pos": 0}, "status": 200, "user": "78b858772f907e50@lampenwelt.de", "timestamp": "2019-03-14T18:38:13.437021", "browser": "chrome", "browser-platform": "windows", "browser-version": "72.0.3626.121"}
{"method": "POST", "path": "/data-sets/.distribution-chart-0", "endpoint": "data_sets.distribution_chart", "view-args": {"pos": 0}, "status": 200, "user": "78b858772f907e50@lampenwelt.de", "timestamp": "2019-03-14T18:38:13.595138", "browser": "chrome", "browser-platform": "windows", "browser-version": "72.0.3626.121"}
{"method": "POST", "path": "/data-sets/.distribution-chart-2", "endpoint": "data_sets.distribution_chart", "view-args": {"pos": 2}, "status": 200, "user": "78b858772f907e50@lampenwelt.de", "timestamp": "2019-03-14T18:38:13.619605", "browser": "chrome", "browser-platform": "windows", "browser-version": "72.0.3626.121"}
{"method": "POST", "path": "/data-sets/.distribution-chart-1", "endpoint": "data_sets.distribution_chart", "view-args": {"pos": 1}, "status": 200, "user": "78b858772f907e50@lampenwelt.de", "timestamp": "2019-03-14T18:38:13.645561", "browser": "chrome", "browser-platform": "windows", "browser-version": "72.0.3626.121"}
{"method": "POST", "path": "/data-sets/.distribution-chart-5", "endpoint": "data_sets.distribution_chart", "view-args": {"pos": 5}, "status": 200, "user": "78b858772f907e50@lampenwelt.de", "timestamp": "2019-03-14T18:38:13.717752", "browser": "chrome", "browser-platform": "windows", "browser-version": "72.0.3626.121"}
{"method": "POST", "path": "/data-sets/.distribution-chart-6", "endpoint": "data_sets.distribution_chart", "view-args": {"pos": 6}, "status": 200, "user": "78b858772f907e50@lampenwelt.de", "timestamp": "2019-03-14T18:38:13.791263", "browser": "chrome", "browser-platform": "windows", "browser-version": "72.0.3626.121"}
{"method": "POST", "path": "/data-sets/.distribution-chart-11", "endpoint": "data_sets.distribution_chart", "view-args": {"pos": 11}, "status": 200, "user": "78b858772f907e50@lampenwelt.de", "timestamp": "2019-03-14T18:38:13.836381", "browser": "chrome", "browser-platform": "windows", "browser-version": "72.0.3626.121"}
{"method": "POST", "path": "/data-sets/.distribution-chart-12", "endpoint": "data_sets.distribution_chart", "view-args": {"pos": 12}, "status": 200, "user": "78b858772f907e50@lampenwelt.de", "timestamp": "2019-03-14T18:38:13.913374", "browser": "chrome", "browser-platform": "windows", "browser-version": "72.0.3626.121"}
{"method": "POST", "path": "/data-sets/.preview", "endpoint": "data_sets.preview", "view-args": {}, "status": 200, "user": "78b858772f907e50@lampenwelt.de", "timestamp": "2019-03-14T18:38:29.341567", "browser": "chrome", "browser-platform": "windows", "browser-version": "72.0.3626.121"}
{"method": "POST", "path": "/data-sets/.row-count", "endpoint": "data_sets.row_count", "view-args": {}, "status": 200, "user": "78b858772f907e50@lampenwelt.de", "timestamp": "2019-03-14T18:38:29.393357", "browser": "chrome", "browser-platform": "windows", "browser-version": "72.0.3626.121"}
{"method": "POST", "path": "/data-sets/.distribution-chart-1", "endpoint": "data_sets.distribution_chart", "view-args": {"pos": 1}, "status": 200, "user": "78b858772f907e50@lampenwelt.de", "timestamp": "2019-03-14T18:38:29.896035", "browser": "chrome", "browser-platform": "windows", "browser-version": "72.0.3626.121"}
{"method": "POST", "path": "/data-sets/.distribution-chart-0", "endpoint": "data_sets.distribution_chart", "view-args": {"pos": 0}, "status": 200, "user": "78b858772f907e50@lampenwelt.de", "timestamp": "2019-03-14T18:38:30.019909", "browser": "chrome", "browser-platform": "windows", "browser-version": "72.0.3626.121"}
{"method": "POST", "path": "/data-sets/.distribution-chart-5", "endpoint": "data_sets.distribution_chart", "view-args": {"pos": 5}, "status": 200, "user": "78b858772f907e50@lampenwelt.de", "timestamp": "2019-03-14T18:38:30.279373", "browser": "chrome", "browser-platform": "windows", "browser-version": "72.0.3626.121"}
{"method": "POST", "path": "/data-sets/.distribution-chart-2", "endpoint": "data_sets.distribution_chart", "view-args": {"pos": 2}, "status": 200, "user": "78b858772f907e50@lampenwelt.de", "timestamp": "2019-03-14T18:38:30.280452", "browser": "chrome", "browser-platform": "windows", "browser-version": "72.0.3626.121"}
{"method": "POST", "path": "/data-sets/.distribution-chart-6", "endpoint": "data_sets.distribution_chart", "view-args": {"pos": 6}, "status": 200, "user": "78b858772f907e50@lampenwelt.de", "timestamp": "2019-03-14T18:38:30.360702", "browser": "chrome", "browser-platform": "windows", "browser-version": "72.0.3626.121"}
{"method": "POST", "path": "/data-sets/.distribution-chart-11", "endpoint": "data_sets.distribution_chart", "view-args": {"pos": 11}, "status": 200, "user": "78b858772f907e50@lampenwelt.de", "timestamp": "2019-03-14T18:38:30.619800", "browser": "chrome", "browser-platform": "windows", "browser-version": "72.0.3626.121"}
{"method": "POST", "path": "/data-sets/.distribution-chart-12", "endpoint": "data_sets.distribution_chart", "view-args": {"pos": 12}, "status": 200, "user": "78b858772f907e50@lampenwelt.de", "timestamp": "2019-03-14T18:38:30.628210", "browser": "chrome", "browser-platform": "windows", "browser-version": "72.0.3626.121"}
{"method": "POST", "path": "/data-sets/.filter-row-count-0", "endpoint": "data_sets.filter_row_count", "view-args": {"filter_pos": 0}, "status": 200, "user": "78b858772f907e50@lampenwelt.de", "timestamp": "2019-03-14T18:39:39.486122", "browser": "chrome", "browser-platform": "windows", "browser-version": "72.0.3626.121"}
{"method": "POST", "path": "/data-sets/.preview", "endpoint": "data_sets.preview", "view-args": {}, "status": 200, "user": "78b858772f907e50@lampenwelt.de", "timestamp": "2019-03-14T18:39:39.552566", "browser": "chrome", "browser-platform": "windows", "browser-version": "72.0.3626.121"}
{"method": "POST", "path": "/data-sets/.distribution-chart-1", "endpoint": "data_sets.distribution_chart", "view-args": {"pos": 1}, "status": 200, "user": "78b858772f907e50@lampenwelt.de", "timestamp": "2019-03-14T18:39:39.833001", "browser": "chrome", "browser-platform": "windows", "browser-version": "72.0.3626.121"}
{"method": "POST", "path": "/data-sets/.distribution-chart-0", "endpoint": "data_sets.distribution_chart", "view-args": {"pos": 0}, "status": 200, "user": "78b858772f907e50@lampenwelt.de", "timestamp": "2019-03-14T18:39:40.065726", "browser": "chrome", "browser-platform": "windows", "browser-version": "72.0.3626.121"}
{"method": "POST", "path": "/data-sets/.distribution-chart-5", "endpoint": "data_sets.distribution_chart", "view-args": {"pos": 5}, "status": 200, "user": "78b858772f907e50@lampenwelt.de", "timestamp": "2019-03-14T18:39:40.228030", "browser": "chrome", "browser-platform": "windows", "browser-version": "72.0.3626.121"}
{"method": "POST", "path": "/data-sets/.distribution-chart-6", "endpoint": "data_sets.distribution_chart", "view-args": {"pos": 6}, "status": 200, "user": "78b858772f907e50@lampenwelt.de", "timestamp": "2019-03-14T18:39:40.421114", "browser": "chrome", "browser-platform": "windows", "browser-version": "72.0.3626.121"}
{"method": "POST", "path": "/data-sets/.distribution-chart-2", "endpoint": "data_sets.distribution_chart", "view-args": {"pos": 2}, "status": 200, "user": "78b858772f907e50@lampenwelt.de", "timestamp": "2019-03-14T18:39:40.451813", "browser": "chrome", "browser-platform": "windows", "browser-version": "72.0.3626.121"}
{"method": "POST", "path": "/data-sets/.distribution-chart-11", "endpoint": "data_sets.distribution_chart", "view-args": {"pos": 11}, "status": 200, "user": "78b858772f907e50@lampenwelt.de", "timestamp": "2019-03-14T18:39:40.581239", "browser": "chrome", "browser-platform": "windows", "browser-version": "72.0.3626.121"}
{"method": "POST", "path": "/data-sets/.row-count", "endpoint": "data_sets.row_count", "view-args": {}, "status": 200, "user": "78b858772f907e50@lampenwelt.de", "timestamp": "2019-03-14T18:39:40.620999", "browser": "chrome", "browser-platform": "windows", "browser-version": "72.0.3626.121"}
{"method": "POST", "path": "/data-sets/.distribution-chart-12", "endpoint": "data_sets.distribution_chart", "view-args": {"pos": 12}, "status": 200, "user": "78b858772f907e50@lampenwelt.de", "timestamp": "2019-03-14T18:39:40.757653", "browser": "chrome", "browser-platform": "windows", "browser-version": "72.0.3626.121"}
{"method": "POST", "path": "/data-sets/.preview", "endpoint": "data_sets.preview", "view-args": {}, "status": 200, "user": "78b858772f907e50@lampenwelt.de", "timestamp": "2019-03-14T18:39:41.519887", "browser": "chrome", "browser-platform": "windows", "browser-version": "72.0.3626.121"}
{"method": "POST", "path": "/data-sets/.row-count", "endpoint": "data_sets.row_count", "view-args": {}, "status": 200, "user": "78b858772f907e50@lampenwelt.de", "timestamp": "2019-03-14T18:39:41.556920", "browser": "chrome", "browser-platform": "windows", "browser-version": "72.0.3626.121"}
{"method": "POST", "path": "/data-sets/.filter-row-count-0", "endpoint": "data_sets.filter_row_count", "view-args": {"filter_pos": 0}, "status": 200, "user": "78b858772f907e50@lampenwelt.de", "timestamp": "2019-03-14T18:39:41.561054", "browser": "chrome", "browser-platform": "windows", "browser-version": "72.0.3626.121"}
{"method": "POST", "path": "/data-sets/.distribution-chart-0", "endpoint": "data_sets.distribution_chart", "view-args": {"pos": 0}, "status": 200, "user": "78b858772f907e50@lampenwelt.de", "timestamp": "2019-03-14T18:39:41.714732", "browser": "chrome", "browser-platform": "windows", "browser-version": "72.0.3626.121"}
{"method": "POST", "path": "/data-sets/.distribution-chart-2", "endpoint": "data_sets.distribution_chart", "view-args": {"pos": 2}, "status": 200, "user": "78b858772f907e50@lampenwelt.de", "timestamp": "2019-03-14T18:39:41.743703", "browser": "chrome", "browser-platform": "windows", "browser-version": "72.0.3626.121"}
{"method": "POST", "path": "/data-sets/.distribution-chart-1", "endpoint": "data_sets.distribution_chart", "view-args": {"pos": 1}, "status": 200, "user": "78b858772f907e50@lampenwelt.de", "timestamp": "2019-03-14T18:39:41.766515", "browser": "chrome", "browser-platform": "windows", "browser-version": "72.0.3626.121"}
{"method": "POST", "path": "/data-sets/.distribution-chart-5", "endpoint": "data_sets.distribution_chart", "view-args": {"pos": 5}, "status": 200, "user": "78b858772f907e50@lampenwelt.de", "timestamp": "2019-03-14T18:39:41.834893", "browser": "chrome", "browser-platform": "windows", "browser-version": "72.0.3626.121"}
{"method": "POST", "path": "/data-sets/.distribution-chart-6", "endpoint": "data_sets.distribution_chart", "view-args": {"pos": 6}, "status": 200, "user": "78b858772f907e50@lampenwelt.de", "timestamp": "2019-03-14T18:39:41.903154", "browser": "chrome", "browser-platform": "windows", "browser-version": "72.0.3626.121"}
{"method": "POST", "path": "/data-sets/.distribution-chart-11", "endpoint": "data_sets.distribution_chart", "view-args": {"pos": 11}, "status": 200, "user": "78b858772f907e50@lampenwelt.de", "timestamp": "2019-03-14T18:39:41.913997", "browser": "chrome", "browser-platform": "windows", "browser-version": "72.0.3626.121"}
{"method": "POST", "path": "/data-sets/.distribution-chart-12", "endpoint": "data_sets.distribution_chart", "view-args": {"pos": 12}, "status": 200, "user": "78b858772f907e50@lampenwelt.de", "timestamp": "2019-03-14T18:39:41.979200", "browser": "chrome", "browser-platform": "windows", "browser-version": "72.0.3626.121"}
