{"method": "POST", "path": "/mondrian/saiku/authorize", "endpoint": "py_mondrian.saiku_authorize", "view-args": {}, "status": 200, "user": "35675e68f4b5af7b@localhost", "timestamp": "2019-04-02T07:54:10.758695", "browser": null, "browser-platform": null, "browser-version": null}
{"method": "POST", "path": "/mondrian/saiku/authorize", "endpoint": "py_mondrian.saiku_authorize", "view-args": {}, "status": 200, "user": "35675e68f4b5af7b@localhost", "timestamp": "2019-04-02T07:54:12.109466", "browser": null, "browser-platform": null, "browser-version": null}
{"method": "GET", "path": "/dashboards/sales-comparison", "endpoint": "dashboards.view_dashboard", "view-args": {"id": "sales-comparison"}, "status": 200, "user": "9942c672b9354771@lampenwelt.de", "timestamp": "2019-04-02T07:54:26.639459", "browser": "chrome", "browser-platform": "windows", "browser-version": "73.0.3683.86"}
{"method": "GET", "path": "/dashboards/_render_async_sql_query/18da6c0c-93fe-4775-b011-c407b3f6a18e", "endpoint": "dashboards.render_async_sql_query", "view-args": {"id": "18da6c0c-93fe-4775-b011-c407b3f6a18e"}, "status": 200, "user": "9942c672b9354771@lampenwelt.de", "timestamp": "2019-04-02T07:54:27.297710", "browser": "chrome", "browser-platform": "windows", "browser-version": "73.0.3683.86"}
{"method": "GET", "path": "/dashboards/_render_async_sql_query/a63fe5e6-a19b-4f36-b0fe-59ce4028dd77", "endpoint": "dashboards.render_async_sql_query", "view-args": {"id": "a63fe5e6-a19b-4f36-b0fe-59ce4028dd77"}, "status": 200, "user": "9942c672b9354771@lampenwelt.de", "timestamp": "2019-04-02T07:54:27.309389", "browser": "chrome", "browser-platform": "windows", "browser-version": "73.0.3683.86"}
{"method": "GET", "path": "/dashboards/_render_async_sql_query/9548c904-20ff-4111-80c8-4c6629cd7063", "endpoint": "dashboards.render_async_sql_query", "view-args": {"id": "9548c904-20ff-4111-80c8-4c6629cd7063"}, "status": 200, "user": "9942c672b9354771@lampenwelt.de", "timestamp": "2019-04-02T07:54:27.311811", "browser": "chrome", "browser-platform": "windows", "browser-version": "73.0.3683.86"}
{"method": "GET", "path": "/dashboards/_render_async_sql_query/3b35c0dc-5450-485b-bc44-a70b416dd623", "endpoint": "dashboards.render_async_sql_query", "view-args": {"id": "3b35c0dc-5450-485b-bc44-a70b416dd623"}, "status": 200, "user": "9942c672b9354771@lampenwelt.de", "timestamp": "2019-04-02T07:54:27.316963", "browser": "chrome", "browser-platform": "windows", "browser-version": "73.0.3683.86"}
{"method": "GET", "path": "/dashboards/_last_marketing_cost/sales-comparison", "endpoint": "dashboards.last_marketing_cost", "view-args": {"id": "sales-comparison"}, "status": 200, "user": "9942c672b9354771@lampenwelt.de", "timestamp": "2019-04-02T07:54:27.319049", "browser": "chrome", "browser-platform": "windows", "browser-version": "73.0.3683.86"}
{"method": "GET", "path": "/dashboards/_last_successful_import", "endpoint": "dashboards.last_successful_import", "view-args": {}, "status": 200, "user": "9942c672b9354771@lampenwelt.de", "timestamp": "2019-04-02T07:54:27.323495", "browser": "chrome", "browser-platform": "windows", "browser-version": "73.0.3683.86"}
{"method": "GET", "path": "/dashboards/_render_async_sql_query/7fe997b6-9452-48b2-91a1-27bae72b268a", "endpoint": "dashboards.render_async_sql_query", "view-args": {"id": "7fe997b6-9452-48b2-91a1-27bae72b268a"}, "status": 200, "user": "9942c672b9354771@lampenwelt.de", "timestamp": "2019-04-02T07:54:27.391409", "browser": "chrome", "browser-platform": "windows", "browser-version": "73.0.3683.86"}
{"method": "GET", "path": "/dashboards/_render_async_sql_query/96d30355-81a6-4744-9cbe-dbaab2db204b", "endpoint": "dashboards.render_async_sql_query", "view-args": {"id": "96d30355-81a6-4744-9cbe-dbaab2db204b"}, "status": 200, "user": "9942c672b9354771@lampenwelt.de", "timestamp": "2019-04-02T07:54:27.392800", "browser": "chrome", "browser-platform": "windows", "browser-version": "73.0.3683.86"}
{"method": "POST", "path": "/dashboards/sales-comparison", "endpoint": "dashboards.view_dashboard", "view-args": {"id": "sales-comparison"}, "status": 200, "user": "9942c672b9354771@lampenwelt.de", "timestamp": "2019-04-02T07:54:33.149473", "browser": "chrome", "browser-platform": "windows", "browser-version": "73.0.3683.86"}
{"method": "GET", "path": "/dashboards/_render_async_sql_query/475af631-b69d-4a8b-a583-925867b7363b", "endpoint": "dashboards.render_async_sql_query", "view-args": {"id": "475af631-b69d-4a8b-a583-925867b7363b"}, "status": 200, "user": "9942c672b9354771@lampenwelt.de", "timestamp": "2019-04-02T07:54:33.346823", "browser": "chrome", "browser-platform": "windows", "browser-version": "73.0.3683.86"}
{"method": "GET", "path": "/dashboards/_render_async_sql_query/d7c97f96-cfcb-4bf2-94fd-c8646acefb65", "endpoint": "dashboards.render_async_sql_query", "view-args": {"id": "d7c97f96-cfcb-4bf2-94fd-c8646acefb65"}, "status": 200, "user": "9942c672b9354771@lampenwelt.de", "timestamp": "2019-04-02T07:54:33.368353", "browser": "chrome", "browser-platform": "windows", "browser-version": "73.0.3683.86"}
{"method": "GET", "path": "/dashboards/_render_async_sql_query/d996851c-e1ab-4f5c-bd23-c34c0444e260", "endpoint": "dashboards.render_async_sql_query", "view-args": {"id": "d996851c-e1ab-4f5c-bd23-c34c0444e260"}, "status": 200, "user": "9942c672b9354771@lampenwelt.de", "timestamp": "2019-04-02T07:54:33.376238", "browser": "chrome", "browser-platform": "windows", "browser-version": "73.0.3683.86"}
{"method": "GET", "path": "/dashboards/_last_marketing_cost/sales-comparison", "endpoint": "dashboards.last_marketing_cost", "view-args": {"id": "sales-comparison"}, "status": 200, "user": "9942c672b9354771@lampenwelt.de", "timestamp": "2019-04-02T07:54:33.384278", "browser": "chrome", "browser-platform": "windows", "browser-version": "73.0.3683.86"}
{"method": "GET", "path": "/dashboards/_last_successful_import", "endpoint": "dashboards.last_successful_import", "view-args": {}, "status": 200, "user": "9942c672b9354771@lampenwelt.de", "timestamp": "2019-04-02T07:54:33.386060", "browser": "chrome", "browser-platform": "windows", "browser-version": "73.0.3683.86"}
{"method": "GET", "path": "/dashboards/_render_async_sql_query/38ca5998-88da-4318-9641-5bae77ef6a8d", "endpoint": "dashboards.render_async_sql_query", "view-args": {"id": "38ca5998-88da-4318-9641-5bae77ef6a8d"}, "status": 200, "user": "9942c672b9354771@lampenwelt.de", "timestamp": "2019-04-02T07:54:33.404979", "browser": "chrome", "browser-platform": "windows", "browser-version": "73.0.3683.86"}
{"method": "GET", "path": "/dashboards/_render_async_sql_query/0d342ffd-cd9d-4884-bff5-c268760b2d7a", "endpoint": "dashboards.render_async_sql_query", "view-args": {"id": "0d342ffd-cd9d-4884-bff5-c268760b2d7a"}, "status": 200, "user": "9942c672b9354771@lampenwelt.de", "timestamp": "2019-04-02T07:54:33.405892", "browser": "chrome", "browser-platform": "windows", "browser-version": "73.0.3683.86"}
{"method": "GET", "path": "/dashboards/_render_async_sql_query/0b6618a9-5338-48d1-a461-cd5d64813ca6", "endpoint": "dashboards.render_async_sql_query", "view-args": {"id": "0b6618a9-5338-48d1-a461-cd5d64813ca6"}, "status": 200, "user": "9942c672b9354771@lampenwelt.de", "timestamp": "2019-04-02T07:54:33.412196", "browser": "chrome", "browser-platform": "windows", "browser-version": "73.0.3683.86"}
{"method": "POST", "path": "/dashboards/sales-comparison", "endpoint": "dashboards.view_dashboard", "view-args": {"id": "sales-comparison"}, "status": 200, "user": "9942c672b9354771@lampenwelt.de", "timestamp": "2019-04-02T07:54:42.663442", "browser": "chrome", "browser-platform": "windows", "browser-version": "73.0.3683.86"}
{"method": "GET", "path": "/dashboards/_render_async_sql_query/72337861-e404-4379-a69f-a4eaf8876d38", "endpoint": "dashboards.render_async_sql_query", "view-args": {"id": "72337861-e404-4379-a69f-a4eaf8876d38"}, "status": 200, "user": "9942c672b9354771@lampenwelt.de", "timestamp": "2019-04-02T07:54:42.856331", "browser": "chrome", "browser-platform": "windows", "browser-version": "73.0.3683.86"}
{"method": "GET", "path": "/dashboards/_render_async_sql_query/2ff3551e-a125-42f5-b9cd-ca8bd683f0e4", "endpoint": "dashboards.render_async_sql_query", "view-args": {"id": "2ff3551e-a125-42f5-b9cd-ca8bd683f0e4"}, "status": 200, "user": "9942c672b9354771@lampenwelt.de", "timestamp": "2019-04-02T07:54:42.856871", "browser": "chrome", "browser-platform": "windows", "browser-version": "73.0.3683.86"}
{"method": "GET", "path": "/dashboards/_render_async_sql_query/5f16f488-1a32-4b80-9c66-6dfc7b23b8cd", "endpoint": "dashboards.render_async_sql_query", "view-args": {"id": "5f16f488-1a32-4b80-9c66-6dfc7b23b8cd"}, "status": 200, "user": "9942c672b9354771@lampenwelt.de", "timestamp": "2019-04-02T07:54:42.866694", "browser": "chrome", "browser-platform": "windows", "browser-version": "73.0.3683.86"}
{"method": "GET", "path": "/dashboards/_render_async_sql_query/ff864d4b-c2ab-4137-942b-f68485573f38", "endpoint": "dashboards.render_async_sql_query", "view-args": {"id": "ff864d4b-c2ab-4137-942b-f68485573f38"}, "status": 200, "user": "9942c672b9354771@lampenwelt.de", "timestamp": "2019-04-02T07:54:42.874545", "browser": "chrome", "browser-platform": "windows", "browser-version": "73.0.3683.86"}
{"method": "GET", "path": "/dashboards/_last_marketing_cost/sales-comparison", "endpoint": "dashboards.last_marketing_cost", "view-args": {"id": "sales-comparison"}, "status": 200, "user": "9942c672b9354771@lampenwelt.de", "timestamp": "2019-04-02T07:54:42.875149", "browser": "chrome", "browser-platform": "windows", "browser-version": "73.0.3683.86"}
{"method": "GET", "path": "/dashboards/_last_successful_import", "endpoint": "dashboards.last_successful_import", "view-args": {}, "status": 200, "user": "9942c672b9354771@lampenwelt.de", "timestamp": "2019-04-02T07:54:42.880057", "browser": "chrome", "browser-platform": "windows", "browser-version": "73.0.3683.86"}
{"method": "GET", "path": "/dashboards/_render_async_sql_query/44e9a21b-47c3-47b5-b658-1270c23877c3", "endpoint": "dashboards.render_async_sql_query", "view-args": {"id": "44e9a21b-47c3-47b5-b658-1270c23877c3"}, "status": 200, "user": "9942c672b9354771@lampenwelt.de", "timestamp": "2019-04-02T07:54:42.906227", "browser": "chrome", "browser-platform": "windows", "browser-version": "73.0.3683.86"}
{"method": "GET", "path": "/dashboards/_render_async_sql_query/c1cc0c17-66dd-4f3f-8b7b-042815583289", "endpoint": "dashboards.render_async_sql_query", "view-args": {"id": "c1cc0c17-66dd-4f3f-8b7b-042815583289"}, "status": 200, "user": "9942c672b9354771@lampenwelt.de", "timestamp": "2019-04-02T07:54:42.910761", "browser": "chrome", "browser-platform": "windows", "browser-version": "73.0.3683.86"}
{"method": "POST", "path": "/dashboards/sales-comparison", "endpoint": "dashboards.view_dashboard", "view-args": {"id": "sales-comparison"}, "status": 200, "user": "9942c672b9354771@lampenwelt.de", "timestamp": "2019-04-02T07:54:47.871327", "browser": "chrome", "browser-platform": "windows", "browser-version": "73.0.3683.86"}
{"method": "GET", "path": "/dashboards/_render_async_sql_query/eba8c437-8131-4055-94d9-5e772fedceee", "endpoint": "dashboards.render_async_sql_query", "view-args": {"id": "eba8c437-8131-4055-94d9-5e772fedceee"}, "status": 200, "user": "9942c672b9354771@lampenwelt.de", "timestamp": "2019-04-02T07:54:48.036969", "browser": "chrome", "browser-platform": "windows", "browser-version": "73.0.3683.86"}
{"method": "GET", "path": "/dashboards/_render_async_sql_query/0e8a6cb5-d914-4481-bd2a-6064b4b06640", "endpoint": "dashboards.render_async_sql_query", "view-args": {"id": "0e8a6cb5-d914-4481-bd2a-6064b4b06640"}, "status": 200, "user": "9942c672b9354771@lampenwelt.de", "timestamp": "2019-04-02T07:54:48.058740", "browser": "chrome", "browser-platform": "windows", "browser-version": "73.0.3683.86"}
{"method": "GET", "path": "/dashboards/_render_async_sql_query/ab3476c3-4a61-417f-808a-188a02cb6f67", "endpoint": "dashboards.render_async_sql_query", "view-args": {"id": "ab3476c3-4a61-417f-808a-188a02cb6f67"}, "status": 200, "user": "9942c672b9354771@lampenwelt.de", "timestamp": "2019-04-02T07:54:48.069855", "browser": "chrome", "browser-platform": "windows", "browser-version": "73.0.3683.86"}
{"method": "GET", "path": "/dashboards/_last_successful_import", "endpoint": "dashboards.last_successful_import", "view-args": {}, "status": 200, "user": "9942c672b9354771@lampenwelt.de", "timestamp": "2019-04-02T07:54:48.073908", "browser": "chrome", "browser-platform": "windows", "browser-version": "73.0.3683.86"}
{"method": "GET", "path": "/dashboards/_last_marketing_cost/sales-comparison", "endpoint": "dashboards.last_marketing_cost", "view-args": {"id": "sales-comparison"}, "status": 200, "user": "9942c672b9354771@lampenwelt.de", "timestamp": "2019-04-02T07:54:48.077953", "browser": "chrome", "browser-platform": "windows", "browser-version": "73.0.3683.86"}
{"method": "GET", "path": "/dashboards/_render_async_sql_query/496e8f1c-b1e9-4fdf-a341-9f470e774246", "endpoint": "dashboards.render_async_sql_query", "view-args": {"id": "496e8f1c-b1e9-4fdf-a341-9f470e774246"}, "status": 200, "user": "9942c672b9354771@lampenwelt.de", "timestamp": "2019-04-02T07:54:48.081134", "browser": "chrome", "browser-platform": "windows", "browser-version": "73.0.3683.86"}
{"method": "GET", "path": "/dashboards/_render_async_sql_query/3dd0dcb5-c535-47e5-ba07-14fc04b951aa", "endpoint": "dashboards.render_async_sql_query", "view-args": {"id": "3dd0dcb5-c535-47e5-ba07-14fc04b951aa"}, "status": 200, "user": "9942c672b9354771@lampenwelt.de", "timestamp": "2019-04-02T07:54:48.095737", "browser": "chrome", "browser-platform": "windows", "browser-version": "73.0.3683.86"}
{"method": "GET", "path": "/dashboards/_render_async_sql_query/3e006ac5-a584-47c9-b25b-fa169c996b9b", "endpoint": "dashboards.render_async_sql_query", "view-args": {"id": "3e006ac5-a584-47c9-b25b-fa169c996b9b"}, "status": 200, "user": "9942c672b9354771@lampenwelt.de", "timestamp": "2019-04-02T07:54:48.100334", "browser": "chrome", "browser-platform": "windows", "browser-version": "73.0.3683.86"}
{"method": "POST", "path": "/dashboards/sales-comparison", "endpoint": "dashboards.view_dashboard", "view-args": {"id": "sales-comparison"}, "status": 200, "user": "9942c672b9354771@lampenwelt.de", "timestamp": "2019-04-02T07:54:53.938530", "browser": "chrome", "browser-platform": "windows", "browser-version": "73.0.3683.86"}
{"method": "GET", "path": "/dashboards/_render_async_sql_query/2ce2039d-634e-49e8-b61f-0c96ed81365e", "endpoint": "dashboards.render_async_sql_query", "view-args": {"id": "2ce2039d-634e-49e8-b61f-0c96ed81365e"}, "status": 200, "user": "9942c672b9354771@lampenwelt.de", "timestamp": "2019-04-02T07:54:54.090999", "browser": "chrome", "browser-platform": "windows", "browser-version": "73.0.3683.86"}
{"method": "GET", "path": "/dashboards/_render_async_sql_query/0a0bc04e-1686-42d9-b064-42e43238bcf7", "endpoint": "dashboards.render_async_sql_query", "view-args": {"id": "0a0bc04e-1686-42d9-b064-42e43238bcf7"}, "status": 200, "user": "9942c672b9354771@lampenwelt.de", "timestamp": "2019-04-02T07:54:54.095351", "browser": "chrome", "browser-platform": "windows", "browser-version": "73.0.3683.86"}
{"method": "GET", "path": "/dashboards/_render_async_sql_query/702f2617-ded2-41d3-9d4d-8235f210a073", "endpoint": "dashboards.render_async_sql_query", "view-args": {"id": "702f2617-ded2-41d3-9d4d-8235f210a073"}, "status": 200, "user": "9942c672b9354771@lampenwelt.de", "timestamp": "2019-04-02T07:54:54.099215", "browser": "chrome", "browser-platform": "windows", "browser-version": "73.0.3683.86"}
{"method": "GET", "path": "/dashboards/_last_marketing_cost/sales-comparison", "endpoint": "dashboards.last_marketing_cost", "view-args": {"id": "sales-comparison"}, "status": 200, "user": "9942c672b9354771@lampenwelt.de", "timestamp": "2019-04-02T07:54:54.108443", "browser": "chrome", "browser-platform": "windows", "browser-version": "73.0.3683.86"}
{"method": "GET", "path": "/dashboards/_last_successful_import", "endpoint": "dashboards.last_successful_import", "view-args": {}, "status": 200, "user": "9942c672b9354771@lampenwelt.de", "timestamp": "2019-04-02T07:54:54.110460", "browser": "chrome", "browser-platform": "windows", "browser-version": "73.0.3683.86"}
{"method": "GET", "path": "/dashboards/_render_async_sql_query/1fe0ccf3-94c2-4bf0-8536-990a24eafe50", "endpoint": "dashboards.render_async_sql_query", "view-args": {"id": "1fe0ccf3-94c2-4bf0-8536-990a24eafe50"}, "status": 200, "user": "9942c672b9354771@lampenwelt.de", "timestamp": "2019-04-02T07:54:54.115795", "browser": "chrome", "browser-platform": "windows", "browser-version": "73.0.3683.86"}
{"method": "GET", "path": "/dashboards/_render_async_sql_query/6bee6ed5-60d8-48bb-8c05-a548576d58a0", "endpoint": "dashboards.render_async_sql_query", "view-args": {"id": "6bee6ed5-60d8-48bb-8c05-a548576d58a0"}, "status": 200, "user": "9942c672b9354771@lampenwelt.de", "timestamp": "2019-04-02T07:54:54.133161", "browser": "chrome", "browser-platform": "windows", "browser-version": "73.0.3683.86"}
{"method": "GET", "path": "/dashboards/_render_async_sql_query/988f8c48-6196-493a-8b58-7d48619f751f", "endpoint": "dashboards.render_async_sql_query", "view-args": {"id": "988f8c48-6196-493a-8b58-7d48619f751f"}, "status": 200, "user": "9942c672b9354771@lampenwelt.de", "timestamp": "2019-04-02T07:54:54.135926", "browser": "chrome", "browser-platform": "windows", "browser-version": "73.0.3683.86"}
{"method": "POST", "path": "/dashboards/sales-comparison", "endpoint": "dashboards.view_dashboard", "view-args": {"id": "sales-comparison"}, "status": 200, "user": "9942c672b9354771@lampenwelt.de", "timestamp": "2019-04-02T07:54:57.700078", "browser": "chrome", "browser-platform": "windows", "browser-version": "73.0.3683.86"}
{"method": "GET", "path": "/dashboards/_render_async_sql_query/ee189026-af7f-41ae-ac8f-836aeb06f51e", "endpoint": "dashboards.render_async_sql_query", "view-args": {"id": "ee189026-af7f-41ae-ac8f-836aeb06f51e"}, "status": 200, "user": "9942c672b9354771@lampenwelt.de", "timestamp": "2019-04-02T07:54:57.837022", "browser": "chrome", "browser-platform": "windows", "browser-version": "73.0.3683.86"}
{"method": "GET", "path": "/dashboards/_render_async_sql_query/8ad58246-cd1a-459d-aa66-a22d42aa55e0", "endpoint": "dashboards.render_async_sql_query", "view-args": {"id": "8ad58246-cd1a-459d-aa66-a22d42aa55e0"}, "status": 200, "user": "9942c672b9354771@lampenwelt.de", "timestamp": "2019-04-02T07:54:57.840885", "browser": "chrome", "browser-platform": "windows", "browser-version": "73.0.3683.86"}
{"method": "GET", "path": "/dashboards/_render_async_sql_query/ec68e838-8ca4-43a3-86ff-eb21bd2cd07b", "endpoint": "dashboards.render_async_sql_query", "view-args": {"id": "ec68e838-8ca4-43a3-86ff-eb21bd2cd07b"}, "status": 200, "user": "9942c672b9354771@lampenwelt.de", "timestamp": "2019-04-02T07:54:57.844502", "browser": "chrome", "browser-platform": "windows", "browser-version": "73.0.3683.86"}
{"method": "GET", "path": "/dashboards/_last_marketing_cost/sales-comparison", "endpoint": "dashboards.last_marketing_cost", "view-args": {"id": "sales-comparison"}, "status": 200, "user": "9942c672b9354771@lampenwelt.de", "timestamp": "2019-04-02T07:54:57.852167", "browser": "chrome", "browser-platform": "windows", "browser-version": "73.0.3683.86"}
{"method": "GET", "path": "/dashboards/_render_async_sql_query/600a20cd-4deb-4cd5-b957-6bcb5eaf40b3", "endpoint": "dashboards.render_async_sql_query", "view-args": {"id": "600a20cd-4deb-4cd5-b957-6bcb5eaf40b3"}, "status": 200, "user": "9942c672b9354771@lampenwelt.de", "timestamp": "2019-04-02T07:54:57.856192", "browser": "chrome", "browser-platform": "windows", "browser-version": "73.0.3683.86"}
{"method": "GET", "path": "/dashboards/_last_successful_import", "endpoint": "dashboards.last_successful_import", "view-args": {}, "status": 200, "user": "9942c672b9354771@lampenwelt.de", "timestamp": "2019-04-02T07:54:57.856892", "browser": "chrome", "browser-platform": "windows", "browser-version": "73.0.3683.86"}
{"method": "GET", "path": "/dashboards/_render_async_sql_query/2ce59a9b-65d8-4362-9297-657835565480", "endpoint": "dashboards.render_async_sql_query", "view-args": {"id": "2ce59a9b-65d8-4362-9297-657835565480"}, "status": 200, "user": "9942c672b9354771@lampenwelt.de", "timestamp": "2019-04-02T07:54:57.877544", "browser": "chrome", "browser-platform": "windows", "browser-version": "73.0.3683.86"}
{"method": "GET", "path": "/dashboards/_render_async_sql_query/67405fae-03e2-4274-ac79-eeee602db9df", "endpoint": "dashboards.render_async_sql_query", "view-args": {"id": "67405fae-03e2-4274-ac79-eeee602db9df"}, "status": 200, "user": "9942c672b9354771@lampenwelt.de", "timestamp": "2019-04-02T07:54:57.877822", "browser": "chrome", "browser-platform": "windows", "browser-version": "73.0.3683.86"}
{"method": "POST", "path": "/dashboards/sales-comparison", "endpoint": "dashboards.view_dashboard", "view-args": {"id": "sales-comparison"}, "status": 200, "user": "9942c672b9354771@lampenwelt.de", "timestamp": "2019-04-02T07:55:02.901309", "browser": "chrome", "browser-platform": "windows", "browser-version": "73.0.3683.86"}
{"method": "GET", "path": "/dashboards/_render_async_sql_query/a781229b-2462-4da1-b298-4538cb65b047", "endpoint": "dashboards.render_async_sql_query", "view-args": {"id": "a781229b-2462-4da1-b298-4538cb65b047"}, "status": 200, "user": "9942c672b9354771@lampenwelt.de", "timestamp": "2019-04-02T07:55:03.056045", "browser": "chrome", "browser-platform": "windows", "browser-version": "73.0.3683.86"}
{"method": "GET", "path": "/dashboards/_render_async_sql_query/155683c5-14a8-4431-8359-320ba740a57a", "endpoint": "dashboards.render_async_sql_query", "view-args": {"id": "155683c5-14a8-4431-8359-320ba740a57a"}, "status": 200, "user": "9942c672b9354771@lampenwelt.de", "timestamp": "2019-04-02T07:55:03.056146", "browser": "chrome", "browser-platform": "windows", "browser-version": "73.0.3683.86"}
{"method": "GET", "path": "/dashboards/_render_async_sql_query/3938933a-14c6-4f61-9689-fa9d28813b1a", "endpoint": "dashboards.render_async_sql_query", "view-args": {"id": "3938933a-14c6-4f61-9689-fa9d28813b1a"}, "status": 200, "user": "9942c672b9354771@lampenwelt.de", "timestamp": "2019-04-02T07:55:03.062866", "browser": "chrome", "browser-platform": "windows", "browser-version": "73.0.3683.86"}
{"method": "GET", "path": "/dashboards/_last_marketing_cost/sales-comparison", "endpoint": "dashboards.last_marketing_cost", "view-args": {"id": "sales-comparison"}, "status": 200, "user": "9942c672b9354771@lampenwelt.de", "timestamp": "2019-04-02T07:55:03.069652", "browser": "chrome", "browser-platform": "windows", "browser-version": "73.0.3683.86"}
{"method": "GET", "path": "/dashboards/_render_async_sql_query/0c72fc45-7cd1-481a-9588-a82f7edd30ac", "endpoint": "dashboards.render_async_sql_query", "view-args": {"id": "0c72fc45-7cd1-481a-9588-a82f7edd30ac"}, "status": 200, "user": "9942c672b9354771@lampenwelt.de", "timestamp": "2019-04-02T07:55:03.075075", "browser": "chrome", "browser-platform": "windows", "browser-version": "73.0.3683.86"}
{"method": "GET", "path": "/dashboards/_last_successful_import", "endpoint": "dashboards.last_successful_import", "view-args": {}, "status": 200, "user": "9942c672b9354771@lampenwelt.de", "timestamp": "2019-04-02T07:55:03.075567", "browser": "chrome", "browser-platform": "windows", "browser-version": "73.0.3683.86"}
{"method": "GET", "path": "/dashboards/_render_async_sql_query/3b43555a-4704-45bb-b92c-265417172688", "endpoint": "dashboards.render_async_sql_query", "view-args": {"id": "3b43555a-4704-45bb-b92c-265417172688"}, "status": 200, "user": "9942c672b9354771@lampenwelt.de", "timestamp": "2019-04-02T07:55:03.093512", "browser": "chrome", "browser-platform": "windows", "browser-version": "73.0.3683.86"}
{"method": "GET", "path": "/dashboards/_render_async_sql_query/7f961af1-0445-4a82-b69b-2b274ba328cd", "endpoint": "dashboards.render_async_sql_query", "view-args": {"id": "7f961af1-0445-4a82-b69b-2b274ba328cd"}, "status": 200, "user": "9942c672b9354771@lampenwelt.de", "timestamp": "2019-04-02T07:55:03.100230", "browser": "chrome", "browser-platform": "windows", "browser-version": "73.0.3683.86"}
