{"method": "GET", "path": "/dashboards/marketing-overview", "endpoint": "dashboards.view_dashboard", "view-args": {"id": "marketing-overview"}, "status": 200, "user": "6efd081691a44e5f@lampenwelt.de", "timestamp": "2019-04-02T17:30:35.701513", "browser": "chrome", "browser-platform": "windows", "browser-version": "73.0.3683.86"}
{"method": "GET", "path": "/dashboards/_render_async_sql_query/2f43e962-254a-4e6e-8051-17307cd62836", "endpoint": "dashboards.render_async_sql_query", "view-args": {"id": "2f43e962-254a-4e6e-8051-17307cd62836"}, "status": 200, "user": "6efd081691a44e5f@lampenwelt.de", "timestamp": "2019-04-02T17:30:36.018868", "browser": "chrome", "browser-platform": "windows", "browser-version": "73.0.3683.86"}
{"method": "GET", "path": "/dashboards/_render_async_sql_query/6a61303c-98f4-47b4-9368-2fd6c577ba6d", "endpoint": "dashboards.render_async_sql_query", "view-args": {"id": "6a61303c-98f4-47b4-9368-2fd6c577ba6d"}, "status": 200, "user": "6efd081691a44e5f@lampenwelt.de", "timestamp": "2019-04-02T17:30:36.022098", "browser": "chrome", "browser-platform": "windows", "browser-version": "73.0.3683.86"}
{"method": "GET", "path": "/dashboards/_render_async_sql_query/eb820ad2-e610-4aae-836a-c74488ee1a1c", "endpoint": "dashboards.render_async_sql_query", "view-args": {"id": "eb820ad2-e610-4aae-836a-c74488ee1a1c"}, "status": 200, "user": "6efd081691a44e5f@lampenwelt.de", "timestamp": "2019-04-02T17:30:36.022302", "browser": "chrome", "browser-platform": "windows", "browser-version": "73.0.3683.86"}
{"method": "GET", "path": "/dashboards/_last_successful_import", "endpoint": "dashboards.last_successful_import", "view-args": {}, "status": 200, "user": "6efd081691a44e5f@lampenwelt.de", "timestamp": "2019-04-02T17:30:36.036625", "browser": "chrome", "browser-platform": "windows", "browser-version": "73.0.3683.86"}
{"method": "GET", "path": "/dashboards/_last_marketing_cost/marketing-overview", "endpoint": "dashboards.last_marketing_cost", "view-args": {"id": "marketing-overview"}, "status": 200, "user": "6efd081691a44e5f@lampenwelt.de", "timestamp": "2019-04-02T17:30:36.039136", "browser": "chrome", "browser-platform": "windows", "browser-version": "73.0.3683.86"}
{"method": "GET", "path": "/dashboards/_render_async_sql_query/c98a4cd9-1258-41af-a136-a6011111f06e", "endpoint": "dashboards.render_async_sql_query", "view-args": {"id": "c98a4cd9-1258-41af-a136-a6011111f06e"}, "status": 200, "user": "6efd081691a44e5f@lampenwelt.de", "timestamp": "2019-04-02T17:30:36.044008", "browser": "chrome", "browser-platform": "windows", "browser-version": "73.0.3683.86"}
{"method": "GET", "path": "/dashboards/_render_async_sql_query/c3440d86-0869-4da4-98e0-14209fc2ffbf", "endpoint": "dashboards.render_async_sql_query", "view-args": {"id": "c3440d86-0869-4da4-98e0-14209fc2ffbf"}, "status": 200, "user": "6efd081691a44e5f@lampenwelt.de", "timestamp": "2019-04-02T17:30:36.065001", "browser": "chrome", "browser-platform": "windows", "browser-version": "73.0.3683.86"}
{"method": "GET", "path": "/dashboards/_render_async_sql_query/25c91ad3-ac7b-42a4-9e45-ea231a63e804", "endpoint": "dashboards.render_async_sql_query", "view-args": {"id": "25c91ad3-ac7b-42a4-9e45-ea231a63e804"}, "status": 200, "user": "6efd081691a44e5f@lampenwelt.de", "timestamp": "2019-04-02T17:30:36.068127", "browser": "chrome", "browser-platform": "windows", "browser-version": "73.0.3683.86"}
{"method": "GET", "path": "/dashboards/_render_async_sql_query/786e729f-3b40-49eb-a5c9-cefa7f8ea232", "endpoint": "dashboards.render_async_sql_query", "view-args": {"id": "786e729f-3b40-49eb-a5c9-cefa7f8ea232"}, "status": 200, "user": "6efd081691a44e5f@lampenwelt.de", "timestamp": "2019-04-02T17:30:36.072640", "browser": "chrome", "browser-platform": "windows", "browser-version": "73.0.3683.86"}
{"method": "GET", "path": "/dashboards/_render_async_sql_query/3025af8a-4649-4816-b8fb-7e119d066ab2", "endpoint": "dashboards.render_async_sql_query", "view-args": {"id": "3025af8a-4649-4816-b8fb-7e119d066ab2"}, "status": 200, "user": "6efd081691a44e5f@lampenwelt.de", "timestamp": "2019-04-02T17:30:36.127500", "browser": "chrome", "browser-platform": "windows", "browser-version": "73.0.3683.86"}
{"method": "GET", "path": "/dashboards/_render_async_sql_query/9756adfb-dcb9-4cdd-bf36-5f0399f67a80", "endpoint": "dashboards.render_async_sql_query", "view-args": {"id": "9756adfb-dcb9-4cdd-bf36-5f0399f67a80"}, "status": 200, "user": "6efd081691a44e5f@lampenwelt.de", "timestamp": "2019-04-02T17:30:36.129985", "browser": "chrome", "browser-platform": "windows", "browser-version": "73.0.3683.86"}
{"method": "GET", "path": "/dashboards/_render_async_sql_query/80897c7a-8eb9-437c-9cbf-d5de4a0337ec", "endpoint": "dashboards.render_async_sql_query", "view-args": {"id": "80897c7a-8eb9-437c-9cbf-d5de4a0337ec"}, "status": 200, "user": "6efd081691a44e5f@lampenwelt.de", "timestamp": "2019-04-02T17:30:36.130844", "browser": "chrome", "browser-platform": "windows", "browser-version": "73.0.3683.86"}
{"method": "GET", "path": "/dashboards/_render_async_sql_query/f5f61a3e-83b4-41d0-9c3c-1059e17c0ab0", "endpoint": "dashboards.render_async_sql_query", "view-args": {"id": "f5f61a3e-83b4-41d0-9c3c-1059e17c0ab0"}, "status": 200, "user": "6efd081691a44e5f@lampenwelt.de", "timestamp": "2019-04-02T17:30:36.150328", "browser": "chrome", "browser-platform": "windows", "browser-version": "73.0.3683.86"}
{"method": "GET", "path": "/dashboards/_render_async_sql_query/a4862e16-4a9f-4d7e-aa7d-59ef6bd08d75", "endpoint": "dashboards.render_async_sql_query", "view-args": {"id": "a4862e16-4a9f-4d7e-aa7d-59ef6bd08d75"}, "status": 200, "user": "6efd081691a44e5f@lampenwelt.de", "timestamp": "2019-04-02T17:30:36.168728", "browser": "chrome", "browser-platform": "windows", "browser-version": "73.0.3683.86"}
{"method": "GET", "path": "/dashboards/_render_async_sql_query/94d0b35c-81f7-4258-abb8-fec0a00a66d2", "endpoint": "dashboards.render_async_sql_query", "view-args": {"id": "94d0b35c-81f7-4258-abb8-fec0a00a66d2"}, "status": 200, "user": "6efd081691a44e5f@lampenwelt.de", "timestamp": "2019-04-02T17:30:36.173210", "browser": "chrome", "browser-platform": "windows", "browser-version": "73.0.3683.86"}
{"method": "GET", "path": "/dashboards/_render_async_sql_query/2e18750c-3c7a-44eb-be85-6c211a4d40a2", "endpoint": "dashboards.render_async_sql_query", "view-args": {"id": "2e18750c-3c7a-44eb-be85-6c211a4d40a2"}, "status": 200, "user": "6efd081691a44e5f@lampenwelt.de", "timestamp": "2019-04-02T17:30:36.186046", "browser": "chrome", "browser-platform": "windows", "browser-version": "73.0.3683.86"}
{"method": "GET", "path": "/dashboards/_render_async_sql_query/8ee21bbf-214b-4a8e-a579-6011ab133d89", "endpoint": "dashboards.render_async_sql_query", "view-args": {"id": "8ee21bbf-214b-4a8e-a579-6011ab133d89"}, "status": 200, "user": "6efd081691a44e5f@lampenwelt.de", "timestamp": "2019-04-02T17:30:36.194082", "browser": "chrome", "browser-platform": "windows", "browser-version": "73.0.3683.86"}
{"method": "GET", "path": "/dashboards/_render_async_sql_query/1d847295-eaf8-487a-829d-f3df9b887481", "endpoint": "dashboards.render_async_sql_query", "view-args": {"id": "1d847295-eaf8-487a-829d-f3df9b887481"}, "status": 200, "user": "6efd081691a44e5f@lampenwelt.de", "timestamp": "2019-04-02T17:30:36.207907", "browser": "chrome", "browser-platform": "windows", "browser-version": "73.0.3683.86"}
{"method": "GET", "path": "/mondrian/saiku", "endpoint": "py_mondrian.saiku", "view-args": {}, "status": 302, "user": "6efd081691a44e5f@lampenwelt.de", "timestamp": "2019-04-02T17:30:39.174527", "browser": "chrome", "browser-platform": "windows", "browser-version": "73.0.3683.86"}
{"method": "POST", "path": "/mondrian/saiku/authorize", "endpoint": "py_mondrian.saiku_authorize", "view-args": {}, "status": 200, "user": "35675e68f4b5af7b@localhost", "timestamp": "2019-04-02T17:30:46.299025", "browser": null, "browser-platform": null, "browser-version": null}
{"method": "POST", "path": "/mondrian/saiku/authorize", "endpoint": "py_mondrian.saiku_authorize", "view-args": {}, "status": 200, "user": "35675e68f4b5af7b@localhost", "timestamp": "2019-04-02T17:30:46.299174", "browser": null, "browser-platform": null, "browser-version": null}
{"method": "POST", "path": "/mondrian/saiku/authorize", "endpoint": "py_mondrian.saiku_authorize", "view-args": {}, "status": 200, "user": "35675e68f4b5af7b@localhost", "timestamp": "2019-04-02T17:30:46.305830", "browser": null, "browser-platform": null, "browser-version": null}
{"method": "POST", "path": "/mondrian/saiku/authorize", "endpoint": "py_mondrian.saiku_authorize", "view-args": {}, "status": 200, "user": "35675e68f4b5af7b@localhost", "timestamp": "2019-04-02T17:30:46.307403", "browser": null, "browser-platform": null, "browser-version": null}
{"method": "POST", "path": "/mondrian/saiku/authorize", "endpoint": "py_mondrian.saiku_authorize", "view-args": {}, "status": 200, "user": "35675e68f4b5af7b@localhost", "timestamp": "2019-04-02T17:30:46.308943", "browser": null, "browser-platform": null, "browser-version": null}
{"method": "POST", "path": "/mondrian/saiku/authorize", "endpoint": "py_mondrian.saiku_authorize", "view-args": {}, "status": 200, "user": "35675e68f4b5af7b@localhost", "timestamp": "2019-04-02T17:30:46.315402", "browser": null, "browser-platform": null, "browser-version": null}
{"method": "POST", "path": "/mondrian/saiku/authorize", "endpoint": "py_mondrian.saiku_authorize", "view-args": {}, "status": 200, "user": "35675e68f4b5af7b@localhost", "timestamp": "2019-04-02T17:30:46.864503", "browser": null, "browser-platform": null, "browser-version": null}
