{"method": "POST", "path": "/dashboards/sales-comparison", "endpoint": "dashboards.view_dashboard", "view-args": {"id": "sales-comparison"}, "status": 200, "user": "4cc33a8ae3d9bb44@lampenwelt.de", "timestamp": "2019-03-22T17:23:54.055162", "browser": "chrome", "browser-platform": "windows", "browser-version": "72.0.3626.121"}
{"method": "GET", "path": "/dashboards/_render_async_sql_query/44917059-d6f8-47d7-abfb-7da3edb9cc53", "endpoint": "dashboards.render_async_sql_query", "view-args": {"id": "44917059-d6f8-47d7-abfb-7da3edb9cc53"}, "status": 200, "user": "4cc33a8ae3d9bb44@lampenwelt.de", "timestamp": "2019-03-22T17:23:54.430126", "browser": "chrome", "browser-platform": "windows", "browser-version": "72.0.3626.121"}
{"method": "GET", "path": "/dashboards/_render_async_sql_query/81a4cded-3fa3-494e-8b4f-78d956cbeb59", "endpoint": "dashboards.render_async_sql_query", "view-args": {"id": "81a4cded-3fa3-494e-8b4f-78d956cbeb59"}, "status": 200, "user": "4cc33a8ae3d9bb44@lampenwelt.de", "timestamp": "2019-03-22T17:23:54.433455", "browser": "chrome", "browser-platform": "windows", "browser-version": "72.0.3626.121"}
{"method": "GET", "path": "/dashboards/_render_async_sql_query/bf5b8991-b525-4d34-954d-726084edea69", "endpoint": "dashboards.render_async_sql_query", "view-args": {"id": "bf5b8991-b525-4d34-954d-726084edea69"}, "status": 200, "user": "4cc33a8ae3d9bb44@lampenwelt.de", "timestamp": "2019-03-22T17:23:54.446223", "browser": "chrome", "browser-platform": "windows", "browser-version": "72.0.3626.121"}
{"method": "GET", "path": "/dashboards/_render_async_sql_query/6ce2a357-a787-4c65-941d-e042da7cf45b", "endpoint": "dashboards.render_async_sql_query", "view-args": {"id": "6ce2a357-a787-4c65-941d-e042da7cf45b"}, "status": 200, "user": "4cc33a8ae3d9bb44@lampenwelt.de", "timestamp": "2019-03-22T17:23:54.451219", "browser": "chrome", "browser-platform": "windows", "browser-version": "72.0.3626.121"}
{"method": "GET", "path": "/dashboards/_last_marketing_cost/sales-comparison", "endpoint": "dashboards.last_marketing_cost", "view-args": {"id": "sales-comparison"}, "status": 200, "user": "4cc33a8ae3d9bb44@lampenwelt.de", "timestamp": "2019-03-22T17:23:54.454083", "browser": "chrome", "browser-platform": "windows", "browser-version": "72.0.3626.121"}
{"method": "GET", "path": "/dashboards/_last_successful_import", "endpoint": "dashboards.last_successful_import", "view-args": {}, "status": 200, "user": "4cc33a8ae3d9bb44@lampenwelt.de", "timestamp": "2019-03-22T17:23:54.455942", "browser": "chrome", "browser-platform": "windows", "browser-version": "72.0.3626.121"}
{"method": "GET", "path": "/dashboards/_render_async_sql_query/df7291dd-e7cb-4dbb-81df-c32cdcd6af17", "endpoint": "dashboards.render_async_sql_query", "view-args": {"id": "df7291dd-e7cb-4dbb-81df-c32cdcd6af17"}, "status": 200, "user": "4cc33a8ae3d9bb44@lampenwelt.de", "timestamp": "2019-03-22T17:23:54.520760", "browser": "chrome", "browser-platform": "windows", "browser-version": "72.0.3626.121"}
{"method": "GET", "path": "/dashboards/_render_async_sql_query/bd9bdd6f-b7cc-4424-8dca-5de7768cf766", "endpoint": "dashboards.render_async_sql_query", "view-args": {"id": "bd9bdd6f-b7cc-4424-8dca-5de7768cf766"}, "status": 200, "user": "4cc33a8ae3d9bb44@lampenwelt.de", "timestamp": "2019-03-22T17:23:54.522682", "browser": "chrome", "browser-platform": "windows", "browser-version": "72.0.3626.121"}
