{"method": "GET", "path": "/dashboards/marketing-channel-overview", "endpoint": "dashboards.view_dashboard", "view-args": {"id": "marketing-channel-overview"}, "status": 500, "user": "dbf168a72424e699@lampenwelt.de", "timestamp": "2019-04-24T10:01:43.401357", "browser": "chrome", "browser-platform": "windows", "browser-version": "73.0.3683.103"}
{"method": "GET", "path": "/dashboards/sales-comparison", "endpoint": "dashboards.view_dashboard", "view-args": {"id": "sales-comparison"}, "status": 200, "user": "dbf168a72424e699@lampenwelt.de", "timestamp": "2019-04-24T10:01:49.942870", "browser": "chrome", "browser-platform": "windows", "browser-version": "73.0.3683.103"}
{"method": "GET", "path": "/dashboards/_render_async_sql_query/6b6c6628-0c47-4490-ab57-af137973736e", "endpoint": "dashboards.render_async_sql_query", "view-args": {"id": "6b6c6628-0c47-4490-ab57-af137973736e"}, "status": 200, "user": "dbf168a72424e699@lampenwelt.de", "timestamp": "2019-04-24T10:01:50.284012", "browser": "chrome", "browser-platform": "windows", "browser-version": "73.0.3683.103"}
{"method": "GET", "path": "/dashboards/_render_async_sql_query/10b40161-999a-43a4-8594-a5deff80e3cd", "endpoint": "dashboards.render_async_sql_query", "view-args": {"id": "10b40161-999a-43a4-8594-a5deff80e3cd"}, "status": 200, "user": "dbf168a72424e699@lampenwelt.de", "timestamp": "2019-04-24T10:01:50.284374", "browser": "chrome", "browser-platform": "windows", "browser-version": "73.0.3683.103"}
{"method": "GET", "path": "/dashboards/_render_async_sql_query/f9cb80ba-ea92-4be3-a34d-6d26db12d721", "endpoint": "dashboards.render_async_sql_query", "view-args": {"id": "f9cb80ba-ea92-4be3-a34d-6d26db12d721"}, "status": 200, "user": "dbf168a72424e699@lampenwelt.de", "timestamp": "2019-04-24T10:01:50.290995", "browser": "chrome", "browser-platform": "windows", "browser-version": "73.0.3683.103"}
{"method": "GET", "path": "/dashboards/_last_marketing_cost/sales-comparison", "endpoint": "dashboards.last_marketing_cost", "view-args": {"id": "sales-comparison"}, "status": 200, "user": "dbf168a72424e699@lampenwelt.de", "timestamp": "2019-04-24T10:01:50.300847", "browser": "chrome", "browser-platform": "windows", "browser-version": "73.0.3683.103"}
{"method": "GET", "path": "/dashboards/_last_successful_import", "endpoint": "dashboards.last_successful_import", "view-args": {}, "status": 200, "user": "dbf168a72424e699@lampenwelt.de", "timestamp": "2019-04-24T10:01:50.301775", "browser": "chrome", "browser-platform": "windows", "browser-version": "73.0.3683.103"}
{"method": "GET", "path": "/dashboards/_render_async_sql_query/f5a69a05-dd50-425c-a712-b7a629763d56", "endpoint": "dashboards.render_async_sql_query", "view-args": {"id": "f5a69a05-dd50-425c-a712-b7a629763d56"}, "status": 200, "user": "dbf168a72424e699@lampenwelt.de", "timestamp": "2019-04-24T10:01:50.307078", "browser": "chrome", "browser-platform": "windows", "browser-version": "73.0.3683.103"}
{"method": "GET", "path": "/dashboards/_render_async_sql_query/5a63b643-4676-454a-b49c-b304fa100ced", "endpoint": "dashboards.render_async_sql_query", "view-args": {"id": "5a63b643-4676-454a-b49c-b304fa100ced"}, "status": 200, "user": "dbf168a72424e699@lampenwelt.de", "timestamp": "2019-04-24T10:01:50.394191", "browser": "chrome", "browser-platform": "windows", "browser-version": "73.0.3683.103"}
{"method": "GET", "path": "/dashboards/_render_async_sql_query/3945d506-3cd5-4b1e-a8af-54431f0fe288", "endpoint": "dashboards.render_async_sql_query", "view-args": {"id": "3945d506-3cd5-4b1e-a8af-54431f0fe288"}, "status": 200, "user": "dbf168a72424e699@lampenwelt.de", "timestamp": "2019-04-24T10:01:50.396475", "browser": "chrome", "browser-platform": "windows", "browser-version": "73.0.3683.103"}
{"method": "POST", "path": "/mondrian/saiku/authorize", "endpoint": "py_mondrian.saiku_authorize", "view-args": {}, "status": 200, "user": "35675e68f4b5af7b@localhost", "timestamp": "2019-04-24T10:03:06.304261", "browser": null, "browser-platform": null, "browser-version": null}
{"method": "GET", "path": "/data-integration/data_transformation", "endpoint": "data_integration.node_page", "view-args": {"path": "data_transformation"}, "status": 200, "user": "67151590075fb3ec@lampenwelt.de", "timestamp": "2019-04-24T10:04:12.280609", "browser": "chrome", "browser-platform": "windows", "browser-version": "73.0.3683.86"}
{"method": "GET", "path": "/data-integration/data_transformation", "endpoint": "data_integration.node_page", "view-args": {"path": "data_transformation"}, "status": 200, "user": "67151590075fb3ec@lampenwelt.de", "timestamp": "2019-04-24T10:04:12.537600", "browser": "chrome", "browser-platform": "windows", "browser-version": "73.0.3683.86"}
{"method": "GET", "path": "/data-integration/data_transformation/dependency-graph", "endpoint": "data_integration.dependency_graph", "view-args": {"path": "data_transformation"}, "status": 200, "user": "67151590075fb3ec@lampenwelt.de", "timestamp": "2019-04-24T10:04:12.815646", "browser": "chrome", "browser-platform": "windows", "browser-version": "73.0.3683.86"}
{"method": "GET", "path": "/data-integration/data_transformation/last-runs-selector", "endpoint": "data_integration.last_runs_selector", "view-args": {"path": "data_transformation"}, "status": 200, "user": "67151590075fb3ec@lampenwelt.de", "timestamp": "2019-04-24T10:04:12.845612", "browser": "chrome", "browser-platform": "windows", "browser-version": "73.0.3683.86"}
{"method": "GET", "path": "/data-integration/data_transformation/system-stats", "endpoint": "data_integration.system_stats", "view-args": {"path": "data_transformation", "run_id": null}, "status": 200, "user": "67151590075fb3ec@lampenwelt.de", "timestamp": "2019-04-24T10:04:12.921329", "browser": "chrome", "browser-platform": "windows", "browser-version": "73.0.3683.86"}
{"method": "GET", "path": "/data-integration/data_transformation/run-time-chart", "endpoint": "data_integration.run_time_chart", "view-args": {"path": "data_transformation"}, "status": 200, "user": "67151590075fb3ec@lampenwelt.de", "timestamp": "2019-04-24T10:04:12.963566", "browser": "chrome", "browser-platform": "windows", "browser-version": "73.0.3683.86"}
{"method": "GET", "path": "/data-integration/data_transformation/timeline-chart", "endpoint": "data_integration.timeline_chart", "view-args": {"path": "data_transformation", "run_id": null}, "status": 200, "user": "67151590075fb3ec@lampenwelt.de", "timestamp": "2019-04-24T10:04:13.044333", "browser": "chrome", "browser-platform": "windows", "browser-version": "73.0.3683.86"}
{"method": "GET", "path": "/data-integration/data_transformation/run-output-limited", "endpoint": "data_integration.run_output", "view-args": {"path": "data_transformation", "run_id": null, "limit": true}, "status": 200, "user": "67151590075fb3ec@lampenwelt.de", "timestamp": "2019-04-24T10:04:13.137507", "browser": "chrome", "browser-platform": "windows", "browser-version": "73.0.3683.86"}
{"method": "GET", "path": "/data-integration/data_transformation/pipeline-children-table", "endpoint": "data_integration.pipeline_children_table", "view-args": {"path": "data_transformation"}, "status": 200, "user": "67151590075fb3ec@lampenwelt.de", "timestamp": "2019-04-24T10:04:15.183784", "browser": "chrome", "browser-platform": "windows", "browser-version": "73.0.3683.86"}
{"method": "GET", "path": "/mondrian", "endpoint": "py_mondrian.schema_page", "view-args": {}, "status": 200, "user": "67151590075fb3ec@lampenwelt.de", "timestamp": "2019-04-24T10:04:24.957711", "browser": "chrome", "browser-platform": "windows", "browser-version": "73.0.3683.86"}
{"method": "GET", "path": "/mondrian/graph/Business targets", "endpoint": "py_mondrian.measures_graph", "view-args": {"cube_name": "Business targets"}, "status": 200, "user": "67151590075fb3ec@lampenwelt.de", "timestamp": "2019-04-24T10:04:25.182582", "browser": "chrome", "browser-platform": "windows", "browser-version": "73.0.3683.86"}
{"method": "GET", "path": "/mondrian/graph/Ad performance", "endpoint": "py_mondrian.measures_graph", "view-args": {"cube_name": "Ad performance"}, "status": 200, "user": "67151590075fb3ec@lampenwelt.de", "timestamp": "2019-04-24T10:04:25.192519", "browser": "chrome", "browser-platform": "windows", "browser-version": "73.0.3683.86"}
{"method": "GET", "path": "/mondrian/graph/Awin performance", "endpoint": "py_mondrian.measures_graph", "view-args": {"cube_name": "Awin performance"}, "status": 200, "user": "67151590075fb3ec@lampenwelt.de", "timestamp": "2019-04-24T10:04:25.205146", "browser": "chrome", "browser-platform": "windows", "browser-version": "73.0.3683.86"}
{"method": "GET", "path": "/mondrian/graph/Call center performance", "endpoint": "py_mondrian.measures_graph", "view-args": {"cube_name": "Call center performance"}, "status": 200, "user": "67151590075fb3ec@lampenwelt.de", "timestamp": "2019-04-24T10:04:25.248341", "browser": "chrome", "browser-platform": "windows", "browser-version": "73.0.3683.86"}
{"method": "GET", "path": "/mondrian/graph/Call center lost call", "endpoint": "py_mondrian.measures_graph", "view-args": {"cube_name": "Call center lost call"}, "status": 200, "user": "67151590075fb3ec@lampenwelt.de", "timestamp": "2019-04-24T10:04:25.250844", "browser": "chrome", "browser-platform": "windows", "browser-version": "73.0.3683.86"}
{"method": "GET", "path": "/mondrian/graph/Database size", "endpoint": "py_mondrian.measures_graph", "view-args": {"cube_name": "Database size"}, "status": 200, "user": "67151590075fb3ec@lampenwelt.de", "timestamp": "2019-04-24T10:04:25.285775", "browser": "chrome", "browser-platform": "windows", "browser-version": "73.0.3683.86"}
{"method": "GET", "path": "/mondrian/graph/Email performance", "endpoint": "py_mondrian.measures_graph", "view-args": {"cube_name": "Email performance"}, "status": 200, "user": "67151590075fb3ec@lampenwelt.de", "timestamp": "2019-04-24T10:04:25.313082", "browser": "chrome", "browser-platform": "windows", "browser-version": "73.0.3683.86"}
{"method": "GET", "path": "/mondrian/graph/Email contacts", "endpoint": "py_mondrian.measures_graph", "view-args": {"cube_name": "Email contacts"}, "status": 200, "user": "67151590075fb3ec@lampenwelt.de", "timestamp": "2019-04-24T10:04:25.327128", "browser": "chrome", "browser-platform": "windows", "browser-version": "73.0.3683.86"}
{"method": "GET", "path": "/mondrian/graph/Marketing cost", "endpoint": "py_mondrian.measures_graph", "view-args": {"cube_name": "Marketing cost"}, "status": 200, "user": "67151590075fb3ec@lampenwelt.de", "timestamp": "2019-04-24T10:04:25.366479", "browser": "chrome", "browser-platform": "windows", "browser-version": "73.0.3683.86"}
{"method": "GET", "path": "/mondrian/graph/Keywords", "endpoint": "py_mondrian.measures_graph", "view-args": {"cube_name": "Keywords"}, "status": 200, "user": "67151590075fb3ec@lampenwelt.de", "timestamp": "2019-04-24T10:04:25.370907", "browser": "chrome", "browser-platform": "windows", "browser-version": "73.0.3683.86"}
{"method": "GET", "path": "/mondrian/graph/Marketing touchpoints", "endpoint": "py_mondrian.measures_graph", "view-args": {"cube_name": "Marketing touchpoints"}, "status": 200, "user": "67151590075fb3ec@lampenwelt.de", "timestamp": "2019-04-24T10:04:25.390748", "browser": "chrome", "browser-platform": "windows", "browser-version": "73.0.3683.86"}
{"method": "GET", "path": "/mondrian/graph/Merged Customers", "endpoint": "py_mondrian.measures_graph", "view-args": {"cube_name": "Merged Customers"}, "status": 200, "user": "67151590075fb3ec@lampenwelt.de", "timestamp": "2019-04-24T10:04:25.422441", "browser": "chrome", "browser-platform": "windows", "browser-version": "73.0.3683.86"}
{"method": "GET", "path": "/mondrian/graph/Products", "endpoint": "py_mondrian.measures_graph", "view-args": {"cube_name": "Products"}, "status": 200, "user": "67151590075fb3ec@lampenwelt.de", "timestamp": "2019-04-24T10:04:25.435439", "browser": "chrome", "browser-platform": "windows", "browser-version": "73.0.3683.86"}
{"method": "GET", "path": "/mondrian/graph/Products online", "endpoint": "py_mondrian.measures_graph", "view-args": {"cube_name": "Products online"}, "status": 200, "user": "67151590075fb3ec@lampenwelt.de", "timestamp": "2019-04-24T10:04:25.446330", "browser": "chrome", "browser-platform": "windows", "browser-version": "73.0.3683.86"}
{"method": "GET", "path": "/mondrian/graph/Quotes", "endpoint": "py_mondrian.measures_graph", "view-args": {"cube_name": "Quotes"}, "status": 200, "user": "67151590075fb3ec@lampenwelt.de", "timestamp": "2019-04-24T10:04:25.473405", "browser": "chrome", "browser-platform": "windows", "browser-version": "73.0.3683.86"}
{"method": "GET", "path": "/mondrian/graph/Resources", "endpoint": "py_mondrian.measures_graph", "view-args": {"cube_name": "Resources"}, "status": 200, "user": "67151590075fb3ec@lampenwelt.de", "timestamp": "2019-04-24T10:04:25.499909", "browser": "chrome", "browser-platform": "windows", "browser-version": "73.0.3683.86"}
{"method": "GET", "path": "/mondrian/graph/Returns", "endpoint": "py_mondrian.measures_graph", "view-args": {"cube_name": "Returns"}, "status": 200, "user": "67151590075fb3ec@lampenwelt.de", "timestamp": "2019-04-24T10:04:25.503511", "browser": "chrome", "browser-platform": "windows", "browser-version": "73.0.3683.86"}
{"method": "GET", "path": "/mondrian/graph/Sales", "endpoint": "py_mondrian.measures_graph", "view-args": {"cube_name": "Sales"}, "status": 200, "user": "67151590075fb3ec@lampenwelt.de", "timestamp": "2019-04-24T10:04:25.546487", "browser": "chrome", "browser-platform": "windows", "browser-version": "73.0.3683.86"}
{"method": "GET", "path": "/mondrian/graph/User stats", "endpoint": "py_mondrian.measures_graph", "view-args": {"cube_name": "User stats"}, "status": 200, "user": "67151590075fb3ec@lampenwelt.de", "timestamp": "2019-04-24T10:04:25.550225", "browser": "chrome", "browser-platform": "windows", "browser-version": "73.0.3683.86"}
{"method": "GET", "path": "/mondrian/graph/Warehouse inventory", "endpoint": "py_mondrian.measures_graph", "view-args": {"cube_name": "Warehouse inventory"}, "status": 200, "user": "67151590075fb3ec@lampenwelt.de", "timestamp": "2019-04-24T10:04:25.568524", "browser": "chrome", "browser-platform": "windows", "browser-version": "73.0.3683.86"}
{"method": "GET", "path": "/mondrian/graph/Warehouse parcel", "endpoint": "py_mondrian.measures_graph", "view-args": {"cube_name": "Warehouse parcel"}, "status": 200, "user": "67151590075fb3ec@lampenwelt.de", "timestamp": "2019-04-24T10:04:25.612897", "browser": "chrome", "browser-platform": "windows", "browser-version": "73.0.3683.86"}
{"method": "GET", "path": "/mondrian/graph/Warehouse shipment", "endpoint": "py_mondrian.measures_graph", "view-args": {"cube_name": "Warehouse shipment"}, "status": 200, "user": "67151590075fb3ec@lampenwelt.de", "timestamp": "2019-04-24T10:04:25.632257", "browser": "chrome", "browser-platform": "windows", "browser-version": "73.0.3683.86"}
{"method": "GET", "path": "/mondrian/graph/Warehouse supplies", "endpoint": "py_mondrian.measures_graph", "view-args": {"cube_name": "Warehouse supplies"}, "status": 200, "user": "67151590075fb3ec@lampenwelt.de", "timestamp": "2019-04-24T10:04:25.634982", "browser": "chrome", "browser-platform": "windows", "browser-version": "73.0.3683.86"}
{"method": "GET", "path": "/mondrian/graph/Webshop performance", "endpoint": "py_mondrian.measures_graph", "view-args": {"cube_name": "Webshop performance"}, "status": 200, "user": "67151590075fb3ec@lampenwelt.de", "timestamp": "2019-04-24T10:04:25.677219", "browser": "chrome", "browser-platform": "windows", "browser-version": "73.0.3683.86"}
{"method": "GET", "path": "/mondrian/graph/Weekly Summary", "endpoint": "py_mondrian.measures_graph", "view-args": {"cube_name": "Weekly Summary"}, "status": 200, "user": "67151590075fb3ec@lampenwelt.de", "timestamp": "2019-04-24T10:04:25.684534", "browser": "chrome", "browser-platform": "windows", "browser-version": "73.0.3683.86"}
{"method": "GET", "path": "/mondrian/saiku", "endpoint": "py_mondrian.saiku", "view-args": {}, "status": 302, "user": "67151590075fb3ec@lampenwelt.de", "timestamp": "2019-04-24T10:07:04.265003", "browser": "chrome", "browser-platform": "windows", "browser-version": "73.0.3683.86"}
{"method": "POST", "path": "/mondrian/saiku/authorize", "endpoint": "py_mondrian.saiku_authorize", "view-args": {}, "status": 200, "user": "35675e68f4b5af7b@localhost", "timestamp": "2019-04-24T10:07:05.023443", "browser": null, "browser-platform": null, "browser-version": null}
{"method": "GET", "path": "/mondrian/excel", "endpoint": "py_mondrian.excel", "view-args": {}, "status": 200, "user": "9942c672b9354771@lampenwelt.de", "timestamp": "2019-04-24T10:07:23.090482", "browser": "chrome", "browser-platform": "windows", "browser-version": "73.0.3683.103"}
{"method": "POST", "path": "/mondrian/saiku/authorize", "endpoint": "py_mondrian.saiku_authorize", "view-args": {}, "status": 200, "user": "35675e68f4b5af7b@localhost", "timestamp": "2019-04-24T10:15:51.188285", "browser": null, "browser-platform": null, "browser-version": null}
{"method": "POST", "path": "/mondrian/saiku/authorize", "endpoint": "py_mondrian.saiku_authorize", "view-args": {}, "status": 200, "user": "35675e68f4b5af7b@localhost", "timestamp": "2019-04-24T10:15:51.189592", "browser": null, "browser-platform": null, "browser-version": null}
{"method": "POST", "path": "/mondrian/saiku/authorize", "endpoint": "py_mondrian.saiku_authorize", "view-args": {}, "status": 200, "user": "35675e68f4b5af7b@localhost", "timestamp": "2019-04-24T10:15:51.651266", "browser": null, "browser-platform": null, "browser-version": null}
{"method": "GET", "path": "/", "endpoint": "start_page.start_page", "view-args": {}, "status": 302, "user": "8ddc3db895b09a97@lampenwelt.de", "timestamp": "2019-04-24T10:19:28.798758", "browser": "chrome", "browser-platform": "windows", "browser-version": "73.0.3683.103"}
{"method": "GET", "path": "/dashboards/marketing-overview", "endpoint": "dashboards.view_dashboard", "view-args": {"id": "marketing-overview"}, "status": 200, "user": "8ddc3db895b09a97@lampenwelt.de", "timestamp": "2019-04-24T10:19:30.002683", "browser": "chrome", "browser-platform": "windows", "browser-version": "73.0.3683.103"}
{"method": "GET", "path": "/dashboards/_render_async_sql_query/02c5742a-ea24-4ef4-aa8b-ea0b26c646a3", "endpoint": "dashboards.render_async_sql_query", "view-args": {"id": "02c5742a-ea24-4ef4-aa8b-ea0b26c646a3"}, "status": 200, "user": "8ddc3db895b09a97@lampenwelt.de", "timestamp": "2019-04-24T10:19:31.302125", "browser": "chrome", "browser-platform": "windows", "browser-version": "73.0.3683.103"}
{"method": "GET", "path": "/dashboards/_render_async_sql_query/9e522fab-b803-43e5-a33c-ad735f98a693", "endpoint": "dashboards.render_async_sql_query", "view-args": {"id": "9e522fab-b803-43e5-a33c-ad735f98a693"}, "status": 200, "user": "8ddc3db895b09a97@lampenwelt.de", "timestamp": "2019-04-24T10:19:31.312766", "browser": "chrome", "browser-platform": "windows", "browser-version": "73.0.3683.103"}
{"method": "GET", "path": "/dashboards/_last_successful_import", "endpoint": "dashboards.last_successful_import", "view-args": {}, "status": 200, "user": "8ddc3db895b09a97@lampenwelt.de", "timestamp": "2019-04-24T10:19:31.756146", "browser": "chrome", "browser-platform": "windows", "browser-version": "73.0.3683.103"}
{"method": "GET", "path": "/dashboards/_render_async_sql_query/88858b4f-cd66-4e65-9fc9-a9485c945d14", "endpoint": "dashboards.render_async_sql_query", "view-args": {"id": "88858b4f-cd66-4e65-9fc9-a9485c945d14"}, "status": 200, "user": "8ddc3db895b09a97@lampenwelt.de", "timestamp": "2019-04-24T10:19:31.760772", "browser": "chrome", "browser-platform": "windows", "browser-version": "73.0.3683.103"}
{"method": "GET", "path": "/dashboards/_render_async_sql_query/68dc75b3-598a-4811-ac00-fc46b5d96086", "endpoint": "dashboards.render_async_sql_query", "view-args": {"id": "68dc75b3-598a-4811-ac00-fc46b5d96086"}, "status": 200, "user": "8ddc3db895b09a97@lampenwelt.de", "timestamp": "2019-04-24T10:19:31.775484", "browser": "chrome", "browser-platform": "windows", "browser-version": "73.0.3683.103"}
{"method": "GET", "path": "/dashboards/_last_marketing_cost/marketing-overview", "endpoint": "dashboards.last_marketing_cost", "view-args": {"id": "marketing-overview"}, "status": 200, "user": "8ddc3db895b09a97@lampenwelt.de", "timestamp": "2019-04-24T10:19:31.779882", "browser": "chrome", "browser-platform": "windows", "browser-version": "73.0.3683.103"}
{"method": "GET", "path": "/dashboards/_render_async_sql_query/43ceb93d-7572-425d-8024-b46855aa50d1", "endpoint": "dashboards.render_async_sql_query", "view-args": {"id": "43ceb93d-7572-425d-8024-b46855aa50d1"}, "status": 200, "user": "8ddc3db895b09a97@lampenwelt.de", "timestamp": "2019-04-24T10:19:31.915181", "browser": "chrome", "browser-platform": "windows", "browser-version": "73.0.3683.103"}
{"method": "GET", "path": "/dashboards/_render_async_sql_query/85cf7efe-a8cd-48a5-8fe2-1e325763ddb3", "endpoint": "dashboards.render_async_sql_query", "view-args": {"id": "85cf7efe-a8cd-48a5-8fe2-1e325763ddb3"}, "status": 200, "user": "8ddc3db895b09a97@lampenwelt.de", "timestamp": "2019-04-24T10:19:31.918215", "browser": "chrome", "browser-platform": "windows", "browser-version": "73.0.3683.103"}
{"method": "GET", "path": "/dashboards/_render_async_sql_query/e62e6ce0-504d-4d7f-ba39-2c2ae570f858", "endpoint": "dashboards.render_async_sql_query", "view-args": {"id": "e62e6ce0-504d-4d7f-ba39-2c2ae570f858"}, "status": 200, "user": "8ddc3db895b09a97@lampenwelt.de", "timestamp": "2019-04-24T10:19:31.958373", "browser": "chrome", "browser-platform": "windows", "browser-version": "73.0.3683.103"}
{"method": "GET", "path": "/dashboards/_render_async_sql_query/23607395-bd8e-41c6-b15a-661024c803da", "endpoint": "dashboards.render_async_sql_query", "view-args": {"id": "23607395-bd8e-41c6-b15a-661024c803da"}, "status": 200, "user": "8ddc3db895b09a97@lampenwelt.de", "timestamp": "2019-04-24T10:19:32.029753", "browser": "chrome", "browser-platform": "windows", "browser-version": "73.0.3683.103"}
{"method": "GET", "path": "/dashboards/_render_async_sql_query/3e22c0df-0b77-4658-b745-aebf06fccae5", "endpoint": "dashboards.render_async_sql_query", "view-args": {"id": "3e22c0df-0b77-4658-b745-aebf06fccae5"}, "status": 200, "user": "8ddc3db895b09a97@lampenwelt.de", "timestamp": "2019-04-24T10:19:32.035096", "browser": "chrome", "browser-platform": "windows", "browser-version": "73.0.3683.103"}
{"method": "GET", "path": "/dashboards/_render_async_sql_query/bcbb517a-9ffd-44cb-8d0a-5dc9139152a2", "endpoint": "dashboards.render_async_sql_query", "view-args": {"id": "bcbb517a-9ffd-44cb-8d0a-5dc9139152a2"}, "status": 200, "user": "8ddc3db895b09a97@lampenwelt.de", "timestamp": "2019-04-24T10:19:32.040211", "browser": "chrome", "browser-platform": "windows", "browser-version": "73.0.3683.103"}
{"method": "GET", "path": "/dashboards/_render_async_sql_query/d15af144-8e82-4957-afc5-43cf99106c41", "endpoint": "dashboards.render_async_sql_query", "view-args": {"id": "d15af144-8e82-4957-afc5-43cf99106c41"}, "status": 200, "user": "8ddc3db895b09a97@lampenwelt.de", "timestamp": "2019-04-24T10:19:32.092697", "browser": "chrome", "browser-platform": "windows", "browser-version": "73.0.3683.103"}
{"method": "GET", "path": "/dashboards/_render_async_sql_query/e23a4461-66e5-4dc7-bdf2-e3c78738bcd1", "endpoint": "dashboards.render_async_sql_query", "view-args": {"id": "e23a4461-66e5-4dc7-bdf2-e3c78738bcd1"}, "status": 200, "user": "8ddc3db895b09a97@lampenwelt.de", "timestamp": "2019-04-24T10:19:32.368898", "browser": "chrome", "browser-platform": "windows", "browser-version": "73.0.3683.103"}
{"method": "GET", "path": "/dashboards/_render_async_sql_query/cbadf0e2-7034-481b-8bda-9db3e5798f5d", "endpoint": "dashboards.render_async_sql_query", "view-args": {"id": "cbadf0e2-7034-481b-8bda-9db3e5798f5d"}, "status": 200, "user": "8ddc3db895b09a97@lampenwelt.de", "timestamp": "2019-04-24T10:19:32.387036", "browser": "chrome", "browser-platform": "windows", "browser-version": "73.0.3683.103"}
{"method": "GET", "path": "/dashboards/_render_async_sql_query/d3b697a9-7dac-4029-a669-9a1260857432", "endpoint": "dashboards.render_async_sql_query", "view-args": {"id": "d3b697a9-7dac-4029-a669-9a1260857432"}, "status": 200, "user": "8ddc3db895b09a97@lampenwelt.de", "timestamp": "2019-04-24T10:19:32.390708", "browser": "chrome", "browser-platform": "windows", "browser-version": "73.0.3683.103"}
{"method": "GET", "path": "/dashboards/_render_async_sql_query/c97b2b09-6612-46d1-bd16-fc63b2dcba28", "endpoint": "dashboards.render_async_sql_query", "view-args": {"id": "c97b2b09-6612-46d1-bd16-fc63b2dcba28"}, "status": 200, "user": "8ddc3db895b09a97@lampenwelt.de", "timestamp": "2019-04-24T10:19:32.423417", "browser": "chrome", "browser-platform": "windows", "browser-version": "73.0.3683.103"}
{"method": "GET", "path": "/dashboards/_render_async_sql_query/318130ee-526a-4431-a139-b8cafb461bf7", "endpoint": "dashboards.render_async_sql_query", "view-args": {"id": "318130ee-526a-4431-a139-b8cafb461bf7"}, "status": 200, "user": "8ddc3db895b09a97@lampenwelt.de", "timestamp": "2019-04-24T10:19:32.907773", "browser": "chrome", "browser-platform": "windows", "browser-version": "73.0.3683.103"}
{"method": "GET", "path": "/dashboards/marketing-crm-scorecard", "endpoint": "dashboards.view_dashboard", "view-args": {"id": "marketing-crm-scorecard"}, "status": 200, "user": "8ddc3db895b09a97@lampenwelt.de", "timestamp": "2019-04-24T10:19:42.102751", "browser": "chrome", "browser-platform": "windows", "browser-version": "73.0.3683.103"}
{"method": "GET", "path": "/dashboards/_render_async_sql_query/f70f65cf-ac6c-47fa-ae09-552756e7cd1c", "endpoint": "dashboards.render_async_sql_query", "view-args": {"id": "f70f65cf-ac6c-47fa-ae09-552756e7cd1c"}, "status": 200, "user": "8ddc3db895b09a97@lampenwelt.de", "timestamp": "2019-04-24T10:19:42.538113", "browser": "chrome", "browser-platform": "windows", "browser-version": "73.0.3683.103"}
{"method": "GET", "path": "/dashboards/_render_async_sql_query/2bd12be4-f514-448c-bc5b-2e87ac5ec966", "endpoint": "dashboards.render_async_sql_query", "view-args": {"id": "2bd12be4-f514-448c-bc5b-2e87ac5ec966"}, "status": 200, "user": "8ddc3db895b09a97@lampenwelt.de", "timestamp": "2019-04-24T10:19:42.540696", "browser": "chrome", "browser-platform": "windows", "browser-version": "73.0.3683.103"}
{"method": "GET", "path": "/dashboards/_render_async_sql_query/1e877dd1-8f46-41fc-8059-635faa6368b1", "endpoint": "dashboards.render_async_sql_query", "view-args": {"id": "1e877dd1-8f46-41fc-8059-635faa6368b1"}, "status": 200, "user": "8ddc3db895b09a97@lampenwelt.de", "timestamp": "2019-04-24T10:19:42.541034", "browser": "chrome", "browser-platform": "windows", "browser-version": "73.0.3683.103"}
{"method": "GET", "path": "/dashboards/_last_successful_import", "endpoint": "dashboards.last_successful_import", "view-args": {}, "status": 200, "user": "8ddc3db895b09a97@lampenwelt.de", "timestamp": "2019-04-24T10:19:42.562353", "browser": "chrome", "browser-platform": "windows", "browser-version": "73.0.3683.103"}
{"method": "GET", "path": "/dashboards/_last_marketing_cost/marketing-crm-scorecard", "endpoint": "dashboards.last_marketing_cost", "view-args": {"id": "marketing-crm-scorecard"}, "status": 200, "user": "8ddc3db895b09a97@lampenwelt.de", "timestamp": "2019-04-24T10:19:42.564382", "browser": "chrome", "browser-platform": "windows", "browser-version": "73.0.3683.103"}
{"method": "GET", "path": "/dashboards/_render_async_sql_query/ad9da466-4dd1-4198-a3a6-9136b82a4f8f", "endpoint": "dashboards.render_async_sql_query", "view-args": {"id": "ad9da466-4dd1-4198-a3a6-9136b82a4f8f"}, "status": 200, "user": "8ddc3db895b09a97@lampenwelt.de", "timestamp": "2019-04-24T10:19:42.575191", "browser": "chrome", "browser-platform": "windows", "browser-version": "73.0.3683.103"}
{"method": "GET", "path": "/dashboards/_render_async_sql_query/b7b9f896-128f-4cef-a631-27c8f8fec609", "endpoint": "dashboards.render_async_sql_query", "view-args": {"id": "b7b9f896-128f-4cef-a631-27c8f8fec609"}, "status": 200, "user": "8ddc3db895b09a97@lampenwelt.de", "timestamp": "2019-04-24T10:19:42.680911", "browser": "chrome", "browser-platform": "windows", "browser-version": "73.0.3683.103"}
{"method": "GET", "path": "/dashboards/_render_async_sql_query/d95a50f7-ba2f-448b-8acc-f5553a5401cc", "endpoint": "dashboards.render_async_sql_query", "view-args": {"id": "d95a50f7-ba2f-448b-8acc-f5553a5401cc"}, "status": 200, "user": "8ddc3db895b09a97@lampenwelt.de", "timestamp": "2019-04-24T10:19:42.681470", "browser": "chrome", "browser-platform": "windows", "browser-version": "73.0.3683.103"}
{"method": "GET", "path": "/dashboards/_render_async_sql_query/65a43861-f170-4d52-86d8-ab969cbe7f8f", "endpoint": "dashboards.render_async_sql_query", "view-args": {"id": "65a43861-f170-4d52-86d8-ab969cbe7f8f"}, "status": 200, "user": "8ddc3db895b09a97@lampenwelt.de", "timestamp": "2019-04-24T10:19:42.700625", "browser": "chrome", "browser-platform": "windows", "browser-version": "73.0.3683.103"}
{"method": "GET", "path": "/dashboards/_render_async_sql_query/3eede873-c853-41ac-a55f-5ae1e004ddd7", "endpoint": "dashboards.render_async_sql_query", "view-args": {"id": "3eede873-c853-41ac-a55f-5ae1e004ddd7"}, "status": 200, "user": "8ddc3db895b09a97@lampenwelt.de", "timestamp": "2019-04-24T10:19:42.738639", "browser": "chrome", "browser-platform": "windows", "browser-version": "73.0.3683.103"}
{"method": "GET", "path": "/dashboards/_render_async_sql_query/b1cd624c-3cdf-46aa-8351-c37556b762ba", "endpoint": "dashboards.render_async_sql_query", "view-args": {"id": "b1cd624c-3cdf-46aa-8351-c37556b762ba"}, "status": 200, "user": "8ddc3db895b09a97@lampenwelt.de", "timestamp": "2019-04-24T10:19:42.794571", "browser": "chrome", "browser-platform": "windows", "browser-version": "73.0.3683.103"}
{"method": "GET", "path": "/dashboards/_render_async_sql_query/22a2cadf-83e0-4562-b9e4-786e43ba7100", "endpoint": "dashboards.render_async_sql_query", "view-args": {"id": "22a2cadf-83e0-4562-b9e4-786e43ba7100"}, "status": 200, "user": "8ddc3db895b09a97@lampenwelt.de", "timestamp": "2019-04-24T10:19:42.812025", "browser": "chrome", "browser-platform": "windows", "browser-version": "73.0.3683.103"}
{"method": "GET", "path": "/dashboards/_render_async_sql_query/4cdd4cd7-2bc3-43e8-9946-e13cb2709da6", "endpoint": "dashboards.render_async_sql_query", "view-args": {"id": "4cdd4cd7-2bc3-43e8-9946-e13cb2709da6"}, "status": 200, "user": "8ddc3db895b09a97@lampenwelt.de", "timestamp": "2019-04-24T10:19:43.038829", "browser": "chrome", "browser-platform": "windows", "browser-version": "73.0.3683.103"}
{"method": "GET", "path": "/dashboards/_render_async_sql_query/d6657f36-0366-419e-9946-201b232917e4", "endpoint": "dashboards.render_async_sql_query", "view-args": {"id": "d6657f36-0366-419e-9946-201b232917e4"}, "status": 200, "user": "8ddc3db895b09a97@lampenwelt.de", "timestamp": "2019-04-24T10:19:43.055367", "browser": "chrome", "browser-platform": "windows", "browser-version": "73.0.3683.103"}
{"method": "GET", "path": "/dashboards/_render_async_sql_query/63f9c9e5-499f-45e3-af43-ec5c2087564d", "endpoint": "dashboards.render_async_sql_query", "view-args": {"id": "63f9c9e5-499f-45e3-af43-ec5c2087564d"}, "status": 200, "user": "8ddc3db895b09a97@lampenwelt.de", "timestamp": "2019-04-24T10:19:43.075924", "browser": "chrome", "browser-platform": "windows", "browser-version": "73.0.3683.103"}
{"method": "GET", "path": "/dashboards/_render_async_sql_query/5ba4ee57-3783-454c-b666-9451087c2b0e", "endpoint": "dashboards.render_async_sql_query", "view-args": {"id": "5ba4ee57-3783-454c-b666-9451087c2b0e"}, "status": 200, "user": "8ddc3db895b09a97@lampenwelt.de", "timestamp": "2019-04-24T10:19:43.079616", "browser": "chrome", "browser-platform": "windows", "browser-version": "73.0.3683.103"}
{"method": "GET", "path": "/dashboards/_render_async_sql_query/f408e602-f782-4ed9-8ecd-bc75d0312f7d", "endpoint": "dashboards.render_async_sql_query", "view-args": {"id": "f408e602-f782-4ed9-8ecd-bc75d0312f7d"}, "status": 200, "user": "8ddc3db895b09a97@lampenwelt.de", "timestamp": "2019-04-24T10:19:43.099051", "browser": "chrome", "browser-platform": "windows", "browser-version": "73.0.3683.103"}
{"method": "GET", "path": "/dashboards/_render_async_sql_query/ab0981fb-73bc-47a0-a8da-aa2d02a28399", "endpoint": "dashboards.render_async_sql_query", "view-args": {"id": "ab0981fb-73bc-47a0-a8da-aa2d02a28399"}, "status": 200, "user": "8ddc3db895b09a97@lampenwelt.de", "timestamp": "2019-04-24T10:19:43.115266", "browser": "chrome", "browser-platform": "windows", "browser-version": "73.0.3683.103"}
{"method": "GET", "path": "/dashboards/_render_async_sql_query/483076fe-81a4-4e51-b34d-bc5cba3f1d0d", "endpoint": "dashboards.render_async_sql_query", "view-args": {"id": "483076fe-81a4-4e51-b34d-bc5cba3f1d0d"}, "status": 200, "user": "8ddc3db895b09a97@lampenwelt.de", "timestamp": "2019-04-24T10:19:43.136027", "browser": "chrome", "browser-platform": "windows", "browser-version": "73.0.3683.103"}
{"method": "GET", "path": "/dashboards/_render_async_sql_query/9bc20615-95cb-44af-adc0-6ab66a017dd3", "endpoint": "dashboards.render_async_sql_query", "view-args": {"id": "9bc20615-95cb-44af-adc0-6ab66a017dd3"}, "status": 200, "user": "8ddc3db895b09a97@lampenwelt.de", "timestamp": "2019-04-24T10:19:43.142441", "browser": "chrome", "browser-platform": "windows", "browser-version": "73.0.3683.103"}
{"method": "GET", "path": "/dashboards/_render_async_sql_query/300b86e7-4013-457d-bd1c-249e85276393", "endpoint": "dashboards.render_async_sql_query", "view-args": {"id": "300b86e7-4013-457d-bd1c-249e85276393"}, "status": 200, "user": "8ddc3db895b09a97@lampenwelt.de", "timestamp": "2019-04-24T10:19:43.174457", "browser": "chrome", "browser-platform": "windows", "browser-version": "73.0.3683.103"}
{"method": "GET", "path": "/dashboards/_render_async_sql_query/ebeeb043-86bd-449a-8a11-7d3f5d91d755", "endpoint": "dashboards.render_async_sql_query", "view-args": {"id": "ebeeb043-86bd-449a-8a11-7d3f5d91d755"}, "status": 200, "user": "8ddc3db895b09a97@lampenwelt.de", "timestamp": "2019-04-24T10:19:43.193235", "browser": "chrome", "browser-platform": "windows", "browser-version": "73.0.3683.103"}
{"method": "POST", "path": "/dashboards/marketing-crm-scorecard", "endpoint": "dashboards.view_dashboard", "view-args": {"id": "marketing-crm-scorecard"}, "status": 200, "user": "8ddc3db895b09a97@lampenwelt.de", "timestamp": "2019-04-24T10:20:02.686336", "browser": "chrome", "browser-platform": "windows", "browser-version": "73.0.3683.103"}
{"method": "GET", "path": "/dashboards/_render_async_sql_query/cb508ff1-5ba2-484b-a450-9d3c00fbc630", "endpoint": "dashboards.render_async_sql_query", "view-args": {"id": "cb508ff1-5ba2-484b-a450-9d3c00fbc630"}, "status": 200, "user": "8ddc3db895b09a97@lampenwelt.de", "timestamp": "2019-04-24T10:20:03.152751", "browser": "chrome", "browser-platform": "windows", "browser-version": "73.0.3683.103"}
{"method": "GET", "path": "/dashboards/_render_async_sql_query/057b6ee4-17ca-48c9-8e32-dbfd2d037a77", "endpoint": "dashboards.render_async_sql_query", "view-args": {"id": "057b6ee4-17ca-48c9-8e32-dbfd2d037a77"}, "status": 200, "user": "8ddc3db895b09a97@lampenwelt.de", "timestamp": "2019-04-24T10:20:03.157312", "browser": "chrome", "browser-platform": "windows", "browser-version": "73.0.3683.103"}
{"method": "GET", "path": "/dashboards/_render_async_sql_query/a7489377-88d3-48dc-8e3c-8d86ce0d5dbb", "endpoint": "dashboards.render_async_sql_query", "view-args": {"id": "a7489377-88d3-48dc-8e3c-8d86ce0d5dbb"}, "status": 200, "user": "8ddc3db895b09a97@lampenwelt.de", "timestamp": "2019-04-24T10:20:03.174999", "browser": "chrome", "browser-platform": "windows", "browser-version": "73.0.3683.103"}
{"method": "GET", "path": "/dashboards/_last_successful_import", "endpoint": "dashboards.last_successful_import", "view-args": {}, "status": 200, "user": "8ddc3db895b09a97@lampenwelt.de", "timestamp": "2019-04-24T10:20:03.185360", "browser": "chrome", "browser-platform": "windows", "browser-version": "73.0.3683.103"}
{"method": "GET", "path": "/dashboards/_last_marketing_cost/marketing-crm-scorecard", "endpoint": "dashboards.last_marketing_cost", "view-args": {"id": "marketing-crm-scorecard"}, "status": 200, "user": "8ddc3db895b09a97@lampenwelt.de", "timestamp": "2019-04-24T10:20:03.196361", "browser": "chrome", "browser-platform": "windows", "browser-version": "73.0.3683.103"}
{"method": "GET", "path": "/dashboards/_render_async_sql_query/bdfbfc64-674b-478c-a208-6450bcf205c0", "endpoint": "dashboards.render_async_sql_query", "view-args": {"id": "bdfbfc64-674b-478c-a208-6450bcf205c0"}, "status": 200, "user": "8ddc3db895b09a97@lampenwelt.de", "timestamp": "2019-04-24T10:20:03.242261", "browser": "chrome", "browser-platform": "windows", "browser-version": "73.0.3683.103"}
{"method": "GET", "path": "/dashboards/_render_async_sql_query/998f2f31-55bf-4baa-9e64-1b433fab23b3", "endpoint": "dashboards.render_async_sql_query", "view-args": {"id": "998f2f31-55bf-4baa-9e64-1b433fab23b3"}, "status": 200, "user": "8ddc3db895b09a97@lampenwelt.de", "timestamp": "2019-04-24T10:20:03.287263", "browser": "chrome", "browser-platform": "windows", "browser-version": "73.0.3683.103"}
{"method": "GET", "path": "/dashboards/_render_async_sql_query/02dbc7e8-b681-4338-8b43-bb4e84bafc3c", "endpoint": "dashboards.render_async_sql_query", "view-args": {"id": "02dbc7e8-b681-4338-8b43-bb4e84bafc3c"}, "status": 200, "user": "8ddc3db895b09a97@lampenwelt.de", "timestamp": "2019-04-24T10:20:03.337904", "browser": "chrome", "browser-platform": "windows", "browser-version": "73.0.3683.103"}
{"method": "GET", "path": "/dashboards/_render_async_sql_query/0c264a32-2dae-4594-b846-4fc4b6ae8b93", "endpoint": "dashboards.render_async_sql_query", "view-args": {"id": "0c264a32-2dae-4594-b846-4fc4b6ae8b93"}, "status": 200, "user": "8ddc3db895b09a97@lampenwelt.de", "timestamp": "2019-04-24T10:20:03.338667", "browser": "chrome", "browser-platform": "windows", "browser-version": "73.0.3683.103"}
{"method": "GET", "path": "/dashboards/_render_async_sql_query/10dae337-5b4b-40b1-8214-70ad8230b6ac", "endpoint": "dashboards.render_async_sql_query", "view-args": {"id": "10dae337-5b4b-40b1-8214-70ad8230b6ac"}, "status": 200, "user": "8ddc3db895b09a97@lampenwelt.de", "timestamp": "2019-04-24T10:20:03.365008", "browser": "chrome", "browser-platform": "windows", "browser-version": "73.0.3683.103"}
{"method": "GET", "path": "/dashboards/_render_async_sql_query/3c965a76-7944-4368-8bef-67a3ffd45666", "endpoint": "dashboards.render_async_sql_query", "view-args": {"id": "3c965a76-7944-4368-8bef-67a3ffd45666"}, "status": 200, "user": "8ddc3db895b09a97@lampenwelt.de", "timestamp": "2019-04-24T10:20:03.405349", "browser": "chrome", "browser-platform": "windows", "browser-version": "73.0.3683.103"}
{"method": "GET", "path": "/dashboards/_render_async_sql_query/de3b0e74-eea5-4cf2-8d1d-c2acbae9668f", "endpoint": "dashboards.render_async_sql_query", "view-args": {"id": "de3b0e74-eea5-4cf2-8d1d-c2acbae9668f"}, "status": 200, "user": "8ddc3db895b09a97@lampenwelt.de", "timestamp": "2019-04-24T10:20:03.672256", "browser": "chrome", "browser-platform": "windows", "browser-version": "73.0.3683.103"}
{"method": "GET", "path": "/dashboards/_render_async_sql_query/3a729e7e-a755-45fc-9ced-dc3b41333227", "endpoint": "dashboards.render_async_sql_query", "view-args": {"id": "3a729e7e-a755-45fc-9ced-dc3b41333227"}, "status": 200, "user": "8ddc3db895b09a97@lampenwelt.de", "timestamp": "2019-04-24T10:20:03.686719", "browser": "chrome", "browser-platform": "windows", "browser-version": "73.0.3683.103"}
{"method": "GET", "path": "/dashboards/_render_async_sql_query/82d6854c-0d45-4652-8c8b-fb99d703cb16", "endpoint": "dashboards.render_async_sql_query", "view-args": {"id": "82d6854c-0d45-4652-8c8b-fb99d703cb16"}, "status": 200, "user": "8ddc3db895b09a97@lampenwelt.de", "timestamp": "2019-04-24T10:20:03.718544", "browser": "chrome", "browser-platform": "windows", "browser-version": "73.0.3683.103"}
{"method": "GET", "path": "/dashboards/_render_async_sql_query/13185735-4dd0-44cb-8d96-2e192df55531", "endpoint": "dashboards.render_async_sql_query", "view-args": {"id": "13185735-4dd0-44cb-8d96-2e192df55531"}, "status": 200, "user": "8ddc3db895b09a97@lampenwelt.de", "timestamp": "2019-04-24T10:20:03.752454", "browser": "chrome", "browser-platform": "windows", "browser-version": "73.0.3683.103"}
{"method": "GET", "path": "/dashboards/_render_async_sql_query/80f48e68-6a96-427a-8189-bfe7e0cde902", "endpoint": "dashboards.render_async_sql_query", "view-args": {"id": "80f48e68-6a96-427a-8189-bfe7e0cde902"}, "status": 200, "user": "8ddc3db895b09a97@lampenwelt.de", "timestamp": "2019-04-24T10:20:03.785184", "browser": "chrome", "browser-platform": "windows", "browser-version": "73.0.3683.103"}
{"method": "GET", "path": "/dashboards/_render_async_sql_query/9eddd47b-e090-4013-a444-142c8ebf0720", "endpoint": "dashboards.render_async_sql_query", "view-args": {"id": "9eddd47b-e090-4013-a444-142c8ebf0720"}, "status": 200, "user": "8ddc3db895b09a97@lampenwelt.de", "timestamp": "2019-04-24T10:20:03.828044", "browser": "chrome", "browser-platform": "windows", "browser-version": "73.0.3683.103"}
{"method": "GET", "path": "/dashboards/_render_async_sql_query/e0a5d158-0446-4d85-aff2-36b6d1bc96ca", "endpoint": "dashboards.render_async_sql_query", "view-args": {"id": "e0a5d158-0446-4d85-aff2-36b6d1bc96ca"}, "status": 200, "user": "8ddc3db895b09a97@lampenwelt.de", "timestamp": "2019-04-24T10:20:03.871707", "browser": "chrome", "browser-platform": "windows", "browser-version": "73.0.3683.103"}
{"method": "GET", "path": "/dashboards/_render_async_sql_query/63c413e2-5176-4d58-90e7-690d19d02a32", "endpoint": "dashboards.render_async_sql_query", "view-args": {"id": "63c413e2-5176-4d58-90e7-690d19d02a32"}, "status": 200, "user": "8ddc3db895b09a97@lampenwelt.de", "timestamp": "2019-04-24T10:20:03.896874", "browser": "chrome", "browser-platform": "windows", "browser-version": "73.0.3683.103"}
{"method": "GET", "path": "/dashboards/_render_async_sql_query/d81688a5-c168-46db-9bd2-98fe9c4c0f69", "endpoint": "dashboards.render_async_sql_query", "view-args": {"id": "d81688a5-c168-46db-9bd2-98fe9c4c0f69"}, "status": 200, "user": "8ddc3db895b09a97@lampenwelt.de", "timestamp": "2019-04-24T10:20:03.919078", "browser": "chrome", "browser-platform": "windows", "browser-version": "73.0.3683.103"}
{"method": "GET", "path": "/dashboards/_render_async_sql_query/a58a8184-53a5-47b8-93d3-697f676aa957", "endpoint": "dashboards.render_async_sql_query", "view-args": {"id": "a58a8184-53a5-47b8-93d3-697f676aa957"}, "status": 200, "user": "8ddc3db895b09a97@lampenwelt.de", "timestamp": "2019-04-24T10:20:03.923544", "browser": "chrome", "browser-platform": "windows", "browser-version": "73.0.3683.103"}
{"method": "GET", "path": "/dashboards/_render_async_sql_query/7c30a645-dc69-4471-a299-6cddf47d0e13", "endpoint": "dashboards.render_async_sql_query", "view-args": {"id": "7c30a645-dc69-4471-a299-6cddf47d0e13"}, "status": 200, "user": "8ddc3db895b09a97@lampenwelt.de", "timestamp": "2019-04-24T10:20:03.964911", "browser": "chrome", "browser-platform": "windows", "browser-version": "73.0.3683.103"}
{"method": "POST", "path": "/mondrian/excel/authorize", "endpoint": "py_mondrian.excel_authorize", "view-args": {}, "status": 200, "user": "35675e68f4b5af7b@localhost", "timestamp": "2019-04-24T10:20:32.251826", "browser": null, "browser-platform": null, "browser-version": null}
{"method": "GET", "path": "/mondrian/excel", "endpoint": "py_mondrian.excel", "view-args": {}, "status": 200, "user": "8ddc3db895b09a97@lampenwelt.de", "timestamp": "2019-04-24T10:20:47.138706", "browser": "chrome", "browser-platform": "windows", "browser-version": "73.0.3683.103"}
{"method": "POST", "path": "/mondrian/excel/authorize", "endpoint": "py_mondrian.excel_authorize", "view-args": {}, "status": 200, "user": "35675e68f4b5af7b@localhost", "timestamp": "2019-04-24T10:21:21.742649", "browser": null, "browser-platform": null, "browser-version": null}
{"method": "POST", "path": "/mondrian/excel/authorize", "endpoint": "py_mondrian.excel_authorize", "view-args": {}, "status": 200, "user": "35675e68f4b5af7b@localhost", "timestamp": "2019-04-24T10:21:40.356170", "browser": null, "browser-platform": null, "browser-version": null}
{"method": "POST", "path": "/mondrian/excel/authorize", "endpoint": "py_mondrian.excel_authorize", "view-args": {}, "status": 200, "user": "35675e68f4b5af7b@localhost", "timestamp": "2019-04-24T10:21:51.524365", "browser": null, "browser-platform": null, "browser-version": null}
{"method": "POST", "path": "/mondrian/saiku/authorize", "endpoint": "py_mondrian.saiku_authorize", "view-args": {}, "status": 200, "user": "35675e68f4b5af7b@localhost", "timestamp": "2019-04-24T10:25:21.272767", "browser": null, "browser-platform": null, "browser-version": null}
{"method": "POST", "path": "/mondrian/saiku/authorize", "endpoint": "py_mondrian.saiku_authorize", "view-args": {}, "status": 200, "user": "35675e68f4b5af7b@localhost", "timestamp": "2019-04-24T10:25:21.278699", "browser": null, "browser-platform": null, "browser-version": null}
{"method": "POST", "path": "/mondrian/saiku/authorize", "endpoint": "py_mondrian.saiku_authorize", "view-args": {}, "status": 200, "user": "35675e68f4b5af7b@localhost", "timestamp": "2019-04-24T10:25:21.284930", "browser": null, "browser-platform": null, "browser-version": null}
{"method": "POST", "path": "/mondrian/saiku/authorize", "endpoint": "py_mondrian.saiku_authorize", "view-args": {}, "status": 200, "user": "35675e68f4b5af7b@localhost", "timestamp": "2019-04-24T10:25:21.293251", "browser": null, "browser-platform": null, "browser-version": null}
{"method": "POST", "path": "/mondrian/saiku/authorize", "endpoint": "py_mondrian.saiku_authorize", "view-args": {}, "status": 200, "user": "35675e68f4b5af7b@localhost", "timestamp": "2019-04-24T10:25:23.316607", "browser": null, "browser-platform": null, "browser-version": null}
{"method": "POST", "path": "/mondrian/saiku/authorize", "endpoint": "py_mondrian.saiku_authorize", "view-args": {}, "status": 200, "user": "35675e68f4b5af7b@localhost", "timestamp": "2019-04-24T10:40:50.980705", "browser": null, "browser-platform": null, "browser-version": null}
{"method": "POST", "path": "/mondrian/saiku/authorize", "endpoint": "py_mondrian.saiku_authorize", "view-args": {}, "status": 200, "user": "35675e68f4b5af7b@localhost", "timestamp": "2019-04-24T10:40:51.942019", "browser": null, "browser-platform": null, "browser-version": null}
{"method": "GET", "path": "/dashboards/sales-comparison", "endpoint": "dashboards.view_dashboard", "view-args": {"id": "sales-comparison"}, "status": 200, "user": "9942c672b9354771@lampenwelt.de", "timestamp": "2019-04-24T10:48:33.355555", "browser": "chrome", "browser-platform": "windows", "browser-version": "73.0.3683.103"}
{"method": "GET", "path": "/dashboards/_render_async_sql_query/bf0934c2-1615-4952-8b01-6a64c07a7c6c", "endpoint": "dashboards.render_async_sql_query", "view-args": {"id": "bf0934c2-1615-4952-8b01-6a64c07a7c6c"}, "status": 200, "user": "9942c672b9354771@lampenwelt.de", "timestamp": "2019-04-24T10:48:33.640177", "browser": "chrome", "browser-platform": "windows", "browser-version": "73.0.3683.103"}
{"method": "GET", "path": "/dashboards/_render_async_sql_query/237d0564-d927-47f9-a487-6f22eca6f3e4", "endpoint": "dashboards.render_async_sql_query", "view-args": {"id": "237d0564-d927-47f9-a487-6f22eca6f3e4"}, "status": 200, "user": "9942c672b9354771@lampenwelt.de", "timestamp": "2019-04-24T10:48:33.646230", "browser": "chrome", "browser-platform": "windows", "browser-version": "73.0.3683.103"}
{"method": "GET", "path": "/dashboards/_render_async_sql_query/19e428ff-db95-4bee-a855-1b329beaf1cb", "endpoint": "dashboards.render_async_sql_query", "view-args": {"id": "19e428ff-db95-4bee-a855-1b329beaf1cb"}, "status": 200, "user": "9942c672b9354771@lampenwelt.de", "timestamp": "2019-04-24T10:48:33.655631", "browser": "chrome", "browser-platform": "windows", "browser-version": "73.0.3683.103"}
{"method": "GET", "path": "/dashboards/_last_successful_import", "endpoint": "dashboards.last_successful_import", "view-args": {}, "status": 200, "user": "9942c672b9354771@lampenwelt.de", "timestamp": "2019-04-24T10:48:33.662042", "browser": "chrome", "browser-platform": "windows", "browser-version": "73.0.3683.103"}
{"method": "GET", "path": "/dashboards/_render_async_sql_query/a52aa334-950f-498f-a8ae-c6aa8b69f87c", "endpoint": "dashboards.render_async_sql_query", "view-args": {"id": "a52aa334-950f-498f-a8ae-c6aa8b69f87c"}, "status": 200, "user": "9942c672b9354771@lampenwelt.de", "timestamp": "2019-04-24T10:48:33.662444", "browser": "chrome", "browser-platform": "windows", "browser-version": "73.0.3683.103"}
{"method": "GET", "path": "/dashboards/_last_marketing_cost/sales-comparison", "endpoint": "dashboards.last_marketing_cost", "view-args": {"id": "sales-comparison"}, "status": 200, "user": "9942c672b9354771@lampenwelt.de", "timestamp": "2019-04-24T10:48:33.663974", "browser": "chrome", "browser-platform": "windows", "browser-version": "73.0.3683.103"}
{"method": "GET", "path": "/dashboards/_render_async_sql_query/d4f990fe-4c20-4bc7-8515-22eeb026fb52", "endpoint": "dashboards.render_async_sql_query", "view-args": {"id": "d4f990fe-4c20-4bc7-8515-22eeb026fb52"}, "status": 200, "user": "9942c672b9354771@lampenwelt.de", "timestamp": "2019-04-24T10:48:33.681897", "browser": "chrome", "browser-platform": "windows", "browser-version": "73.0.3683.103"}
{"method": "GET", "path": "/dashboards/_render_async_sql_query/c07d2efb-cf83-4311-ab79-ba598834c7fe", "endpoint": "dashboards.render_async_sql_query", "view-args": {"id": "c07d2efb-cf83-4311-ab79-ba598834c7fe"}, "status": 200, "user": "9942c672b9354771@lampenwelt.de", "timestamp": "2019-04-24T10:48:33.684767", "browser": "chrome", "browser-platform": "windows", "browser-version": "73.0.3683.103"}
{"method": "POST", "path": "/mondrian/saiku/authorize", "endpoint": "py_mondrian.saiku_authorize", "view-args": {}, "status": 200, "user": "35675e68f4b5af7b@localhost", "timestamp": "2019-04-24T10:49:13.281913", "browser": null, "browser-platform": null, "browser-version": null}
{"method": "POST", "path": "/mondrian/saiku/authorize", "endpoint": "py_mondrian.saiku_authorize", "view-args": {}, "status": 200, "user": "35675e68f4b5af7b@localhost", "timestamp": "2019-04-24T10:49:13.281947", "browser": null, "browser-platform": null, "browser-version": null}
{"method": "POST", "path": "/mondrian/saiku/authorize", "endpoint": "py_mondrian.saiku_authorize", "view-args": {}, "status": 200, "user": "35675e68f4b5af7b@localhost", "timestamp": "2019-04-24T10:49:13.460978", "browser": null, "browser-platform": null, "browser-version": null}
