{"method": "GET", "path": "/dashboards/sales-comparison", "endpoint": "dashboards.view_dashboard", "view-args": {"id": "sales-comparison"}, "status": 200, "user": "c28ba3a6195d9213@lampenwelt.de", "timestamp": "2019-04-24T16:17:37.142510", "browser": "chrome", "browser-platform": "windows", "browser-version": "74.0.3729.108"}
{"method": "GET", "path": "/dashboards/_render_async_sql_query/13e2b4a4-7f6a-4c9f-8753-c7dbcdd9aa6d", "endpoint": "dashboards.render_async_sql_query", "view-args": {"id": "13e2b4a4-7f6a-4c9f-8753-c7dbcdd9aa6d"}, "status": 200, "user": "c28ba3a6195d9213@lampenwelt.de", "timestamp": "2019-04-24T16:17:37.598731", "browser": "chrome", "browser-platform": "windows", "browser-version": "74.0.3729.108"}
{"method": "GET", "path": "/dashboards/_render_async_sql_query/0717404f-65e9-4d3a-a2d2-2b7611828bce", "endpoint": "dashboards.render_async_sql_query", "view-args": {"id": "0717404f-65e9-4d3a-a2d2-2b7611828bce"}, "status": 200, "user": "c28ba3a6195d9213@lampenwelt.de", "timestamp": "2019-04-24T16:17:37.599018", "browser": "chrome", "browser-platform": "windows", "browser-version": "74.0.3729.108"}
{"method": "GET", "path": "/dashboards/_render_async_sql_query/2af1848c-91de-4e67-8a23-c4649f6d944d", "endpoint": "dashboards.render_async_sql_query", "view-args": {"id": "2af1848c-91de-4e67-8a23-c4649f6d944d"}, "status": 200, "user": "c28ba3a6195d9213@lampenwelt.de", "timestamp": "2019-04-24T16:17:37.599015", "browser": "chrome", "browser-platform": "windows", "browser-version": "74.0.3729.108"}
{"method": "GET", "path": "/dashboards/_last_marketing_cost/sales-comparison", "endpoint": "dashboards.last_marketing_cost", "view-args": {"id": "sales-comparison"}, "status": 200, "user": "c28ba3a6195d9213@lampenwelt.de", "timestamp": "2019-04-24T16:17:37.608950", "browser": "chrome", "browser-platform": "windows", "browser-version": "74.0.3729.108"}
{"method": "GET", "path": "/dashboards/_last_successful_import", "endpoint": "dashboards.last_successful_import", "view-args": {}, "status": 200, "user": "c28ba3a6195d9213@lampenwelt.de", "timestamp": "2019-04-24T16:17:37.616364", "browser": "chrome", "browser-platform": "windows", "browser-version": "74.0.3729.108"}
{"method": "GET", "path": "/dashboards/_render_async_sql_query/fbfc79af-4405-4d60-a635-0bc165d81956", "endpoint": "dashboards.render_async_sql_query", "view-args": {"id": "fbfc79af-4405-4d60-a635-0bc165d81956"}, "status": 200, "user": "c28ba3a6195d9213@lampenwelt.de", "timestamp": "2019-04-24T16:17:37.621977", "browser": "chrome", "browser-platform": "windows", "browser-version": "74.0.3729.108"}
{"method": "GET", "path": "/dashboards/_render_async_sql_query/4d29dabe-bbdb-45c9-af2a-120a5a292732", "endpoint": "dashboards.render_async_sql_query", "view-args": {"id": "4d29dabe-bbdb-45c9-af2a-120a5a292732"}, "status": 200, "user": "c28ba3a6195d9213@lampenwelt.de", "timestamp": "2019-04-24T16:17:37.655685", "browser": "chrome", "browser-platform": "windows", "browser-version": "74.0.3729.108"}
{"method": "GET", "path": "/dashboards/_render_async_sql_query/e00b06d6-41db-4ac3-ad7f-9f75be9c85b9", "endpoint": "dashboards.render_async_sql_query", "view-args": {"id": "e00b06d6-41db-4ac3-ad7f-9f75be9c85b9"}, "status": 200, "user": "c28ba3a6195d9213@lampenwelt.de", "timestamp": "2019-04-24T16:17:37.657540", "browser": "chrome", "browser-platform": "windows", "browser-version": "74.0.3729.108"}
{"method": "GET", "path": "/product-performance-analyzer/_auto-complete/global_dim.sales_channel/country_region_code/", "endpoint": "product-performance-analyzer.auto_complete", "view-args": {"table_name": "global_dim.sales_channel", "column_name": "country_region_code"}, "status": 200, "user": "c28ba3a6195d9213@lampenwelt.de", "timestamp": "2019-04-24T16:20:24.545105", "browser": "chrome", "browser-platform": "windows", "browser-version": "74.0.3729.108"}
{"method": "POST", "path": "/dashboards/sales-comparison", "endpoint": "dashboards.view_dashboard", "view-args": {"id": "sales-comparison"}, "status": 200, "user": "c28ba3a6195d9213@lampenwelt.de", "timestamp": "2019-04-24T16:20:29.333520", "browser": "chrome", "browser-platform": "windows", "browser-version": "74.0.3729.108"}
{"method": "GET", "path": "/dashboards/_render_async_sql_query/448ce52b-be99-4c5f-ad3e-d0dc3eb446d0", "endpoint": "dashboards.render_async_sql_query", "view-args": {"id": "448ce52b-be99-4c5f-ad3e-d0dc3eb446d0"}, "status": 200, "user": "c28ba3a6195d9213@lampenwelt.de", "timestamp": "2019-04-24T16:20:30.836519", "browser": "chrome", "browser-platform": "windows", "browser-version": "74.0.3729.108"}
{"method": "GET", "path": "/dashboards/_render_async_sql_query/cba4ae09-017a-48d4-82ec-64474c8ab589", "endpoint": "dashboards.render_async_sql_query", "view-args": {"id": "cba4ae09-017a-48d4-82ec-64474c8ab589"}, "status": 200, "user": "c28ba3a6195d9213@lampenwelt.de", "timestamp": "2019-04-24T16:20:31.636608", "browser": "chrome", "browser-platform": "windows", "browser-version": "74.0.3729.108"}
{"method": "GET", "path": "/dashboards/_last_successful_import", "endpoint": "dashboards.last_successful_import", "view-args": {}, "status": 200, "user": "c28ba3a6195d9213@lampenwelt.de", "timestamp": "2019-04-24T16:20:31.657290", "browser": "chrome", "browser-platform": "windows", "browser-version": "74.0.3729.108"}
{"method": "GET", "path": "/dashboards/_last_marketing_cost/sales-comparison", "endpoint": "dashboards.last_marketing_cost", "view-args": {"id": "sales-comparison"}, "status": 200, "user": "c28ba3a6195d9213@lampenwelt.de", "timestamp": "2019-04-24T16:20:31.667379", "browser": "chrome", "browser-platform": "windows", "browser-version": "74.0.3729.108"}
{"method": "GET", "path": "/dashboards/_render_async_sql_query/a871c68f-5961-4ac5-9eed-5c9c964bb293", "endpoint": "dashboards.render_async_sql_query", "view-args": {"id": "a871c68f-5961-4ac5-9eed-5c9c964bb293"}, "status": 200, "user": "c28ba3a6195d9213@lampenwelt.de", "timestamp": "2019-04-24T16:20:31.953968", "browser": "chrome", "browser-platform": "windows", "browser-version": "74.0.3729.108"}
{"method": "GET", "path": "/dashboards/_render_async_sql_query/9cbda214-3b0d-457b-a3f2-3f724b01e810", "endpoint": "dashboards.render_async_sql_query", "view-args": {"id": "9cbda214-3b0d-457b-a3f2-3f724b01e810"}, "status": 200, "user": "c28ba3a6195d9213@lampenwelt.de", "timestamp": "2019-04-24T16:20:32.170220", "browser": "chrome", "browser-platform": "windows", "browser-version": "74.0.3729.108"}
{"method": "GET", "path": "/dashboards/_render_async_sql_query/f3436276-eacc-4deb-a9c9-1a39f7d24d88", "endpoint": "dashboards.render_async_sql_query", "view-args": {"id": "f3436276-eacc-4deb-a9c9-1a39f7d24d88"}, "status": 200, "user": "c28ba3a6195d9213@lampenwelt.de", "timestamp": "2019-04-24T16:20:32.759591", "browser": "chrome", "browser-platform": "windows", "browser-version": "74.0.3729.108"}
{"method": "GET", "path": "/dashboards/_render_async_sql_query/3d215159-c33e-444e-9999-d119e8e95b71", "endpoint": "dashboards.render_async_sql_query", "view-args": {"id": "3d215159-c33e-444e-9999-d119e8e95b71"}, "status": 200, "user": "c28ba3a6195d9213@lampenwelt.de", "timestamp": "2019-04-24T16:20:33.045462", "browser": "chrome", "browser-platform": "windows", "browser-version": "74.0.3729.108"}
