{"method": "GET", "path": "/product-performance-analyzer/_auto-complete/global_dim.product_category/category_name/", "endpoint": "product-performance-analyzer.auto_complete", "view-args": {"table_name": "global_dim.product_category", "column_name": "category_name"}, "status": 200, "user": "92cfcf45a7db7222@project-a.com", "timestamp": "2019-03-29T14:25:45.586365", "browser": "chrome", "browser-platform": "macos", "browser-version": "72.0.3626.121"}
{"method": "POST", "path": "/product-performance-analyzer/_render-mdx-request", "endpoint": "product-performance-analyzer.render_mdx_request", "view-args": {}, "status": 200, "user": "92cfcf45a7db7222@project-a.com", "timestamp": "2019-03-29T14:26:02.206300", "browser": "chrome", "browser-platform": "macos", "browser-version": "72.0.3626.121"}
