{"method": "GET", "path": "/", "endpoint": "start_page.start_page", "view-args": {}, "status": 302, "user": "77a89f0341001421@project-a.com", "timestamp": "2019-03-29T10:20:34.172007", "browser": "chrome", "browser-platform": "macos", "browser-version": "73.0.3683.86"}
{"method": "GET", "path": "/dashboards/marketing-overview", "endpoint": "dashboards.view_dashboard", "view-args": {"id": "marketing-overview"}, "status": 200, "user": "77a89f0341001421@project-a.com", "timestamp": "2019-03-29T10:20:34.471036", "browser": "chrome", "browser-platform": "macos", "browser-version": "73.0.3683.86"}
{"method": "GET", "path": "/dashboards/_render_async_sql_query/2bed0363-e9a5-4f46-af55-77a24fff901c", "endpoint": "dashboards.render_async_sql_query", "view-args": {"id": "2bed0363-e9a5-4f46-af55-77a24fff901c"}, "status": 200, "user": "77a89f0341001421@project-a.com", "timestamp": "2019-03-29T10:20:35.949996", "browser": "chrome", "browser-platform": "macos", "browser-version": "73.0.3683.86"}
{"method": "GET", "path": "/dashboards/_render_async_sql_query/a1b3f5c9-7522-44c2-8862-ac13bda0a2c2", "endpoint": "dashboards.render_async_sql_query", "view-args": {"id": "a1b3f5c9-7522-44c2-8862-ac13bda0a2c2"}, "status": 200, "user": "77a89f0341001421@project-a.com", "timestamp": "2019-03-29T10:20:35.956707", "browser": "chrome", "browser-platform": "macos", "browser-version": "73.0.3683.86"}
{"method": "GET", "path": "/dashboards/_render_async_sql_query/fb5d5382-dc07-4a18-8ca2-1bac3db80f4d", "endpoint": "dashboards.render_async_sql_query", "view-args": {"id": "fb5d5382-dc07-4a18-8ca2-1bac3db80f4d"}, "status": 200, "user": "77a89f0341001421@project-a.com", "timestamp": "2019-03-29T10:20:35.965136", "browser": "chrome", "browser-platform": "macos", "browser-version": "73.0.3683.86"}
{"method": "GET", "path": "/dashboards/_render_async_sql_query/2a4d8f3d-e1a3-43ea-a650-798ae7fc5603", "endpoint": "dashboards.render_async_sql_query", "view-args": {"id": "2a4d8f3d-e1a3-43ea-a650-798ae7fc5603"}, "status": 200, "user": "77a89f0341001421@project-a.com", "timestamp": "2019-03-29T10:20:35.978088", "browser": "chrome", "browser-platform": "macos", "browser-version": "73.0.3683.86"}
{"method": "GET", "path": "/dashboards/_last_successful_import", "endpoint": "dashboards.last_successful_import", "view-args": {}, "status": 200, "user": "77a89f0341001421@project-a.com", "timestamp": "2019-03-29T10:20:35.982592", "browser": "chrome", "browser-platform": "macos", "browser-version": "73.0.3683.86"}
{"method": "GET", "path": "/dashboards/_last_marketing_cost/marketing-overview", "endpoint": "dashboards.last_marketing_cost", "view-args": {"id": "marketing-overview"}, "status": 500, "user": "77a89f0341001421@project-a.com", "timestamp": "2019-03-29T10:20:36.095108", "browser": "chrome", "browser-platform": "macos", "browser-version": "73.0.3683.86"}
{"method": "GET", "path": "/dashboards/_render_async_sql_query/7f2087cd-823a-4b0a-b2e3-f24c75446c38", "endpoint": "dashboards.render_async_sql_query", "view-args": {"id": "7f2087cd-823a-4b0a-b2e3-f24c75446c38"}, "status": 200, "user": "77a89f0341001421@project-a.com", "timestamp": "2019-03-29T10:20:36.151946", "browser": "chrome", "browser-platform": "macos", "browser-version": "73.0.3683.86"}
{"method": "GET", "path": "/dashboards/_render_async_sql_query/36c87831-0397-4b69-82b0-b60abc2eedbe", "endpoint": "dashboards.render_async_sql_query", "view-args": {"id": "36c87831-0397-4b69-82b0-b60abc2eedbe"}, "status": 200, "user": "77a89f0341001421@project-a.com", "timestamp": "2019-03-29T10:20:36.152218", "browser": "chrome", "browser-platform": "macos", "browser-version": "73.0.3683.86"}
{"method": "GET", "path": "/dashboards/_render_async_sql_query/4c0aa8b2-a21e-4e1f-a0e8-5b00feabddc8", "endpoint": "dashboards.render_async_sql_query", "view-args": {"id": "4c0aa8b2-a21e-4e1f-a0e8-5b00feabddc8"}, "status": 200, "user": "77a89f0341001421@project-a.com", "timestamp": "2019-03-29T10:20:36.161717", "browser": "chrome", "browser-platform": "macos", "browser-version": "73.0.3683.86"}
{"method": "GET", "path": "/dashboards/_render_async_sql_query/350ec1ff-fa18-48cf-9f9b-c5b63940053c", "endpoint": "dashboards.render_async_sql_query", "view-args": {"id": "350ec1ff-fa18-48cf-9f9b-c5b63940053c"}, "status": 200, "user": "77a89f0341001421@project-a.com", "timestamp": "2019-03-29T10:20:36.283134", "browser": "chrome", "browser-platform": "macos", "browser-version": "73.0.3683.86"}
{"method": "GET", "path": "/dashboards/_render_async_sql_query/6eaa20ee-67d7-4734-a502-a5f6f6bd5b8e", "endpoint": "dashboards.render_async_sql_query", "view-args": {"id": "6eaa20ee-67d7-4734-a502-a5f6f6bd5b8e"}, "status": 200, "user": "77a89f0341001421@project-a.com", "timestamp": "2019-03-29T10:20:36.305041", "browser": "chrome", "browser-platform": "macos", "browser-version": "73.0.3683.86"}
{"method": "GET", "path": "/dashboards/_render_async_sql_query/558e99c1-bb14-438d-a41b-1354a4cff354", "endpoint": "dashboards.render_async_sql_query", "view-args": {"id": "558e99c1-bb14-438d-a41b-1354a4cff354"}, "status": 200, "user": "77a89f0341001421@project-a.com", "timestamp": "2019-03-29T10:20:36.310563", "browser": "chrome", "browser-platform": "macos", "browser-version": "73.0.3683.86"}
{"method": "GET", "path": "/dashboards/_render_async_sql_query/e8b54c08-e216-480d-9cad-e19c23d53325", "endpoint": "dashboards.render_async_sql_query", "view-args": {"id": "e8b54c08-e216-480d-9cad-e19c23d53325"}, "status": 200, "user": "77a89f0341001421@project-a.com", "timestamp": "2019-03-29T10:20:36.319201", "browser": "chrome", "browser-platform": "macos", "browser-version": "73.0.3683.86"}
{"method": "GET", "path": "/dashboards/_render_async_sql_query/5548c965-7ccf-4a3d-b0e4-3fc166328cfe", "endpoint": "dashboards.render_async_sql_query", "view-args": {"id": "5548c965-7ccf-4a3d-b0e4-3fc166328cfe"}, "status": 200, "user": "77a89f0341001421@project-a.com", "timestamp": "2019-03-29T10:20:36.617061", "browser": "chrome", "browser-platform": "macos", "browser-version": "73.0.3683.86"}
{"method": "GET", "path": "/dashboards/_render_async_sql_query/8608da7f-19e5-4ca5-be00-7532d875af98", "endpoint": "dashboards.render_async_sql_query", "view-args": {"id": "8608da7f-19e5-4ca5-be00-7532d875af98"}, "status": 200, "user": "77a89f0341001421@project-a.com", "timestamp": "2019-03-29T10:20:36.620739", "browser": "chrome", "browser-platform": "macos", "browser-version": "73.0.3683.86"}
{"method": "GET", "path": "/dashboards/_render_async_sql_query/20159c9e-84a7-43f3-ad9b-f488101478d9", "endpoint": "dashboards.render_async_sql_query", "view-args": {"id": "20159c9e-84a7-43f3-ad9b-f488101478d9"}, "status": 200, "user": "77a89f0341001421@project-a.com", "timestamp": "2019-03-29T10:20:36.625936", "browser": "chrome", "browser-platform": "macos", "browser-version": "73.0.3683.86"}
{"method": "GET", "path": "/dashboards/_render_async_sql_query/7eb8baf5-3e89-4836-a9bc-813cbe9b4d44", "endpoint": "dashboards.render_async_sql_query", "view-args": {"id": "7eb8baf5-3e89-4836-a9bc-813cbe9b4d44"}, "status": 200, "user": "77a89f0341001421@project-a.com", "timestamp": "2019-03-29T10:20:36.636453", "browser": "chrome", "browser-platform": "macos", "browser-version": "73.0.3683.86"}
{"method": "GET", "path": "/dashboards/_render_async_sql_query/f8a82de6-7582-459f-b9b6-bcf2358dc360", "endpoint": "dashboards.render_async_sql_query", "view-args": {"id": "f8a82de6-7582-459f-b9b6-bcf2358dc360"}, "status": 200, "user": "77a89f0341001421@project-a.com", "timestamp": "2019-03-29T10:20:36.795061", "browser": "chrome", "browser-platform": "macos", "browser-version": "73.0.3683.86"}
{"method": "GET", "path": "/", "endpoint": "start_page.start_page", "view-args": {}, "status": 302, "user": "78b858772f907e50@lampenwelt.de", "timestamp": "2019-03-29T10:21:23.983196", "browser": "chrome", "browser-platform": "windows", "browser-version": "73.0.3683.86"}
{"method": "GET", "path": "/dashboards/marketing-overview", "endpoint": "dashboards.view_dashboard", "view-args": {"id": "marketing-overview"}, "status": 200, "user": "78b858772f907e50@lampenwelt.de", "timestamp": "2019-03-29T10:21:24.230392", "browser": "chrome", "browser-platform": "windows", "browser-version": "73.0.3683.86"}
{"method": "GET", "path": "/", "endpoint": "start_page.start_page", "view-args": {}, "status": 302, "user": "78b858772f907e50@lampenwelt.de", "timestamp": "2019-03-29T10:21:24.230902", "browser": "chrome", "browser-platform": "windows", "browser-version": "73.0.3683.86"}
{"method": "GET", "path": "/dashboards/marketing-overview", "endpoint": "dashboards.view_dashboard", "view-args": {"id": "marketing-overview"}, "status": 200, "user": "78b858772f907e50@lampenwelt.de", "timestamp": "2019-03-29T10:21:24.446600", "browser": "chrome", "browser-platform": "windows", "browser-version": "73.0.3683.86"}
{"method": "GET", "path": "/dashboards/_render_async_sql_query/31122fb8-b363-416e-9a5d-8c6ccf2f140e", "endpoint": "dashboards.render_async_sql_query", "view-args": {"id": "31122fb8-b363-416e-9a5d-8c6ccf2f140e"}, "status": 200, "user": "78b858772f907e50@lampenwelt.de", "timestamp": "2019-03-29T10:21:24.934754", "browser": "chrome", "browser-platform": "windows", "browser-version": "73.0.3683.86"}
{"method": "GET", "path": "/dashboards/_render_async_sql_query/6ae43dd6-1181-4361-bfe6-7c5c17a5e156", "endpoint": "dashboards.render_async_sql_query", "view-args": {"id": "6ae43dd6-1181-4361-bfe6-7c5c17a5e156"}, "status": 200, "user": "78b858772f907e50@lampenwelt.de", "timestamp": "2019-03-29T10:21:24.936931", "browser": "chrome", "browser-platform": "windows", "browser-version": "73.0.3683.86"}
{"method": "GET", "path": "/dashboards/_render_async_sql_query/24ee6afd-7bcb-4d7d-8017-a5158bf26b8f", "endpoint": "dashboards.render_async_sql_query", "view-args": {"id": "24ee6afd-7bcb-4d7d-8017-a5158bf26b8f"}, "status": 200, "user": "78b858772f907e50@lampenwelt.de", "timestamp": "2019-03-29T10:21:24.960692", "browser": "chrome", "browser-platform": "windows", "browser-version": "73.0.3683.86"}
{"method": "GET", "path": "/dashboards/_last_successful_import", "endpoint": "dashboards.last_successful_import", "view-args": {}, "status": 200, "user": "78b858772f907e50@lampenwelt.de", "timestamp": "2019-03-29T10:21:24.965800", "browser": "chrome", "browser-platform": "windows", "browser-version": "73.0.3683.86"}
{"method": "GET", "path": "/dashboards/_render_async_sql_query/40350185-8ecb-4b92-89be-0e4a64180bff", "endpoint": "dashboards.render_async_sql_query", "view-args": {"id": "40350185-8ecb-4b92-89be-0e4a64180bff"}, "status": 200, "user": "78b858772f907e50@lampenwelt.de", "timestamp": "2019-03-29T10:21:24.966235", "browser": "chrome", "browser-platform": "windows", "browser-version": "73.0.3683.86"}
{"method": "GET", "path": "/dashboards/_render_async_sql_query/88d4c289-8267-4ca2-a958-4279958d9da9", "endpoint": "dashboards.render_async_sql_query", "view-args": {"id": "88d4c289-8267-4ca2-a958-4279958d9da9"}, "status": 200, "user": "78b858772f907e50@lampenwelt.de", "timestamp": "2019-03-29T10:21:25.034779", "browser": "chrome", "browser-platform": "windows", "browser-version": "73.0.3683.86"}
{"method": "GET", "path": "/dashboards/_render_async_sql_query/5618f255-605a-4abf-a99c-35db3bdd0da0", "endpoint": "dashboards.render_async_sql_query", "view-args": {"id": "5618f255-605a-4abf-a99c-35db3bdd0da0"}, "status": 200, "user": "78b858772f907e50@lampenwelt.de", "timestamp": "2019-03-29T10:21:25.044595", "browser": "chrome", "browser-platform": "windows", "browser-version": "73.0.3683.86"}
{"method": "GET", "path": "/dashboards/_last_marketing_cost/marketing-overview", "endpoint": "dashboards.last_marketing_cost", "view-args": {"id": "marketing-overview"}, "status": 500, "user": "78b858772f907e50@lampenwelt.de", "timestamp": "2019-03-29T10:21:25.049045", "browser": "chrome", "browser-platform": "windows", "browser-version": "73.0.3683.86"}
{"method": "GET", "path": "/dashboards/_render_async_sql_query/aee141f4-f9ad-4be5-820f-61412db6f253", "endpoint": "dashboards.render_async_sql_query", "view-args": {"id": "aee141f4-f9ad-4be5-820f-61412db6f253"}, "status": 200, "user": "78b858772f907e50@lampenwelt.de", "timestamp": "2019-03-29T10:21:25.062918", "browser": "chrome", "browser-platform": "windows", "browser-version": "73.0.3683.86"}
{"method": "GET", "path": "/dashboards/_render_async_sql_query/f996049f-84fa-4b06-ab0b-4e052065621c", "endpoint": "dashboards.render_async_sql_query", "view-args": {"id": "f996049f-84fa-4b06-ab0b-4e052065621c"}, "status": 200, "user": "78b858772f907e50@lampenwelt.de", "timestamp": "2019-03-29T10:21:25.071005", "browser": "chrome", "browser-platform": "windows", "browser-version": "73.0.3683.86"}
{"method": "GET", "path": "/dashboards/_render_async_sql_query/a6af7c91-fa40-4f63-959e-e75055a95504", "endpoint": "dashboards.render_async_sql_query", "view-args": {"id": "a6af7c91-fa40-4f63-959e-e75055a95504"}, "status": 200, "user": "78b858772f907e50@lampenwelt.de", "timestamp": "2019-03-29T10:21:25.246513", "browser": "chrome", "browser-platform": "windows", "browser-version": "73.0.3683.86"}
{"method": "GET", "path": "/dashboards/_render_async_sql_query/37407aab-aad8-40d3-a63f-e2dce36bfe51", "endpoint": "dashboards.render_async_sql_query", "view-args": {"id": "37407aab-aad8-40d3-a63f-e2dce36bfe51"}, "status": 200, "user": "78b858772f907e50@lampenwelt.de", "timestamp": "2019-03-29T10:21:25.247960", "browser": "chrome", "browser-platform": "windows", "browser-version": "73.0.3683.86"}
{"method": "GET", "path": "/dashboards/_render_async_sql_query/da1f9c87-25e4-4908-a771-26f4c206d76a", "endpoint": "dashboards.render_async_sql_query", "view-args": {"id": "da1f9c87-25e4-4908-a771-26f4c206d76a"}, "status": 200, "user": "78b858772f907e50@lampenwelt.de", "timestamp": "2019-03-29T10:21:25.259804", "browser": "chrome", "browser-platform": "windows", "browser-version": "73.0.3683.86"}
{"method": "GET", "path": "/dashboards/_render_async_sql_query/fa9ef5c2-3b85-4200-8229-8514eb05f4af", "endpoint": "dashboards.render_async_sql_query", "view-args": {"id": "fa9ef5c2-3b85-4200-8229-8514eb05f4af"}, "status": 200, "user": "78b858772f907e50@lampenwelt.de", "timestamp": "2019-03-29T10:21:25.269000", "browser": "chrome", "browser-platform": "windows", "browser-version": "73.0.3683.86"}
{"method": "GET", "path": "/dashboards/_render_async_sql_query/de71097e-e4e7-4b52-a0c0-89304fdfceea", "endpoint": "dashboards.render_async_sql_query", "view-args": {"id": "de71097e-e4e7-4b52-a0c0-89304fdfceea"}, "status": 200, "user": "78b858772f907e50@lampenwelt.de", "timestamp": "2019-03-29T10:21:25.343579", "browser": "chrome", "browser-platform": "windows", "browser-version": "73.0.3683.86"}
{"method": "GET", "path": "/dashboards/_render_async_sql_query/e28de8eb-172a-4356-81a2-88935b7d829a", "endpoint": "dashboards.render_async_sql_query", "view-args": {"id": "e28de8eb-172a-4356-81a2-88935b7d829a"}, "status": 200, "user": "78b858772f907e50@lampenwelt.de", "timestamp": "2019-03-29T10:21:25.350617", "browser": "chrome", "browser-platform": "windows", "browser-version": "73.0.3683.86"}
{"method": "GET", "path": "/dashboards/_render_async_sql_query/008922b9-517c-49f3-b3aa-c4dc1fc60a6e", "endpoint": "dashboards.render_async_sql_query", "view-args": {"id": "008922b9-517c-49f3-b3aa-c4dc1fc60a6e"}, "status": 200, "user": "78b858772f907e50@lampenwelt.de", "timestamp": "2019-03-29T10:21:25.357910", "browser": "chrome", "browser-platform": "windows", "browser-version": "73.0.3683.86"}
{"method": "GET", "path": "/dashboards/_render_async_sql_query/984b637d-e58a-4dee-a3bb-71c83c8288c7", "endpoint": "dashboards.render_async_sql_query", "view-args": {"id": "984b637d-e58a-4dee-a3bb-71c83c8288c7"}, "status": 200, "user": "78b858772f907e50@lampenwelt.de", "timestamp": "2019-03-29T10:21:25.368295", "browser": "chrome", "browser-platform": "windows", "browser-version": "73.0.3683.86"}
{"method": "GET", "path": "/product-performance-analyzer/", "endpoint": "product-performance-analyzer.product_filter_panel", "view-args": {}, "status": 200, "user": "78b858772f907e50@lampenwelt.de", "timestamp": "2019-03-29T10:21:27.792441", "browser": "chrome", "browser-platform": "windows", "browser-version": "73.0.3683.86"}
{"method": "GET", "path": "/product-performance-analyzer/_last_successful_import", "endpoint": "product-performance-analyzer.last_successful_import", "view-args": {}, "status": 200, "user": "78b858772f907e50@lampenwelt.de", "timestamp": "2019-03-29T10:21:28.211440", "browser": "chrome", "browser-platform": "windows", "browser-version": "73.0.3683.86"}
{"method": "POST", "path": "/product-performance-analyzer/_render-mdx-request", "endpoint": "product-performance-analyzer.render_mdx_request", "view-args": {}, "status": 200, "user": "78b858772f907e50@lampenwelt.de", "timestamp": "2019-03-29T10:21:37.664580", "browser": "chrome", "browser-platform": "windows", "browser-version": "73.0.3683.86"}
{"method": "GET", "path": "/product-performance-analyzer/_product_images/1/9956002.jpg", "endpoint": "product-performance-analyzer.get_product_image", "view-args": {"filename": "1/9956002.jpg"}, "status": 304, "user": "78b858772f907e50@lampenwelt.de", "timestamp": "2019-03-29T10:21:37.821163", "browser": "chrome", "browser-platform": "windows", "browser-version": "73.0.3683.86"}
{"method": "GET", "path": "/product-performance-analyzer/_product_images/1/9956004.jpg", "endpoint": "product-performance-analyzer.get_product_image", "view-args": {"filename": "1/9956004.jpg"}, "status": 304, "user": "78b858772f907e50@lampenwelt.de", "timestamp": "2019-03-29T10:21:37.821195", "browser": "chrome", "browser-platform": "windows", "browser-version": "73.0.3683.86"}
{"method": "GET", "path": "/product-performance-analyzer/_product_images/1/9620334.jpg", "endpoint": "product-performance-analyzer.get_product_image", "view-args": {"filename": "1/9620334.jpg"}, "status": 304, "user": "78b858772f907e50@lampenwelt.de", "timestamp": "2019-03-29T10:21:37.823204", "browser": "chrome", "browser-platform": "windows", "browser-version": "73.0.3683.86"}
{"method": "GET", "path": "/product-performance-analyzer/_product_images/1/9956001.jpg", "endpoint": "product-performance-analyzer.get_product_image", "view-args": {"filename": "1/9956001.jpg"}, "status": 304, "user": "78b858772f907e50@lampenwelt.de", "timestamp": "2019-03-29T10:21:37.831939", "browser": "chrome", "browser-platform": "windows", "browser-version": "73.0.3683.86"}
{"method": "GET", "path": "/product-performance-analyzer/_product_images/1/9639015.jpg", "endpoint": "product-performance-analyzer.get_product_image", "view-args": {"filename": "1/9639015.jpg"}, "status": 304, "user": "78b858772f907e50@lampenwelt.de", "timestamp": "2019-03-29T10:21:37.832265", "browser": "chrome", "browser-platform": "windows", "browser-version": "73.0.3683.86"}
{"method": "GET", "path": "/product-performance-analyzer/_product_images/1/9956008.jpg", "endpoint": "product-performance-analyzer.get_product_image", "view-args": {"filename": "1/9956008.jpg"}, "status": 304, "user": "78b858772f907e50@lampenwelt.de", "timestamp": "2019-03-29T10:21:37.834527", "browser": "chrome", "browser-platform": "windows", "browser-version": "73.0.3683.86"}
{"method": "GET", "path": "/product-performance-analyzer/_product_images/1/9620632.jpg", "endpoint": "product-performance-analyzer.get_product_image", "view-args": {"filename": "1/9620632.jpg"}, "status": 304, "user": "78b858772f907e50@lampenwelt.de", "timestamp": "2019-03-29T10:21:37.846972", "browser": "chrome", "browser-platform": "windows", "browser-version": "73.0.3683.86"}
{"method": "GET", "path": "/product-performance-analyzer/_product_images/1/9956005.jpg", "endpoint": "product-performance-analyzer.get_product_image", "view-args": {"filename": "1/9956005.jpg"}, "status": 304, "user": "78b858772f907e50@lampenwelt.de", "timestamp": "2019-03-29T10:21:37.847718", "browser": "chrome", "browser-platform": "windows", "browser-version": "73.0.3683.86"}
{"method": "GET", "path": "/product-performance-analyzer/_product_images/1/7590002.jpg", "endpoint": "product-performance-analyzer.get_product_image", "view-args": {"filename": "1/7590002.jpg"}, "status": 404, "user": "78b858772f907e50@lampenwelt.de", "timestamp": "2019-03-29T10:21:37.855588", "browser": "chrome", "browser-platform": "windows", "browser-version": "73.0.3683.86"}
{"method": "GET", "path": "/product-performance-analyzer/_product_images/1/9956006.jpg", "endpoint": "product-performance-analyzer.get_product_image", "view-args": {"filename": "1/9956006.jpg"}, "status": 304, "user": "78b858772f907e50@lampenwelt.de", "timestamp": "2019-03-29T10:21:37.856603", "browser": "chrome", "browser-platform": "windows", "browser-version": "73.0.3683.86"}
{"method": "GET", "path": "/product-performance-analyzer/_product_images/1/9621743.jpg", "endpoint": "product-performance-analyzer.get_product_image", "view-args": {"filename": "1/9621743.jpg"}, "status": 304, "user": "78b858772f907e50@lampenwelt.de", "timestamp": "2019-03-29T10:21:37.858446", "browser": "chrome", "browser-platform": "windows", "browser-version": "73.0.3683.86"}
{"method": "GET", "path": "/product-performance-analyzer/_product_images/1/9978020.jpg", "endpoint": "product-performance-analyzer.get_product_image", "view-args": {"filename": "1/9978020.jpg"}, "status": 304, "user": "78b858772f907e50@lampenwelt.de", "timestamp": "2019-03-29T10:21:37.864201", "browser": "chrome", "browser-platform": "windows", "browser-version": "73.0.3683.86"}
{"method": "GET", "path": "/product-performance-analyzer/_product_images/1/9621285.jpg", "endpoint": "product-performance-analyzer.get_product_image", "view-args": {"filename": "1/9621285.jpg"}, "status": 304, "user": "78b858772f907e50@lampenwelt.de", "timestamp": "2019-03-29T10:21:37.868978", "browser": "chrome", "browser-platform": "windows", "browser-version": "73.0.3683.86"}
{"method": "GET", "path": "/product-performance-analyzer/_product_images/1/9978021.jpg", "endpoint": "product-performance-analyzer.get_product_image", "view-args": {"filename": "1/9978021.jpg"}, "status": 304, "user": "78b858772f907e50@lampenwelt.de", "timestamp": "2019-03-29T10:21:37.870570", "browser": "chrome", "browser-platform": "windows", "browser-version": "73.0.3683.86"}
{"method": "GET", "path": "/product-performance-analyzer/_product_images/1/7261139.jpg", "endpoint": "product-performance-analyzer.get_product_image", "view-args": {"filename": "1/7261139.jpg"}, "status": 304, "user": "78b858772f907e50@lampenwelt.de", "timestamp": "2019-03-29T10:21:37.873860", "browser": "chrome", "browser-platform": "windows", "browser-version": "73.0.3683.86"}
{"method": "GET", "path": "/product-performance-analyzer/_product_images/1/9978018.jpg", "endpoint": "product-performance-analyzer.get_product_image", "view-args": {"filename": "1/9978018.jpg"}, "status": 304, "user": "78b858772f907e50@lampenwelt.de", "timestamp": "2019-03-29T10:21:37.878018", "browser": "chrome", "browser-platform": "windows", "browser-version": "73.0.3683.86"}
{"method": "GET", "path": "/product-performance-analyzer/_product_images/1/9978024.jpg", "endpoint": "product-performance-analyzer.get_product_image", "view-args": {"filename": "1/9978024.jpg"}, "status": 304, "user": "78b858772f907e50@lampenwelt.de", "timestamp": "2019-03-29T10:21:37.882430", "browser": "chrome", "browser-platform": "windows", "browser-version": "73.0.3683.86"}
{"method": "GET", "path": "/product-performance-analyzer/_product_images/1/9621336.jpg", "endpoint": "product-performance-analyzer.get_product_image", "view-args": {"filename": "1/9621336.jpg"}, "status": 304, "user": "78b858772f907e50@lampenwelt.de", "timestamp": "2019-03-29T10:21:37.883164", "browser": "chrome", "browser-platform": "windows", "browser-version": "73.0.3683.86"}
{"method": "GET", "path": "/product-performance-analyzer/_product_images/1/9620633.jpg", "endpoint": "product-performance-analyzer.get_product_image", "view-args": {"filename": "1/9620633.jpg"}, "status": 304, "user": "78b858772f907e50@lampenwelt.de", "timestamp": "2019-03-29T10:21:37.894141", "browser": "chrome", "browser-platform": "windows", "browser-version": "73.0.3683.86"}
{"method": "GET", "path": "/product-performance-analyzer/_product_images/1/9621154.jpg", "endpoint": "product-performance-analyzer.get_product_image", "view-args": {"filename": "1/9621154.jpg"}, "status": 304, "user": "78b858772f907e50@lampenwelt.de", "timestamp": "2019-03-29T10:21:37.897427", "browser": "chrome", "browser-platform": "windows", "browser-version": "73.0.3683.86"}
{"method": "GET", "path": "/product-performance-analyzer/_product_images/1/7500212.jpg", "endpoint": "product-performance-analyzer.get_product_image", "view-args": {"filename": "1/7500212.jpg"}, "status": 304, "user": "78b858772f907e50@lampenwelt.de", "timestamp": "2019-03-29T10:21:37.902661", "browser": "chrome", "browser-platform": "windows", "browser-version": "73.0.3683.86"}
{"method": "GET", "path": "/product-performance-analyzer/_product_images/1/9621184.jpg", "endpoint": "product-performance-analyzer.get_product_image", "view-args": {"filename": "1/9621184.jpg"}, "status": 304, "user": "78b858772f907e50@lampenwelt.de", "timestamp": "2019-03-29T10:21:37.904543", "browser": "chrome", "browser-platform": "windows", "browser-version": "73.0.3683.86"}
{"method": "GET", "path": "/product-performance-analyzer/_product_images/1/7610578.jpg", "endpoint": "product-performance-analyzer.get_product_image", "view-args": {"filename": "1/7610578.jpg"}, "status": 304, "user": "78b858772f907e50@lampenwelt.de", "timestamp": "2019-03-29T10:21:37.905865", "browser": "chrome", "browser-platform": "windows", "browser-version": "73.0.3683.86"}
{"method": "GET", "path": "/product-performance-analyzer/_product_images/1/9978019.jpg", "endpoint": "product-performance-analyzer.get_product_image", "view-args": {"filename": "1/9978019.jpg"}, "status": 304, "user": "78b858772f907e50@lampenwelt.de", "timestamp": "2019-03-29T10:21:37.913705", "browser": "chrome", "browser-platform": "windows", "browser-version": "73.0.3683.86"}
{"method": "GET", "path": "/product-performance-analyzer/_product_images/1/9978023.jpg", "endpoint": "product-performance-analyzer.get_product_image", "view-args": {"filename": "1/9978023.jpg"}, "status": 304, "user": "78b858772f907e50@lampenwelt.de", "timestamp": "2019-03-29T10:21:37.918151", "browser": "chrome", "browser-platform": "windows", "browser-version": "73.0.3683.86"}
{"method": "GET", "path": "/product-performance-analyzer/_product_images/1/9956007.jpg", "endpoint": "product-performance-analyzer.get_product_image", "view-args": {"filename": "1/9956007.jpg"}, "status": 304, "user": "78b858772f907e50@lampenwelt.de", "timestamp": "2019-03-29T10:21:37.931045", "browser": "chrome", "browser-platform": "windows", "browser-version": "73.0.3683.86"}
{"method": "GET", "path": "/product-performance-analyzer/_product_images/1/9639031.jpg", "endpoint": "product-performance-analyzer.get_product_image", "view-args": {"filename": "1/9639031.jpg"}, "status": 304, "user": "78b858772f907e50@lampenwelt.de", "timestamp": "2019-03-29T10:21:37.931401", "browser": "chrome", "browser-platform": "windows", "browser-version": "73.0.3683.86"}
{"method": "GET", "path": "/product-performance-analyzer/_product_images/1/9620169.jpg", "endpoint": "product-performance-analyzer.get_product_image", "view-args": {"filename": "1/9620169.jpg"}, "status": 304, "user": "78b858772f907e50@lampenwelt.de", "timestamp": "2019-03-29T10:21:37.935256", "browser": "chrome", "browser-platform": "windows", "browser-version": "73.0.3683.86"}
{"method": "GET", "path": "/product-performance-analyzer/_product_images/1/9621472.jpg", "endpoint": "product-performance-analyzer.get_product_image", "view-args": {"filename": "1/9621472.jpg"}, "status": 304, "user": "78b858772f907e50@lampenwelt.de", "timestamp": "2019-03-29T10:21:37.941116", "browser": "chrome", "browser-platform": "windows", "browser-version": "73.0.3683.86"}
{"method": "GET", "path": "/product-performance-analyzer/_product_images/1/9613008.jpg", "endpoint": "product-performance-analyzer.get_product_image", "view-args": {"filename": "1/9613008.jpg"}, "status": 304, "user": "78b858772f907e50@lampenwelt.de", "timestamp": "2019-03-29T10:21:37.942459", "browser": "chrome", "browser-platform": "windows", "browser-version": "73.0.3683.86"}
{"method": "GET", "path": "/product-performance-analyzer/_product_images/1/9620732.jpg", "endpoint": "product-performance-analyzer.get_product_image", "view-args": {"filename": "1/9620732.jpg"}, "status": 304, "user": "78b858772f907e50@lampenwelt.de", "timestamp": "2019-03-29T10:21:37.950353", "browser": "chrome", "browser-platform": "windows", "browser-version": "73.0.3683.86"}
{"method": "GET", "path": "/product-performance-analyzer/_product_images/1/9621855.jpg", "endpoint": "product-performance-analyzer.get_product_image", "view-args": {"filename": "1/9621855.jpg"}, "status": 304, "user": "78b858772f907e50@lampenwelt.de", "timestamp": "2019-03-29T10:21:37.950647", "browser": "chrome", "browser-platform": "windows", "browser-version": "73.0.3683.86"}
{"method": "GET", "path": "/product-performance-analyzer/_product_images/1/9994028.jpg", "endpoint": "product-performance-analyzer.get_product_image", "view-args": {"filename": "1/9994028.jpg"}, "status": 304, "user": "78b858772f907e50@lampenwelt.de", "timestamp": "2019-03-29T10:21:37.955622", "browser": "chrome", "browser-platform": "windows", "browser-version": "73.0.3683.86"}
{"method": "GET", "path": "/product-performance-analyzer/_product_images/1/5000293.jpg", "endpoint": "product-performance-analyzer.get_product_image", "view-args": {"filename": "1/5000293.jpg"}, "status": 304, "user": "78b858772f907e50@lampenwelt.de", "timestamp": "2019-03-29T10:21:37.959150", "browser": "chrome", "browser-platform": "windows", "browser-version": "73.0.3683.86"}
{"method": "GET", "path": "/product-performance-analyzer/_product_images/1/6500209.jpg", "endpoint": "product-performance-analyzer.get_product_image", "view-args": {"filename": "1/6500209.jpg"}, "status": 304, "user": "78b858772f907e50@lampenwelt.de", "timestamp": "2019-03-29T10:21:37.964540", "browser": "chrome", "browser-platform": "windows", "browser-version": "73.0.3683.86"}
{"method": "GET", "path": "/product-performance-analyzer/_product_images/1/9620329.jpg", "endpoint": "product-performance-analyzer.get_product_image", "view-args": {"filename": "1/9620329.jpg"}, "status": 304, "user": "78b858772f907e50@lampenwelt.de", "timestamp": "2019-03-29T10:21:37.968185", "browser": "chrome", "browser-platform": "windows", "browser-version": "73.0.3683.86"}
{"method": "GET", "path": "/product-performance-analyzer/_product_images/1/9613055.jpg", "endpoint": "product-performance-analyzer.get_product_image", "view-args": {"filename": "1/9613055.jpg"}, "status": 304, "user": "78b858772f907e50@lampenwelt.de", "timestamp": "2019-03-29T10:21:37.968298", "browser": "chrome", "browser-platform": "windows", "browser-version": "73.0.3683.86"}
{"method": "GET", "path": "/product-performance-analyzer/_product_images/1/9625002.jpg", "endpoint": "product-performance-analyzer.get_product_image", "view-args": {"filename": "1/9625002.jpg"}, "status": 304, "user": "78b858772f907e50@lampenwelt.de", "timestamp": "2019-03-29T10:21:37.972617", "browser": "chrome", "browser-platform": "windows", "browser-version": "73.0.3683.86"}
{"method": "GET", "path": "/product-performance-analyzer/_product_images/1/9950191.jpg", "endpoint": "product-performance-analyzer.get_product_image", "view-args": {"filename": "1/9950191.jpg"}, "status": 304, "user": "78b858772f907e50@lampenwelt.de", "timestamp": "2019-03-29T10:21:37.981296", "browser": "chrome", "browser-platform": "windows", "browser-version": "73.0.3683.86"}
{"method": "GET", "path": "/product-performance-analyzer/_product_images/1/9641016.jpg", "endpoint": "product-performance-analyzer.get_product_image", "view-args": {"filename": "1/9641016.jpg"}, "status": 304, "user": "78b858772f907e50@lampenwelt.de", "timestamp": "2019-03-29T10:21:37.987137", "browser": "chrome", "browser-platform": "windows", "browser-version": "73.0.3683.86"}
{"method": "GET", "path": "/product-performance-analyzer/_product_images/1/9620332.jpg", "endpoint": "product-performance-analyzer.get_product_image", "view-args": {"filename": "1/9620332.jpg"}, "status": 304, "user": "78b858772f907e50@lampenwelt.de", "timestamp": "2019-03-29T10:21:37.993854", "browser": "chrome", "browser-platform": "windows", "browser-version": "73.0.3683.86"}
{"method": "GET", "path": "/product-performance-analyzer/_product_images/1/9620730.jpg", "endpoint": "product-performance-analyzer.get_product_image", "view-args": {"filename": "1/9620730.jpg"}, "status": 304, "user": "78b858772f907e50@lampenwelt.de", "timestamp": "2019-03-29T10:21:37.994079", "browser": "chrome", "browser-platform": "windows", "browser-version": "73.0.3683.86"}
{"method": "GET", "path": "/product-performance-analyzer/_product_images/1/9621352.jpg", "endpoint": "product-performance-analyzer.get_product_image", "view-args": {"filename": "1/9621352.jpg"}, "status": 304, "user": "78b858772f907e50@lampenwelt.de", "timestamp": "2019-03-29T10:21:37.995929", "browser": "chrome", "browser-platform": "windows", "browser-version": "73.0.3683.86"}
{"method": "GET", "path": "/product-performance-analyzer/_product_images/1/8559218.jpg", "endpoint": "product-performance-analyzer.get_product_image", "view-args": {"filename": "1/8559218.jpg"}, "status": 304, "user": "78b858772f907e50@lampenwelt.de", "timestamp": "2019-03-29T10:21:38.002805", "browser": "chrome", "browser-platform": "windows", "browser-version": "73.0.3683.86"}
{"method": "GET", "path": "/product-performance-analyzer/_product_images/1/9621530.jpg", "endpoint": "product-performance-analyzer.get_product_image", "view-args": {"filename": "1/9621530.jpg"}, "status": 304, "user": "78b858772f907e50@lampenwelt.de", "timestamp": "2019-03-29T10:21:38.002735", "browser": "chrome", "browser-platform": "windows", "browser-version": "73.0.3683.86"}
{"method": "GET", "path": "/product-performance-analyzer/_product_images/1/9620333.jpg", "endpoint": "product-performance-analyzer.get_product_image", "view-args": {"filename": "1/9620333.jpg"}, "status": 304, "user": "78b858772f907e50@lampenwelt.de", "timestamp": "2019-03-29T10:21:38.005415", "browser": "chrome", "browser-platform": "windows", "browser-version": "73.0.3683.86"}
{"method": "GET", "path": "/product-performance-analyzer/_product_images/1/9625040.jpg", "endpoint": "product-performance-analyzer.get_product_image", "view-args": {"filename": "1/9625040.jpg"}, "status": 304, "user": "78b858772f907e50@lampenwelt.de", "timestamp": "2019-03-29T10:21:38.017270", "browser": "chrome", "browser-platform": "windows", "browser-version": "73.0.3683.86"}
{"method": "GET", "path": "/product-performance-analyzer/_product_images/1/7610577.jpg", "endpoint": "product-performance-analyzer.get_product_image", "view-args": {"filename": "1/7610577.jpg"}, "status": 304, "user": "78b858772f907e50@lampenwelt.de", "timestamp": "2019-03-29T10:21:38.017323", "browser": "chrome", "browser-platform": "windows", "browser-version": "73.0.3683.86"}
{"method": "GET", "path": "/product-performance-analyzer/_product_images/1/4018065.jpg", "endpoint": "product-performance-analyzer.get_product_image", "view-args": {"filename": "1/4018065.jpg"}, "status": 304, "user": "78b858772f907e50@lampenwelt.de", "timestamp": "2019-03-29T10:21:38.017313", "browser": "chrome", "browser-platform": "windows", "browser-version": "73.0.3683.86"}
{"method": "GET", "path": "/product-performance-analyzer/_product_images/1/9518001.jpg", "endpoint": "product-performance-analyzer.get_product_image", "view-args": {"filename": "1/9518001.jpg"}, "status": 304, "user": "78b858772f907e50@lampenwelt.de", "timestamp": "2019-03-29T10:21:38.027946", "browser": "chrome", "browser-platform": "windows", "browser-version": "73.0.3683.86"}
{"method": "GET", "path": "/data-sets/deduplication-errors", "endpoint": "data_sets.data_set_page", "view-args": {"data_set_id": "deduplication-errors", "query_id": null}, "status": 200, "user": "77a89f0341001421@project-a.com", "timestamp": "2019-03-29T10:23:09.878341", "browser": "chrome", "browser-platform": "macos", "browser-version": "73.0.3683.86"}
{"method": "POST", "path": "/data-sets/.initialize", "endpoint": "data_sets.initialize_query", "view-args": {}, "status": 200, "user": "77a89f0341001421@project-a.com", "timestamp": "2019-03-29T10:23:10.420707", "browser": "chrome", "browser-platform": "macos", "browser-version": "73.0.3683.86"}
{"method": "POST", "path": "/data-sets/.row-count", "endpoint": "data_sets.row_count", "view-args": {}, "status": 200, "user": "77a89f0341001421@project-a.com", "timestamp": "2019-03-29T10:23:10.727190", "browser": "chrome", "browser-platform": "macos", "browser-version": "73.0.3683.86"}
{"method": "POST", "path": "/data-sets/.preview", "endpoint": "data_sets.preview", "view-args": {}, "status": 200, "user": "77a89f0341001421@project-a.com", "timestamp": "2019-03-29T10:23:10.729708", "browser": "chrome", "browser-platform": "macos", "browser-version": "73.0.3683.86"}
{"method": "POST", "path": "/data-sets/.distribution-chart-1", "endpoint": "data_sets.distribution_chart", "view-args": {"pos": 1}, "status": 403, "user": "77a89f0341001421@project-a.com", "timestamp": "2019-03-29T10:23:10.787693", "browser": "chrome", "browser-platform": "macos", "browser-version": "73.0.3683.86"}
{"method": "POST", "path": "/data-sets/.distribution-chart-0", "endpoint": "data_sets.distribution_chart", "view-args": {"pos": 0}, "status": 200, "user": "77a89f0341001421@project-a.com", "timestamp": "2019-03-29T10:23:10.803765", "browser": "chrome", "browser-platform": "macos", "browser-version": "73.0.3683.86"}
{"method": "POST", "path": "/data-sets/.distribution-chart-2", "endpoint": "data_sets.distribution_chart", "view-args": {"pos": 2}, "status": 403, "user": "77a89f0341001421@project-a.com", "timestamp": "2019-03-29T10:23:10.896709", "browser": "chrome", "browser-platform": "macos", "browser-version": "73.0.3683.86"}
{"method": "POST", "path": "/data-sets/.distribution-chart-5", "endpoint": "data_sets.distribution_chart", "view-args": {"pos": 5}, "status": 200, "user": "77a89f0341001421@project-a.com", "timestamp": "2019-03-29T10:23:10.908199", "browser": "chrome", "browser-platform": "macos", "browser-version": "73.0.3683.86"}
{"method": "POST", "path": "/data-sets/.distribution-chart-7", "endpoint": "data_sets.distribution_chart", "view-args": {"pos": 7}, "status": 200, "user": "77a89f0341001421@project-a.com", "timestamp": "2019-03-29T10:23:10.923897", "browser": "chrome", "browser-platform": "macos", "browser-version": "73.0.3683.86"}
{"method": "GET", "path": "/data-sets/merged-customers", "endpoint": "data_sets.data_set_page", "view-args": {"data_set_id": "merged-customers", "query_id": null}, "status": 200, "user": "77a89f0341001421@project-a.com", "timestamp": "2019-03-29T10:23:17.141974", "browser": "chrome", "browser-platform": "macos", "browser-version": "73.0.3683.86"}
{"method": "POST", "path": "/data-sets/.initialize", "endpoint": "data_sets.initialize_query", "view-args": {}, "status": 200, "user": "77a89f0341001421@project-a.com", "timestamp": "2019-03-29T10:23:17.767744", "browser": "chrome", "browser-platform": "macos", "browser-version": "73.0.3683.86"}
{"method": "POST", "path": "/data-sets/.preview", "endpoint": "data_sets.preview", "view-args": {}, "status": 200, "user": "77a89f0341001421@project-a.com", "timestamp": "2019-03-29T10:23:17.996102", "browser": "chrome", "browser-platform": "macos", "browser-version": "73.0.3683.86"}
{"method": "POST", "path": "/data-sets/.row-count", "endpoint": "data_sets.row_count", "view-args": {}, "status": 200, "user": "77a89f0341001421@project-a.com", "timestamp": "2019-03-29T10:23:18.151560", "browser": "chrome", "browser-platform": "macos", "browser-version": "73.0.3683.86"}
{"method": "POST", "path": "/data-sets/.distribution-chart-23", "endpoint": "data_sets.distribution_chart", "view-args": {"pos": 23}, "status": 200, "user": "77a89f0341001421@project-a.com", "timestamp": "2019-03-29T10:23:19.530522", "browser": "chrome", "browser-platform": "macos", "browser-version": "73.0.3683.86"}
{"method": "POST", "path": "/data-sets/.distribution-chart-31", "endpoint": "data_sets.distribution_chart", "view-args": {"pos": 31}, "status": 200, "user": "77a89f0341001421@project-a.com", "timestamp": "2019-03-29T10:23:19.611235", "browser": "chrome", "browser-platform": "macos", "browser-version": "73.0.3683.86"}
{"method": "POST", "path": "/data-sets/.distribution-chart-35", "endpoint": "data_sets.distribution_chart", "view-args": {"pos": 35}, "status": 200, "user": "77a89f0341001421@project-a.com", "timestamp": "2019-03-29T10:23:21.485369", "browser": "chrome", "browser-platform": "macos", "browser-version": "73.0.3683.86"}
{"method": "POST", "path": "/data-sets/.distribution-chart-36", "endpoint": "data_sets.distribution_chart", "view-args": {"pos": 36}, "status": 200, "user": "77a89f0341001421@project-a.com", "timestamp": "2019-03-29T10:23:21.584980", "browser": "chrome", "browser-platform": "macos", "browser-version": "73.0.3683.86"}
{"method": "POST", "path": "/data-sets/.distribution-chart-0", "endpoint": "data_sets.distribution_chart", "view-args": {"pos": 0}, "status": 200, "user": "77a89f0341001421@project-a.com", "timestamp": "2019-03-29T10:23:21.775794", "browser": "chrome", "browser-platform": "macos", "browser-version": "73.0.3683.86"}
{"method": "POST", "path": "/data-sets/.distribution-chart-61", "endpoint": "data_sets.distribution_chart", "view-args": {"pos": 61}, "status": 200, "user": "77a89f0341001421@project-a.com", "timestamp": "2019-03-29T10:23:24.058874", "browser": "chrome", "browser-platform": "macos", "browser-version": "73.0.3683.86"}
{"method": "POST", "path": "/data-sets/.preview", "endpoint": "data_sets.preview", "view-args": {}, "status": 200, "user": "77a89f0341001421@project-a.com", "timestamp": "2019-03-29T10:23:24.200019", "browser": "chrome", "browser-platform": "macos", "browser-version": "73.0.3683.86"}
{"method": "POST", "path": "/data-sets/.distribution-chart-84", "endpoint": "data_sets.distribution_chart", "view-args": {"pos": 84}, "status": 200, "user": "77a89f0341001421@project-a.com", "timestamp": "2019-03-29T10:23:24.298906", "browser": "chrome", "browser-platform": "macos", "browser-version": "73.0.3683.86"}
{"method": "POST", "path": "/data-sets/.distribution-chart-86", "endpoint": "data_sets.distribution_chart", "view-args": {"pos": 86}, "status": 200, "user": "77a89f0341001421@project-a.com", "timestamp": "2019-03-29T10:23:24.509514", "browser": "chrome", "browser-platform": "macos", "browser-version": "73.0.3683.86"}
{"method": "POST", "path": "/data-sets/.preview", "endpoint": "data_sets.preview", "view-args": {}, "status": 200, "user": "77a89f0341001421@project-a.com", "timestamp": "2019-03-29T10:23:26.891486", "browser": "chrome", "browser-platform": "macos", "browser-version": "73.0.3683.86"}
{"method": "POST", "path": "/data-sets/.distribution-chart-5", "endpoint": "data_sets.distribution_chart", "view-args": {"pos": 5}, "status": 200, "user": "77a89f0341001421@project-a.com", "timestamp": "2019-03-29T10:23:29.349733", "browser": "chrome", "browser-platform": "macos", "browser-version": "73.0.3683.86"}
{"method": "GET", "path": "/data-sets/ad-performance", "endpoint": "data_sets.data_set_page", "view-args": {"data_set_id": "ad-performance", "query_id": null}, "status": 200, "user": "77a89f0341001421@project-a.com", "timestamp": "2019-03-29T10:23:36.341627", "browser": "chrome", "browser-platform": "macos", "browser-version": "73.0.3683.86"}
{"method": "POST", "path": "/data-sets/.initialize", "endpoint": "data_sets.initialize_query", "view-args": {}, "status": 200, "user": "77a89f0341001421@project-a.com", "timestamp": "2019-03-29T10:23:38.433116", "browser": "chrome", "browser-platform": "macos", "browser-version": "73.0.3683.86"}
{"method": "POST", "path": "/data-sets/.preview", "endpoint": "data_sets.preview", "view-args": {}, "status": 200, "user": "77a89f0341001421@project-a.com", "timestamp": "2019-03-29T10:23:38.593835", "browser": "chrome", "browser-platform": "macos", "browser-version": "73.0.3683.86"}
{"method": "POST", "path": "/data-sets/.row-count", "endpoint": "data_sets.row_count", "view-args": {}, "status": 200, "user": "77a89f0341001421@project-a.com", "timestamp": "2019-03-29T10:23:39.569051", "browser": "chrome", "browser-platform": "macos", "browser-version": "73.0.3683.86"}
{"method": "POST", "path": "/data-sets/.distribution-chart-1", "endpoint": "data_sets.distribution_chart", "view-args": {"pos": 1}, "status": 200, "user": "77a89f0341001421@project-a.com", "timestamp": "2019-03-29T10:23:44.109027", "browser": "chrome", "browser-platform": "macos", "browser-version": "73.0.3683.86"}
{"method": "POST", "path": "/data-sets/.distribution-chart-2", "endpoint": "data_sets.distribution_chart", "view-args": {"pos": 2}, "status": 200, "user": "77a89f0341001421@project-a.com", "timestamp": "2019-03-29T10:23:45.999478", "browser": "chrome", "browser-platform": "macos", "browser-version": "73.0.3683.86"}
{"method": "POST", "path": "/data-sets/.preview", "endpoint": "data_sets.preview", "view-args": {}, "status": 200, "user": "77a89f0341001421@project-a.com", "timestamp": "2019-03-29T10:23:46.092042", "browser": "chrome", "browser-platform": "macos", "browser-version": "73.0.3683.86"}
{"method": "POST", "path": "/data-sets/.distribution-chart-0", "endpoint": "data_sets.distribution_chart", "view-args": {"pos": 0}, "status": 200, "user": "77a89f0341001421@project-a.com", "timestamp": "2019-03-29T10:23:46.789395", "browser": "chrome", "browser-platform": "macos", "browser-version": "73.0.3683.86"}
{"method": "POST", "path": "/data-sets/.distribution-chart-3", "endpoint": "data_sets.distribution_chart", "view-args": {"pos": 3}, "status": 200, "user": "77a89f0341001421@project-a.com", "timestamp": "2019-03-29T10:23:49.585497", "browser": "chrome", "browser-platform": "macos", "browser-version": "73.0.3683.86"}
{"method": "POST", "path": "/data-sets/.distribution-chart-5", "endpoint": "data_sets.distribution_chart", "view-args": {"pos": 5}, "status": 200, "user": "77a89f0341001421@project-a.com", "timestamp": "2019-03-29T10:23:53.537103", "browser": "chrome", "browser-platform": "macos", "browser-version": "73.0.3683.86"}
{"method": "GET", "path": "/data-sets/warehouse-inventory", "endpoint": "data_sets.data_set_page", "view-args": {"data_set_id": "warehouse-inventory", "query_id": null}, "status": 200, "user": "77a89f0341001421@project-a.com", "timestamp": "2019-03-29T10:23:58.625534", "browser": "chrome", "browser-platform": "macos", "browser-version": "73.0.3683.86"}
{"method": "POST", "path": "/data-sets/.initialize", "endpoint": "data_sets.initialize_query", "view-args": {}, "status": 200, "user": "77a89f0341001421@project-a.com", "timestamp": "2019-03-29T10:24:01.321176", "browser": "chrome", "browser-platform": "macos", "browser-version": "73.0.3683.86"}
{"method": "POST", "path": "/data-sets/.preview", "endpoint": "data_sets.preview", "view-args": {}, "status": 200, "user": "77a89f0341001421@project-a.com", "timestamp": "2019-03-29T10:24:01.486747", "browser": "chrome", "browser-platform": "macos", "browser-version": "73.0.3683.86"}
{"method": "POST", "path": "/data-sets/.row-count", "endpoint": "data_sets.row_count", "view-args": {}, "status": 200, "user": "77a89f0341001421@project-a.com", "timestamp": "2019-03-29T10:24:03.960719", "browser": "chrome", "browser-platform": "macos", "browser-version": "73.0.3683.86"}
{"method": "POST", "path": "/data-sets/.distribution-chart-1", "endpoint": "data_sets.distribution_chart", "view-args": {"pos": 1}, "status": 200, "user": "77a89f0341001421@project-a.com", "timestamp": "2019-03-29T10:24:14.719519", "browser": "chrome", "browser-platform": "macos", "browser-version": "73.0.3683.86"}
{"method": "GET", "path": "/data-sets/mail-campaign-performance", "endpoint": "data_sets.data_set_page", "view-args": {"data_set_id": "mail-campaign-performance", "query_id": null}, "status": 200, "user": "77a89f0341001421@project-a.com", "timestamp": "2019-03-29T10:24:14.732281", "browser": "chrome", "browser-platform": "macos", "browser-version": "73.0.3683.86"}
{"method": "POST", "path": "/data-sets/.initialize", "endpoint": "data_sets.initialize_query", "view-args": {}, "status": 200, "user": "77a89f0341001421@project-a.com", "timestamp": "2019-03-29T10:24:15.260765", "browser": "chrome", "browser-platform": "macos", "browser-version": "73.0.3683.86"}
{"method": "POST", "path": "/data-sets/.preview", "endpoint": "data_sets.preview", "view-args": {}, "status": 200, "user": "77a89f0341001421@project-a.com", "timestamp": "2019-03-29T10:24:15.453943", "browser": "chrome", "browser-platform": "macos", "browser-version": "73.0.3683.86"}
{"method": "POST", "path": "/data-sets/.row-count", "endpoint": "data_sets.row_count", "view-args": {}, "status": 200, "user": "77a89f0341001421@project-a.com", "timestamp": "2019-03-29T10:24:15.484871", "browser": "chrome", "browser-platform": "macos", "browser-version": "73.0.3683.86"}
{"method": "POST", "path": "/data-sets/.distribution-chart-0", "endpoint": "data_sets.distribution_chart", "view-args": {"pos": 0}, "status": 200, "user": "77a89f0341001421@project-a.com", "timestamp": "2019-03-29T10:24:15.554118", "browser": "chrome", "browser-platform": "macos", "browser-version": "73.0.3683.86"}
{"method": "POST", "path": "/data-sets/.distribution-chart-1", "endpoint": "data_sets.distribution_chart", "view-args": {"pos": 1}, "status": 200, "user": "77a89f0341001421@project-a.com", "timestamp": "2019-03-29T10:24:15.865148", "browser": "chrome", "browser-platform": "macos", "browser-version": "73.0.3683.86"}
{"method": "POST", "path": "/data-sets/.distribution-chart-3", "endpoint": "data_sets.distribution_chart", "view-args": {"pos": 3}, "status": 200, "user": "77a89f0341001421@project-a.com", "timestamp": "2019-03-29T10:24:15.899119", "browser": "chrome", "browser-platform": "macos", "browser-version": "73.0.3683.86"}
{"method": "POST", "path": "/data-sets/.distribution-chart-4", "endpoint": "data_sets.distribution_chart", "view-args": {"pos": 4}, "status": 200, "user": "77a89f0341001421@project-a.com", "timestamp": "2019-03-29T10:24:15.941995", "browser": "chrome", "browser-platform": "macos", "browser-version": "73.0.3683.86"}
{"method": "POST", "path": "/data-sets/.distribution-chart-5", "endpoint": "data_sets.distribution_chart", "view-args": {"pos": 5}, "status": 200, "user": "77a89f0341001421@project-a.com", "timestamp": "2019-03-29T10:24:15.983162", "browser": "chrome", "browser-platform": "macos", "browser-version": "73.0.3683.86"}
{"method": "POST", "path": "/data-sets/.distribution-chart-6", "endpoint": "data_sets.distribution_chart", "view-args": {"pos": 6}, "status": 200, "user": "77a89f0341001421@project-a.com", "timestamp": "2019-03-29T10:24:16.020293", "browser": "chrome", "browser-platform": "macos", "browser-version": "73.0.3683.86"}
{"method": "POST", "path": "/data-sets/.distribution-chart-2", "endpoint": "data_sets.distribution_chart", "view-args": {"pos": 2}, "status": 200, "user": "77a89f0341001421@project-a.com", "timestamp": "2019-03-29T10:24:18.228202", "browser": "chrome", "browser-platform": "macos", "browser-version": "73.0.3683.86"}
{"method": "POST", "path": "/data-sets/.distribution-chart-0", "endpoint": "data_sets.distribution_chart", "view-args": {"pos": 0}, "status": 200, "user": "77a89f0341001421@project-a.com", "timestamp": "2019-03-29T10:24:21.992989", "browser": "chrome", "browser-platform": "macos", "browser-version": "73.0.3683.86"}
{"method": "GET", "path": "/data-sets/quotes", "endpoint": "data_sets.data_set_page", "view-args": {"data_set_id": "quotes", "query_id": null}, "status": 200, "user": "77a89f0341001421@project-a.com", "timestamp": "2019-03-29T10:24:30.246329", "browser": "chrome", "browser-platform": "macos", "browser-version": "73.0.3683.86"}
{"method": "POST", "path": "/data-sets/.initialize", "endpoint": "data_sets.initialize_query", "view-args": {}, "status": 200, "user": "77a89f0341001421@project-a.com", "timestamp": "2019-03-29T10:24:30.715134", "browser": "chrome", "browser-platform": "macos", "browser-version": "73.0.3683.86"}
{"method": "POST", "path": "/data-sets/.row-count", "endpoint": "data_sets.row_count", "view-args": {}, "status": 200, "user": "77a89f0341001421@project-a.com", "timestamp": "2019-03-29T10:24:30.859930", "browser": "chrome", "browser-platform": "macos", "browser-version": "73.0.3683.86"}
{"method": "POST", "path": "/data-sets/.preview", "endpoint": "data_sets.preview", "view-args": {}, "status": 200, "user": "77a89f0341001421@project-a.com", "timestamp": "2019-03-29T10:24:30.890455", "browser": "chrome", "browser-platform": "macos", "browser-version": "73.0.3683.86"}
{"method": "POST", "path": "/data-sets/.distribution-chart-0", "endpoint": "data_sets.distribution_chart", "view-args": {"pos": 0}, "status": 200, "user": "77a89f0341001421@project-a.com", "timestamp": "2019-03-29T10:24:30.963970", "browser": "chrome", "browser-platform": "macos", "browser-version": "73.0.3683.86"}
{"method": "POST", "path": "/data-sets/.distribution-chart-5", "endpoint": "data_sets.distribution_chart", "view-args": {"pos": 5}, "status": 200, "user": "77a89f0341001421@project-a.com", "timestamp": "2019-03-29T10:24:31.052692", "browser": "chrome", "browser-platform": "macos", "browser-version": "73.0.3683.86"}
{"method": "POST", "path": "/data-sets/.distribution-chart-16", "endpoint": "data_sets.distribution_chart", "view-args": {"pos": 16}, "status": 200, "user": "77a89f0341001421@project-a.com", "timestamp": "2019-03-29T10:24:31.148906", "browser": "chrome", "browser-platform": "macos", "browser-version": "73.0.3683.86"}
{"method": "POST", "path": "/data-sets/.distribution-chart-20", "endpoint": "data_sets.distribution_chart", "view-args": {"pos": 20}, "status": 200, "user": "77a89f0341001421@project-a.com", "timestamp": "2019-03-29T10:24:31.163199", "browser": "chrome", "browser-platform": "macos", "browser-version": "73.0.3683.86"}
{"method": "GET", "path": "/data-sets/sales", "endpoint": "data_sets.data_set_page", "view-args": {"data_set_id": "sales", "query_id": null}, "status": 200, "user": "77a89f0341001421@project-a.com", "timestamp": "2019-03-29T10:24:55.948364", "browser": "chrome", "browser-platform": "macos", "browser-version": "73.0.3683.86"}
{"method": "POST", "path": "/data-sets/.initialize", "endpoint": "data_sets.initialize_query", "view-args": {}, "status": 200, "user": "77a89f0341001421@project-a.com", "timestamp": "2019-03-29T10:24:56.765534", "browser": "chrome", "browser-platform": "macos", "browser-version": "73.0.3683.86"}
{"method": "POST", "path": "/data-sets/.preview", "endpoint": "data_sets.preview", "view-args": {}, "status": 200, "user": "77a89f0341001421@project-a.com", "timestamp": "2019-03-29T10:24:56.887063", "browser": "chrome", "browser-platform": "macos", "browser-version": "73.0.3683.86"}
{"method": "POST", "path": "/data-sets/.row-count", "endpoint": "data_sets.row_count", "view-args": {}, "status": 200, "user": "77a89f0341001421@project-a.com", "timestamp": "2019-03-29T10:24:57.415701", "browser": "chrome", "browser-platform": "macos", "browser-version": "73.0.3683.86"}
{"method": "POST", "path": "/data-sets/.distribution-chart-3", "endpoint": "data_sets.distribution_chart", "view-args": {"pos": 3}, "status": 200, "user": "77a89f0341001421@project-a.com", "timestamp": "2019-03-29T10:25:03.686717", "browser": "chrome", "browser-platform": "macos", "browser-version": "73.0.3683.86"}
{"method": "POST", "path": "/data-sets/.distribution-chart-1", "endpoint": "data_sets.distribution_chart", "view-args": {"pos": 1}, "status": 200, "user": "77a89f0341001421@project-a.com", "timestamp": "2019-03-29T10:25:03.768982", "browser": "chrome", "browser-platform": "macos", "browser-version": "73.0.3683.86"}
{"method": "POST", "path": "/data-sets/.distribution-chart-0", "endpoint": "data_sets.distribution_chart", "view-args": {"pos": 0}, "status": 200, "user": "77a89f0341001421@project-a.com", "timestamp": "2019-03-29T10:25:06.201401", "browser": "chrome", "browser-platform": "macos", "browser-version": "73.0.3683.86"}
{"method": "POST", "path": "/data-sets/.distribution-chart-11", "endpoint": "data_sets.distribution_chart", "view-args": {"pos": 11}, "status": 200, "user": "77a89f0341001421@project-a.com", "timestamp": "2019-03-29T10:25:08.041195", "browser": "chrome", "browser-platform": "macos", "browser-version": "73.0.3683.86"}
{"method": "POST", "path": "/data-sets/.distribution-chart-23", "endpoint": "data_sets.distribution_chart", "view-args": {"pos": 23}, "status": 200, "user": "77a89f0341001421@project-a.com", "timestamp": "2019-03-29T10:25:09.848728", "browser": "chrome", "browser-platform": "macos", "browser-version": "73.0.3683.86"}
{"method": "POST", "path": "/data-sets/.distribution-chart-32", "endpoint": "data_sets.distribution_chart", "view-args": {"pos": 32}, "status": 200, "user": "77a89f0341001421@project-a.com", "timestamp": "2019-03-29T10:25:12.089231", "browser": "chrome", "browser-platform": "macos", "browser-version": "73.0.3683.86"}
{"method": "GET", "path": "/mondrian", "endpoint": "py_mondrian.schema_page", "view-args": {}, "status": 200, "user": "77a89f0341001421@project-a.com", "timestamp": "2019-03-29T10:25:20.860617", "browser": "chrome", "browser-platform": "macos", "browser-version": "73.0.3683.86"}
{"method": "GET", "path": "/mondrian/graph/Business targets", "endpoint": "py_mondrian.measures_graph", "view-args": {"cube_name": "Business targets"}, "status": 200, "user": "77a89f0341001421@project-a.com", "timestamp": "2019-03-29T10:25:21.692804", "browser": "chrome", "browser-platform": "macos", "browser-version": "73.0.3683.86"}
{"method": "GET", "path": "/mondrian/graph/Awin performance", "endpoint": "py_mondrian.measures_graph", "view-args": {"cube_name": "Awin performance"}, "status": 200, "user": "77a89f0341001421@project-a.com", "timestamp": "2019-03-29T10:25:21.692801", "browser": "chrome", "browser-platform": "macos", "browser-version": "73.0.3683.86"}
{"method": "GET", "path": "/mondrian/graph/Ad performance", "endpoint": "py_mondrian.measures_graph", "view-args": {"cube_name": "Ad performance"}, "status": 200, "user": "77a89f0341001421@project-a.com", "timestamp": "2019-03-29T10:25:21.713201", "browser": "chrome", "browser-platform": "macos", "browser-version": "73.0.3683.86"}
{"method": "GET", "path": "/mondrian/graph/Database size", "endpoint": "py_mondrian.measures_graph", "view-args": {"cube_name": "Database size"}, "status": 200, "user": "77a89f0341001421@project-a.com", "timestamp": "2019-03-29T10:25:21.734340", "browser": "chrome", "browser-platform": "macos", "browser-version": "73.0.3683.86"}
{"method": "GET", "path": "/mondrian/graph/Call center lost call", "endpoint": "py_mondrian.measures_graph", "view-args": {"cube_name": "Call center lost call"}, "status": 200, "user": "77a89f0341001421@project-a.com", "timestamp": "2019-03-29T10:25:21.734653", "browser": "chrome", "browser-platform": "macos", "browser-version": "73.0.3683.86"}
{"method": "GET", "path": "/mondrian/graph/Call center performance", "endpoint": "py_mondrian.measures_graph", "view-args": {"cube_name": "Call center performance"}, "status": 200, "user": "77a89f0341001421@project-a.com", "timestamp": "2019-03-29T10:25:21.751499", "browser": "chrome", "browser-platform": "macos", "browser-version": "73.0.3683.86"}
{"method": "GET", "path": "/mondrian/graph/Email performance", "endpoint": "py_mondrian.measures_graph", "view-args": {"cube_name": "Email performance"}, "status": 200, "user": "77a89f0341001421@project-a.com", "timestamp": "2019-03-29T10:25:21.875238", "browser": "chrome", "browser-platform": "macos", "browser-version": "73.0.3683.86"}
{"method": "GET", "path": "/mondrian/graph/Keywords", "endpoint": "py_mondrian.measures_graph", "view-args": {"cube_name": "Keywords"}, "status": 200, "user": "77a89f0341001421@project-a.com", "timestamp": "2019-03-29T10:25:21.886842", "browser": "chrome", "browser-platform": "macos", "browser-version": "73.0.3683.86"}
{"method": "GET", "path": "/mondrian/graph/Merged Customers", "endpoint": "py_mondrian.measures_graph", "view-args": {"cube_name": "Merged Customers"}, "status": 200, "user": "77a89f0341001421@project-a.com", "timestamp": "2019-03-29T10:25:21.888734", "browser": "chrome", "browser-platform": "macos", "browser-version": "73.0.3683.86"}
{"method": "GET", "path": "/mondrian/graph/Email contacts", "endpoint": "py_mondrian.measures_graph", "view-args": {"cube_name": "Email contacts"}, "status": 200, "user": "77a89f0341001421@project-a.com", "timestamp": "2019-03-29T10:25:21.919708", "browser": "chrome", "browser-platform": "macos", "browser-version": "73.0.3683.86"}
{"method": "GET", "path": "/mondrian/graph/Marketing cost", "endpoint": "py_mondrian.measures_graph", "view-args": {"cube_name": "Marketing cost"}, "status": 200, "user": "77a89f0341001421@project-a.com", "timestamp": "2019-03-29T10:25:21.927634", "browser": "chrome", "browser-platform": "macos", "browser-version": "73.0.3683.86"}
{"method": "GET", "path": "/mondrian/graph/Marketing touchpoints", "endpoint": "py_mondrian.measures_graph", "view-args": {"cube_name": "Marketing touchpoints"}, "status": 200, "user": "77a89f0341001421@project-a.com", "timestamp": "2019-03-29T10:25:21.933035", "browser": "chrome", "browser-platform": "macos", "browser-version": "73.0.3683.86"}
{"method": "GET", "path": "/mondrian/graph/Order items", "endpoint": "py_mondrian.measures_graph", "view-args": {"cube_name": "Order items"}, "status": 200, "user": "77a89f0341001421@project-a.com", "timestamp": "2019-03-29T10:25:21.957130", "browser": "chrome", "browser-platform": "macos", "browser-version": "73.0.3683.86"}
{"method": "GET", "path": "/mondrian/graph/Products", "endpoint": "py_mondrian.measures_graph", "view-args": {"cube_name": "Products"}, "status": 200, "user": "77a89f0341001421@project-a.com", "timestamp": "2019-03-29T10:25:21.966544", "browser": "chrome", "browser-platform": "macos", "browser-version": "73.0.3683.86"}
{"method": "GET", "path": "/mondrian/graph/Products online", "endpoint": "py_mondrian.measures_graph", "view-args": {"cube_name": "Products online"}, "status": 200, "user": "77a89f0341001421@project-a.com", "timestamp": "2019-03-29T10:25:21.972401", "browser": "chrome", "browser-platform": "macos", "browser-version": "73.0.3683.86"}
{"method": "GET", "path": "/mondrian/graph/Quotes", "endpoint": "py_mondrian.measures_graph", "view-args": {"cube_name": "Quotes"}, "status": 200, "user": "77a89f0341001421@project-a.com", "timestamp": "2019-03-29T10:25:21.990865", "browser": "chrome", "browser-platform": "macos", "browser-version": "73.0.3683.86"}
{"method": "GET", "path": "/mondrian/graph/Returns", "endpoint": "py_mondrian.measures_graph", "view-args": {"cube_name": "Returns"}, "status": 200, "user": "77a89f0341001421@project-a.com", "timestamp": "2019-03-29T10:25:22.013378", "browser": "chrome", "browser-platform": "macos", "browser-version": "73.0.3683.86"}
{"method": "GET", "path": "/mondrian/graph/Sales", "endpoint": "py_mondrian.measures_graph", "view-args": {"cube_name": "Sales"}, "status": 200, "user": "77a89f0341001421@project-a.com", "timestamp": "2019-03-29T10:25:22.023198", "browser": "chrome", "browser-platform": "macos", "browser-version": "73.0.3683.86"}
{"method": "GET", "path": "/mondrian/graph/User stats", "endpoint": "py_mondrian.measures_graph", "view-args": {"cube_name": "User stats"}, "status": 200, "user": "77a89f0341001421@project-a.com", "timestamp": "2019-03-29T10:25:22.038723", "browser": "chrome", "browser-platform": "macos", "browser-version": "73.0.3683.86"}
{"method": "GET", "path": "/mondrian/graph/Warehouse inventory", "endpoint": "py_mondrian.measures_graph", "view-args": {"cube_name": "Warehouse inventory"}, "status": 200, "user": "77a89f0341001421@project-a.com", "timestamp": "2019-03-29T10:25:22.062720", "browser": "chrome", "browser-platform": "macos", "browser-version": "73.0.3683.86"}
{"method": "GET", "path": "/mondrian/graph/Warehouse parcel", "endpoint": "py_mondrian.measures_graph", "view-args": {"cube_name": "Warehouse parcel"}, "status": 200, "user": "77a89f0341001421@project-a.com", "timestamp": "2019-03-29T10:25:22.070658", "browser": "chrome", "browser-platform": "macos", "browser-version": "73.0.3683.86"}
{"method": "GET", "path": "/mondrian/graph/Warehouse shipment", "endpoint": "py_mondrian.measures_graph", "view-args": {"cube_name": "Warehouse shipment"}, "status": 200, "user": "77a89f0341001421@project-a.com", "timestamp": "2019-03-29T10:25:22.083331", "browser": "chrome", "browser-platform": "macos", "browser-version": "73.0.3683.86"}
{"method": "GET", "path": "/mondrian/graph/Warehouse supplies", "endpoint": "py_mondrian.measures_graph", "view-args": {"cube_name": "Warehouse supplies"}, "status": 200, "user": "77a89f0341001421@project-a.com", "timestamp": "2019-03-29T10:25:22.100919", "browser": "chrome", "browser-platform": "macos", "browser-version": "73.0.3683.86"}
{"method": "GET", "path": "/mondrian/graph/Webshop performance", "endpoint": "py_mondrian.measures_graph", "view-args": {"cube_name": "Webshop performance"}, "status": 200, "user": "77a89f0341001421@project-a.com", "timestamp": "2019-03-29T10:25:22.115397", "browser": "chrome", "browser-platform": "macos", "browser-version": "73.0.3683.86"}
{"method": "GET", "path": "/mondrian/graph/Weekly Summary", "endpoint": "py_mondrian.measures_graph", "view-args": {"cube_name": "Weekly Summary"}, "status": 200, "user": "77a89f0341001421@project-a.com", "timestamp": "2019-03-29T10:25:22.131382", "browser": "chrome", "browser-platform": "macos", "browser-version": "73.0.3683.86"}
{"method": "GET", "path": "/product-performance-analyzer/", "endpoint": "product-performance-analyzer.product_filter_panel", "view-args": {}, "status": 200, "user": "77a89f0341001421@project-a.com", "timestamp": "2019-03-29T10:27:39.403439", "browser": "chrome", "browser-platform": "macos", "browser-version": "73.0.3683.86"}
{"method": "GET", "path": "/product-performance-analyzer/_last_successful_import", "endpoint": "product-performance-analyzer.last_successful_import", "view-args": {}, "status": 200, "user": "77a89f0341001421@project-a.com", "timestamp": "2019-03-29T10:27:40.031555", "browser": "chrome", "browser-platform": "macos", "browser-version": "73.0.3683.86"}
{"method": "POST", "path": "/product-performance-analyzer/_render-mdx-request", "endpoint": "product-performance-analyzer.render_mdx_request", "view-args": {}, "status": 200, "user": "77a89f0341001421@project-a.com", "timestamp": "2019-03-29T10:27:43.915082", "browser": "chrome", "browser-platform": "macos", "browser-version": "73.0.3683.86"}
{"method": "GET", "path": "/product-performance-analyzer/_product_images/1/9956004.jpg", "endpoint": "product-performance-analyzer.get_product_image", "view-args": {"filename": "1/9956004.jpg"}, "status": 200, "user": "77a89f0341001421@project-a.com", "timestamp": "2019-03-29T10:27:44.202153", "browser": "chrome", "browser-platform": "macos", "browser-version": "73.0.3683.86"}
{"method": "GET", "path": "/product-performance-analyzer/_product_images/1/9956002.jpg", "endpoint": "product-performance-analyzer.get_product_image", "view-args": {"filename": "1/9956002.jpg"}, "status": 200, "user": "77a89f0341001421@project-a.com", "timestamp": "2019-03-29T10:27:44.204619", "browser": "chrome", "browser-platform": "macos", "browser-version": "73.0.3683.86"}
{"method": "GET", "path": "/product-performance-analyzer/_product_images/1/9639015.jpg", "endpoint": "product-performance-analyzer.get_product_image", "view-args": {"filename": "1/9639015.jpg"}, "status": 200, "user": "77a89f0341001421@project-a.com", "timestamp": "2019-03-29T10:27:44.206965", "browser": "chrome", "browser-platform": "macos", "browser-version": "73.0.3683.86"}
{"method": "GET", "path": "/product-performance-analyzer/_product_images/1/9620334.jpg", "endpoint": "product-performance-analyzer.get_product_image", "view-args": {"filename": "1/9620334.jpg"}, "status": 200, "user": "77a89f0341001421@project-a.com", "timestamp": "2019-03-29T10:27:44.273828", "browser": "chrome", "browser-platform": "macos", "browser-version": "73.0.3683.86"}
{"method": "GET", "path": "/product-performance-analyzer/_product_images/1/9956001.jpg", "endpoint": "product-performance-analyzer.get_product_image", "view-args": {"filename": "1/9956001.jpg"}, "status": 200, "user": "77a89f0341001421@project-a.com", "timestamp": "2019-03-29T10:27:44.280043", "browser": "chrome", "browser-platform": "macos", "browser-version": "73.0.3683.86"}
{"method": "GET", "path": "/product-performance-analyzer/_product_images/1/9620632.jpg", "endpoint": "product-performance-analyzer.get_product_image", "view-args": {"filename": "1/9620632.jpg"}, "status": 200, "user": "77a89f0341001421@project-a.com", "timestamp": "2019-03-29T10:27:44.294113", "browser": "chrome", "browser-platform": "macos", "browser-version": "73.0.3683.86"}
{"method": "GET", "path": "/product-performance-analyzer/_product_images/1/9956008.jpg", "endpoint": "product-performance-analyzer.get_product_image", "view-args": {"filename": "1/9956008.jpg"}, "status": 200, "user": "77a89f0341001421@project-a.com", "timestamp": "2019-03-29T10:27:44.349602", "browser": "chrome", "browser-platform": "macos", "browser-version": "73.0.3683.86"}
{"method": "GET", "path": "/product-performance-analyzer/_product_images/1/7590002.jpg", "endpoint": "product-performance-analyzer.get_product_image", "view-args": {"filename": "1/7590002.jpg"}, "status": 404, "user": "77a89f0341001421@project-a.com", "timestamp": "2019-03-29T10:27:44.365037", "browser": "chrome", "browser-platform": "macos", "browser-version": "73.0.3683.86"}
{"method": "GET", "path": "/product-performance-analyzer/_product_images/1/9956005.jpg", "endpoint": "product-performance-analyzer.get_product_image", "view-args": {"filename": "1/9956005.jpg"}, "status": 200, "user": "77a89f0341001421@project-a.com", "timestamp": "2019-03-29T10:27:44.371987", "browser": "chrome", "browser-platform": "macos", "browser-version": "73.0.3683.86"}
{"method": "GET", "path": "/product-performance-analyzer/_product_images/1/9956006.jpg", "endpoint": "product-performance-analyzer.get_product_image", "view-args": {"filename": "1/9956006.jpg"}, "status": 200, "user": "77a89f0341001421@project-a.com", "timestamp": "2019-03-29T10:27:44.375795", "browser": "chrome", "browser-platform": "macos", "browser-version": "73.0.3683.86"}
{"method": "GET", "path": "/product-performance-analyzer/_product_images/1/9621743.jpg", "endpoint": "product-performance-analyzer.get_product_image", "view-args": {"filename": "1/9621743.jpg"}, "status": 200, "user": "77a89f0341001421@project-a.com", "timestamp": "2019-03-29T10:27:44.379895", "browser": "chrome", "browser-platform": "macos", "browser-version": "73.0.3683.86"}
{"method": "GET", "path": "/product-performance-analyzer/_product_images/1/9978020.jpg", "endpoint": "product-performance-analyzer.get_product_image", "view-args": {"filename": "1/9978020.jpg"}, "status": 200, "user": "77a89f0341001421@project-a.com", "timestamp": "2019-03-29T10:27:44.393149", "browser": "chrome", "browser-platform": "macos", "browser-version": "73.0.3683.86"}
{"method": "GET", "path": "/product-performance-analyzer/_product_images/1/9978021.jpg", "endpoint": "product-performance-analyzer.get_product_image", "view-args": {"filename": "1/9978021.jpg"}, "status": 200, "user": "77a89f0341001421@project-a.com", "timestamp": "2019-03-29T10:27:44.408930", "browser": "chrome", "browser-platform": "macos", "browser-version": "73.0.3683.86"}
{"method": "GET", "path": "/product-performance-analyzer/_product_images/1/9621285.jpg", "endpoint": "product-performance-analyzer.get_product_image", "view-args": {"filename": "1/9621285.jpg"}, "status": 200, "user": "77a89f0341001421@project-a.com", "timestamp": "2019-03-29T10:27:44.477184", "browser": "chrome", "browser-platform": "macos", "browser-version": "73.0.3683.86"}
{"method": "GET", "path": "/product-performance-analyzer/_product_images/1/7261139.jpg", "endpoint": "product-performance-analyzer.get_product_image", "view-args": {"filename": "1/7261139.jpg"}, "status": 200, "user": "77a89f0341001421@project-a.com", "timestamp": "2019-03-29T10:27:44.506429", "browser": "chrome", "browser-platform": "macos", "browser-version": "73.0.3683.86"}
{"method": "GET", "path": "/product-performance-analyzer/_product_images/1/9978024.jpg", "endpoint": "product-performance-analyzer.get_product_image", "view-args": {"filename": "1/9978024.jpg"}, "status": 200, "user": "77a89f0341001421@project-a.com", "timestamp": "2019-03-29T10:27:44.510320", "browser": "chrome", "browser-platform": "macos", "browser-version": "73.0.3683.86"}
{"method": "GET", "path": "/product-performance-analyzer/_product_images/1/9621336.jpg", "endpoint": "product-performance-analyzer.get_product_image", "view-args": {"filename": "1/9621336.jpg"}, "status": 200, "user": "77a89f0341001421@project-a.com", "timestamp": "2019-03-29T10:27:44.536099", "browser": "chrome", "browser-platform": "macos", "browser-version": "73.0.3683.86"}
{"method": "GET", "path": "/product-performance-analyzer/_product_images/1/9620633.jpg", "endpoint": "product-performance-analyzer.get_product_image", "view-args": {"filename": "1/9620633.jpg"}, "status": 200, "user": "77a89f0341001421@project-a.com", "timestamp": "2019-03-29T10:27:44.561067", "browser": "chrome", "browser-platform": "macos", "browser-version": "73.0.3683.86"}
{"method": "GET", "path": "/product-performance-analyzer/_product_images/1/9978018.jpg", "endpoint": "product-performance-analyzer.get_product_image", "view-args": {"filename": "1/9978018.jpg"}, "status": 200, "user": "77a89f0341001421@project-a.com", "timestamp": "2019-03-29T10:27:44.564458", "browser": "chrome", "browser-platform": "macos", "browser-version": "73.0.3683.86"}
{"method": "GET", "path": "/product-performance-analyzer/_product_images/1/9621154.jpg", "endpoint": "product-performance-analyzer.get_product_image", "view-args": {"filename": "1/9621154.jpg"}, "status": 200, "user": "77a89f0341001421@project-a.com", "timestamp": "2019-03-29T10:27:44.582825", "browser": "chrome", "browser-platform": "macos", "browser-version": "73.0.3683.86"}
{"method": "GET", "path": "/product-performance-analyzer/_product_images/1/7500212.jpg", "endpoint": "product-performance-analyzer.get_product_image", "view-args": {"filename": "1/7500212.jpg"}, "status": 200, "user": "77a89f0341001421@project-a.com", "timestamp": "2019-03-29T10:27:44.614090", "browser": "chrome", "browser-platform": "macos", "browser-version": "73.0.3683.86"}
{"method": "GET", "path": "/product-performance-analyzer/_product_images/1/7610578.jpg", "endpoint": "product-performance-analyzer.get_product_image", "view-args": {"filename": "1/7610578.jpg"}, "status": 200, "user": "77a89f0341001421@project-a.com", "timestamp": "2019-03-29T10:27:44.631084", "browser": "chrome", "browser-platform": "macos", "browser-version": "73.0.3683.86"}
{"method": "GET", "path": "/product-performance-analyzer/_product_images/1/9621184.jpg", "endpoint": "product-performance-analyzer.get_product_image", "view-args": {"filename": "1/9621184.jpg"}, "status": 200, "user": "77a89f0341001421@project-a.com", "timestamp": "2019-03-29T10:27:44.631925", "browser": "chrome", "browser-platform": "macos", "browser-version": "73.0.3683.86"}
{"method": "GET", "path": "/product-performance-analyzer/_product_images/1/9978019.jpg", "endpoint": "product-performance-analyzer.get_product_image", "view-args": {"filename": "1/9978019.jpg"}, "status": 200, "user": "77a89f0341001421@project-a.com", "timestamp": "2019-03-29T10:27:44.658741", "browser": "chrome", "browser-platform": "macos", "browser-version": "73.0.3683.86"}
{"method": "GET", "path": "/product-performance-analyzer/_product_images/1/9978023.jpg", "endpoint": "product-performance-analyzer.get_product_image", "view-args": {"filename": "1/9978023.jpg"}, "status": 200, "user": "77a89f0341001421@project-a.com", "timestamp": "2019-03-29T10:27:44.674909", "browser": "chrome", "browser-platform": "macos", "browser-version": "73.0.3683.86"}
{"method": "GET", "path": "/product-performance-analyzer/_product_images/1/9956007.jpg", "endpoint": "product-performance-analyzer.get_product_image", "view-args": {"filename": "1/9956007.jpg"}, "status": 200, "user": "77a89f0341001421@project-a.com", "timestamp": "2019-03-29T10:27:44.704700", "browser": "chrome", "browser-platform": "macos", "browser-version": "73.0.3683.86"}
{"method": "GET", "path": "/product-performance-analyzer/_product_images/1/9639031.jpg", "endpoint": "product-performance-analyzer.get_product_image", "view-args": {"filename": "1/9639031.jpg"}, "status": 200, "user": "77a89f0341001421@project-a.com", "timestamp": "2019-03-29T10:27:44.718149", "browser": "chrome", "browser-platform": "macos", "browser-version": "73.0.3683.86"}
{"method": "GET", "path": "/product-performance-analyzer/_product_images/1/9620169.jpg", "endpoint": "product-performance-analyzer.get_product_image", "view-args": {"filename": "1/9620169.jpg"}, "status": 200, "user": "77a89f0341001421@project-a.com", "timestamp": "2019-03-29T10:27:44.718373", "browser": "chrome", "browser-platform": "macos", "browser-version": "73.0.3683.86"}
{"method": "GET", "path": "/product-performance-analyzer/_product_images/1/9620732.jpg", "endpoint": "product-performance-analyzer.get_product_image", "view-args": {"filename": "1/9620732.jpg"}, "status": 200, "user": "77a89f0341001421@project-a.com", "timestamp": "2019-03-29T10:27:44.744947", "browser": "chrome", "browser-platform": "macos", "browser-version": "73.0.3683.86"}
{"method": "GET", "path": "/product-performance-analyzer/_product_images/1/5000293.jpg", "endpoint": "product-performance-analyzer.get_product_image", "view-args": {"filename": "1/5000293.jpg"}, "status": 200, "user": "77a89f0341001421@project-a.com", "timestamp": "2019-03-29T10:27:44.768258", "browser": "chrome", "browser-platform": "macos", "browser-version": "73.0.3683.86"}
{"method": "GET", "path": "/product-performance-analyzer/_product_images/1/9621472.jpg", "endpoint": "product-performance-analyzer.get_product_image", "view-args": {"filename": "1/9621472.jpg"}, "status": 200, "user": "77a89f0341001421@project-a.com", "timestamp": "2019-03-29T10:27:44.809875", "browser": "chrome", "browser-platform": "macos", "browser-version": "73.0.3683.86"}
{"method": "GET", "path": "/product-performance-analyzer/_product_images/1/9621855.jpg", "endpoint": "product-performance-analyzer.get_product_image", "view-args": {"filename": "1/9621855.jpg"}, "status": 200, "user": "77a89f0341001421@project-a.com", "timestamp": "2019-03-29T10:27:44.815838", "browser": "chrome", "browser-platform": "macos", "browser-version": "73.0.3683.86"}
{"method": "GET", "path": "/product-performance-analyzer/_product_images/1/6500209.jpg", "endpoint": "product-performance-analyzer.get_product_image", "view-args": {"filename": "1/6500209.jpg"}, "status": 200, "user": "77a89f0341001421@project-a.com", "timestamp": "2019-03-29T10:27:44.830630", "browser": "chrome", "browser-platform": "macos", "browser-version": "73.0.3683.86"}
{"method": "GET", "path": "/product-performance-analyzer/_product_images/1/9613008.jpg", "endpoint": "product-performance-analyzer.get_product_image", "view-args": {"filename": "1/9613008.jpg"}, "status": 200, "user": "77a89f0341001421@project-a.com", "timestamp": "2019-03-29T10:27:44.842197", "browser": "chrome", "browser-platform": "macos", "browser-version": "73.0.3683.86"}
{"method": "GET", "path": "/product-performance-analyzer/_product_images/1/9994028.jpg", "endpoint": "product-performance-analyzer.get_product_image", "view-args": {"filename": "1/9994028.jpg"}, "status": 200, "user": "77a89f0341001421@project-a.com", "timestamp": "2019-03-29T10:27:44.865125", "browser": "chrome", "browser-platform": "macos", "browser-version": "73.0.3683.86"}
{"method": "GET", "path": "/product-performance-analyzer/_product_images/1/9613055.jpg", "endpoint": "product-performance-analyzer.get_product_image", "view-args": {"filename": "1/9613055.jpg"}, "status": 200, "user": "77a89f0341001421@project-a.com", "timestamp": "2019-03-29T10:27:44.869323", "browser": "chrome", "browser-platform": "macos", "browser-version": "73.0.3683.86"}
{"method": "GET", "path": "/product-performance-analyzer/_product_images/1/9620329.jpg", "endpoint": "product-performance-analyzer.get_product_image", "view-args": {"filename": "1/9620329.jpg"}, "status": 200, "user": "77a89f0341001421@project-a.com", "timestamp": "2019-03-29T10:27:44.893118", "browser": "chrome", "browser-platform": "macos", "browser-version": "73.0.3683.86"}
{"method": "GET", "path": "/product-performance-analyzer/_product_images/1/9625002.jpg", "endpoint": "product-performance-analyzer.get_product_image", "view-args": {"filename": "1/9625002.jpg"}, "status": 200, "user": "77a89f0341001421@project-a.com", "timestamp": "2019-03-29T10:27:44.913789", "browser": "chrome", "browser-platform": "macos", "browser-version": "73.0.3683.86"}
{"method": "GET", "path": "/product-performance-analyzer/_product_images/1/9950191.jpg", "endpoint": "product-performance-analyzer.get_product_image", "view-args": {"filename": "1/9950191.jpg"}, "status": 200, "user": "77a89f0341001421@project-a.com", "timestamp": "2019-03-29T10:27:44.913890", "browser": "chrome", "browser-platform": "macos", "browser-version": "73.0.3683.86"}
{"method": "GET", "path": "/product-performance-analyzer/_product_images/1/9620730.jpg", "endpoint": "product-performance-analyzer.get_product_image", "view-args": {"filename": "1/9620730.jpg"}, "status": 200, "user": "77a89f0341001421@project-a.com", "timestamp": "2019-03-29T10:27:44.926390", "browser": "chrome", "browser-platform": "macos", "browser-version": "73.0.3683.86"}
{"method": "GET", "path": "/product-performance-analyzer/_product_images/1/9641016.jpg", "endpoint": "product-performance-analyzer.get_product_image", "view-args": {"filename": "1/9641016.jpg"}, "status": 200, "user": "77a89f0341001421@project-a.com", "timestamp": "2019-03-29T10:27:44.936999", "browser": "chrome", "browser-platform": "macos", "browser-version": "73.0.3683.86"}
{"method": "GET", "path": "/product-performance-analyzer/_product_images/1/9620332.jpg", "endpoint": "product-performance-analyzer.get_product_image", "view-args": {"filename": "1/9620332.jpg"}, "status": 200, "user": "77a89f0341001421@project-a.com", "timestamp": "2019-03-29T10:27:44.944678", "browser": "chrome", "browser-platform": "macos", "browser-version": "73.0.3683.86"}
{"method": "GET", "path": "/product-performance-analyzer/_product_images/1/9621530.jpg", "endpoint": "product-performance-analyzer.get_product_image", "view-args": {"filename": "1/9621530.jpg"}, "status": 200, "user": "77a89f0341001421@project-a.com", "timestamp": "2019-03-29T10:27:44.956693", "browser": "chrome", "browser-platform": "macos", "browser-version": "73.0.3683.86"}
{"method": "GET", "path": "/product-performance-analyzer/_product_images/1/9621352.jpg", "endpoint": "product-performance-analyzer.get_product_image", "view-args": {"filename": "1/9621352.jpg"}, "status": 200, "user": "77a89f0341001421@project-a.com", "timestamp": "2019-03-29T10:27:44.969125", "browser": "chrome", "browser-platform": "macos", "browser-version": "73.0.3683.86"}
{"method": "GET", "path": "/product-performance-analyzer/_product_images/1/7610577.jpg", "endpoint": "product-performance-analyzer.get_product_image", "view-args": {"filename": "1/7610577.jpg"}, "status": 200, "user": "77a89f0341001421@project-a.com", "timestamp": "2019-03-29T10:27:44.979576", "browser": "chrome", "browser-platform": "macos", "browser-version": "73.0.3683.86"}
{"method": "GET", "path": "/product-performance-analyzer/_product_images/1/9625040.jpg", "endpoint": "product-performance-analyzer.get_product_image", "view-args": {"filename": "1/9625040.jpg"}, "status": 200, "user": "77a89f0341001421@project-a.com", "timestamp": "2019-03-29T10:27:44.989666", "browser": "chrome", "browser-platform": "macos", "browser-version": "73.0.3683.86"}
{"method": "GET", "path": "/product-performance-analyzer/_product_images/1/4018065.jpg", "endpoint": "product-performance-analyzer.get_product_image", "view-args": {"filename": "1/4018065.jpg"}, "status": 200, "user": "77a89f0341001421@project-a.com", "timestamp": "2019-03-29T10:27:45.002381", "browser": "chrome", "browser-platform": "macos", "browser-version": "73.0.3683.86"}
{"method": "GET", "path": "/product-performance-analyzer/_product_images/1/9620333.jpg", "endpoint": "product-performance-analyzer.get_product_image", "view-args": {"filename": "1/9620333.jpg"}, "status": 200, "user": "77a89f0341001421@project-a.com", "timestamp": "2019-03-29T10:27:45.003507", "browser": "chrome", "browser-platform": "macos", "browser-version": "73.0.3683.86"}
{"method": "GET", "path": "/product-performance-analyzer/_product_images/1/8559218.jpg", "endpoint": "product-performance-analyzer.get_product_image", "view-args": {"filename": "1/8559218.jpg"}, "status": 200, "user": "77a89f0341001421@project-a.com", "timestamp": "2019-03-29T10:27:45.017102", "browser": "chrome", "browser-platform": "macos", "browser-version": "73.0.3683.86"}
{"method": "GET", "path": "/product-performance-analyzer/_product_images/1/9518001.jpg", "endpoint": "product-performance-analyzer.get_product_image", "view-args": {"filename": "1/9518001.jpg"}, "status": 200, "user": "77a89f0341001421@project-a.com", "timestamp": "2019-03-29T10:27:45.038604", "browser": "chrome", "browser-platform": "macos", "browser-version": "73.0.3683.86"}
{"method": "GET", "path": "/mondrian", "endpoint": "py_mondrian.schema_page", "view-args": {}, "status": 200, "user": "77a89f0341001421@project-a.com", "timestamp": "2019-03-29T10:29:08.018057", "browser": "chrome", "browser-platform": "macos", "browser-version": "73.0.3683.86"}
{"method": "GET", "path": "/mondrian/graph/Ad performance", "endpoint": "py_mondrian.measures_graph", "view-args": {"cube_name": "Ad performance"}, "status": 200, "user": "77a89f0341001421@project-a.com", "timestamp": "2019-03-29T10:29:08.491020", "browser": "chrome", "browser-platform": "macos", "browser-version": "73.0.3683.86"}
{"method": "GET", "path": "/mondrian/graph/Awin performance", "endpoint": "py_mondrian.measures_graph", "view-args": {"cube_name": "Awin performance"}, "status": 200, "user": "77a89f0341001421@project-a.com", "timestamp": "2019-03-29T10:29:08.535980", "browser": "chrome", "browser-platform": "macos", "browser-version": "73.0.3683.86"}
{"method": "GET", "path": "/mondrian/graph/Email contacts", "endpoint": "py_mondrian.measures_graph", "view-args": {"cube_name": "Email contacts"}, "status": 200, "user": "77a89f0341001421@project-a.com", "timestamp": "2019-03-29T10:29:08.556686", "browser": "chrome", "browser-platform": "macos", "browser-version": "73.0.3683.86"}
{"method": "GET", "path": "/mondrian/graph/Email performance", "endpoint": "py_mondrian.measures_graph", "view-args": {"cube_name": "Email performance"}, "status": 200, "user": "77a89f0341001421@project-a.com", "timestamp": "2019-03-29T10:29:08.586952", "browser": "chrome", "browser-platform": "macos", "browser-version": "73.0.3683.86"}
{"method": "GET", "path": "/mondrian/graph/Call center lost call", "endpoint": "py_mondrian.measures_graph", "view-args": {"cube_name": "Call center lost call"}, "status": 200, "user": "77a89f0341001421@project-a.com", "timestamp": "2019-03-29T10:29:08.593694", "browser": "chrome", "browser-platform": "macos", "browser-version": "73.0.3683.86"}
{"method": "GET", "path": "/mondrian/graph/Keywords", "endpoint": "py_mondrian.measures_graph", "view-args": {"cube_name": "Keywords"}, "status": 200, "user": "77a89f0341001421@project-a.com", "timestamp": "2019-03-29T10:29:08.607730", "browser": "chrome", "browser-platform": "macos", "browser-version": "73.0.3683.86"}
{"method": "GET", "path": "/mondrian/graph/Business targets", "endpoint": "py_mondrian.measures_graph", "view-args": {"cube_name": "Business targets"}, "status": 200, "user": "77a89f0341001421@project-a.com", "timestamp": "2019-03-29T10:29:08.610070", "browser": "chrome", "browser-platform": "macos", "browser-version": "73.0.3683.86"}
{"method": "GET", "path": "/mondrian/graph/Call center performance", "endpoint": "py_mondrian.measures_graph", "view-args": {"cube_name": "Call center performance"}, "status": 200, "user": "77a89f0341001421@project-a.com", "timestamp": "2019-03-29T10:29:08.635799", "browser": "chrome", "browser-platform": "macos", "browser-version": "73.0.3683.86"}
{"method": "GET", "path": "/mondrian/graph/Database size", "endpoint": "py_mondrian.measures_graph", "view-args": {"cube_name": "Database size"}, "status": 200, "user": "77a89f0341001421@project-a.com", "timestamp": "2019-03-29T10:29:08.644310", "browser": "chrome", "browser-platform": "macos", "browser-version": "73.0.3683.86"}
{"method": "GET", "path": "/mondrian/graph/Marketing cost", "endpoint": "py_mondrian.measures_graph", "view-args": {"cube_name": "Marketing cost"}, "status": 200, "user": "77a89f0341001421@project-a.com", "timestamp": "2019-03-29T10:29:08.656661", "browser": "chrome", "browser-platform": "macos", "browser-version": "73.0.3683.86"}
{"method": "GET", "path": "/mondrian/graph/Marketing touchpoints", "endpoint": "py_mondrian.measures_graph", "view-args": {"cube_name": "Marketing touchpoints"}, "status": 200, "user": "77a89f0341001421@project-a.com", "timestamp": "2019-03-29T10:29:08.682856", "browser": "chrome", "browser-platform": "macos", "browser-version": "73.0.3683.86"}
{"method": "GET", "path": "/mondrian/graph/Order items", "endpoint": "py_mondrian.measures_graph", "view-args": {"cube_name": "Order items"}, "status": 200, "user": "77a89f0341001421@project-a.com", "timestamp": "2019-03-29T10:29:08.692885", "browser": "chrome", "browser-platform": "macos", "browser-version": "73.0.3683.86"}
{"method": "GET", "path": "/mondrian/graph/Merged Customers", "endpoint": "py_mondrian.measures_graph", "view-args": {"cube_name": "Merged Customers"}, "status": 200, "user": "77a89f0341001421@project-a.com", "timestamp": "2019-03-29T10:29:08.696120", "browser": "chrome", "browser-platform": "macos", "browser-version": "73.0.3683.86"}
{"method": "GET", "path": "/mondrian/graph/Products online", "endpoint": "py_mondrian.measures_graph", "view-args": {"cube_name": "Products online"}, "status": 200, "user": "77a89f0341001421@project-a.com", "timestamp": "2019-03-29T10:29:08.719135", "browser": "chrome", "browser-platform": "macos", "browser-version": "73.0.3683.86"}
{"method": "GET", "path": "/mondrian/graph/Products", "endpoint": "py_mondrian.measures_graph", "view-args": {"cube_name": "Products"}, "status": 200, "user": "77a89f0341001421@project-a.com", "timestamp": "2019-03-29T10:29:08.734250", "browser": "chrome", "browser-platform": "macos", "browser-version": "73.0.3683.86"}
{"method": "GET", "path": "/mondrian/graph/Quotes", "endpoint": "py_mondrian.measures_graph", "view-args": {"cube_name": "Quotes"}, "status": 200, "user": "77a89f0341001421@project-a.com", "timestamp": "2019-03-29T10:29:08.738576", "browser": "chrome", "browser-platform": "macos", "browser-version": "73.0.3683.86"}
{"method": "GET", "path": "/mondrian/graph/Sales", "endpoint": "py_mondrian.measures_graph", "view-args": {"cube_name": "Sales"}, "status": 200, "user": "77a89f0341001421@project-a.com", "timestamp": "2019-03-29T10:29:08.748096", "browser": "chrome", "browser-platform": "macos", "browser-version": "73.0.3683.86"}
{"method": "GET", "path": "/mondrian/graph/Returns", "endpoint": "py_mondrian.measures_graph", "view-args": {"cube_name": "Returns"}, "status": 200, "user": "77a89f0341001421@project-a.com", "timestamp": "2019-03-29T10:29:08.754527", "browser": "chrome", "browser-platform": "macos", "browser-version": "73.0.3683.86"}
{"method": "GET", "path": "/mondrian/graph/User stats", "endpoint": "py_mondrian.measures_graph", "view-args": {"cube_name": "User stats"}, "status": 200, "user": "77a89f0341001421@project-a.com", "timestamp": "2019-03-29T10:29:08.773634", "browser": "chrome", "browser-platform": "macos", "browser-version": "73.0.3683.86"}
{"method": "GET", "path": "/mondrian/graph/Warehouse inventory", "endpoint": "py_mondrian.measures_graph", "view-args": {"cube_name": "Warehouse inventory"}, "status": 200, "user": "77a89f0341001421@project-a.com", "timestamp": "2019-03-29T10:29:08.781470", "browser": "chrome", "browser-platform": "macos", "browser-version": "73.0.3683.86"}
{"method": "GET", "path": "/mondrian/graph/Warehouse parcel", "endpoint": "py_mondrian.measures_graph", "view-args": {"cube_name": "Warehouse parcel"}, "status": 200, "user": "77a89f0341001421@project-a.com", "timestamp": "2019-03-29T10:29:08.790738", "browser": "chrome", "browser-platform": "macos", "browser-version": "73.0.3683.86"}
{"method": "GET", "path": "/mondrian/graph/Warehouse shipment", "endpoint": "py_mondrian.measures_graph", "view-args": {"cube_name": "Warehouse shipment"}, "status": 200, "user": "77a89f0341001421@project-a.com", "timestamp": "2019-03-29T10:29:08.811897", "browser": "chrome", "browser-platform": "macos", "browser-version": "73.0.3683.86"}
{"method": "GET", "path": "/mondrian/graph/Warehouse supplies", "endpoint": "py_mondrian.measures_graph", "view-args": {"cube_name": "Warehouse supplies"}, "status": 200, "user": "77a89f0341001421@project-a.com", "timestamp": "2019-03-29T10:29:08.816600", "browser": "chrome", "browser-platform": "macos", "browser-version": "73.0.3683.86"}
{"method": "GET", "path": "/mondrian/graph/Webshop performance", "endpoint": "py_mondrian.measures_graph", "view-args": {"cube_name": "Webshop performance"}, "status": 200, "user": "77a89f0341001421@project-a.com", "timestamp": "2019-03-29T10:29:08.824946", "browser": "chrome", "browser-platform": "macos", "browser-version": "73.0.3683.86"}
{"method": "GET", "path": "/mondrian/graph/Weekly Summary", "endpoint": "py_mondrian.measures_graph", "view-args": {"cube_name": "Weekly Summary"}, "status": 200, "user": "77a89f0341001421@project-a.com", "timestamp": "2019-03-29T10:29:08.847947", "browser": "chrome", "browser-platform": "macos", "browser-version": "73.0.3683.86"}
