{"method": "POST", "path": "/dashboards/sales-comparison", "endpoint": "dashboards.view_dashboard", "view-args": {"id": "sales-comparison"}, "status": 200, "user": "4cc33a8ae3d9bb44@lampenwelt.de", "timestamp": "2019-04-11T18:31:39.960330", "browser": "chrome", "browser-platform": "windows", "browser-version": "73.0.3683.86"}
{"method": "GET", "path": "/dashboards/_render_async_sql_query/100b89c2-2417-4463-b064-e5a7b1b3def0", "endpoint": "dashboards.render_async_sql_query", "view-args": {"id": "100b89c2-2417-4463-b064-e5a7b1b3def0"}, "status": 200, "user": "4cc33a8ae3d9bb44@lampenwelt.de", "timestamp": "2019-04-11T18:31:40.468194", "browser": "chrome", "browser-platform": "windows", "browser-version": "73.0.3683.86"}
{"method": "GET", "path": "/dashboards/_render_async_sql_query/daf0a16e-0f65-4deb-8b1b-dd70aa16861b", "endpoint": "dashboards.render_async_sql_query", "view-args": {"id": "daf0a16e-0f65-4deb-8b1b-dd70aa16861b"}, "status": 200, "user": "4cc33a8ae3d9bb44@lampenwelt.de", "timestamp": "2019-04-11T18:31:40.476328", "browser": "chrome", "browser-platform": "windows", "browser-version": "73.0.3683.86"}
{"method": "GET", "path": "/dashboards/_render_async_sql_query/d9cebc78-3841-4607-ab8d-dcca2b63991b", "endpoint": "dashboards.render_async_sql_query", "view-args": {"id": "d9cebc78-3841-4607-ab8d-dcca2b63991b"}, "status": 200, "user": "4cc33a8ae3d9bb44@lampenwelt.de", "timestamp": "2019-04-11T18:31:40.477918", "browser": "chrome", "browser-platform": "windows", "browser-version": "73.0.3683.86"}
{"method": "GET", "path": "/dashboards/_last_marketing_cost/sales-comparison", "endpoint": "dashboards.last_marketing_cost", "view-args": {"id": "sales-comparison"}, "status": 200, "user": "4cc33a8ae3d9bb44@lampenwelt.de", "timestamp": "2019-04-11T18:31:40.488693", "browser": "chrome", "browser-platform": "windows", "browser-version": "73.0.3683.86"}
{"method": "GET", "path": "/dashboards/_render_async_sql_query/05527d3c-1275-4fcf-b003-103e8708d87a", "endpoint": "dashboards.render_async_sql_query", "view-args": {"id": "05527d3c-1275-4fcf-b003-103e8708d87a"}, "status": 200, "user": "4cc33a8ae3d9bb44@lampenwelt.de", "timestamp": "2019-04-11T18:31:40.506761", "browser": "chrome", "browser-platform": "windows", "browser-version": "73.0.3683.86"}
{"method": "GET", "path": "/dashboards/_last_successful_import", "endpoint": "dashboards.last_successful_import", "view-args": {}, "status": 200, "user": "4cc33a8ae3d9bb44@lampenwelt.de", "timestamp": "2019-04-11T18:31:40.554602", "browser": "chrome", "browser-platform": "windows", "browser-version": "73.0.3683.86"}
{"method": "GET", "path": "/dashboards/_render_async_sql_query/7cd0811f-15f1-4eb5-bde2-9dfc694f63e2", "endpoint": "dashboards.render_async_sql_query", "view-args": {"id": "7cd0811f-15f1-4eb5-bde2-9dfc694f63e2"}, "status": 200, "user": "4cc33a8ae3d9bb44@lampenwelt.de", "timestamp": "2019-04-11T18:31:40.603416", "browser": "chrome", "browser-platform": "windows", "browser-version": "73.0.3683.86"}
{"method": "GET", "path": "/dashboards/_render_async_sql_query/abddb86c-f3a3-4e90-a425-60515a96e9e0", "endpoint": "dashboards.render_async_sql_query", "view-args": {"id": "abddb86c-f3a3-4e90-a425-60515a96e9e0"}, "status": 200, "user": "4cc33a8ae3d9bb44@lampenwelt.de", "timestamp": "2019-04-11T18:31:40.610338", "browser": "chrome", "browser-platform": "windows", "browser-version": "73.0.3683.86"}
