{"method": "POST", "path": "/mondrian/excel/authorize", "endpoint": "py_mondrian.excel_authorize", "view-args": {}, "status": 200, "user": "35675e68f4b5af7b@localhost", "timestamp": "2019-04-18T12:07:39.722528", "browser": null, "browser-platform": null, "browser-version": null}
{"method": "POST", "path": "/mondrian/excel/authorize", "endpoint": "py_mondrian.excel_authorize", "view-args": {}, "status": 200, "user": "35675e68f4b5af7b@localhost", "timestamp": "2019-04-18T12:07:47.834061", "browser": null, "browser-platform": null, "browser-version": null}
{"method": "GET", "path": "/dashboards/sales-comparison", "endpoint": "dashboards.view_dashboard", "view-args": {"id": "sales-comparison"}, "status": 200, "user": "2c7b4f3c98339365@lampenwelt.de", "timestamp": "2019-04-18T12:15:37.668479", "browser": "chrome", "browser-platform": "windows", "browser-version": "73.0.3683.103"}
{"method": "GET", "path": "/dashboards/_render_async_sql_query/3d4db115-2a65-4419-9509-d460f1d2400f", "endpoint": "dashboards.render_async_sql_query", "view-args": {"id": "3d4db115-2a65-4419-9509-d460f1d2400f"}, "status": 200, "user": "2c7b4f3c98339365@lampenwelt.de", "timestamp": "2019-04-18T12:15:37.985239", "browser": "chrome", "browser-platform": "windows", "browser-version": "73.0.3683.103"}
{"method": "GET", "path": "/dashboards/_render_async_sql_query/7891f975-d8b2-4a4e-983b-0e014cbf86eb", "endpoint": "dashboards.render_async_sql_query", "view-args": {"id": "7891f975-d8b2-4a4e-983b-0e014cbf86eb"}, "status": 200, "user": "2c7b4f3c98339365@lampenwelt.de", "timestamp": "2019-04-18T12:15:37.987377", "browser": "chrome", "browser-platform": "windows", "browser-version": "73.0.3683.103"}
{"method": "GET", "path": "/dashboards/_render_async_sql_query/7846dd31-fb42-4de3-bf89-195fd7866801", "endpoint": "dashboards.render_async_sql_query", "view-args": {"id": "7846dd31-fb42-4de3-bf89-195fd7866801"}, "status": 200, "user": "2c7b4f3c98339365@lampenwelt.de", "timestamp": "2019-04-18T12:15:37.987921", "browser": "chrome", "browser-platform": "windows", "browser-version": "73.0.3683.103"}
{"method": "GET", "path": "/dashboards/_last_marketing_cost/sales-comparison", "endpoint": "dashboards.last_marketing_cost", "view-args": {"id": "sales-comparison"}, "status": 200, "user": "2c7b4f3c98339365@lampenwelt.de", "timestamp": "2019-04-18T12:15:38.001059", "browser": "chrome", "browser-platform": "windows", "browser-version": "73.0.3683.103"}
{"method": "GET", "path": "/dashboards/_last_successful_import", "endpoint": "dashboards.last_successful_import", "view-args": {}, "status": 200, "user": "2c7b4f3c98339365@lampenwelt.de", "timestamp": "2019-04-18T12:15:38.004844", "browser": "chrome", "browser-platform": "windows", "browser-version": "73.0.3683.103"}
{"method": "GET", "path": "/dashboards/_render_async_sql_query/46e76b3b-ef33-4dbd-a621-dc0f73c3e42b", "endpoint": "dashboards.render_async_sql_query", "view-args": {"id": "46e76b3b-ef33-4dbd-a621-dc0f73c3e42b"}, "status": 200, "user": "2c7b4f3c98339365@lampenwelt.de", "timestamp": "2019-04-18T12:15:38.009522", "browser": "chrome", "browser-platform": "windows", "browser-version": "73.0.3683.103"}
{"method": "GET", "path": "/dashboards/_render_async_sql_query/b89c3c17-7db9-485d-87c3-4d68655e2b7f", "endpoint": "dashboards.render_async_sql_query", "view-args": {"id": "b89c3c17-7db9-485d-87c3-4d68655e2b7f"}, "status": 200, "user": "2c7b4f3c98339365@lampenwelt.de", "timestamp": "2019-04-18T12:15:38.054066", "browser": "chrome", "browser-platform": "windows", "browser-version": "73.0.3683.103"}
{"method": "GET", "path": "/dashboards/_render_async_sql_query/1240b9b1-78ca-4932-aaaa-cf16c30c3085", "endpoint": "dashboards.render_async_sql_query", "view-args": {"id": "1240b9b1-78ca-4932-aaaa-cf16c30c3085"}, "status": 200, "user": "2c7b4f3c98339365@lampenwelt.de", "timestamp": "2019-04-18T12:15:38.055070", "browser": "chrome", "browser-platform": "windows", "browser-version": "73.0.3683.103"}
{"method": "POST", "path": "/mondrian/saiku/authorize", "endpoint": "py_mondrian.saiku_authorize", "view-args": {}, "status": 200, "user": "35675e68f4b5af7b@localhost", "timestamp": "2019-04-18T12:15:45.881700", "browser": null, "browser-platform": null, "browser-version": null}
{"method": "POST", "path": "/mondrian/saiku/authorize", "endpoint": "py_mondrian.saiku_authorize", "view-args": {}, "status": 200, "user": "35675e68f4b5af7b@localhost", "timestamp": "2019-04-18T12:15:46.014604", "browser": null, "browser-platform": null, "browser-version": null}
{"method": "GET", "path": "/product-performance-analyzer/", "endpoint": "product-performance-analyzer.product_filter_panel", "view-args": {}, "status": 200, "user": "13f7e9ada41f2425@lampenwelt.de", "timestamp": "2019-04-18T12:32:02.872547", "browser": "chrome", "browser-platform": "windows", "browser-version": "73.0.3683.86"}
{"method": "GET", "path": "/product-performance-analyzer/_last_successful_import", "endpoint": "product-performance-analyzer.last_successful_import", "view-args": {}, "status": 200, "user": "13f7e9ada41f2425@lampenwelt.de", "timestamp": "2019-04-18T12:32:03.264575", "browser": "chrome", "browser-platform": "windows", "browser-version": "73.0.3683.86"}
{"method": "POST", "path": "/product-performance-analyzer/_render-mdx-request", "endpoint": "product-performance-analyzer.render_mdx_request", "view-args": {}, "status": 200, "user": "13f7e9ada41f2425@lampenwelt.de", "timestamp": "2019-04-18T12:32:03.625777", "browser": "chrome", "browser-platform": "windows", "browser-version": "73.0.3683.86"}
{"method": "POST", "path": "/mondrian/saiku/authorize", "endpoint": "py_mondrian.saiku_authorize", "view-args": {}, "status": 200, "user": "35675e68f4b5af7b@localhost", "timestamp": "2019-04-18T12:37:45.045153", "browser": null, "browser-platform": null, "browser-version": null}
{"method": "POST", "path": "/mondrian/saiku/authorize", "endpoint": "py_mondrian.saiku_authorize", "view-args": {}, "status": 200, "user": "35675e68f4b5af7b@localhost", "timestamp": "2019-04-18T12:37:45.054499", "browser": null, "browser-platform": null, "browser-version": null}
{"method": "POST", "path": "/mondrian/saiku/authorize", "endpoint": "py_mondrian.saiku_authorize", "view-args": {}, "status": 200, "user": "35675e68f4b5af7b@localhost", "timestamp": "2019-04-18T12:37:45.155255", "browser": null, "browser-platform": null, "browser-version": null}
{"method": "POST", "path": "/mondrian/saiku/authorize", "endpoint": "py_mondrian.saiku_authorize", "view-args": {}, "status": 200, "user": "35675e68f4b5af7b@localhost", "timestamp": "2019-04-18T12:37:57.295208", "browser": null, "browser-platform": null, "browser-version": null}
{"method": "POST", "path": "/mondrian/saiku/authorize", "endpoint": "py_mondrian.saiku_authorize", "view-args": {}, "status": 200, "user": "35675e68f4b5af7b@localhost", "timestamp": "2019-04-18T12:37:58.317217", "browser": null, "browser-platform": null, "browser-version": null}
{"method": "POST", "path": "/mondrian/saiku/authorize", "endpoint": "py_mondrian.saiku_authorize", "view-args": {}, "status": 200, "user": "35675e68f4b5af7b@localhost", "timestamp": "2019-04-18T12:39:55.512870", "browser": null, "browser-platform": null, "browser-version": null}
{"method": "POST", "path": "/mondrian/saiku/authorize", "endpoint": "py_mondrian.saiku_authorize", "view-args": {}, "status": 200, "user": "35675e68f4b5af7b@localhost", "timestamp": "2019-04-18T12:40:39.312071", "browser": null, "browser-platform": null, "browser-version": null}
{"method": "POST", "path": "/mondrian/excel/authorize", "endpoint": "py_mondrian.excel_authorize", "view-args": {}, "status": 200, "user": "35675e68f4b5af7b@localhost", "timestamp": "2019-04-18T12:40:46.560967", "browser": null, "browser-platform": null, "browser-version": null}
{"method": "POST", "path": "/mondrian/saiku/authorize", "endpoint": "py_mondrian.saiku_authorize", "view-args": {}, "status": 200, "user": "35675e68f4b5af7b@localhost", "timestamp": "2019-04-18T12:46:03.648510", "browser": null, "browser-platform": null, "browser-version": null}
{"method": "GET", "path": "/dashboards/shop-performance-overview", "endpoint": "dashboards.view_dashboard", "view-args": {"id": "shop-performance-overview"}, "status": 200, "user": "228580cf3748c59f@lampenwelt.de", "timestamp": "2019-04-18T12:47:15.177706", "browser": "chrome", "browser-platform": "windows", "browser-version": "73.0.3683.103"}
{"method": "GET", "path": "/dashboards/_render_async_sql_query/8ebbecad-0bbc-41b7-81cc-d992174566fc", "endpoint": "dashboards.render_async_sql_query", "view-args": {"id": "8ebbecad-0bbc-41b7-81cc-d992174566fc"}, "status": 200, "user": "228580cf3748c59f@lampenwelt.de", "timestamp": "2019-04-18T12:47:15.795040", "browser": "chrome", "browser-platform": "windows", "browser-version": "73.0.3683.103"}
{"method": "GET", "path": "/dashboards/_render_async_sql_query/2c739f0b-6c81-4982-a589-e97e3e7d75e7", "endpoint": "dashboards.render_async_sql_query", "view-args": {"id": "2c739f0b-6c81-4982-a589-e97e3e7d75e7"}, "status": 200, "user": "228580cf3748c59f@lampenwelt.de", "timestamp": "2019-04-18T12:47:15.826480", "browser": "chrome", "browser-platform": "windows", "browser-version": "73.0.3683.103"}
{"method": "GET", "path": "/dashboards/_render_async_sql_query/1def3235-08ad-45d0-b31c-b770f52f37ea", "endpoint": "dashboards.render_async_sql_query", "view-args": {"id": "1def3235-08ad-45d0-b31c-b770f52f37ea"}, "status": 200, "user": "228580cf3748c59f@lampenwelt.de", "timestamp": "2019-04-18T12:47:15.827926", "browser": "chrome", "browser-platform": "windows", "browser-version": "73.0.3683.103"}
{"method": "GET", "path": "/dashboards/_render_async_sql_query/7dfe3760-349e-46c0-a5ba-1f469067ba48", "endpoint": "dashboards.render_async_sql_query", "view-args": {"id": "7dfe3760-349e-46c0-a5ba-1f469067ba48"}, "status": 200, "user": "228580cf3748c59f@lampenwelt.de", "timestamp": "2019-04-18T12:47:15.841267", "browser": "chrome", "browser-platform": "windows", "browser-version": "73.0.3683.103"}
{"method": "GET", "path": "/dashboards/_last_marketing_cost/shop-performance-overview", "endpoint": "dashboards.last_marketing_cost", "view-args": {"id": "shop-performance-overview"}, "status": 200, "user": "228580cf3748c59f@lampenwelt.de", "timestamp": "2019-04-18T12:47:15.860202", "browser": "chrome", "browser-platform": "windows", "browser-version": "73.0.3683.103"}
{"method": "GET", "path": "/dashboards/_render_async_sql_query/59c843c8-766d-4ea2-8508-439e1762d7a4", "endpoint": "dashboards.render_async_sql_query", "view-args": {"id": "59c843c8-766d-4ea2-8508-439e1762d7a4"}, "status": 200, "user": "228580cf3748c59f@lampenwelt.de", "timestamp": "2019-04-18T12:47:15.893227", "browser": "chrome", "browser-platform": "windows", "browser-version": "73.0.3683.103"}
{"method": "GET", "path": "/dashboards/_last_successful_import", "endpoint": "dashboards.last_successful_import", "view-args": {}, "status": 200, "user": "228580cf3748c59f@lampenwelt.de", "timestamp": "2019-04-18T12:47:15.924469", "browser": "chrome", "browser-platform": "windows", "browser-version": "73.0.3683.103"}
{"method": "GET", "path": "/dashboards/_render_async_sql_query/b262a69b-9329-4b2e-89e7-32b9b13c9003", "endpoint": "dashboards.render_async_sql_query", "view-args": {"id": "b262a69b-9329-4b2e-89e7-32b9b13c9003"}, "status": 200, "user": "228580cf3748c59f@lampenwelt.de", "timestamp": "2019-04-18T12:47:15.933237", "browser": "chrome", "browser-platform": "windows", "browser-version": "73.0.3683.103"}
{"method": "GET", "path": "/dashboards/_render_async_sql_query/4d28dcef-81da-415d-beaf-9782000664c8", "endpoint": "dashboards.render_async_sql_query", "view-args": {"id": "4d28dcef-81da-415d-beaf-9782000664c8"}, "status": 200, "user": "228580cf3748c59f@lampenwelt.de", "timestamp": "2019-04-18T12:47:15.938666", "browser": "chrome", "browser-platform": "windows", "browser-version": "73.0.3683.103"}
{"method": "GET", "path": "/dashboards/_render_async_sql_query/14e68c39-a321-415c-8394-3d035675dbaf", "endpoint": "dashboards.render_async_sql_query", "view-args": {"id": "14e68c39-a321-415c-8394-3d035675dbaf"}, "status": 200, "user": "228580cf3748c59f@lampenwelt.de", "timestamp": "2019-04-18T12:47:15.975735", "browser": "chrome", "browser-platform": "windows", "browser-version": "73.0.3683.103"}
{"method": "GET", "path": "/dashboards/_render_async_sql_query/dcdd164a-1212-4ed4-b180-1acb0389c334", "endpoint": "dashboards.render_async_sql_query", "view-args": {"id": "dcdd164a-1212-4ed4-b180-1acb0389c334"}, "status": 200, "user": "228580cf3748c59f@lampenwelt.de", "timestamp": "2019-04-18T12:47:15.983125", "browser": "chrome", "browser-platform": "windows", "browser-version": "73.0.3683.103"}
{"method": "GET", "path": "/dashboards/_render_async_sql_query/cee25936-e7c2-4758-bbaa-daee18dff4a3", "endpoint": "dashboards.render_async_sql_query", "view-args": {"id": "cee25936-e7c2-4758-bbaa-daee18dff4a3"}, "status": 200, "user": "228580cf3748c59f@lampenwelt.de", "timestamp": "2019-04-18T12:47:16.147780", "browser": "chrome", "browser-platform": "windows", "browser-version": "73.0.3683.103"}
{"method": "GET", "path": "/dashboards/_render_async_sql_query/28e9e17e-4ad0-46c9-90e5-f81a8af5446e", "endpoint": "dashboards.render_async_sql_query", "view-args": {"id": "28e9e17e-4ad0-46c9-90e5-f81a8af5446e"}, "status": 200, "user": "228580cf3748c59f@lampenwelt.de", "timestamp": "2019-04-18T12:47:16.148036", "browser": "chrome", "browser-platform": "windows", "browser-version": "73.0.3683.103"}
{"method": "GET", "path": "/dashboards/_render_async_sql_query/f26d75cc-4a5b-4dfe-b95a-47482d300f9e", "endpoint": "dashboards.render_async_sql_query", "view-args": {"id": "f26d75cc-4a5b-4dfe-b95a-47482d300f9e"}, "status": 200, "user": "228580cf3748c59f@lampenwelt.de", "timestamp": "2019-04-18T12:47:16.165992", "browser": "chrome", "browser-platform": "windows", "browser-version": "73.0.3683.103"}
{"method": "GET", "path": "/dashboards/_render_async_sql_query/f0e866d4-63a5-46c4-b17d-3dfec8dfecc1", "endpoint": "dashboards.render_async_sql_query", "view-args": {"id": "f0e866d4-63a5-46c4-b17d-3dfec8dfecc1"}, "status": 200, "user": "228580cf3748c59f@lampenwelt.de", "timestamp": "2019-04-18T12:47:16.184486", "browser": "chrome", "browser-platform": "windows", "browser-version": "73.0.3683.103"}
{"method": "GET", "path": "/dashboards/_render_async_sql_query/eb12ab61-6d7d-43cf-9247-5362ac9b7a54", "endpoint": "dashboards.render_async_sql_query", "view-args": {"id": "eb12ab61-6d7d-43cf-9247-5362ac9b7a54"}, "status": 200, "user": "228580cf3748c59f@lampenwelt.de", "timestamp": "2019-04-18T12:47:16.189281", "browser": "chrome", "browser-platform": "windows", "browser-version": "73.0.3683.103"}
{"method": "GET", "path": "/dashboards/_render_async_sql_query/c00caa03-01ce-4307-9d82-7e13a36f7396", "endpoint": "dashboards.render_async_sql_query", "view-args": {"id": "c00caa03-01ce-4307-9d82-7e13a36f7396"}, "status": 200, "user": "228580cf3748c59f@lampenwelt.de", "timestamp": "2019-04-18T12:47:16.212078", "browser": "chrome", "browser-platform": "windows", "browser-version": "73.0.3683.103"}
{"method": "GET", "path": "/dashboards/_render_async_sql_query/b391c85e-615a-4da9-80be-714bd39aa860", "endpoint": "dashboards.render_async_sql_query", "view-args": {"id": "b391c85e-615a-4da9-80be-714bd39aa860"}, "status": 200, "user": "228580cf3748c59f@lampenwelt.de", "timestamp": "2019-04-18T12:47:16.224738", "browser": "chrome", "browser-platform": "windows", "browser-version": "73.0.3683.103"}
{"method": "GET", "path": "/dashboards/_render_async_sql_query/6ff39310-8bca-42fc-9dfc-95704e95e182", "endpoint": "dashboards.render_async_sql_query", "view-args": {"id": "6ff39310-8bca-42fc-9dfc-95704e95e182"}, "status": 200, "user": "228580cf3748c59f@lampenwelt.de", "timestamp": "2019-04-18T12:47:16.235309", "browser": "chrome", "browser-platform": "windows", "browser-version": "73.0.3683.103"}
{"method": "GET", "path": "/dashboards/_render_async_sql_query/dfd9eaf3-d850-4df0-9e09-5f78211696cd", "endpoint": "dashboards.render_async_sql_query", "view-args": {"id": "dfd9eaf3-d850-4df0-9e09-5f78211696cd"}, "status": 200, "user": "228580cf3748c59f@lampenwelt.de", "timestamp": "2019-04-18T12:47:16.242064", "browser": "chrome", "browser-platform": "windows", "browser-version": "73.0.3683.103"}
{"method": "GET", "path": "/dashboards/_render_async_sql_query/0e0ea2c9-1d72-4a82-b06e-fcc8e86bbffc", "endpoint": "dashboards.render_async_sql_query", "view-args": {"id": "0e0ea2c9-1d72-4a82-b06e-fcc8e86bbffc"}, "status": 200, "user": "228580cf3748c59f@lampenwelt.de", "timestamp": "2019-04-18T12:47:16.251144", "browser": "chrome", "browser-platform": "windows", "browser-version": "73.0.3683.103"}
{"method": "GET", "path": "/dashboards/_render_async_sql_query/53d19426-4c9a-4d66-9c13-6e4f641383eb", "endpoint": "dashboards.render_async_sql_query", "view-args": {"id": "53d19426-4c9a-4d66-9c13-6e4f641383eb"}, "status": 200, "user": "228580cf3748c59f@lampenwelt.de", "timestamp": "2019-04-18T12:47:16.264003", "browser": "chrome", "browser-platform": "windows", "browser-version": "73.0.3683.103"}
{"method": "GET", "path": "/dashboards/_render_async_sql_query/94e2c729-7efb-4316-83b8-4adbf9a51bfa", "endpoint": "dashboards.render_async_sql_query", "view-args": {"id": "94e2c729-7efb-4316-83b8-4adbf9a51bfa"}, "status": 200, "user": "228580cf3748c59f@lampenwelt.de", "timestamp": "2019-04-18T12:47:16.279663", "browser": "chrome", "browser-platform": "windows", "browser-version": "73.0.3683.103"}
{"method": "GET", "path": "/dashboards/_render_async_sql_query/d517f565-c5fe-4d4a-a643-231879a522f5", "endpoint": "dashboards.render_async_sql_query", "view-args": {"id": "d517f565-c5fe-4d4a-a643-231879a522f5"}, "status": 200, "user": "228580cf3748c59f@lampenwelt.de", "timestamp": "2019-04-18T12:47:16.287802", "browser": "chrome", "browser-platform": "windows", "browser-version": "73.0.3683.103"}
{"method": "GET", "path": "/dashboards/_render_async_sql_query/0e1ec069-5ba6-49af-8811-d2b9f0a8af2c", "endpoint": "dashboards.render_async_sql_query", "view-args": {"id": "0e1ec069-5ba6-49af-8811-d2b9f0a8af2c"}, "status": 200, "user": "228580cf3748c59f@lampenwelt.de", "timestamp": "2019-04-18T12:47:16.428563", "browser": "chrome", "browser-platform": "windows", "browser-version": "73.0.3683.103"}
{"method": "GET", "path": "/dashboards/_query_details/2c739f0b-6c81-4982-a589-e97e3e7d75e7", "endpoint": "dashboards.query_details", "view-args": {"id": "2c739f0b-6c81-4982-a589-e97e3e7d75e7"}, "status": 200, "user": "228580cf3748c59f@lampenwelt.de", "timestamp": "2019-04-18T12:51:07.331769", "browser": "chrome", "browser-platform": "windows", "browser-version": "73.0.3683.103"}
{"method": "GET", "path": "/mondrian/excel", "endpoint": "py_mondrian.excel", "view-args": {}, "status": 200, "user": "9942c672b9354771@lampenwelt.de", "timestamp": "2019-04-18T12:52:27.883886", "browser": "chrome", "browser-platform": "windows", "browser-version": "73.0.3683.103"}
{"method": "GET", "path": "/dashboards/sales-comparison", "endpoint": "dashboards.view_dashboard", "view-args": {"id": "sales-comparison"}, "status": 200, "user": "9942c672b9354771@lampenwelt.de", "timestamp": "2019-04-18T12:52:41.236939", "browser": "chrome", "browser-platform": "windows", "browser-version": "73.0.3683.103"}
{"method": "GET", "path": "/dashboards/_render_async_sql_query/bef75c48-9266-4476-94b6-24a0756bea39", "endpoint": "dashboards.render_async_sql_query", "view-args": {"id": "bef75c48-9266-4476-94b6-24a0756bea39"}, "status": 200, "user": "9942c672b9354771@lampenwelt.de", "timestamp": "2019-04-18T12:52:41.523004", "browser": "chrome", "browser-platform": "windows", "browser-version": "73.0.3683.103"}
{"method": "GET", "path": "/dashboards/_render_async_sql_query/b4e779ac-8cdf-4c67-b9d9-d61d1292301e", "endpoint": "dashboards.render_async_sql_query", "view-args": {"id": "b4e779ac-8cdf-4c67-b9d9-d61d1292301e"}, "status": 200, "user": "9942c672b9354771@lampenwelt.de", "timestamp": "2019-04-18T12:52:41.529164", "browser": "chrome", "browser-platform": "windows", "browser-version": "73.0.3683.103"}
{"method": "GET", "path": "/dashboards/_render_async_sql_query/34c68a12-84dd-4427-85ea-752c11bc60cf", "endpoint": "dashboards.render_async_sql_query", "view-args": {"id": "34c68a12-84dd-4427-85ea-752c11bc60cf"}, "status": 200, "user": "9942c672b9354771@lampenwelt.de", "timestamp": "2019-04-18T12:52:41.534464", "browser": "chrome", "browser-platform": "windows", "browser-version": "73.0.3683.103"}
{"method": "GET", "path": "/dashboards/_render_async_sql_query/48d4d96a-3279-490c-aabb-4f6385fd3012", "endpoint": "dashboards.render_async_sql_query", "view-args": {"id": "48d4d96a-3279-490c-aabb-4f6385fd3012"}, "status": 200, "user": "9942c672b9354771@lampenwelt.de", "timestamp": "2019-04-18T12:52:41.546742", "browser": "chrome", "browser-platform": "windows", "browser-version": "73.0.3683.103"}
{"method": "GET", "path": "/dashboards/_last_marketing_cost/sales-comparison", "endpoint": "dashboards.last_marketing_cost", "view-args": {"id": "sales-comparison"}, "status": 200, "user": "9942c672b9354771@lampenwelt.de", "timestamp": "2019-04-18T12:52:41.548779", "browser": "chrome", "browser-platform": "windows", "browser-version": "73.0.3683.103"}
{"method": "GET", "path": "/dashboards/_last_successful_import", "endpoint": "dashboards.last_successful_import", "view-args": {}, "status": 200, "user": "9942c672b9354771@lampenwelt.de", "timestamp": "2019-04-18T12:52:41.552436", "browser": "chrome", "browser-platform": "windows", "browser-version": "73.0.3683.103"}
{"method": "GET", "path": "/dashboards/_render_async_sql_query/0186d8f8-a498-443d-b66c-8825806c8e70", "endpoint": "dashboards.render_async_sql_query", "view-args": {"id": "0186d8f8-a498-443d-b66c-8825806c8e70"}, "status": 200, "user": "9942c672b9354771@lampenwelt.de", "timestamp": "2019-04-18T12:52:41.570569", "browser": "chrome", "browser-platform": "windows", "browser-version": "73.0.3683.103"}
{"method": "GET", "path": "/dashboards/_render_async_sql_query/9e0a7e50-de35-4c32-8aa6-1893cb77a42b", "endpoint": "dashboards.render_async_sql_query", "view-args": {"id": "9e0a7e50-de35-4c32-8aa6-1893cb77a42b"}, "status": 200, "user": "9942c672b9354771@lampenwelt.de", "timestamp": "2019-04-18T12:52:41.572925", "browser": "chrome", "browser-platform": "windows", "browser-version": "73.0.3683.103"}
{"method": "GET", "path": "/mondrian", "endpoint": "py_mondrian.schema_page", "view-args": {}, "status": 200, "user": "9942c672b9354771@lampenwelt.de", "timestamp": "2019-04-18T12:54:18.368384", "browser": "chrome", "browser-platform": "windows", "browser-version": "73.0.3683.103"}
{"method": "GET", "path": "/mondrian/graph/Ad performance", "endpoint": "py_mondrian.measures_graph", "view-args": {"cube_name": "Ad performance"}, "status": 200, "user": "9942c672b9354771@lampenwelt.de", "timestamp": "2019-04-18T12:54:18.613677", "browser": "chrome", "browser-platform": "windows", "browser-version": "73.0.3683.103"}
{"method": "GET", "path": "/mondrian/graph/Awin performance", "endpoint": "py_mondrian.measures_graph", "view-args": {"cube_name": "Awin performance"}, "status": 200, "user": "9942c672b9354771@lampenwelt.de", "timestamp": "2019-04-18T12:54:18.650420", "browser": "chrome", "browser-platform": "windows", "browser-version": "73.0.3683.103"}
{"method": "GET", "path": "/mondrian/graph/Call center lost call", "endpoint": "py_mondrian.measures_graph", "view-args": {"cube_name": "Call center lost call"}, "status": 200, "user": "9942c672b9354771@lampenwelt.de", "timestamp": "2019-04-18T12:54:18.657100", "browser": "chrome", "browser-platform": "windows", "browser-version": "73.0.3683.103"}
{"method": "GET", "path": "/mondrian/graph/Call center performance", "endpoint": "py_mondrian.measures_graph", "view-args": {"cube_name": "Call center performance"}, "status": 200, "user": "9942c672b9354771@lampenwelt.de", "timestamp": "2019-04-18T12:54:18.669387", "browser": "chrome", "browser-platform": "windows", "browser-version": "73.0.3683.103"}
{"method": "GET", "path": "/mondrian/graph/Database size", "endpoint": "py_mondrian.measures_graph", "view-args": {"cube_name": "Database size"}, "status": 200, "user": "9942c672b9354771@lampenwelt.de", "timestamp": "2019-04-18T12:54:18.674816", "browser": "chrome", "browser-platform": "windows", "browser-version": "73.0.3683.103"}
{"method": "GET", "path": "/mondrian/graph/Email performance", "endpoint": "py_mondrian.measures_graph", "view-args": {"cube_name": "Email performance"}, "status": 200, "user": "9942c672b9354771@lampenwelt.de", "timestamp": "2019-04-18T12:54:18.693797", "browser": "chrome", "browser-platform": "windows", "browser-version": "73.0.3683.103"}
{"method": "GET", "path": "/mondrian/graph/Business targets", "endpoint": "py_mondrian.measures_graph", "view-args": {"cube_name": "Business targets"}, "status": 200, "user": "9942c672b9354771@lampenwelt.de", "timestamp": "2019-04-18T12:54:18.697987", "browser": "chrome", "browser-platform": "windows", "browser-version": "73.0.3683.103"}
{"method": "GET", "path": "/mondrian/graph/Email contacts", "endpoint": "py_mondrian.measures_graph", "view-args": {"cube_name": "Email contacts"}, "status": 200, "user": "9942c672b9354771@lampenwelt.de", "timestamp": "2019-04-18T12:54:18.707993", "browser": "chrome", "browser-platform": "windows", "browser-version": "73.0.3683.103"}
{"method": "GET", "path": "/mondrian/graph/Marketing cost", "endpoint": "py_mondrian.measures_graph", "view-args": {"cube_name": "Marketing cost"}, "status": 200, "user": "9942c672b9354771@lampenwelt.de", "timestamp": "2019-04-18T12:54:18.720719", "browser": "chrome", "browser-platform": "windows", "browser-version": "73.0.3683.103"}
{"method": "GET", "path": "/mondrian/graph/Marketing touchpoints", "endpoint": "py_mondrian.measures_graph", "view-args": {"cube_name": "Marketing touchpoints"}, "status": 200, "user": "9942c672b9354771@lampenwelt.de", "timestamp": "2019-04-18T12:54:18.725863", "browser": "chrome", "browser-platform": "windows", "browser-version": "73.0.3683.103"}
{"method": "GET", "path": "/mondrian/graph/Keywords", "endpoint": "py_mondrian.measures_graph", "view-args": {"cube_name": "Keywords"}, "status": 200, "user": "9942c672b9354771@lampenwelt.de", "timestamp": "2019-04-18T12:54:18.742339", "browser": "chrome", "browser-platform": "windows", "browser-version": "73.0.3683.103"}
{"method": "GET", "path": "/mondrian/graph/Products", "endpoint": "py_mondrian.measures_graph", "view-args": {"cube_name": "Products"}, "status": 200, "user": "9942c672b9354771@lampenwelt.de", "timestamp": "2019-04-18T12:54:18.759133", "browser": "chrome", "browser-platform": "windows", "browser-version": "73.0.3683.103"}
{"method": "GET", "path": "/mondrian/graph/Order items", "endpoint": "py_mondrian.measures_graph", "view-args": {"cube_name": "Order items"}, "status": 200, "user": "9942c672b9354771@lampenwelt.de", "timestamp": "2019-04-18T12:54:18.766096", "browser": "chrome", "browser-platform": "windows", "browser-version": "73.0.3683.103"}
{"method": "GET", "path": "/mondrian/graph/Products online", "endpoint": "py_mondrian.measures_graph", "view-args": {"cube_name": "Products online"}, "status": 200, "user": "9942c672b9354771@lampenwelt.de", "timestamp": "2019-04-18T12:54:18.774127", "browser": "chrome", "browser-platform": "windows", "browser-version": "73.0.3683.103"}
{"method": "GET", "path": "/mondrian/graph/Merged Customers", "endpoint": "py_mondrian.measures_graph", "view-args": {"cube_name": "Merged Customers"}, "status": 200, "user": "9942c672b9354771@lampenwelt.de", "timestamp": "2019-04-18T12:54:18.785281", "browser": "chrome", "browser-platform": "windows", "browser-version": "73.0.3683.103"}
{"method": "GET", "path": "/mondrian/graph/Returns", "endpoint": "py_mondrian.measures_graph", "view-args": {"cube_name": "Returns"}, "status": 200, "user": "9942c672b9354771@lampenwelt.de", "timestamp": "2019-04-18T12:54:18.793475", "browser": "chrome", "browser-platform": "windows", "browser-version": "73.0.3683.103"}
{"method": "GET", "path": "/mondrian/graph/Quotes", "endpoint": "py_mondrian.measures_graph", "view-args": {"cube_name": "Quotes"}, "status": 200, "user": "9942c672b9354771@lampenwelt.de", "timestamp": "2019-04-18T12:54:18.806258", "browser": "chrome", "browser-platform": "windows", "browser-version": "73.0.3683.103"}
{"method": "GET", "path": "/mondrian/graph/Sales", "endpoint": "py_mondrian.measures_graph", "view-args": {"cube_name": "Sales"}, "status": 200, "user": "9942c672b9354771@lampenwelt.de", "timestamp": "2019-04-18T12:54:18.829849", "browser": "chrome", "browser-platform": "windows", "browser-version": "73.0.3683.103"}
{"method": "GET", "path": "/mondrian/graph/User stats", "endpoint": "py_mondrian.measures_graph", "view-args": {"cube_name": "User stats"}, "status": 200, "user": "9942c672b9354771@lampenwelt.de", "timestamp": "2019-04-18T12:54:18.832164", "browser": "chrome", "browser-platform": "windows", "browser-version": "73.0.3683.103"}
{"method": "GET", "path": "/mondrian/graph/Warehouse inventory", "endpoint": "py_mondrian.measures_graph", "view-args": {"cube_name": "Warehouse inventory"}, "status": 200, "user": "9942c672b9354771@lampenwelt.de", "timestamp": "2019-04-18T12:54:18.844521", "browser": "chrome", "browser-platform": "windows", "browser-version": "73.0.3683.103"}
{"method": "GET", "path": "/mondrian/graph/Warehouse shipment", "endpoint": "py_mondrian.measures_graph", "view-args": {"cube_name": "Warehouse shipment"}, "status": 200, "user": "9942c672b9354771@lampenwelt.de", "timestamp": "2019-04-18T12:54:18.859243", "browser": "chrome", "browser-platform": "windows", "browser-version": "73.0.3683.103"}
{"method": "GET", "path": "/mondrian/graph/Warehouse supplies", "endpoint": "py_mondrian.measures_graph", "view-args": {"cube_name": "Warehouse supplies"}, "status": 200, "user": "9942c672b9354771@lampenwelt.de", "timestamp": "2019-04-18T12:54:18.865089", "browser": "chrome", "browser-platform": "windows", "browser-version": "73.0.3683.103"}
{"method": "GET", "path": "/mondrian/graph/Warehouse parcel", "endpoint": "py_mondrian.measures_graph", "view-args": {"cube_name": "Warehouse parcel"}, "status": 200, "user": "9942c672b9354771@lampenwelt.de", "timestamp": "2019-04-18T12:54:18.875605", "browser": "chrome", "browser-platform": "windows", "browser-version": "73.0.3683.103"}
{"method": "GET", "path": "/mondrian/graph/Webshop performance", "endpoint": "py_mondrian.measures_graph", "view-args": {"cube_name": "Webshop performance"}, "status": 200, "user": "9942c672b9354771@lampenwelt.de", "timestamp": "2019-04-18T12:54:18.882204", "browser": "chrome", "browser-platform": "windows", "browser-version": "73.0.3683.103"}
{"method": "GET", "path": "/mondrian/graph/Weekly Summary", "endpoint": "py_mondrian.measures_graph", "view-args": {"cube_name": "Weekly Summary"}, "status": 200, "user": "9942c672b9354771@lampenwelt.de", "timestamp": "2019-04-18T12:54:18.884003", "browser": "chrome", "browser-platform": "windows", "browser-version": "73.0.3683.103"}
{"method": "GET", "path": "/data-sets/warehouse-inventory", "endpoint": "data_sets.data_set_page", "view-args": {"data_set_id": "warehouse-inventory", "query_id": null}, "status": 200, "user": "9942c672b9354771@lampenwelt.de", "timestamp": "2019-04-18T12:54:23.189427", "browser": "chrome", "browser-platform": "windows", "browser-version": "73.0.3683.103"}
{"method": "POST", "path": "/data-sets/.initialize", "endpoint": "data_sets.initialize_query", "view-args": {}, "status": 200, "user": "9942c672b9354771@lampenwelt.de", "timestamp": "2019-04-18T12:54:24.829193", "browser": "chrome", "browser-platform": "windows", "browser-version": "73.0.3683.103"}
{"method": "POST", "path": "/data-sets/.preview", "endpoint": "data_sets.preview", "view-args": {}, "status": 200, "user": "9942c672b9354771@lampenwelt.de", "timestamp": "2019-04-18T12:54:24.951613", "browser": "chrome", "browser-platform": "windows", "browser-version": "73.0.3683.103"}
{"method": "POST", "path": "/data-sets/.row-count", "endpoint": "data_sets.row_count", "view-args": {}, "status": 200, "user": "9942c672b9354771@lampenwelt.de", "timestamp": "2019-04-18T12:54:26.245891", "browser": "chrome", "browser-platform": "windows", "browser-version": "73.0.3683.103"}
{"method": "POST", "path": "/data-sets/.distribution-chart-1", "endpoint": "data_sets.distribution_chart", "view-args": {"pos": 1}, "status": 200, "user": "9942c672b9354771@lampenwelt.de", "timestamp": "2019-04-18T12:54:31.360518", "browser": "chrome", "browser-platform": "windows", "browser-version": "73.0.3683.103"}
{"method": "POST", "path": "/data-sets/.distribution-chart-2", "endpoint": "data_sets.distribution_chart", "view-args": {"pos": 2}, "status": 200, "user": "9942c672b9354771@lampenwelt.de", "timestamp": "2019-04-18T12:54:32.624369", "browser": "chrome", "browser-platform": "windows", "browser-version": "73.0.3683.103"}
{"method": "POST", "path": "/data-sets/.distribution-chart-0", "endpoint": "data_sets.distribution_chart", "view-args": {"pos": 0}, "status": 200, "user": "9942c672b9354771@lampenwelt.de", "timestamp": "2019-04-18T12:54:34.552320", "browser": "chrome", "browser-platform": "windows", "browser-version": "73.0.3683.103"}
{"method": "POST", "path": "/data-sets/.distribution-chart-7", "endpoint": "data_sets.distribution_chart", "view-args": {"pos": 7}, "status": 200, "user": "9942c672b9354771@lampenwelt.de", "timestamp": "2019-04-18T12:54:39.634584", "browser": "chrome", "browser-platform": "windows", "browser-version": "73.0.3683.103"}
{"method": "POST", "path": "/data-sets/.distribution-chart-9", "endpoint": "data_sets.distribution_chart", "view-args": {"pos": 9}, "status": 200, "user": "9942c672b9354771@lampenwelt.de", "timestamp": "2019-04-18T12:54:45.480079", "browser": "chrome", "browser-platform": "windows", "browser-version": "73.0.3683.103"}
{"method": "POST", "path": "/data-sets/.distribution-chart-10", "endpoint": "data_sets.distribution_chart", "view-args": {"pos": 10}, "status": 200, "user": "9942c672b9354771@lampenwelt.de", "timestamp": "2019-04-18T12:54:46.115511", "browser": "chrome", "browser-platform": "windows", "browser-version": "73.0.3683.103"}
{"method": "POST", "path": "/data-sets/.distribution-chart-11", "endpoint": "data_sets.distribution_chart", "view-args": {"pos": 11}, "status": 200, "user": "9942c672b9354771@lampenwelt.de", "timestamp": "2019-04-18T12:54:52.053572", "browser": "chrome", "browser-platform": "windows", "browser-version": "73.0.3683.103"}
{"method": "POST", "path": "/data-sets/.distribution-chart-14", "endpoint": "data_sets.distribution_chart", "view-args": {"pos": 14}, "status": 200, "user": "9942c672b9354771@lampenwelt.de", "timestamp": "2019-04-18T12:54:57.424269", "browser": "chrome", "browser-platform": "windows", "browser-version": "73.0.3683.103"}
{"method": "POST", "path": "/data-sets/.distribution-chart-15", "endpoint": "data_sets.distribution_chart", "view-args": {"pos": 15}, "status": 200, "user": "9942c672b9354771@lampenwelt.de", "timestamp": "2019-04-18T12:54:59.656372", "browser": "chrome", "browser-platform": "windows", "browser-version": "73.0.3683.103"}
{"method": "POST", "path": "/data-sets/.distribution-chart-16", "endpoint": "data_sets.distribution_chart", "view-args": {"pos": 16}, "status": 200, "user": "9942c672b9354771@lampenwelt.de", "timestamp": "2019-04-18T12:55:05.195106", "browser": "chrome", "browser-platform": "windows", "browser-version": "73.0.3683.103"}
{"method": "GET", "path": "/data-sets/customers", "endpoint": "data_sets.data_set_page", "view-args": {"data_set_id": "customers", "query_id": null}, "status": 200, "user": "13f7e9ada41f2425@lampenwelt.de", "timestamp": "2019-04-18T12:59:40.319793", "browser": "chrome", "browser-platform": "windows", "browser-version": "73.0.3683.86"}
{"method": "POST", "path": "/data-sets/.initialize", "endpoint": "data_sets.initialize_query", "view-args": {}, "status": 200, "user": "13f7e9ada41f2425@lampenwelt.de", "timestamp": "2019-04-18T12:59:41.021523", "browser": "chrome", "browser-platform": "windows", "browser-version": "73.0.3683.86"}
{"method": "POST", "path": "/data-sets/.preview", "endpoint": "data_sets.preview", "view-args": {}, "status": 200, "user": "13f7e9ada41f2425@lampenwelt.de", "timestamp": "2019-04-18T12:59:41.140107", "browser": "chrome", "browser-platform": "windows", "browser-version": "73.0.3683.86"}
{"method": "POST", "path": "/data-sets/.row-count", "endpoint": "data_sets.row_count", "view-args": {}, "status": 200, "user": "13f7e9ada41f2425@lampenwelt.de", "timestamp": "2019-04-18T12:59:41.448280", "browser": "chrome", "browser-platform": "windows", "browser-version": "73.0.3683.86"}
{"method": "POST", "path": "/data-sets/.distribution-chart-8", "endpoint": "data_sets.distribution_chart", "view-args": {"pos": 8}, "status": 200, "user": "13f7e9ada41f2425@lampenwelt.de", "timestamp": "2019-04-18T12:59:43.353201", "browser": "chrome", "browser-platform": "windows", "browser-version": "73.0.3683.86"}
{"method": "GET", "path": "/data-sets/customers/.query-list", "endpoint": "data_sets.query_list", "view-args": {"data_set_id": "customers"}, "status": 200, "user": "13f7e9ada41f2425@lampenwelt.de", "timestamp": "2019-04-18T12:59:43.379211", "browser": "chrome", "browser-platform": "windows", "browser-version": "73.0.3683.86"}
{"method": "POST", "path": "/data-sets/.distribution-chart-12", "endpoint": "data_sets.distribution_chart", "view-args": {"pos": 12}, "status": 200, "user": "13f7e9ada41f2425@lampenwelt.de", "timestamp": "2019-04-18T12:59:45.368212", "browser": "chrome", "browser-platform": "windows", "browser-version": "73.0.3683.86"}
{"method": "POST", "path": "/data-sets/.distribution-chart-1", "endpoint": "data_sets.distribution_chart", "view-args": {"pos": 1}, "status": 200, "user": "13f7e9ada41f2425@lampenwelt.de", "timestamp": "2019-04-18T12:59:45.722281", "browser": "chrome", "browser-platform": "windows", "browser-version": "73.0.3683.86"}
{"method": "POST", "path": "/data-sets/.distribution-chart-0", "endpoint": "data_sets.distribution_chart", "view-args": {"pos": 0}, "status": 200, "user": "13f7e9ada41f2425@lampenwelt.de", "timestamp": "2019-04-18T12:59:45.782157", "browser": "chrome", "browser-platform": "windows", "browser-version": "73.0.3683.86"}
{"method": "POST", "path": "/data-sets/.distribution-chart-14", "endpoint": "data_sets.distribution_chart", "view-args": {"pos": 14}, "status": 200, "user": "13f7e9ada41f2425@lampenwelt.de", "timestamp": "2019-04-18T12:59:46.606024", "browser": "chrome", "browser-platform": "windows", "browser-version": "73.0.3683.86"}
{"method": "POST", "path": "/data-sets/.distribution-chart-16", "endpoint": "data_sets.distribution_chart", "view-args": {"pos": 16}, "status": 200, "user": "13f7e9ada41f2425@lampenwelt.de", "timestamp": "2019-04-18T12:59:47.449377", "browser": "chrome", "browser-platform": "windows", "browser-version": "73.0.3683.86"}
{"method": "POST", "path": "/data-sets/.distribution-chart-15", "endpoint": "data_sets.distribution_chart", "view-args": {"pos": 15}, "status": 200, "user": "13f7e9ada41f2425@lampenwelt.de", "timestamp": "2019-04-18T12:59:47.477570", "browser": "chrome", "browser-platform": "windows", "browser-version": "73.0.3683.86"}
{"method": "POST", "path": "/data-sets/.preview", "endpoint": "data_sets.preview", "view-args": {}, "status": 200, "user": "13f7e9ada41f2425@lampenwelt.de", "timestamp": "2019-04-18T12:59:52.724653", "browser": "chrome", "browser-platform": "windows", "browser-version": "73.0.3683.86"}
