{"method": "POST", "path": "/mondrian/saiku/authorize", "endpoint": "py_mondrian.saiku_authorize", "view-args": {}, "status": 200, "user": "35675e68f4b5af7b@localhost", "timestamp": "2019-04-16T15:20:51.041848", "browser": null, "browser-platform": null, "browser-version": null}
{"method": "GET", "path": "/data-integration/data_transformation/sales/create_erp_customer_data_set", "endpoint": "data_integration.node_page", "view-args": {"path": "data_transformation/sales/create_erp_customer_data_set"}, "status": 200, "user": "78b858772f907e50@lampenwelt.de", "timestamp": "2019-04-16T15:23:33.892915", "browser": "chrome", "browser-platform": "windows", "browser-version": "73.0.3683.103"}
{"method": "GET", "path": "/data-integration/data_transformation/sales/create_erp_customer_data_set/last-runs-selector", "endpoint": "data_integration.last_runs_selector", "view-args": {"path": "data_transformation/sales/create_erp_customer_data_set"}, "status": 200, "user": "78b858772f907e50@lampenwelt.de", "timestamp": "2019-04-16T15:23:34.300659", "browser": "chrome", "browser-platform": "windows", "browser-version": "73.0.3683.103"}
{"method": "GET", "path": "/data-integration/data_transformation/sales/create_erp_customer_data_set/system-stats", "endpoint": "data_integration.system_stats", "view-args": {"path": "data_transformation/sales/create_erp_customer_data_set", "run_id": null}, "status": 200, "user": "78b858772f907e50@lampenwelt.de", "timestamp": "2019-04-16T15:23:34.342490", "browser": "chrome", "browser-platform": "windows", "browser-version": "73.0.3683.103"}
{"method": "GET", "path": "/data-integration/data_transformation/sales/create_erp_customer_data_set/run-time-chart", "endpoint": "data_integration.run_time_chart", "view-args": {"path": "data_transformation/sales/create_erp_customer_data_set"}, "status": 200, "user": "78b858772f907e50@lampenwelt.de", "timestamp": "2019-04-16T15:23:34.371923", "browser": "chrome", "browser-platform": "windows", "browser-version": "73.0.3683.103"}
{"method": "GET", "path": "/data-integration/data_transformation/sales/create_erp_customer_data_set/timeline-chart", "endpoint": "data_integration.timeline_chart", "view-args": {"path": "data_transformation/sales/create_erp_customer_data_set", "run_id": null}, "status": 200, "user": "78b858772f907e50@lampenwelt.de", "timestamp": "2019-04-16T15:23:34.387239", "browser": "chrome", "browser-platform": "windows", "browser-version": "73.0.3683.103"}
{"method": "GET", "path": "/data-integration/data_transformation/sales/create_erp_customer_data_set/dependency-graph", "endpoint": "data_integration.dependency_graph", "view-args": {"path": "data_transformation/sales/create_erp_customer_data_set"}, "status": 200, "user": "78b858772f907e50@lampenwelt.de", "timestamp": "2019-04-16T15:23:34.388445", "browser": "chrome", "browser-platform": "windows", "browser-version": "73.0.3683.103"}
{"method": "GET", "path": "/data-integration/data_transformation/sales/create_erp_customer_data_set/run-output-limited", "endpoint": "data_integration.run_output", "view-args": {"path": "data_transformation/sales/create_erp_customer_data_set", "run_id": null, "limit": true}, "status": 200, "user": "78b858772f907e50@lampenwelt.de", "timestamp": "2019-04-16T15:23:34.445757", "browser": "chrome", "browser-platform": "windows", "browser-version": "73.0.3683.103"}
{"method": "GET", "path": "/dashboards/marketing-channel-overview", "endpoint": "dashboards.view_dashboard", "view-args": {"id": "marketing-channel-overview"}, "status": 200, "user": "dbf168a72424e699@lampenwelt.de", "timestamp": "2019-04-16T15:26:35.691875", "browser": "chrome", "browser-platform": "windows", "browser-version": "73.0.3683.103"}
{"method": "GET", "path": "/dashboards/_render_async_sql_query/a2f47a50-637c-4cd6-9a9d-03211024e557", "endpoint": "dashboards.render_async_sql_query", "view-args": {"id": "a2f47a50-637c-4cd6-9a9d-03211024e557"}, "status": 200, "user": "dbf168a72424e699@lampenwelt.de", "timestamp": "2019-04-16T15:26:36.578792", "browser": "chrome", "browser-platform": "windows", "browser-version": "73.0.3683.103"}
{"method": "GET", "path": "/dashboards/_render_async_sql_query/663c521f-d5f2-47b7-88a7-9b09f180bc2c", "endpoint": "dashboards.render_async_sql_query", "view-args": {"id": "663c521f-d5f2-47b7-88a7-9b09f180bc2c"}, "status": 200, "user": "dbf168a72424e699@lampenwelt.de", "timestamp": "2019-04-16T15:26:36.590977", "browser": "chrome", "browser-platform": "windows", "browser-version": "73.0.3683.103"}
{"method": "GET", "path": "/dashboards/_render_async_sql_query/40fcf4c5-3fe2-4afb-b53e-fc5f7c6b7cf4", "endpoint": "dashboards.render_async_sql_query", "view-args": {"id": "40fcf4c5-3fe2-4afb-b53e-fc5f7c6b7cf4"}, "status": 200, "user": "dbf168a72424e699@lampenwelt.de", "timestamp": "2019-04-16T15:26:36.591062", "browser": "chrome", "browser-platform": "windows", "browser-version": "73.0.3683.103"}
{"method": "GET", "path": "/dashboards/_render_async_sql_query/aa2f5b01-68f8-4afa-81f7-39569ce64574", "endpoint": "dashboards.render_async_sql_query", "view-args": {"id": "aa2f5b01-68f8-4afa-81f7-39569ce64574"}, "status": 200, "user": "dbf168a72424e699@lampenwelt.de", "timestamp": "2019-04-16T15:26:36.599908", "browser": "chrome", "browser-platform": "windows", "browser-version": "73.0.3683.103"}
{"method": "GET", "path": "/dashboards/_last_successful_import", "endpoint": "dashboards.last_successful_import", "view-args": {}, "status": 200, "user": "dbf168a72424e699@lampenwelt.de", "timestamp": "2019-04-16T15:26:36.608832", "browser": "chrome", "browser-platform": "windows", "browser-version": "73.0.3683.103"}
{"method": "GET", "path": "/dashboards/_last_marketing_cost/marketing-channel-overview", "endpoint": "dashboards.last_marketing_cost", "view-args": {"id": "marketing-channel-overview"}, "status": 200, "user": "dbf168a72424e699@lampenwelt.de", "timestamp": "2019-04-16T15:26:36.614945", "browser": "chrome", "browser-platform": "windows", "browser-version": "73.0.3683.103"}
{"method": "GET", "path": "/dashboards/_render_async_sql_query/e1be9173-ba06-43a0-9253-a81e7f47e580", "endpoint": "dashboards.render_async_sql_query", "view-args": {"id": "e1be9173-ba06-43a0-9253-a81e7f47e580"}, "status": 200, "user": "dbf168a72424e699@lampenwelt.de", "timestamp": "2019-04-16T15:26:36.688597", "browser": "chrome", "browser-platform": "windows", "browser-version": "73.0.3683.103"}
{"method": "GET", "path": "/dashboards/_render_async_sql_query/a8657043-bfb0-4feb-b0bc-03b015f8e55c", "endpoint": "dashboards.render_async_sql_query", "view-args": {"id": "a8657043-bfb0-4feb-b0bc-03b015f8e55c"}, "status": 200, "user": "dbf168a72424e699@lampenwelt.de", "timestamp": "2019-04-16T15:26:36.763614", "browser": "chrome", "browser-platform": "windows", "browser-version": "73.0.3683.103"}
{"method": "GET", "path": "/dashboards/_render_async_sql_query/9f4a8afc-ba50-4c54-ab5d-024a505b6ff2", "endpoint": "dashboards.render_async_sql_query", "view-args": {"id": "9f4a8afc-ba50-4c54-ab5d-024a505b6ff2"}, "status": 200, "user": "dbf168a72424e699@lampenwelt.de", "timestamp": "2019-04-16T15:26:36.771376", "browser": "chrome", "browser-platform": "windows", "browser-version": "73.0.3683.103"}
{"method": "GET", "path": "/dashboards/_render_async_sql_query/0cb647f7-4e6d-40df-82a7-50d153eb0e67", "endpoint": "dashboards.render_async_sql_query", "view-args": {"id": "0cb647f7-4e6d-40df-82a7-50d153eb0e67"}, "status": 200, "user": "dbf168a72424e699@lampenwelt.de", "timestamp": "2019-04-16T15:26:36.772061", "browser": "chrome", "browser-platform": "windows", "browser-version": "73.0.3683.103"}
{"method": "GET", "path": "/dashboards/_render_async_sql_query/c80772d3-b107-4cbb-a9a2-e0248f27c6ac", "endpoint": "dashboards.render_async_sql_query", "view-args": {"id": "c80772d3-b107-4cbb-a9a2-e0248f27c6ac"}, "status": 200, "user": "dbf168a72424e699@lampenwelt.de", "timestamp": "2019-04-16T15:26:36.881226", "browser": "chrome", "browser-platform": "windows", "browser-version": "73.0.3683.103"}
{"method": "GET", "path": "/dashboards/_render_async_sql_query/b7894a76-e759-4ee6-bcbf-072234881588", "endpoint": "dashboards.render_async_sql_query", "view-args": {"id": "b7894a76-e759-4ee6-bcbf-072234881588"}, "status": 200, "user": "dbf168a72424e699@lampenwelt.de", "timestamp": "2019-04-16T15:26:36.887331", "browser": "chrome", "browser-platform": "windows", "browser-version": "73.0.3683.103"}
{"method": "GET", "path": "/dashboards/_render_async_sql_query/323ea22e-646e-422e-a25f-155ddcee869e", "endpoint": "dashboards.render_async_sql_query", "view-args": {"id": "323ea22e-646e-422e-a25f-155ddcee869e"}, "status": 200, "user": "dbf168a72424e699@lampenwelt.de", "timestamp": "2019-04-16T15:26:36.892628", "browser": "chrome", "browser-platform": "windows", "browser-version": "73.0.3683.103"}
{"method": "GET", "path": "/dashboards/_render_async_sql_query/2f9f70cf-4b68-463b-8ca4-79b529e44f89", "endpoint": "dashboards.render_async_sql_query", "view-args": {"id": "2f9f70cf-4b68-463b-8ca4-79b529e44f89"}, "status": 200, "user": "dbf168a72424e699@lampenwelt.de", "timestamp": "2019-04-16T15:26:36.905820", "browser": "chrome", "browser-platform": "windows", "browser-version": "73.0.3683.103"}
{"method": "GET", "path": "/dashboards/_render_async_sql_query/b9cfe953-7079-46d2-bcfa-35c378eb36cc", "endpoint": "dashboards.render_async_sql_query", "view-args": {"id": "b9cfe953-7079-46d2-bcfa-35c378eb36cc"}, "status": 200, "user": "dbf168a72424e699@lampenwelt.de", "timestamp": "2019-04-16T15:26:37.002795", "browser": "chrome", "browser-platform": "windows", "browser-version": "73.0.3683.103"}
{"method": "GET", "path": "/dashboards/_render_async_sql_query/c95eecae-af6b-4726-956c-b874e828736d", "endpoint": "dashboards.render_async_sql_query", "view-args": {"id": "c95eecae-af6b-4726-956c-b874e828736d"}, "status": 200, "user": "dbf168a72424e699@lampenwelt.de", "timestamp": "2019-04-16T15:26:37.005706", "browser": "chrome", "browser-platform": "windows", "browser-version": "73.0.3683.103"}
{"method": "GET", "path": "/dashboards/_render_async_sql_query/c666ad06-5db5-479f-ac33-fb4a83d26538", "endpoint": "dashboards.render_async_sql_query", "view-args": {"id": "c666ad06-5db5-479f-ac33-fb4a83d26538"}, "status": 200, "user": "dbf168a72424e699@lampenwelt.de", "timestamp": "2019-04-16T15:26:37.012918", "browser": "chrome", "browser-platform": "windows", "browser-version": "73.0.3683.103"}
{"method": "GET", "path": "/dashboards/_render_async_sql_query/9729f036-4c17-473c-b46d-127a7837d3cd", "endpoint": "dashboards.render_async_sql_query", "view-args": {"id": "9729f036-4c17-473c-b46d-127a7837d3cd"}, "status": 200, "user": "dbf168a72424e699@lampenwelt.de", "timestamp": "2019-04-16T15:26:37.026420", "browser": "chrome", "browser-platform": "windows", "browser-version": "73.0.3683.103"}
{"method": "GET", "path": "/dashboards/_render_async_sql_query/dcd858fd-ac4c-4629-948c-852d26e91c48", "endpoint": "dashboards.render_async_sql_query", "view-args": {"id": "dcd858fd-ac4c-4629-948c-852d26e91c48"}, "status": 200, "user": "dbf168a72424e699@lampenwelt.de", "timestamp": "2019-04-16T15:26:37.055223", "browser": "chrome", "browser-platform": "windows", "browser-version": "73.0.3683.103"}
{"method": "GET", "path": "/dashboards/_render_async_sql_query/4e0528fa-5afe-45a4-8c29-67830f3e879f", "endpoint": "dashboards.render_async_sql_query", "view-args": {"id": "4e0528fa-5afe-45a4-8c29-67830f3e879f"}, "status": 200, "user": "dbf168a72424e699@lampenwelt.de", "timestamp": "2019-04-16T15:26:37.061837", "browser": "chrome", "browser-platform": "windows", "browser-version": "73.0.3683.103"}
{"method": "GET", "path": "/dashboards/_render_async_sql_query/29663ca2-0ca7-46b3-9dab-4997e6bb99e4", "endpoint": "dashboards.render_async_sql_query", "view-args": {"id": "29663ca2-0ca7-46b3-9dab-4997e6bb99e4"}, "status": 200, "user": "dbf168a72424e699@lampenwelt.de", "timestamp": "2019-04-16T15:26:37.080413", "browser": "chrome", "browser-platform": "windows", "browser-version": "73.0.3683.103"}
{"method": "GET", "path": "/dashboards/_render_async_sql_query/e0cd9d42-4108-4ac6-976f-7a80e38d4197", "endpoint": "dashboards.render_async_sql_query", "view-args": {"id": "e0cd9d42-4108-4ac6-976f-7a80e38d4197"}, "status": 200, "user": "dbf168a72424e699@lampenwelt.de", "timestamp": "2019-04-16T15:26:37.345335", "browser": "chrome", "browser-platform": "windows", "browser-version": "73.0.3683.103"}
{"method": "GET", "path": "/dashboards/_render_async_sql_query/89812ab5-4683-42db-9dbf-b8db8bb8f3d6", "endpoint": "dashboards.render_async_sql_query", "view-args": {"id": "89812ab5-4683-42db-9dbf-b8db8bb8f3d6"}, "status": 200, "user": "dbf168a72424e699@lampenwelt.de", "timestamp": "2019-04-16T15:26:37.374834", "browser": "chrome", "browser-platform": "windows", "browser-version": "73.0.3683.103"}
{"method": "GET", "path": "/dashboards/_render_async_sql_query/2374a68c-83ff-479d-b056-6107184cf069", "endpoint": "dashboards.render_async_sql_query", "view-args": {"id": "2374a68c-83ff-479d-b056-6107184cf069"}, "status": 200, "user": "dbf168a72424e699@lampenwelt.de", "timestamp": "2019-04-16T15:26:37.381925", "browser": "chrome", "browser-platform": "windows", "browser-version": "73.0.3683.103"}
{"method": "GET", "path": "/dashboards/_render_async_sql_query/2ed4059e-4051-46ac-8734-4458c08bff2d", "endpoint": "dashboards.render_async_sql_query", "view-args": {"id": "2ed4059e-4051-46ac-8734-4458c08bff2d"}, "status": 200, "user": "dbf168a72424e699@lampenwelt.de", "timestamp": "2019-04-16T15:26:37.388641", "browser": "chrome", "browser-platform": "windows", "browser-version": "73.0.3683.103"}
{"method": "GET", "path": "/data-integration/data_transformation/sales", "endpoint": "data_integration.node_page", "view-args": {"path": "data_transformation/sales"}, "status": 200, "user": "78b858772f907e50@lampenwelt.de", "timestamp": "2019-04-16T15:26:40.983163", "browser": "chrome", "browser-platform": "windows", "browser-version": "73.0.3683.103"}
{"method": "GET", "path": "/data-integration/data_transformation/sales/run-time-chart", "endpoint": "data_integration.run_time_chart", "view-args": {"path": "data_transformation/sales"}, "status": 200, "user": "78b858772f907e50@lampenwelt.de", "timestamp": "2019-04-16T15:26:41.529647", "browser": "chrome", "browser-platform": "windows", "browser-version": "73.0.3683.103"}
{"method": "GET", "path": "/data-integration/data_transformation/sales/dependency-graph", "endpoint": "data_integration.dependency_graph", "view-args": {"path": "data_transformation/sales"}, "status": 200, "user": "78b858772f907e50@lampenwelt.de", "timestamp": "2019-04-16T15:26:41.550831", "browser": "chrome", "browser-platform": "windows", "browser-version": "73.0.3683.103"}
{"method": "GET", "path": "/data-integration/data_transformation/sales/pipeline-children-table", "endpoint": "data_integration.pipeline_children_table", "view-args": {"path": "data_transformation/sales"}, "status": 200, "user": "78b858772f907e50@lampenwelt.de", "timestamp": "2019-04-16T15:26:41.553927", "browser": "chrome", "browser-platform": "windows", "browser-version": "73.0.3683.103"}
{"method": "GET", "path": "/data-integration/data_transformation/sales/last-runs-selector", "endpoint": "data_integration.last_runs_selector", "view-args": {"path": "data_transformation/sales"}, "status": 200, "user": "78b858772f907e50@lampenwelt.de", "timestamp": "2019-04-16T15:26:41.570511", "browser": "chrome", "browser-platform": "windows", "browser-version": "73.0.3683.103"}
{"method": "GET", "path": "/data-integration/data_transformation/sales/timeline-chart", "endpoint": "data_integration.timeline_chart", "view-args": {"path": "data_transformation/sales", "run_id": null}, "status": 200, "user": "78b858772f907e50@lampenwelt.de", "timestamp": "2019-04-16T15:26:41.601338", "browser": "chrome", "browser-platform": "windows", "browser-version": "73.0.3683.103"}
{"method": "GET", "path": "/data-integration/data_transformation/sales/system-stats", "endpoint": "data_integration.system_stats", "view-args": {"path": "data_transformation/sales", "run_id": null}, "status": 200, "user": "78b858772f907e50@lampenwelt.de", "timestamp": "2019-04-16T15:26:41.612699", "browser": "chrome", "browser-platform": "windows", "browser-version": "73.0.3683.103"}
{"method": "GET", "path": "/data-integration/data_transformation/sales/run-output-limited", "endpoint": "data_integration.run_output", "view-args": {"path": "data_transformation/sales", "run_id": null, "limit": true}, "status": 200, "user": "78b858772f907e50@lampenwelt.de", "timestamp": "2019-04-16T15:26:41.636895", "browser": "chrome", "browser-platform": "windows", "browser-version": "73.0.3683.103"}
{"method": "GET", "path": "/dashboards/sales-comparison", "endpoint": "dashboards.view_dashboard", "view-args": {"id": "sales-comparison"}, "status": 200, "user": "dbf168a72424e699@lampenwelt.de", "timestamp": "2019-04-16T15:26:43.668979", "browser": "chrome", "browser-platform": "windows", "browser-version": "73.0.3683.103"}
{"method": "GET", "path": "/dashboards/_render_async_sql_query/7685cfbb-36d9-4c43-b25e-69ab92d635de", "endpoint": "dashboards.render_async_sql_query", "view-args": {"id": "7685cfbb-36d9-4c43-b25e-69ab92d635de"}, "status": 200, "user": "dbf168a72424e699@lampenwelt.de", "timestamp": "2019-04-16T15:26:44.286765", "browser": "chrome", "browser-platform": "windows", "browser-version": "73.0.3683.103"}
{"method": "GET", "path": "/dashboards/_render_async_sql_query/d4c3c461-2e54-4bfa-844c-1cd551e1375a", "endpoint": "dashboards.render_async_sql_query", "view-args": {"id": "d4c3c461-2e54-4bfa-844c-1cd551e1375a"}, "status": 200, "user": "dbf168a72424e699@lampenwelt.de", "timestamp": "2019-04-16T15:26:44.293884", "browser": "chrome", "browser-platform": "windows", "browser-version": "73.0.3683.103"}
{"method": "GET", "path": "/dashboards/_render_async_sql_query/66e46b22-7e63-4749-b7c5-051372637b21", "endpoint": "dashboards.render_async_sql_query", "view-args": {"id": "66e46b22-7e63-4749-b7c5-051372637b21"}, "status": 200, "user": "dbf168a72424e699@lampenwelt.de", "timestamp": "2019-04-16T15:26:44.293990", "browser": "chrome", "browser-platform": "windows", "browser-version": "73.0.3683.103"}
{"method": "GET", "path": "/dashboards/_last_marketing_cost/sales-comparison", "endpoint": "dashboards.last_marketing_cost", "view-args": {"id": "sales-comparison"}, "status": 200, "user": "dbf168a72424e699@lampenwelt.de", "timestamp": "2019-04-16T15:26:44.303523", "browser": "chrome", "browser-platform": "windows", "browser-version": "73.0.3683.103"}
{"method": "GET", "path": "/dashboards/_render_async_sql_query/6fef69f4-876d-47d7-a28c-31c24613ffef", "endpoint": "dashboards.render_async_sql_query", "view-args": {"id": "6fef69f4-876d-47d7-a28c-31c24613ffef"}, "status": 200, "user": "dbf168a72424e699@lampenwelt.de", "timestamp": "2019-04-16T15:26:44.313493", "browser": "chrome", "browser-platform": "windows", "browser-version": "73.0.3683.103"}
{"method": "GET", "path": "/dashboards/_last_successful_import", "endpoint": "dashboards.last_successful_import", "view-args": {}, "status": 200, "user": "dbf168a72424e699@lampenwelt.de", "timestamp": "2019-04-16T15:26:44.316118", "browser": "chrome", "browser-platform": "windows", "browser-version": "73.0.3683.103"}
{"method": "GET", "path": "/dashboards/_render_async_sql_query/0c0e2b34-e73d-42fb-813a-d61b0d7ced6b", "endpoint": "dashboards.render_async_sql_query", "view-args": {"id": "0c0e2b34-e73d-42fb-813a-d61b0d7ced6b"}, "status": 200, "user": "dbf168a72424e699@lampenwelt.de", "timestamp": "2019-04-16T15:26:44.366209", "browser": "chrome", "browser-platform": "windows", "browser-version": "73.0.3683.103"}
{"method": "GET", "path": "/dashboards/_render_async_sql_query/f04ae715-1aec-4082-9622-6476115a2915", "endpoint": "dashboards.render_async_sql_query", "view-args": {"id": "f04ae715-1aec-4082-9622-6476115a2915"}, "status": 200, "user": "dbf168a72424e699@lampenwelt.de", "timestamp": "2019-04-16T15:26:44.373225", "browser": "chrome", "browser-platform": "windows", "browser-version": "73.0.3683.103"}
{"method": "POST", "path": "/dashboards/sales-comparison", "endpoint": "dashboards.view_dashboard", "view-args": {"id": "sales-comparison"}, "status": 200, "user": "dbf168a72424e699@lampenwelt.de", "timestamp": "2019-04-16T15:26:49.554699", "browser": "chrome", "browser-platform": "windows", "browser-version": "73.0.3683.103"}
{"method": "GET", "path": "/dashboards/_render_async_sql_query/b896cd69-8b1a-43af-af36-0e425ce11578", "endpoint": "dashboards.render_async_sql_query", "view-args": {"id": "b896cd69-8b1a-43af-af36-0e425ce11578"}, "status": 200, "user": "dbf168a72424e699@lampenwelt.de", "timestamp": "2019-04-16T15:26:49.874160", "browser": "chrome", "browser-platform": "windows", "browser-version": "73.0.3683.103"}
{"method": "GET", "path": "/dashboards/_render_async_sql_query/6197b463-8465-4a41-b650-7df139a7d4df", "endpoint": "dashboards.render_async_sql_query", "view-args": {"id": "6197b463-8465-4a41-b650-7df139a7d4df"}, "status": 200, "user": "dbf168a72424e699@lampenwelt.de", "timestamp": "2019-04-16T15:26:49.875922", "browser": "chrome", "browser-platform": "windows", "browser-version": "73.0.3683.103"}
{"method": "GET", "path": "/dashboards/_render_async_sql_query/cd2c8e2d-7eb4-4356-839d-0b7d5bd39af9", "endpoint": "dashboards.render_async_sql_query", "view-args": {"id": "cd2c8e2d-7eb4-4356-839d-0b7d5bd39af9"}, "status": 200, "user": "dbf168a72424e699@lampenwelt.de", "timestamp": "2019-04-16T15:26:49.879190", "browser": "chrome", "browser-platform": "windows", "browser-version": "73.0.3683.103"}
{"method": "GET", "path": "/dashboards/_last_marketing_cost/sales-comparison", "endpoint": "dashboards.last_marketing_cost", "view-args": {"id": "sales-comparison"}, "status": 200, "user": "dbf168a72424e699@lampenwelt.de", "timestamp": "2019-04-16T15:26:49.887084", "browser": "chrome", "browser-platform": "windows", "browser-version": "73.0.3683.103"}
{"method": "GET", "path": "/dashboards/_render_async_sql_query/8e2c541b-515f-467c-92b3-7368620b21b1", "endpoint": "dashboards.render_async_sql_query", "view-args": {"id": "8e2c541b-515f-467c-92b3-7368620b21b1"}, "status": 200, "user": "dbf168a72424e699@lampenwelt.de", "timestamp": "2019-04-16T15:26:49.894457", "browser": "chrome", "browser-platform": "windows", "browser-version": "73.0.3683.103"}
{"method": "GET", "path": "/dashboards/_last_successful_import", "endpoint": "dashboards.last_successful_import", "view-args": {}, "status": 200, "user": "dbf168a72424e699@lampenwelt.de", "timestamp": "2019-04-16T15:26:49.895332", "browser": "chrome", "browser-platform": "windows", "browser-version": "73.0.3683.103"}
{"method": "GET", "path": "/dashboards/_render_async_sql_query/f82edf0b-0b9f-4cab-a165-f97ef30efe60", "endpoint": "dashboards.render_async_sql_query", "view-args": {"id": "f82edf0b-0b9f-4cab-a165-f97ef30efe60"}, "status": 200, "user": "dbf168a72424e699@lampenwelt.de", "timestamp": "2019-04-16T15:26:49.940359", "browser": "chrome", "browser-platform": "windows", "browser-version": "73.0.3683.103"}
{"method": "GET", "path": "/dashboards/_render_async_sql_query/2391cdd7-ec44-4110-874d-a835344430d6", "endpoint": "dashboards.render_async_sql_query", "view-args": {"id": "2391cdd7-ec44-4110-874d-a835344430d6"}, "status": 200, "user": "dbf168a72424e699@lampenwelt.de", "timestamp": "2019-04-16T15:26:49.945042", "browser": "chrome", "browser-platform": "windows", "browser-version": "73.0.3683.103"}
{"method": "POST", "path": "/dashboards/sales-comparison", "endpoint": "dashboards.view_dashboard", "view-args": {"id": "sales-comparison"}, "status": 200, "user": "dbf168a72424e699@lampenwelt.de", "timestamp": "2019-04-16T15:27:17.198603", "browser": "chrome", "browser-platform": "windows", "browser-version": "73.0.3683.103"}
{"method": "POST", "path": "/dashboards/sales-comparison", "endpoint": "dashboards.view_dashboard", "view-args": {"id": "sales-comparison"}, "status": 200, "user": "dbf168a72424e699@lampenwelt.de", "timestamp": "2019-04-16T15:27:25.142056", "browser": "chrome", "browser-platform": "windows", "browser-version": "73.0.3683.103"}
{"method": "GET", "path": "/dashboards/_render_async_sql_query/a9e19ec4-6c5b-465a-97f3-30ef26c0f708", "endpoint": "dashboards.render_async_sql_query", "view-args": {"id": "a9e19ec4-6c5b-465a-97f3-30ef26c0f708"}, "status": 200, "user": "dbf168a72424e699@lampenwelt.de", "timestamp": "2019-04-16T15:27:25.704179", "browser": "chrome", "browser-platform": "windows", "browser-version": "73.0.3683.103"}
{"method": "GET", "path": "/dashboards/_render_async_sql_query/22cf0d29-de99-49b3-bacc-b37e86d40517", "endpoint": "dashboards.render_async_sql_query", "view-args": {"id": "22cf0d29-de99-49b3-bacc-b37e86d40517"}, "status": 200, "user": "dbf168a72424e699@lampenwelt.de", "timestamp": "2019-04-16T15:27:25.704219", "browser": "chrome", "browser-platform": "windows", "browser-version": "73.0.3683.103"}
{"method": "GET", "path": "/dashboards/_render_async_sql_query/9ed7c9eb-708d-450d-9ddb-0480092fe0c0", "endpoint": "dashboards.render_async_sql_query", "view-args": {"id": "9ed7c9eb-708d-450d-9ddb-0480092fe0c0"}, "status": 200, "user": "dbf168a72424e699@lampenwelt.de", "timestamp": "2019-04-16T15:27:25.716684", "browser": "chrome", "browser-platform": "windows", "browser-version": "73.0.3683.103"}
{"method": "GET", "path": "/dashboards/_last_marketing_cost/sales-comparison", "endpoint": "dashboards.last_marketing_cost", "view-args": {"id": "sales-comparison"}, "status": 200, "user": "dbf168a72424e699@lampenwelt.de", "timestamp": "2019-04-16T15:27:25.726170", "browser": "chrome", "browser-platform": "windows", "browser-version": "73.0.3683.103"}
{"method": "GET", "path": "/dashboards/_last_successful_import", "endpoint": "dashboards.last_successful_import", "view-args": {}, "status": 200, "user": "dbf168a72424e699@lampenwelt.de", "timestamp": "2019-04-16T15:27:25.729653", "browser": "chrome", "browser-platform": "windows", "browser-version": "73.0.3683.103"}
{"method": "GET", "path": "/dashboards/_render_async_sql_query/7655dc56-1d95-4cea-aa5d-7a4e5255a0b1", "endpoint": "dashboards.render_async_sql_query", "view-args": {"id": "7655dc56-1d95-4cea-aa5d-7a4e5255a0b1"}, "status": 200, "user": "dbf168a72424e699@lampenwelt.de", "timestamp": "2019-04-16T15:27:25.729900", "browser": "chrome", "browser-platform": "windows", "browser-version": "73.0.3683.103"}
{"method": "GET", "path": "/dashboards/_render_async_sql_query/778a4566-7f7e-46db-8069-699fa301f194", "endpoint": "dashboards.render_async_sql_query", "view-args": {"id": "778a4566-7f7e-46db-8069-699fa301f194"}, "status": 200, "user": "dbf168a72424e699@lampenwelt.de", "timestamp": "2019-04-16T15:27:25.833675", "browser": "chrome", "browser-platform": "windows", "browser-version": "73.0.3683.103"}
{"method": "GET", "path": "/dashboards/_render_async_sql_query/ffc8bfad-bb39-4dec-866f-749823315e88", "endpoint": "dashboards.render_async_sql_query", "view-args": {"id": "ffc8bfad-bb39-4dec-866f-749823315e88"}, "status": 200, "user": "dbf168a72424e699@lampenwelt.de", "timestamp": "2019-04-16T15:27:25.852281", "browser": "chrome", "browser-platform": "windows", "browser-version": "73.0.3683.103"}
{"method": "POST", "path": "/dashboards/sales-comparison", "endpoint": "dashboards.view_dashboard", "view-args": {"id": "sales-comparison"}, "status": 200, "user": "dbf168a72424e699@lampenwelt.de", "timestamp": "2019-04-16T15:27:42.959773", "browser": "chrome", "browser-platform": "windows", "browser-version": "73.0.3683.103"}
{"method": "GET", "path": "/dashboards/_render_async_sql_query/6169d1b1-5e76-4177-95fc-a37b261f2b0f", "endpoint": "dashboards.render_async_sql_query", "view-args": {"id": "6169d1b1-5e76-4177-95fc-a37b261f2b0f"}, "status": 200, "user": "dbf168a72424e699@lampenwelt.de", "timestamp": "2019-04-16T15:27:43.393211", "browser": "chrome", "browser-platform": "windows", "browser-version": "73.0.3683.103"}
{"method": "GET", "path": "/dashboards/_render_async_sql_query/2ec6bd3f-5ddc-4d6d-bf01-6d3115e3d7b0", "endpoint": "dashboards.render_async_sql_query", "view-args": {"id": "2ec6bd3f-5ddc-4d6d-bf01-6d3115e3d7b0"}, "status": 200, "user": "dbf168a72424e699@lampenwelt.de", "timestamp": "2019-04-16T15:27:43.406816", "browser": "chrome", "browser-platform": "windows", "browser-version": "73.0.3683.103"}
{"method": "GET", "path": "/dashboards/_render_async_sql_query/ca9f1029-d1eb-49b0-ab99-347d9909c70d", "endpoint": "dashboards.render_async_sql_query", "view-args": {"id": "ca9f1029-d1eb-49b0-ab99-347d9909c70d"}, "status": 200, "user": "dbf168a72424e699@lampenwelt.de", "timestamp": "2019-04-16T15:27:43.415379", "browser": "chrome", "browser-platform": "windows", "browser-version": "73.0.3683.103"}
{"method": "GET", "path": "/dashboards/_render_async_sql_query/666b5abb-b87e-45bd-bf4c-3f6454d1420c", "endpoint": "dashboards.render_async_sql_query", "view-args": {"id": "666b5abb-b87e-45bd-bf4c-3f6454d1420c"}, "status": 200, "user": "dbf168a72424e699@lampenwelt.de", "timestamp": "2019-04-16T15:27:43.425530", "browser": "chrome", "browser-platform": "windows", "browser-version": "73.0.3683.103"}
{"method": "GET", "path": "/dashboards/_last_marketing_cost/sales-comparison", "endpoint": "dashboards.last_marketing_cost", "view-args": {"id": "sales-comparison"}, "status": 200, "user": "dbf168a72424e699@lampenwelt.de", "timestamp": "2019-04-16T15:27:43.428866", "browser": "chrome", "browser-platform": "windows", "browser-version": "73.0.3683.103"}
{"method": "GET", "path": "/dashboards/_last_successful_import", "endpoint": "dashboards.last_successful_import", "view-args": {}, "status": 200, "user": "dbf168a72424e699@lampenwelt.de", "timestamp": "2019-04-16T15:27:43.430696", "browser": "chrome", "browser-platform": "windows", "browser-version": "73.0.3683.103"}
{"method": "GET", "path": "/dashboards/_render_async_sql_query/d206369f-0c3d-4d7c-9730-f322f2f7dd8d", "endpoint": "dashboards.render_async_sql_query", "view-args": {"id": "d206369f-0c3d-4d7c-9730-f322f2f7dd8d"}, "status": 200, "user": "dbf168a72424e699@lampenwelt.de", "timestamp": "2019-04-16T15:27:43.537039", "browser": "chrome", "browser-platform": "windows", "browser-version": "73.0.3683.103"}
{"method": "GET", "path": "/dashboards/_render_async_sql_query/279aa9cc-dc67-4f05-91ba-e41d77a5059d", "endpoint": "dashboards.render_async_sql_query", "view-args": {"id": "279aa9cc-dc67-4f05-91ba-e41d77a5059d"}, "status": 200, "user": "dbf168a72424e699@lampenwelt.de", "timestamp": "2019-04-16T15:27:43.543720", "browser": "chrome", "browser-platform": "windows", "browser-version": "73.0.3683.103"}
{"method": "GET", "path": "/data-integration/data_transformation", "endpoint": "data_integration.node_page", "view-args": {"path": "data_transformation"}, "status": 200, "user": "78b858772f907e50@lampenwelt.de", "timestamp": "2019-04-16T15:28:48.821156", "browser": "chrome", "browser-platform": "windows", "browser-version": "73.0.3683.103"}
{"method": "GET", "path": "/data-integration/data_transformation/dependency-graph", "endpoint": "data_integration.dependency_graph", "view-args": {"path": "data_transformation"}, "status": 200, "user": "78b858772f907e50@lampenwelt.de", "timestamp": "2019-04-16T15:28:49.168246", "browser": "chrome", "browser-platform": "windows", "browser-version": "73.0.3683.103"}
{"method": "GET", "path": "/data-integration/data_transformation/last-runs-selector", "endpoint": "data_integration.last_runs_selector", "view-args": {"path": "data_transformation"}, "status": 200, "user": "78b858772f907e50@lampenwelt.de", "timestamp": "2019-04-16T15:28:49.190480", "browser": "chrome", "browser-platform": "windows", "browser-version": "73.0.3683.103"}
{"method": "GET", "path": "/data-integration/data_transformation/run-time-chart", "endpoint": "data_integration.run_time_chart", "view-args": {"path": "data_transformation"}, "status": 200, "user": "78b858772f907e50@lampenwelt.de", "timestamp": "2019-04-16T15:28:49.248240", "browser": "chrome", "browser-platform": "windows", "browser-version": "73.0.3683.103"}
{"method": "GET", "path": "/data-integration/data_transformation/system-stats", "endpoint": "data_integration.system_stats", "view-args": {"path": "data_transformation", "run_id": null}, "status": 200, "user": "78b858772f907e50@lampenwelt.de", "timestamp": "2019-04-16T15:28:49.264498", "browser": "chrome", "browser-platform": "windows", "browser-version": "73.0.3683.103"}
{"method": "GET", "path": "/data-integration/data_transformation/timeline-chart", "endpoint": "data_integration.timeline_chart", "view-args": {"path": "data_transformation", "run_id": null}, "status": 200, "user": "78b858772f907e50@lampenwelt.de", "timestamp": "2019-04-16T15:28:49.358063", "browser": "chrome", "browser-platform": "windows", "browser-version": "73.0.3683.103"}
{"method": "GET", "path": "/data-integration/data_transformation/run-output-limited", "endpoint": "data_integration.run_output", "view-args": {"path": "data_transformation", "run_id": null, "limit": true}, "status": 200, "user": "78b858772f907e50@lampenwelt.de", "timestamp": "2019-04-16T15:28:49.365605", "browser": "chrome", "browser-platform": "windows", "browser-version": "73.0.3683.103"}
{"method": "GET", "path": "/data-integration/data_transformation/pipeline-children-table", "endpoint": "data_integration.pipeline_children_table", "view-args": {"path": "data_transformation"}, "status": 200, "user": "78b858772f907e50@lampenwelt.de", "timestamp": "2019-04-16T15:28:50.885563", "browser": "chrome", "browser-platform": "windows", "browser-version": "73.0.3683.103"}
{"method": "GET", "path": "/data-integration/data_transformation/warehouse", "endpoint": "data_integration.node_page", "view-args": {"path": "data_transformation/warehouse"}, "status": 200, "user": "78b858772f907e50@lampenwelt.de", "timestamp": "2019-04-16T15:28:50.896665", "browser": "chrome", "browser-platform": "windows", "browser-version": "73.0.3683.103"}
{"method": "GET", "path": "/data-integration/data_transformation/warehouse/dependency-graph", "endpoint": "data_integration.dependency_graph", "view-args": {"path": "data_transformation/warehouse"}, "status": 200, "user": "78b858772f907e50@lampenwelt.de", "timestamp": "2019-04-16T15:28:51.430004", "browser": "chrome", "browser-platform": "windows", "browser-version": "73.0.3683.103"}
{"method": "GET", "path": "/data-integration/data_transformation/warehouse/last-runs-selector", "endpoint": "data_integration.last_runs_selector", "view-args": {"path": "data_transformation/warehouse"}, "status": 200, "user": "78b858772f907e50@lampenwelt.de", "timestamp": "2019-04-16T15:28:51.456887", "browser": "chrome", "browser-platform": "windows", "browser-version": "73.0.3683.103"}
{"method": "GET", "path": "/data-integration/data_transformation/warehouse/system-stats", "endpoint": "data_integration.system_stats", "view-args": {"path": "data_transformation/warehouse", "run_id": null}, "status": 200, "user": "78b858772f907e50@lampenwelt.de", "timestamp": "2019-04-16T15:28:51.497329", "browser": "chrome", "browser-platform": "windows", "browser-version": "73.0.3683.103"}
{"method": "GET", "path": "/data-integration/data_transformation/warehouse/pipeline-children-table", "endpoint": "data_integration.pipeline_children_table", "view-args": {"path": "data_transformation/warehouse"}, "status": 200, "user": "78b858772f907e50@lampenwelt.de", "timestamp": "2019-04-16T15:28:51.504699", "browser": "chrome", "browser-platform": "windows", "browser-version": "73.0.3683.103"}
{"method": "GET", "path": "/data-integration/data_transformation/warehouse/run-time-chart", "endpoint": "data_integration.run_time_chart", "view-args": {"path": "data_transformation/warehouse"}, "status": 200, "user": "78b858772f907e50@lampenwelt.de", "timestamp": "2019-04-16T15:28:51.521872", "browser": "chrome", "browser-platform": "windows", "browser-version": "73.0.3683.103"}
{"method": "GET", "path": "/data-integration/data_transformation/warehouse/timeline-chart", "endpoint": "data_integration.timeline_chart", "view-args": {"path": "data_transformation/warehouse", "run_id": null}, "status": 200, "user": "78b858772f907e50@lampenwelt.de", "timestamp": "2019-04-16T15:28:51.547816", "browser": "chrome", "browser-platform": "windows", "browser-version": "73.0.3683.103"}
{"method": "GET", "path": "/data-integration/data_transformation/warehouse/run-output-limited", "endpoint": "data_integration.run_output", "view-args": {"path": "data_transformation/warehouse", "run_id": null, "limit": true}, "status": 200, "user": "78b858772f907e50@lampenwelt.de", "timestamp": "2019-04-16T15:28:51.554464", "browser": "chrome", "browser-platform": "windows", "browser-version": "73.0.3683.103"}
{"method": "GET", "path": "/", "endpoint": "start_page.start_page", "view-args": {}, "status": 302, "user": "e5063e1f25c24f00@lampenwelt.de", "timestamp": "2019-04-16T15:33:32.035927", "browser": "chrome", "browser-platform": "windows", "browser-version": "73.0.3683.86"}
{"method": "GET", "path": "/dashboards/marketing-overview", "endpoint": "dashboards.view_dashboard", "view-args": {"id": "marketing-overview"}, "status": 200, "user": "e5063e1f25c24f00@lampenwelt.de", "timestamp": "2019-04-16T15:33:32.416459", "browser": "chrome", "browser-platform": "windows", "browser-version": "73.0.3683.86"}
{"method": "GET", "path": "/", "endpoint": "start_page.start_page", "view-args": {}, "status": 302, "user": "e5063e1f25c24f00@lampenwelt.de", "timestamp": "2019-04-16T15:33:33.421040", "browser": "chrome", "browser-platform": "windows", "browser-version": "73.0.3683.86"}
{"method": "GET", "path": "/dashboards/marketing-overview", "endpoint": "dashboards.view_dashboard", "view-args": {"id": "marketing-overview"}, "status": 200, "user": "e5063e1f25c24f00@lampenwelt.de", "timestamp": "2019-04-16T15:33:33.723558", "browser": "chrome", "browser-platform": "windows", "browser-version": "73.0.3683.86"}
{"method": "GET", "path": "/dashboards/_render_async_sql_query/a4b371e4-19d4-4eeb-9f0b-288fc78f510f", "endpoint": "dashboards.render_async_sql_query", "view-args": {"id": "a4b371e4-19d4-4eeb-9f0b-288fc78f510f"}, "status": 200, "user": "e5063e1f25c24f00@lampenwelt.de", "timestamp": "2019-04-16T15:33:34.229352", "browser": "chrome", "browser-platform": "windows", "browser-version": "73.0.3683.86"}
{"method": "GET", "path": "/dashboards/_render_async_sql_query/da46038a-44b1-4f4b-9374-e881a479c2e1", "endpoint": "dashboards.render_async_sql_query", "view-args": {"id": "da46038a-44b1-4f4b-9374-e881a479c2e1"}, "status": 200, "user": "e5063e1f25c24f00@lampenwelt.de", "timestamp": "2019-04-16T15:33:34.234045", "browser": "chrome", "browser-platform": "windows", "browser-version": "73.0.3683.86"}
{"method": "GET", "path": "/dashboards/_render_async_sql_query/6118fa1b-d98b-4b74-bc66-787ec8b34019", "endpoint": "dashboards.render_async_sql_query", "view-args": {"id": "6118fa1b-d98b-4b74-bc66-787ec8b34019"}, "status": 200, "user": "e5063e1f25c24f00@lampenwelt.de", "timestamp": "2019-04-16T15:33:34.238281", "browser": "chrome", "browser-platform": "windows", "browser-version": "73.0.3683.86"}
{"method": "GET", "path": "/dashboards/_last_successful_import", "endpoint": "dashboards.last_successful_import", "view-args": {}, "status": 200, "user": "e5063e1f25c24f00@lampenwelt.de", "timestamp": "2019-04-16T15:33:34.252537", "browser": "chrome", "browser-platform": "windows", "browser-version": "73.0.3683.86"}
{"method": "GET", "path": "/dashboards/_render_async_sql_query/484871a8-b76f-485b-a4bd-79b7003a9ba7", "endpoint": "dashboards.render_async_sql_query", "view-args": {"id": "484871a8-b76f-485b-a4bd-79b7003a9ba7"}, "status": 200, "user": "e5063e1f25c24f00@lampenwelt.de", "timestamp": "2019-04-16T15:33:34.257484", "browser": "chrome", "browser-platform": "windows", "browser-version": "73.0.3683.86"}
{"method": "GET", "path": "/dashboards/_last_marketing_cost/marketing-overview", "endpoint": "dashboards.last_marketing_cost", "view-args": {"id": "marketing-overview"}, "status": 200, "user": "e5063e1f25c24f00@lampenwelt.de", "timestamp": "2019-04-16T15:33:34.277363", "browser": "chrome", "browser-platform": "windows", "browser-version": "73.0.3683.86"}
{"method": "GET", "path": "/dashboards/_render_async_sql_query/17a194f3-63d6-4a3b-9932-05efd86da800", "endpoint": "dashboards.render_async_sql_query", "view-args": {"id": "17a194f3-63d6-4a3b-9932-05efd86da800"}, "status": 200, "user": "e5063e1f25c24f00@lampenwelt.de", "timestamp": "2019-04-16T15:33:34.342033", "browser": "chrome", "browser-platform": "windows", "browser-version": "73.0.3683.86"}
{"method": "GET", "path": "/dashboards/_render_async_sql_query/3ba6e13d-f319-4126-bbf7-99c1eb97135c", "endpoint": "dashboards.render_async_sql_query", "view-args": {"id": "3ba6e13d-f319-4126-bbf7-99c1eb97135c"}, "status": 200, "user": "e5063e1f25c24f00@lampenwelt.de", "timestamp": "2019-04-16T15:33:34.341939", "browser": "chrome", "browser-platform": "windows", "browser-version": "73.0.3683.86"}
{"method": "GET", "path": "/dashboards/_render_async_sql_query/7753f152-7895-4141-b390-5d7f315de00d", "endpoint": "dashboards.render_async_sql_query", "view-args": {"id": "7753f152-7895-4141-b390-5d7f315de00d"}, "status": 200, "user": "e5063e1f25c24f00@lampenwelt.de", "timestamp": "2019-04-16T15:33:34.342200", "browser": "chrome", "browser-platform": "windows", "browser-version": "73.0.3683.86"}
{"method": "GET", "path": "/dashboards/_render_async_sql_query/9a69c955-d663-40dc-8bcf-10fad3e71668", "endpoint": "dashboards.render_async_sql_query", "view-args": {"id": "9a69c955-d663-40dc-8bcf-10fad3e71668"}, "status": 200, "user": "e5063e1f25c24f00@lampenwelt.de", "timestamp": "2019-04-16T15:33:34.372782", "browser": "chrome", "browser-platform": "windows", "browser-version": "73.0.3683.86"}
{"method": "GET", "path": "/dashboards/_render_async_sql_query/e1a708c6-f767-4bb5-83f2-97e68670d125", "endpoint": "dashboards.render_async_sql_query", "view-args": {"id": "e1a708c6-f767-4bb5-83f2-97e68670d125"}, "status": 200, "user": "e5063e1f25c24f00@lampenwelt.de", "timestamp": "2019-04-16T15:33:34.544848", "browser": "chrome", "browser-platform": "windows", "browser-version": "73.0.3683.86"}
{"method": "GET", "path": "/dashboards/_render_async_sql_query/df722ddb-b7b5-4df4-a27c-ef11857d5626", "endpoint": "dashboards.render_async_sql_query", "view-args": {"id": "df722ddb-b7b5-4df4-a27c-ef11857d5626"}, "status": 200, "user": "e5063e1f25c24f00@lampenwelt.de", "timestamp": "2019-04-16T15:33:34.551900", "browser": "chrome", "browser-platform": "windows", "browser-version": "73.0.3683.86"}
{"method": "GET", "path": "/dashboards/_render_async_sql_query/27cd4ba7-2dab-4435-8ee6-c0c66f309262", "endpoint": "dashboards.render_async_sql_query", "view-args": {"id": "27cd4ba7-2dab-4435-8ee6-c0c66f309262"}, "status": 200, "user": "e5063e1f25c24f00@lampenwelt.de", "timestamp": "2019-04-16T15:33:34.551951", "browser": "chrome", "browser-platform": "windows", "browser-version": "73.0.3683.86"}
{"method": "GET", "path": "/dashboards/_render_async_sql_query/f55a33e6-db60-479a-ab27-11975d78c39d", "endpoint": "dashboards.render_async_sql_query", "view-args": {"id": "f55a33e6-db60-479a-ab27-11975d78c39d"}, "status": 200, "user": "e5063e1f25c24f00@lampenwelt.de", "timestamp": "2019-04-16T15:33:34.582008", "browser": "chrome", "browser-platform": "windows", "browser-version": "73.0.3683.86"}
{"method": "GET", "path": "/dashboards/_render_async_sql_query/85d400b3-bde8-42e3-b158-c86e5b82093e", "endpoint": "dashboards.render_async_sql_query", "view-args": {"id": "85d400b3-bde8-42e3-b158-c86e5b82093e"}, "status": 200, "user": "e5063e1f25c24f00@lampenwelt.de", "timestamp": "2019-04-16T15:33:34.602470", "browser": "chrome", "browser-platform": "windows", "browser-version": "73.0.3683.86"}
{"method": "GET", "path": "/dashboards/_render_async_sql_query/cbfc54a8-85af-4224-827e-fafb80de6419", "endpoint": "dashboards.render_async_sql_query", "view-args": {"id": "cbfc54a8-85af-4224-827e-fafb80de6419"}, "status": 200, "user": "e5063e1f25c24f00@lampenwelt.de", "timestamp": "2019-04-16T15:33:34.603083", "browser": "chrome", "browser-platform": "windows", "browser-version": "73.0.3683.86"}
{"method": "GET", "path": "/dashboards/_render_async_sql_query/20f18b8a-5613-4df4-8061-f1104d74a230", "endpoint": "dashboards.render_async_sql_query", "view-args": {"id": "20f18b8a-5613-4df4-8061-f1104d74a230"}, "status": 200, "user": "e5063e1f25c24f00@lampenwelt.de", "timestamp": "2019-04-16T15:33:34.615328", "browser": "chrome", "browser-platform": "windows", "browser-version": "73.0.3683.86"}
{"method": "GET", "path": "/dashboards/_render_async_sql_query/f20511da-13b5-4ea7-95c9-a56e1cfb3e12", "endpoint": "dashboards.render_async_sql_query", "view-args": {"id": "f20511da-13b5-4ea7-95c9-a56e1cfb3e12"}, "status": 200, "user": "e5063e1f25c24f00@lampenwelt.de", "timestamp": "2019-04-16T15:33:34.639181", "browser": "chrome", "browser-platform": "windows", "browser-version": "73.0.3683.86"}
{"method": "GET", "path": "/data-integration/data_transformation", "endpoint": "data_integration.node_page", "view-args": {"path": "data_transformation"}, "status": 200, "user": "e5063e1f25c24f00@lampenwelt.de", "timestamp": "2019-04-16T15:33:46.744762", "browser": "chrome", "browser-platform": "windows", "browser-version": "73.0.3683.86"}
{"method": "GET", "path": "/data-integration/data_transformation/dependency-graph", "endpoint": "data_integration.dependency_graph", "view-args": {"path": "data_transformation"}, "status": 200, "user": "e5063e1f25c24f00@lampenwelt.de", "timestamp": "2019-04-16T15:33:47.033896", "browser": "chrome", "browser-platform": "windows", "browser-version": "73.0.3683.86"}
{"method": "GET", "path": "/data-integration/data_transformation/last-runs-selector", "endpoint": "data_integration.last_runs_selector", "view-args": {"path": "data_transformation"}, "status": 200, "user": "e5063e1f25c24f00@lampenwelt.de", "timestamp": "2019-04-16T15:33:47.074739", "browser": "chrome", "browser-platform": "windows", "browser-version": "73.0.3683.86"}
{"method": "GET", "path": "/data-integration/data_transformation/system-stats", "endpoint": "data_integration.system_stats", "view-args": {"path": "data_transformation", "run_id": null}, "status": 200, "user": "e5063e1f25c24f00@lampenwelt.de", "timestamp": "2019-04-16T15:33:47.163701", "browser": "chrome", "browser-platform": "windows", "browser-version": "73.0.3683.86"}
{"method": "GET", "path": "/data-integration/data_transformation/run-time-chart", "endpoint": "data_integration.run_time_chart", "view-args": {"path": "data_transformation"}, "status": 200, "user": "e5063e1f25c24f00@lampenwelt.de", "timestamp": "2019-04-16T15:33:47.191317", "browser": "chrome", "browser-platform": "windows", "browser-version": "73.0.3683.86"}
{"method": "GET", "path": "/data-integration/data_transformation/timeline-chart", "endpoint": "data_integration.timeline_chart", "view-args": {"path": "data_transformation", "run_id": null}, "status": 200, "user": "e5063e1f25c24f00@lampenwelt.de", "timestamp": "2019-04-16T15:33:47.340000", "browser": "chrome", "browser-platform": "windows", "browser-version": "73.0.3683.86"}
{"method": "GET", "path": "/data-integration/data_transformation/run-output-limited", "endpoint": "data_integration.run_output", "view-args": {"path": "data_transformation", "run_id": null, "limit": true}, "status": 200, "user": "e5063e1f25c24f00@lampenwelt.de", "timestamp": "2019-04-16T15:33:47.397175", "browser": "chrome", "browser-platform": "windows", "browser-version": "73.0.3683.86"}
{"method": "GET", "path": "/data-integration/data_transformation/pipeline-children-table", "endpoint": "data_integration.pipeline_children_table", "view-args": {"path": "data_transformation"}, "status": 200, "user": "e5063e1f25c24f00@lampenwelt.de", "timestamp": "2019-04-16T15:33:49.324192", "browser": "chrome", "browser-platform": "windows", "browser-version": "73.0.3683.86"}
{"method": "GET", "path": "/data-integration/data_transformation/cubes_update", "endpoint": "data_integration.node_page", "view-args": {"path": "data_transformation/cubes_update"}, "status": 200, "user": "e5063e1f25c24f00@lampenwelt.de", "timestamp": "2019-04-16T15:33:49.525549", "browser": "chrome", "browser-platform": "windows", "browser-version": "73.0.3683.86"}
{"method": "GET", "path": "/data-integration/data_transformation/cubes_update/dependency-graph", "endpoint": "data_integration.dependency_graph", "view-args": {"path": "data_transformation/cubes_update"}, "status": 200, "user": "e5063e1f25c24f00@lampenwelt.de", "timestamp": "2019-04-16T15:33:50.350527", "browser": "chrome", "browser-platform": "windows", "browser-version": "73.0.3683.86"}
{"method": "GET", "path": "/data-integration/data_transformation/cubes_update/last-runs-selector", "endpoint": "data_integration.last_runs_selector", "view-args": {"path": "data_transformation/cubes_update"}, "status": 200, "user": "e5063e1f25c24f00@lampenwelt.de", "timestamp": "2019-04-16T15:33:50.387387", "browser": "chrome", "browser-platform": "windows", "browser-version": "73.0.3683.86"}
{"method": "GET", "path": "/data-integration/data_transformation/cubes_update/run-time-chart", "endpoint": "data_integration.run_time_chart", "view-args": {"path": "data_transformation/cubes_update"}, "status": 200, "user": "e5063e1f25c24f00@lampenwelt.de", "timestamp": "2019-04-16T15:33:50.419263", "browser": "chrome", "browser-platform": "windows", "browser-version": "73.0.3683.86"}
{"method": "GET", "path": "/data-integration/data_transformation/cubes_update/pipeline-children-table", "endpoint": "data_integration.pipeline_children_table", "view-args": {"path": "data_transformation/cubes_update"}, "status": 200, "user": "e5063e1f25c24f00@lampenwelt.de", "timestamp": "2019-04-16T15:33:50.423296", "browser": "chrome", "browser-platform": "windows", "browser-version": "73.0.3683.86"}
{"method": "GET", "path": "/data-integration/data_transformation/cubes_update/system-stats", "endpoint": "data_integration.system_stats", "view-args": {"path": "data_transformation/cubes_update", "run_id": null}, "status": 200, "user": "e5063e1f25c24f00@lampenwelt.de", "timestamp": "2019-04-16T15:33:50.432680", "browser": "chrome", "browser-platform": "windows", "browser-version": "73.0.3683.86"}
{"method": "GET", "path": "/data-integration/data_transformation/cubes_update/timeline-chart", "endpoint": "data_integration.timeline_chart", "view-args": {"path": "data_transformation/cubes_update", "run_id": null}, "status": 200, "user": "e5063e1f25c24f00@lampenwelt.de", "timestamp": "2019-04-16T15:33:50.469873", "browser": "chrome", "browser-platform": "windows", "browser-version": "73.0.3683.86"}
{"method": "GET", "path": "/data-integration/data_transformation/cubes_update/run-output-limited", "endpoint": "data_integration.run_output", "view-args": {"path": "data_transformation/cubes_update", "run_id": null, "limit": true}, "status": 200, "user": "e5063e1f25c24f00@lampenwelt.de", "timestamp": "2019-04-16T15:33:50.490271", "browser": "chrome", "browser-platform": "windows", "browser-version": "73.0.3683.86"}
{"method": "GET", "path": "/data-integration/data_transformation", "endpoint": "data_integration.node_page", "view-args": {"path": "data_transformation"}, "status": 200, "user": "e5063e1f25c24f00@lampenwelt.de", "timestamp": "2019-04-16T15:34:48.657376", "browser": "chrome", "browser-platform": "windows", "browser-version": "73.0.3683.86"}
{"method": "GET", "path": "/data-integration/data_transformation/dependency-graph", "endpoint": "data_integration.dependency_graph", "view-args": {"path": "data_transformation"}, "status": 200, "user": "e5063e1f25c24f00@lampenwelt.de", "timestamp": "2019-04-16T15:34:48.873789", "browser": "chrome", "browser-platform": "windows", "browser-version": "73.0.3683.86"}
{"method": "GET", "path": "/data-integration/data_transformation/last-runs-selector", "endpoint": "data_integration.last_runs_selector", "view-args": {"path": "data_transformation"}, "status": 200, "user": "e5063e1f25c24f00@lampenwelt.de", "timestamp": "2019-04-16T15:34:48.902709", "browser": "chrome", "browser-platform": "windows", "browser-version": "73.0.3683.86"}
{"method": "GET", "path": "/data-integration/data_transformation/system-stats", "endpoint": "data_integration.system_stats", "view-args": {"path": "data_transformation", "run_id": null}, "status": 200, "user": "e5063e1f25c24f00@lampenwelt.de", "timestamp": "2019-04-16T15:34:48.955343", "browser": "chrome", "browser-platform": "windows", "browser-version": "73.0.3683.86"}
{"method": "GET", "path": "/data-integration/data_transformation/run-time-chart", "endpoint": "data_integration.run_time_chart", "view-args": {"path": "data_transformation"}, "status": 200, "user": "e5063e1f25c24f00@lampenwelt.de", "timestamp": "2019-04-16T15:34:49.000268", "browser": "chrome", "browser-platform": "windows", "browser-version": "73.0.3683.86"}
{"method": "GET", "path": "/data-integration/data_transformation/timeline-chart", "endpoint": "data_integration.timeline_chart", "view-args": {"path": "data_transformation", "run_id": null}, "status": 200, "user": "e5063e1f25c24f00@lampenwelt.de", "timestamp": "2019-04-16T15:34:49.008955", "browser": "chrome", "browser-platform": "windows", "browser-version": "73.0.3683.86"}
{"method": "GET", "path": "/data-integration/data_transformation/run-output-limited", "endpoint": "data_integration.run_output", "view-args": {"path": "data_transformation", "run_id": null, "limit": true}, "status": 200, "user": "e5063e1f25c24f00@lampenwelt.de", "timestamp": "2019-04-16T15:34:49.104925", "browser": "chrome", "browser-platform": "windows", "browser-version": "73.0.3683.86"}
{"method": "GET", "path": "/data-integration/data_transformation/pipeline-children-table", "endpoint": "data_integration.pipeline_children_table", "view-args": {"path": "data_transformation"}, "status": 200, "user": "e5063e1f25c24f00@lampenwelt.de", "timestamp": "2019-04-16T15:34:50.871331", "browser": "chrome", "browser-platform": "windows", "browser-version": "73.0.3683.86"}
{"method": "GET", "path": "/data-integration/data_transformation", "endpoint": "data_integration.node_page", "view-args": {"path": "data_transformation"}, "status": 200, "user": "e5063e1f25c24f00@lampenwelt.de", "timestamp": "2019-04-16T15:43:36.397581", "browser": "chrome", "browser-platform": "windows", "browser-version": "73.0.3683.86"}
{"method": "GET", "path": "/data-integration/data_transformation/dependency-graph", "endpoint": "data_integration.dependency_graph", "view-args": {"path": "data_transformation"}, "status": 200, "user": "e5063e1f25c24f00@lampenwelt.de", "timestamp": "2019-04-16T15:43:36.961451", "browser": "chrome", "browser-platform": "windows", "browser-version": "73.0.3683.86"}
{"method": "GET", "path": "/data-integration/data_transformation/run-time-chart", "endpoint": "data_integration.run_time_chart", "view-args": {"path": "data_transformation"}, "status": 200, "user": "e5063e1f25c24f00@lampenwelt.de", "timestamp": "2019-04-16T15:43:37.017735", "browser": "chrome", "browser-platform": "windows", "browser-version": "73.0.3683.86"}
{"method": "GET", "path": "/data-integration/data_transformation/last-runs-selector", "endpoint": "data_integration.last_runs_selector", "view-args": {"path": "data_transformation"}, "status": 200, "user": "e5063e1f25c24f00@lampenwelt.de", "timestamp": "2019-04-16T15:43:37.024991", "browser": "chrome", "browser-platform": "windows", "browser-version": "73.0.3683.86"}
{"method": "GET", "path": "/data-integration/data_transformation/system-stats", "endpoint": "data_integration.system_stats", "view-args": {"path": "data_transformation", "run_id": null}, "status": 200, "user": "e5063e1f25c24f00@lampenwelt.de", "timestamp": "2019-04-16T15:43:37.068245", "browser": "chrome", "browser-platform": "windows", "browser-version": "73.0.3683.86"}
{"method": "GET", "path": "/data-integration/data_transformation/timeline-chart", "endpoint": "data_integration.timeline_chart", "view-args": {"path": "data_transformation", "run_id": null}, "status": 200, "user": "e5063e1f25c24f00@lampenwelt.de", "timestamp": "2019-04-16T15:43:37.138651", "browser": "chrome", "browser-platform": "windows", "browser-version": "73.0.3683.86"}
{"method": "GET", "path": "/data-integration/data_transformation/run-output-limited", "endpoint": "data_integration.run_output", "view-args": {"path": "data_transformation", "run_id": null, "limit": true}, "status": 200, "user": "e5063e1f25c24f00@lampenwelt.de", "timestamp": "2019-04-16T15:43:37.192911", "browser": "chrome", "browser-platform": "windows", "browser-version": "73.0.3683.86"}
{"method": "GET", "path": "/data-integration/data_transformation/pipeline-children-table", "endpoint": "data_integration.pipeline_children_table", "view-args": {"path": "data_transformation"}, "status": 200, "user": "e5063e1f25c24f00@lampenwelt.de", "timestamp": "2019-04-16T15:43:38.732615", "browser": "chrome", "browser-platform": "windows", "browser-version": "73.0.3683.86"}
{"method": "GET", "path": "/data-integration/data_transformation/consistency_checks", "endpoint": "data_integration.node_page", "view-args": {"path": "data_transformation/consistency_checks"}, "status": 200, "user": "e5063e1f25c24f00@lampenwelt.de", "timestamp": "2019-04-16T15:43:45.475479", "browser": "chrome", "browser-platform": "windows", "browser-version": "73.0.3683.86"}
{"method": "GET", "path": "/data-integration/data_transformation/consistency_checks/dependency-graph", "endpoint": "data_integration.dependency_graph", "view-args": {"path": "data_transformation/consistency_checks"}, "status": 200, "user": "e5063e1f25c24f00@lampenwelt.de", "timestamp": "2019-04-16T15:43:45.708710", "browser": "chrome", "browser-platform": "windows", "browser-version": "73.0.3683.86"}
{"method": "GET", "path": "/data-integration/data_transformation/consistency_checks/last-runs-selector", "endpoint": "data_integration.last_runs_selector", "view-args": {"path": "data_transformation/consistency_checks"}, "status": 200, "user": "e5063e1f25c24f00@lampenwelt.de", "timestamp": "2019-04-16T15:43:45.743734", "browser": "chrome", "browser-platform": "windows", "browser-version": "73.0.3683.86"}
{"method": "GET", "path": "/data-integration/data_transformation/consistency_checks/run-time-chart", "endpoint": "data_integration.run_time_chart", "view-args": {"path": "data_transformation/consistency_checks"}, "status": 200, "user": "e5063e1f25c24f00@lampenwelt.de", "timestamp": "2019-04-16T15:43:45.771335", "browser": "chrome", "browser-platform": "windows", "browser-version": "73.0.3683.86"}
{"method": "GET", "path": "/data-integration/data_transformation/consistency_checks/pipeline-children-table", "endpoint": "data_integration.pipeline_children_table", "view-args": {"path": "data_transformation/consistency_checks"}, "status": 200, "user": "e5063e1f25c24f00@lampenwelt.de", "timestamp": "2019-04-16T15:43:45.805390", "browser": "chrome", "browser-platform": "windows", "browser-version": "73.0.3683.86"}
{"method": "GET", "path": "/data-integration/data_transformation/consistency_checks/timeline-chart", "endpoint": "data_integration.timeline_chart", "view-args": {"path": "data_transformation/consistency_checks", "run_id": null}, "status": 200, "user": "e5063e1f25c24f00@lampenwelt.de", "timestamp": "2019-04-16T15:43:45.820418", "browser": "chrome", "browser-platform": "windows", "browser-version": "73.0.3683.86"}
{"method": "GET", "path": "/data-integration/data_transformation/consistency_checks/system-stats", "endpoint": "data_integration.system_stats", "view-args": {"path": "data_transformation/consistency_checks", "run_id": null}, "status": 200, "user": "e5063e1f25c24f00@lampenwelt.de", "timestamp": "2019-04-16T15:43:45.821283", "browser": "chrome", "browser-platform": "windows", "browser-version": "73.0.3683.86"}
{"method": "GET", "path": "/data-integration/data_transformation/consistency_checks/run-output-limited", "endpoint": "data_integration.run_output", "view-args": {"path": "data_transformation/consistency_checks", "run_id": null, "limit": true}, "status": 200, "user": "e5063e1f25c24f00@lampenwelt.de", "timestamp": "2019-04-16T15:43:45.873377", "browser": "chrome", "browser-platform": "windows", "browser-version": "73.0.3683.86"}
{"method": "GET", "path": "/data-integration/data_transformation/consistency_checks/replace_schema_frontend", "endpoint": "data_integration.node_page", "view-args": {"path": "data_transformation/consistency_checks/replace_schema_frontend"}, "status": 200, "user": "e5063e1f25c24f00@lampenwelt.de", "timestamp": "2019-04-16T15:43:48.553122", "browser": "chrome", "browser-platform": "windows", "browser-version": "73.0.3683.86"}
{"method": "GET", "path": "/data-integration/data_transformation/consistency_checks/replace_schema_frontend/dependency-graph", "endpoint": "data_integration.dependency_graph", "view-args": {"path": "data_transformation/consistency_checks/replace_schema_frontend"}, "status": 200, "user": "e5063e1f25c24f00@lampenwelt.de", "timestamp": "2019-04-16T15:43:48.838657", "browser": "chrome", "browser-platform": "windows", "browser-version": "73.0.3683.86"}
{"method": "GET", "path": "/data-integration/data_transformation/consistency_checks/replace_schema_frontend/last-runs-selector", "endpoint": "data_integration.last_runs_selector", "view-args": {"path": "data_transformation/consistency_checks/replace_schema_frontend"}, "status": 200, "user": "e5063e1f25c24f00@lampenwelt.de", "timestamp": "2019-04-16T15:43:48.848801", "browser": "chrome", "browser-platform": "windows", "browser-version": "73.0.3683.86"}
{"method": "GET", "path": "/data-integration/data_transformation/consistency_checks/replace_schema_frontend/system-stats", "endpoint": "data_integration.system_stats", "view-args": {"path": "data_transformation/consistency_checks/replace_schema_frontend", "run_id": null}, "status": 200, "user": "e5063e1f25c24f00@lampenwelt.de", "timestamp": "2019-04-16T15:43:48.871383", "browser": "chrome", "browser-platform": "windows", "browser-version": "73.0.3683.86"}
{"method": "GET", "path": "/data-integration/data_transformation/consistency_checks/replace_schema_frontend/timeline-chart", "endpoint": "data_integration.timeline_chart", "view-args": {"path": "data_transformation/consistency_checks/replace_schema_frontend", "run_id": null}, "status": 200, "user": "e5063e1f25c24f00@lampenwelt.de", "timestamp": "2019-04-16T15:43:48.902623", "browser": "chrome", "browser-platform": "windows", "browser-version": "73.0.3683.86"}
{"method": "GET", "path": "/data-integration/data_transformation/consistency_checks/replace_schema_frontend/run-output-limited", "endpoint": "data_integration.run_output", "view-args": {"path": "data_transformation/consistency_checks/replace_schema_frontend", "run_id": null, "limit": true}, "status": 200, "user": "e5063e1f25c24f00@lampenwelt.de", "timestamp": "2019-04-16T15:43:48.903510", "browser": "chrome", "browser-platform": "windows", "browser-version": "73.0.3683.86"}
{"method": "GET", "path": "/data-integration/data_transformation/consistency_checks/replace_schema_frontend/run-time-chart", "endpoint": "data_integration.run_time_chart", "view-args": {"path": "data_transformation/consistency_checks/replace_schema_frontend"}, "status": 200, "user": "e5063e1f25c24f00@lampenwelt.de", "timestamp": "2019-04-16T15:43:48.944513", "browser": "chrome", "browser-platform": "windows", "browser-version": "73.0.3683.86"}
{"method": "POST", "path": "/mondrian/excel/authorize", "endpoint": "py_mondrian.excel_authorize", "view-args": {}, "status": 200, "user": "35675e68f4b5af7b@localhost", "timestamp": "2019-04-16T15:48:07.392262", "browser": null, "browser-platform": null, "browser-version": null}
{"method": "GET", "path": "/mondrian/excel", "endpoint": "py_mondrian.excel", "view-args": {}, "status": 200, "user": "72141146ea8e13f4@lampenwelt.de", "timestamp": "2019-04-16T15:48:18.403751", "browser": "chrome", "browser-platform": "windows", "browser-version": "73.0.3683.103"}
{"method": "POST", "path": "/mondrian/excel/authorize", "endpoint": "py_mondrian.excel_authorize", "view-args": {}, "status": 200, "user": "35675e68f4b5af7b@localhost", "timestamp": "2019-04-16T15:48:21.745194", "browser": null, "browser-platform": null, "browser-version": null}
{"method": "GET", "path": "/data-integration/data_transformation", "endpoint": "data_integration.node_page", "view-args": {"path": "data_transformation"}, "status": 200, "user": "e5063e1f25c24f00@lampenwelt.de", "timestamp": "2019-04-16T15:50:45.162024", "browser": "chrome", "browser-platform": "windows", "browser-version": "73.0.3683.86"}
{"method": "GET", "path": "/data-integration/data_transformation/dependency-graph", "endpoint": "data_integration.dependency_graph", "view-args": {"path": "data_transformation"}, "status": 200, "user": "e5063e1f25c24f00@lampenwelt.de", "timestamp": "2019-04-16T15:50:45.363398", "browser": "chrome", "browser-platform": "windows", "browser-version": "73.0.3683.86"}
{"method": "GET", "path": "/data-integration/data_transformation/last-runs-selector", "endpoint": "data_integration.last_runs_selector", "view-args": {"path": "data_transformation"}, "status": 200, "user": "e5063e1f25c24f00@lampenwelt.de", "timestamp": "2019-04-16T15:50:45.439918", "browser": "chrome", "browser-platform": "windows", "browser-version": "73.0.3683.86"}
{"method": "GET", "path": "/data-integration/data_transformation/run-time-chart", "endpoint": "data_integration.run_time_chart", "view-args": {"path": "data_transformation"}, "status": 200, "user": "e5063e1f25c24f00@lampenwelt.de", "timestamp": "2019-04-16T15:50:45.466979", "browser": "chrome", "browser-platform": "windows", "browser-version": "73.0.3683.86"}
{"method": "GET", "path": "/data-integration/data_transformation/system-stats", "endpoint": "data_integration.system_stats", "view-args": {"path": "data_transformation", "run_id": null}, "status": 200, "user": "e5063e1f25c24f00@lampenwelt.de", "timestamp": "2019-04-16T15:50:45.548051", "browser": "chrome", "browser-platform": "windows", "browser-version": "73.0.3683.86"}
{"method": "GET", "path": "/data-integration/data_transformation/timeline-chart", "endpoint": "data_integration.timeline_chart", "view-args": {"path": "data_transformation", "run_id": null}, "status": 200, "user": "e5063e1f25c24f00@lampenwelt.de", "timestamp": "2019-04-16T15:50:45.559227", "browser": "chrome", "browser-platform": "windows", "browser-version": "73.0.3683.86"}
{"method": "GET", "path": "/data-integration/data_transformation/run-output-limited", "endpoint": "data_integration.run_output", "view-args": {"path": "data_transformation", "run_id": null, "limit": true}, "status": 200, "user": "e5063e1f25c24f00@lampenwelt.de", "timestamp": "2019-04-16T15:50:45.753847", "browser": "chrome", "browser-platform": "windows", "browser-version": "73.0.3683.86"}
{"method": "GET", "path": "/data-integration/data_transformation/pipeline-children-table", "endpoint": "data_integration.pipeline_children_table", "view-args": {"path": "data_transformation"}, "status": 200, "user": "e5063e1f25c24f00@lampenwelt.de", "timestamp": "2019-04-16T15:50:47.560650", "browser": "chrome", "browser-platform": "windows", "browser-version": "73.0.3683.86"}
{"method": "GET", "path": "/data-integration/data_transformation/consistency_checks", "endpoint": "data_integration.node_page", "view-args": {"path": "data_transformation/consistency_checks"}, "status": 200, "user": "e5063e1f25c24f00@lampenwelt.de", "timestamp": "2019-04-16T15:50:55.549613", "browser": "chrome", "browser-platform": "windows", "browser-version": "73.0.3683.86"}
{"method": "GET", "path": "/data-integration/data_transformation/consistency_checks/dependency-graph", "endpoint": "data_integration.dependency_graph", "view-args": {"path": "data_transformation/consistency_checks"}, "status": 200, "user": "e5063e1f25c24f00@lampenwelt.de", "timestamp": "2019-04-16T15:50:55.760715", "browser": "chrome", "browser-platform": "windows", "browser-version": "73.0.3683.86"}
{"method": "GET", "path": "/data-integration/data_transformation/consistency_checks/run-time-chart", "endpoint": "data_integration.run_time_chart", "view-args": {"path": "data_transformation/consistency_checks"}, "status": 200, "user": "e5063e1f25c24f00@lampenwelt.de", "timestamp": "2019-04-16T15:50:55.836639", "browser": "chrome", "browser-platform": "windows", "browser-version": "73.0.3683.86"}
{"method": "GET", "path": "/data-integration/data_transformation/consistency_checks/last-runs-selector", "endpoint": "data_integration.last_runs_selector", "view-args": {"path": "data_transformation/consistency_checks"}, "status": 200, "user": "e5063e1f25c24f00@lampenwelt.de", "timestamp": "2019-04-16T15:50:55.845391", "browser": "chrome", "browser-platform": "windows", "browser-version": "73.0.3683.86"}
{"method": "GET", "path": "/data-integration/data_transformation/consistency_checks/pipeline-children-table", "endpoint": "data_integration.pipeline_children_table", "view-args": {"path": "data_transformation/consistency_checks"}, "status": 200, "user": "e5063e1f25c24f00@lampenwelt.de", "timestamp": "2019-04-16T15:50:55.849215", "browser": "chrome", "browser-platform": "windows", "browser-version": "73.0.3683.86"}
{"method": "GET", "path": "/data-integration/data_transformation/consistency_checks/system-stats", "endpoint": "data_integration.system_stats", "view-args": {"path": "data_transformation/consistency_checks", "run_id": null}, "status": 200, "user": "e5063e1f25c24f00@lampenwelt.de", "timestamp": "2019-04-16T15:50:55.876516", "browser": "chrome", "browser-platform": "windows", "browser-version": "73.0.3683.86"}
{"method": "GET", "path": "/data-integration/data_transformation/consistency_checks/timeline-chart", "endpoint": "data_integration.timeline_chart", "view-args": {"path": "data_transformation/consistency_checks", "run_id": null}, "status": 200, "user": "e5063e1f25c24f00@lampenwelt.de", "timestamp": "2019-04-16T15:50:55.899831", "browser": "chrome", "browser-platform": "windows", "browser-version": "73.0.3683.86"}
{"method": "GET", "path": "/data-integration/data_transformation/consistency_checks/run-output-limited", "endpoint": "data_integration.run_output", "view-args": {"path": "data_transformation/consistency_checks", "run_id": null, "limit": true}, "status": 200, "user": "e5063e1f25c24f00@lampenwelt.de", "timestamp": "2019-04-16T15:50:55.902685", "browser": "chrome", "browser-platform": "windows", "browser-version": "73.0.3683.86"}
{"method": "GET", "path": "/data-integration/data_transformation/consistency_checks/replace_schema_frontend", "endpoint": "data_integration.node_page", "view-args": {"path": "data_transformation/consistency_checks/replace_schema_frontend"}, "status": 200, "user": "e5063e1f25c24f00@lampenwelt.de", "timestamp": "2019-04-16T15:50:58.879089", "browser": "chrome", "browser-platform": "windows", "browser-version": "73.0.3683.86"}
{"method": "GET", "path": "/data-integration/data_transformation/consistency_checks/replace_schema_frontend/dependency-graph", "endpoint": "data_integration.dependency_graph", "view-args": {"path": "data_transformation/consistency_checks/replace_schema_frontend"}, "status": 200, "user": "e5063e1f25c24f00@lampenwelt.de", "timestamp": "2019-04-16T15:50:59.146426", "browser": "chrome", "browser-platform": "windows", "browser-version": "73.0.3683.86"}
{"method": "GET", "path": "/data-integration/data_transformation/consistency_checks/replace_schema_frontend/last-runs-selector", "endpoint": "data_integration.last_runs_selector", "view-args": {"path": "data_transformation/consistency_checks/replace_schema_frontend"}, "status": 200, "user": "e5063e1f25c24f00@lampenwelt.de", "timestamp": "2019-04-16T15:50:59.153673", "browser": "chrome", "browser-platform": "windows", "browser-version": "73.0.3683.86"}
{"method": "GET", "path": "/data-integration/data_transformation/consistency_checks/replace_schema_frontend/system-stats", "endpoint": "data_integration.system_stats", "view-args": {"path": "data_transformation/consistency_checks/replace_schema_frontend", "run_id": null}, "status": 200, "user": "e5063e1f25c24f00@lampenwelt.de", "timestamp": "2019-04-16T15:50:59.171966", "browser": "chrome", "browser-platform": "windows", "browser-version": "73.0.3683.86"}
{"method": "GET", "path": "/data-integration/data_transformation/consistency_checks/replace_schema_frontend/timeline-chart", "endpoint": "data_integration.timeline_chart", "view-args": {"path": "data_transformation/consistency_checks/replace_schema_frontend", "run_id": null}, "status": 200, "user": "e5063e1f25c24f00@lampenwelt.de", "timestamp": "2019-04-16T15:50:59.192318", "browser": "chrome", "browser-platform": "windows", "browser-version": "73.0.3683.86"}
{"method": "GET", "path": "/data-integration/data_transformation/consistency_checks/replace_schema_frontend/run-output-limited", "endpoint": "data_integration.run_output", "view-args": {"path": "data_transformation/consistency_checks/replace_schema_frontend", "run_id": null, "limit": true}, "status": 200, "user": "e5063e1f25c24f00@lampenwelt.de", "timestamp": "2019-04-16T15:50:59.208343", "browser": "chrome", "browser-platform": "windows", "browser-version": "73.0.3683.86"}
{"method": "GET", "path": "/data-integration/data_transformation/consistency_checks/replace_schema_frontend/run-time-chart", "endpoint": "data_integration.run_time_chart", "view-args": {"path": "data_transformation/consistency_checks/replace_schema_frontend"}, "status": 200, "user": "e5063e1f25c24f00@lampenwelt.de", "timestamp": "2019-04-16T15:50:59.211392", "browser": "chrome", "browser-platform": "windows", "browser-version": "73.0.3683.86"}
{"method": "GET", "path": "/data-integration/data_transformation/consistency_checks", "endpoint": "data_integration.node_page", "view-args": {"path": "data_transformation/consistency_checks"}, "status": 200, "user": "e5063e1f25c24f00@lampenwelt.de", "timestamp": "2019-04-16T15:51:01.797132", "browser": "chrome", "browser-platform": "windows", "browser-version": "73.0.3683.86"}
{"method": "GET", "path": "/data-integration/data_transformation/consistency_checks/dependency-graph", "endpoint": "data_integration.dependency_graph", "view-args": {"path": "data_transformation/consistency_checks"}, "status": 200, "user": "e5063e1f25c24f00@lampenwelt.de", "timestamp": "2019-04-16T15:51:01.957523", "browser": "chrome", "browser-platform": "windows", "browser-version": "73.0.3683.86"}
{"method": "GET", "path": "/data-integration/data_transformation/consistency_checks/pipeline-children-table", "endpoint": "data_integration.pipeline_children_table", "view-args": {"path": "data_transformation/consistency_checks"}, "status": 200, "user": "e5063e1f25c24f00@lampenwelt.de", "timestamp": "2019-04-16T15:51:02.000911", "browser": "chrome", "browser-platform": "windows", "browser-version": "73.0.3683.86"}
{"method": "GET", "path": "/data-integration/data_transformation/consistency_checks/last-runs-selector", "endpoint": "data_integration.last_runs_selector", "view-args": {"path": "data_transformation/consistency_checks"}, "status": 200, "user": "e5063e1f25c24f00@lampenwelt.de", "timestamp": "2019-04-16T15:51:02.019146", "browser": "chrome", "browser-platform": "windows", "browser-version": "73.0.3683.86"}
{"method": "GET", "path": "/data-integration/data_transformation/consistency_checks/run-time-chart", "endpoint": "data_integration.run_time_chart", "view-args": {"path": "data_transformation/consistency_checks"}, "status": 200, "user": "e5063e1f25c24f00@lampenwelt.de", "timestamp": "2019-04-16T15:51:02.049235", "browser": "chrome", "browser-platform": "windows", "browser-version": "73.0.3683.86"}
{"method": "GET", "path": "/data-integration/data_transformation/consistency_checks/system-stats", "endpoint": "data_integration.system_stats", "view-args": {"path": "data_transformation/consistency_checks", "run_id": null}, "status": 200, "user": "e5063e1f25c24f00@lampenwelt.de", "timestamp": "2019-04-16T15:51:02.068937", "browser": "chrome", "browser-platform": "windows", "browser-version": "73.0.3683.86"}
{"method": "GET", "path": "/data-integration/data_transformation/consistency_checks/timeline-chart", "endpoint": "data_integration.timeline_chart", "view-args": {"path": "data_transformation/consistency_checks", "run_id": null}, "status": 200, "user": "e5063e1f25c24f00@lampenwelt.de", "timestamp": "2019-04-16T15:51:02.072151", "browser": "chrome", "browser-platform": "windows", "browser-version": "73.0.3683.86"}
{"method": "GET", "path": "/data-integration/data_transformation/consistency_checks/run-output-limited", "endpoint": "data_integration.run_output", "view-args": {"path": "data_transformation/consistency_checks", "run_id": null, "limit": true}, "status": 200, "user": "e5063e1f25c24f00@lampenwelt.de", "timestamp": "2019-04-16T15:51:02.104558", "browser": "chrome", "browser-platform": "windows", "browser-version": "73.0.3683.86"}
{"method": "GET", "path": "/data-integration/data_transformation", "endpoint": "data_integration.node_page", "view-args": {"path": "data_transformation"}, "status": 200, "user": "e5063e1f25c24f00@lampenwelt.de", "timestamp": "2019-04-16T15:51:03.715123", "browser": "chrome", "browser-platform": "windows", "browser-version": "73.0.3683.86"}
{"method": "GET", "path": "/data-integration/data_transformation/dependency-graph", "endpoint": "data_integration.dependency_graph", "view-args": {"path": "data_transformation"}, "status": 200, "user": "e5063e1f25c24f00@lampenwelt.de", "timestamp": "2019-04-16T15:51:04.131873", "browser": "chrome", "browser-platform": "windows", "browser-version": "73.0.3683.86"}
{"method": "GET", "path": "/data-integration/data_transformation/last-runs-selector", "endpoint": "data_integration.last_runs_selector", "view-args": {"path": "data_transformation"}, "status": 200, "user": "e5063e1f25c24f00@lampenwelt.de", "timestamp": "2019-04-16T15:51:04.205649", "browser": "chrome", "browser-platform": "windows", "browser-version": "73.0.3683.86"}
{"method": "GET", "path": "/data-integration/data_transformation/run-time-chart", "endpoint": "data_integration.run_time_chart", "view-args": {"path": "data_transformation"}, "status": 200, "user": "e5063e1f25c24f00@lampenwelt.de", "timestamp": "2019-04-16T15:51:04.220901", "browser": "chrome", "browser-platform": "windows", "browser-version": "73.0.3683.86"}
{"method": "GET", "path": "/data-integration/data_transformation/system-stats", "endpoint": "data_integration.system_stats", "view-args": {"path": "data_transformation", "run_id": null}, "status": 200, "user": "e5063e1f25c24f00@lampenwelt.de", "timestamp": "2019-04-16T15:51:04.273354", "browser": "chrome", "browser-platform": "windows", "browser-version": "73.0.3683.86"}
{"method": "GET", "path": "/data-integration/data_transformation/timeline-chart", "endpoint": "data_integration.timeline_chart", "view-args": {"path": "data_transformation", "run_id": null}, "status": 200, "user": "e5063e1f25c24f00@lampenwelt.de", "timestamp": "2019-04-16T15:51:04.305700", "browser": "chrome", "browser-platform": "windows", "browser-version": "73.0.3683.86"}
{"method": "GET", "path": "/data-integration/data_transformation/run-output-limited", "endpoint": "data_integration.run_output", "view-args": {"path": "data_transformation", "run_id": null, "limit": true}, "status": 200, "user": "e5063e1f25c24f00@lampenwelt.de", "timestamp": "2019-04-16T15:51:04.404032", "browser": "chrome", "browser-platform": "windows", "browser-version": "73.0.3683.86"}
{"method": "GET", "path": "/data-integration/data_transformation/pipeline-children-table", "endpoint": "data_integration.pipeline_children_table", "view-args": {"path": "data_transformation"}, "status": 200, "user": "e5063e1f25c24f00@lampenwelt.de", "timestamp": "2019-04-16T15:51:06.528935", "browser": "chrome", "browser-platform": "windows", "browser-version": "73.0.3683.86"}
{"method": "GET", "path": "/", "endpoint": "start_page.start_page", "view-args": {}, "status": 302, "user": "6a00303c65167623@lampenwelt.de", "timestamp": "2019-04-16T15:52:46.052760", "browser": "chrome", "browser-platform": "windows", "browser-version": "73.0.3683.103"}
{"method": "GET", "path": "/dashboards/marketing-overview", "endpoint": "dashboards.view_dashboard", "view-args": {"id": "marketing-overview"}, "status": 200, "user": "6a00303c65167623@lampenwelt.de", "timestamp": "2019-04-16T15:52:46.383097", "browser": "chrome", "browser-platform": "windows", "browser-version": "73.0.3683.103"}
{"method": "GET", "path": "/dashboards/_render_async_sql_query/9a9d771d-d77d-45cc-808b-aa27a0f7cdf2", "endpoint": "dashboards.render_async_sql_query", "view-args": {"id": "9a9d771d-d77d-45cc-808b-aa27a0f7cdf2"}, "status": 200, "user": "6a00303c65167623@lampenwelt.de", "timestamp": "2019-04-16T15:52:47.222091", "browser": "chrome", "browser-platform": "windows", "browser-version": "73.0.3683.103"}
{"method": "GET", "path": "/dashboards/_render_async_sql_query/dae57dd7-dbdb-470a-8077-90b7d1b2a38b", "endpoint": "dashboards.render_async_sql_query", "view-args": {"id": "dae57dd7-dbdb-470a-8077-90b7d1b2a38b"}, "status": 200, "user": "6a00303c65167623@lampenwelt.de", "timestamp": "2019-04-16T15:52:47.227966", "browser": "chrome", "browser-platform": "windows", "browser-version": "73.0.3683.103"}
{"method": "GET", "path": "/dashboards/_render_async_sql_query/387c02f7-ca6c-4b7f-b09b-52b45996ddd6", "endpoint": "dashboards.render_async_sql_query", "view-args": {"id": "387c02f7-ca6c-4b7f-b09b-52b45996ddd6"}, "status": 200, "user": "6a00303c65167623@lampenwelt.de", "timestamp": "2019-04-16T15:52:47.232451", "browser": "chrome", "browser-platform": "windows", "browser-version": "73.0.3683.103"}
{"method": "GET", "path": "/dashboards/_last_successful_import", "endpoint": "dashboards.last_successful_import", "view-args": {}, "status": 200, "user": "6a00303c65167623@lampenwelt.de", "timestamp": "2019-04-16T15:52:47.253262", "browser": "chrome", "browser-platform": "windows", "browser-version": "73.0.3683.103"}
{"method": "GET", "path": "/dashboards/_last_marketing_cost/marketing-overview", "endpoint": "dashboards.last_marketing_cost", "view-args": {"id": "marketing-overview"}, "status": 200, "user": "6a00303c65167623@lampenwelt.de", "timestamp": "2019-04-16T15:52:47.255510", "browser": "chrome", "browser-platform": "windows", "browser-version": "73.0.3683.103"}
{"method": "GET", "path": "/dashboards/_render_async_sql_query/8b8202e4-647d-47b5-80f1-432e94d145de", "endpoint": "dashboards.render_async_sql_query", "view-args": {"id": "8b8202e4-647d-47b5-80f1-432e94d145de"}, "status": 200, "user": "6a00303c65167623@lampenwelt.de", "timestamp": "2019-04-16T15:52:47.262965", "browser": "chrome", "browser-platform": "windows", "browser-version": "73.0.3683.103"}
{"method": "GET", "path": "/dashboards/_render_async_sql_query/223675aa-c2f2-47b9-8307-52cc1e280c4e", "endpoint": "dashboards.render_async_sql_query", "view-args": {"id": "223675aa-c2f2-47b9-8307-52cc1e280c4e"}, "status": 200, "user": "6a00303c65167623@lampenwelt.de", "timestamp": "2019-04-16T15:52:47.444373", "browser": "chrome", "browser-platform": "windows", "browser-version": "73.0.3683.103"}
{"method": "GET", "path": "/dashboards/_render_async_sql_query/b3fefe18-8962-4647-9317-75ccc02aa952", "endpoint": "dashboards.render_async_sql_query", "view-args": {"id": "b3fefe18-8962-4647-9317-75ccc02aa952"}, "status": 200, "user": "6a00303c65167623@lampenwelt.de", "timestamp": "2019-04-16T15:52:47.466912", "browser": "chrome", "browser-platform": "windows", "browser-version": "73.0.3683.103"}
{"method": "GET", "path": "/dashboards/_render_async_sql_query/01a40541-a3b0-4531-8945-a972fcd420a9", "endpoint": "dashboards.render_async_sql_query", "view-args": {"id": "01a40541-a3b0-4531-8945-a972fcd420a9"}, "status": 200, "user": "6a00303c65167623@lampenwelt.de", "timestamp": "2019-04-16T15:52:47.474427", "browser": "chrome", "browser-platform": "windows", "browser-version": "73.0.3683.103"}
{"method": "GET", "path": "/dashboards/_render_async_sql_query/072af958-f462-4c33-b77f-95e51ec7ab1c", "endpoint": "dashboards.render_async_sql_query", "view-args": {"id": "072af958-f462-4c33-b77f-95e51ec7ab1c"}, "status": 200, "user": "6a00303c65167623@lampenwelt.de", "timestamp": "2019-04-16T15:52:47.492012", "browser": "chrome", "browser-platform": "windows", "browser-version": "73.0.3683.103"}
{"method": "GET", "path": "/dashboards/_render_async_sql_query/a2fa17dc-4142-4c0b-bb1a-64d0ec965db3", "endpoint": "dashboards.render_async_sql_query", "view-args": {"id": "a2fa17dc-4142-4c0b-bb1a-64d0ec965db3"}, "status": 200, "user": "6a00303c65167623@lampenwelt.de", "timestamp": "2019-04-16T15:52:47.569581", "browser": "chrome", "browser-platform": "windows", "browser-version": "73.0.3683.103"}
{"method": "GET", "path": "/dashboards/_render_async_sql_query/92c8da85-9d48-4a7a-9467-1e57156be235", "endpoint": "dashboards.render_async_sql_query", "view-args": {"id": "92c8da85-9d48-4a7a-9467-1e57156be235"}, "status": 200, "user": "6a00303c65167623@lampenwelt.de", "timestamp": "2019-04-16T15:52:47.573707", "browser": "chrome", "browser-platform": "windows", "browser-version": "73.0.3683.103"}
{"method": "GET", "path": "/dashboards/_render_async_sql_query/a9d9dd13-8cda-41b1-b68e-a6de028ccae1", "endpoint": "dashboards.render_async_sql_query", "view-args": {"id": "a9d9dd13-8cda-41b1-b68e-a6de028ccae1"}, "status": 200, "user": "6a00303c65167623@lampenwelt.de", "timestamp": "2019-04-16T15:52:47.580229", "browser": "chrome", "browser-platform": "windows", "browser-version": "73.0.3683.103"}
{"method": "GET", "path": "/dashboards/_render_async_sql_query/9767b526-499b-417b-8fc7-ba357a6f9815", "endpoint": "dashboards.render_async_sql_query", "view-args": {"id": "9767b526-499b-417b-8fc7-ba357a6f9815"}, "status": 200, "user": "6a00303c65167623@lampenwelt.de", "timestamp": "2019-04-16T15:52:47.604363", "browser": "chrome", "browser-platform": "windows", "browser-version": "73.0.3683.103"}
{"method": "GET", "path": "/dashboards/_render_async_sql_query/1136372a-67b7-4826-a41c-d4217ed80382", "endpoint": "dashboards.render_async_sql_query", "view-args": {"id": "1136372a-67b7-4826-a41c-d4217ed80382"}, "status": 200, "user": "6a00303c65167623@lampenwelt.de", "timestamp": "2019-04-16T15:52:47.642717", "browser": "chrome", "browser-platform": "windows", "browser-version": "73.0.3683.103"}
{"method": "GET", "path": "/dashboards/_render_async_sql_query/527be256-6ff3-4450-a9d8-a48414ad4d5d", "endpoint": "dashboards.render_async_sql_query", "view-args": {"id": "527be256-6ff3-4450-a9d8-a48414ad4d5d"}, "status": 200, "user": "6a00303c65167623@lampenwelt.de", "timestamp": "2019-04-16T15:52:47.642845", "browser": "chrome", "browser-platform": "windows", "browser-version": "73.0.3683.103"}
{"method": "GET", "path": "/dashboards/_render_async_sql_query/a4712b6d-88df-44ef-b5b7-bb6f25a5cb93", "endpoint": "dashboards.render_async_sql_query", "view-args": {"id": "a4712b6d-88df-44ef-b5b7-bb6f25a5cb93"}, "status": 200, "user": "6a00303c65167623@lampenwelt.de", "timestamp": "2019-04-16T15:52:47.649977", "browser": "chrome", "browser-platform": "windows", "browser-version": "73.0.3683.103"}
{"method": "GET", "path": "/dashboards/_render_async_sql_query/70633197-4b32-46cd-b461-838549dae99a", "endpoint": "dashboards.render_async_sql_query", "view-args": {"id": "70633197-4b32-46cd-b461-838549dae99a"}, "status": 200, "user": "6a00303c65167623@lampenwelt.de", "timestamp": "2019-04-16T15:52:47.680877", "browser": "chrome", "browser-platform": "windows", "browser-version": "73.0.3683.103"}
{"method": "GET", "path": "/mondrian/saiku", "endpoint": "py_mondrian.saiku", "view-args": {}, "status": 302, "user": "6a00303c65167623@lampenwelt.de", "timestamp": "2019-04-16T15:52:53.815799", "browser": "chrome", "browser-platform": "windows", "browser-version": "73.0.3683.103"}
{"method": "GET", "path": "/dashboards/sales-comparison", "endpoint": "dashboards.view_dashboard", "view-args": {"id": "sales-comparison"}, "status": 200, "user": "6a00303c65167623@lampenwelt.de", "timestamp": "2019-04-16T15:53:20.461367", "browser": "chrome", "browser-platform": "windows", "browser-version": "73.0.3683.103"}
{"method": "GET", "path": "/dashboards/_render_async_sql_query/e72ae8e4-69ac-406d-86d2-f96e969ca54c", "endpoint": "dashboards.render_async_sql_query", "view-args": {"id": "e72ae8e4-69ac-406d-86d2-f96e969ca54c"}, "status": 200, "user": "6a00303c65167623@lampenwelt.de", "timestamp": "2019-04-16T15:53:21.064119", "browser": "chrome", "browser-platform": "windows", "browser-version": "73.0.3683.103"}
{"method": "GET", "path": "/dashboards/_render_async_sql_query/99ff54dc-1933-4f80-ac62-1dfaa8ecb2ea", "endpoint": "dashboards.render_async_sql_query", "view-args": {"id": "99ff54dc-1933-4f80-ac62-1dfaa8ecb2ea"}, "status": 200, "user": "6a00303c65167623@lampenwelt.de", "timestamp": "2019-04-16T15:53:21.081044", "browser": "chrome", "browser-platform": "windows", "browser-version": "73.0.3683.103"}
{"method": "GET", "path": "/dashboards/_render_async_sql_query/2b890b4a-3068-43c0-9fce-c673ab355591", "endpoint": "dashboards.render_async_sql_query", "view-args": {"id": "2b890b4a-3068-43c0-9fce-c673ab355591"}, "status": 200, "user": "6a00303c65167623@lampenwelt.de", "timestamp": "2019-04-16T15:53:21.100059", "browser": "chrome", "browser-platform": "windows", "browser-version": "73.0.3683.103"}
{"method": "GET", "path": "/dashboards/_last_marketing_cost/sales-comparison", "endpoint": "dashboards.last_marketing_cost", "view-args": {"id": "sales-comparison"}, "status": 200, "user": "6a00303c65167623@lampenwelt.de", "timestamp": "2019-04-16T15:53:21.141034", "browser": "chrome", "browser-platform": "windows", "browser-version": "73.0.3683.103"}
{"method": "GET", "path": "/dashboards/_render_async_sql_query/ae643ab5-419c-4211-9809-900ecbebbdd9", "endpoint": "dashboards.render_async_sql_query", "view-args": {"id": "ae643ab5-419c-4211-9809-900ecbebbdd9"}, "status": 200, "user": "6a00303c65167623@lampenwelt.de", "timestamp": "2019-04-16T15:53:21.158386", "browser": "chrome", "browser-platform": "windows", "browser-version": "73.0.3683.103"}
{"method": "GET", "path": "/dashboards/_last_successful_import", "endpoint": "dashboards.last_successful_import", "view-args": {}, "status": 200, "user": "6a00303c65167623@lampenwelt.de", "timestamp": "2019-04-16T15:53:21.159988", "browser": "chrome", "browser-platform": "windows", "browser-version": "73.0.3683.103"}
{"method": "GET", "path": "/dashboards/_render_async_sql_query/ba32f9c6-a586-4542-9564-c7f13990f730", "endpoint": "dashboards.render_async_sql_query", "view-args": {"id": "ba32f9c6-a586-4542-9564-c7f13990f730"}, "status": 200, "user": "6a00303c65167623@lampenwelt.de", "timestamp": "2019-04-16T15:53:21.304044", "browser": "chrome", "browser-platform": "windows", "browser-version": "73.0.3683.103"}
{"method": "GET", "path": "/dashboards/_render_async_sql_query/960a5047-09f4-4fad-8bd2-a2e68364926d", "endpoint": "dashboards.render_async_sql_query", "view-args": {"id": "960a5047-09f4-4fad-8bd2-a2e68364926d"}, "status": 200, "user": "6a00303c65167623@lampenwelt.de", "timestamp": "2019-04-16T15:53:21.325987", "browser": "chrome", "browser-platform": "windows", "browser-version": "73.0.3683.103"}
{"method": "POST", "path": "/dashboards/sales-comparison", "endpoint": "dashboards.view_dashboard", "view-args": {"id": "sales-comparison"}, "status": 200, "user": "6a00303c65167623@lampenwelt.de", "timestamp": "2019-04-16T15:53:25.857798", "browser": "chrome", "browser-platform": "windows", "browser-version": "73.0.3683.103"}
{"method": "GET", "path": "/dashboards/_render_async_sql_query/9607a088-59b2-4a44-bb0f-69eaa0767564", "endpoint": "dashboards.render_async_sql_query", "view-args": {"id": "9607a088-59b2-4a44-bb0f-69eaa0767564"}, "status": 200, "user": "6a00303c65167623@lampenwelt.de", "timestamp": "2019-04-16T15:53:26.224498", "browser": "chrome", "browser-platform": "windows", "browser-version": "73.0.3683.103"}
{"method": "GET", "path": "/dashboards/_render_async_sql_query/9211cfd2-d153-49ee-8305-50357e6e1258", "endpoint": "dashboards.render_async_sql_query", "view-args": {"id": "9211cfd2-d153-49ee-8305-50357e6e1258"}, "status": 200, "user": "6a00303c65167623@lampenwelt.de", "timestamp": "2019-04-16T15:53:26.242014", "browser": "chrome", "browser-platform": "windows", "browser-version": "73.0.3683.103"}
{"method": "GET", "path": "/dashboards/_render_async_sql_query/678e33f2-ac71-4b0b-b3e4-d244434df96d", "endpoint": "dashboards.render_async_sql_query", "view-args": {"id": "678e33f2-ac71-4b0b-b3e4-d244434df96d"}, "status": 200, "user": "6a00303c65167623@lampenwelt.de", "timestamp": "2019-04-16T15:53:26.245850", "browser": "chrome", "browser-platform": "windows", "browser-version": "73.0.3683.103"}
{"method": "GET", "path": "/dashboards/_last_marketing_cost/sales-comparison", "endpoint": "dashboards.last_marketing_cost", "view-args": {"id": "sales-comparison"}, "status": 200, "user": "6a00303c65167623@lampenwelt.de", "timestamp": "2019-04-16T15:53:26.280565", "browser": "chrome", "browser-platform": "windows", "browser-version": "73.0.3683.103"}
{"method": "GET", "path": "/dashboards/_last_successful_import", "endpoint": "dashboards.last_successful_import", "view-args": {}, "status": 200, "user": "6a00303c65167623@lampenwelt.de", "timestamp": "2019-04-16T15:53:26.311847", "browser": "chrome", "browser-platform": "windows", "browser-version": "73.0.3683.103"}
{"method": "GET", "path": "/dashboards/_render_async_sql_query/95150636-eb3c-4760-9065-1784b3f462b7", "endpoint": "dashboards.render_async_sql_query", "view-args": {"id": "95150636-eb3c-4760-9065-1784b3f462b7"}, "status": 200, "user": "6a00303c65167623@lampenwelt.de", "timestamp": "2019-04-16T15:53:26.319985", "browser": "chrome", "browser-platform": "windows", "browser-version": "73.0.3683.103"}
{"method": "GET", "path": "/dashboards/_render_async_sql_query/d71a0aeb-f7ba-47ae-abbc-4a8d79b29e6c", "endpoint": "dashboards.render_async_sql_query", "view-args": {"id": "d71a0aeb-f7ba-47ae-abbc-4a8d79b29e6c"}, "status": 200, "user": "6a00303c65167623@lampenwelt.de", "timestamp": "2019-04-16T15:53:26.425469", "browser": "chrome", "browser-platform": "windows", "browser-version": "73.0.3683.103"}
{"method": "GET", "path": "/dashboards/_render_async_sql_query/4cdfb3fb-ca39-47d2-99aa-a96af6d8fd43", "endpoint": "dashboards.render_async_sql_query", "view-args": {"id": "4cdfb3fb-ca39-47d2-99aa-a96af6d8fd43"}, "status": 200, "user": "6a00303c65167623@lampenwelt.de", "timestamp": "2019-04-16T15:53:26.449269", "browser": "chrome", "browser-platform": "windows", "browser-version": "73.0.3683.103"}
{"method": "POST", "path": "/mondrian/saiku/authorize", "endpoint": "py_mondrian.saiku_authorize", "view-args": {}, "status": 200, "user": "35675e68f4b5af7b@localhost", "timestamp": "2019-04-16T15:58:31.879338", "browser": null, "browser-platform": null, "browser-version": null}
{"method": "POST", "path": "/mondrian/saiku/authorize", "endpoint": "py_mondrian.saiku_authorize", "view-args": {}, "status": 200, "user": "35675e68f4b5af7b@localhost", "timestamp": "2019-04-16T15:58:32.137292", "browser": null, "browser-platform": null, "browser-version": null}
