{"method": "POST", "path": "/mondrian/saiku/authorize", "endpoint": "py_mondrian.saiku_authorize", "view-args": {}, "status": 200, "user": "35675e68f4b5af7b@localhost", "timestamp": "2019-03-05T13:00:13.883113", "browser": null, "browser-platform": null, "browser-version": null}
{"method": "POST", "path": "/mondrian/saiku/authorize", "endpoint": "py_mondrian.saiku_authorize", "view-args": {}, "status": 200, "user": "35675e68f4b5af7b@localhost", "timestamp": "2019-03-05T13:05:26.154795", "browser": null, "browser-platform": null, "browser-version": null}
{"method": "GET", "path": "/mondrian/excel", "endpoint": "py_mondrian.excel", "view-args": {}, "status": 200, "user": "9942c672b9354771@lampenwelt.de", "timestamp": "2019-03-05T13:16:08.271781", "browser": "chrome", "browser-platform": "windows", "browser-version": "72.0.3626.119"}
{"method": "GET", "path": "/dashboards/sales-comparison", "endpoint": "dashboards.view_dashboard", "view-args": {"id": "sales-comparison"}, "status": 200, "user": "9942c672b9354771@lampenwelt.de", "timestamp": "2019-03-05T13:16:10.366039", "browser": "chrome", "browser-platform": "windows", "browser-version": "72.0.3626.119"}
{"method": "GET", "path": "/dashboards/_render_async_sql_query/f4227987-1dbc-4b7f-8a59-f209b0d11099", "endpoint": "dashboards.render_async_sql_query", "view-args": {"id": "f4227987-1dbc-4b7f-8a59-f209b0d11099"}, "status": 200, "user": "9942c672b9354771@lampenwelt.de", "timestamp": "2019-03-05T13:16:10.652923", "browser": "chrome", "browser-platform": "windows", "browser-version": "72.0.3626.119"}
{"method": "GET", "path": "/dashboards/_render_async_sql_query/5e075f53-afbf-4c33-ba28-72d9cdab6f0e", "endpoint": "dashboards.render_async_sql_query", "view-args": {"id": "5e075f53-afbf-4c33-ba28-72d9cdab6f0e"}, "status": 200, "user": "9942c672b9354771@lampenwelt.de", "timestamp": "2019-03-05T13:16:10.656209", "browser": "chrome", "browser-platform": "windows", "browser-version": "72.0.3626.119"}
{"method": "GET", "path": "/dashboards/_last_marketing_cost/sales-comparison", "endpoint": "dashboards.last_marketing_cost", "view-args": {"id": "sales-comparison"}, "status": 200, "user": "9942c672b9354771@lampenwelt.de", "timestamp": "2019-03-05T13:16:10.661095", "browser": "chrome", "browser-platform": "windows", "browser-version": "72.0.3626.119"}
{"method": "GET", "path": "/dashboards/_last_successful_import", "endpoint": "dashboards.last_successful_import", "view-args": {}, "status": 200, "user": "9942c672b9354771@lampenwelt.de", "timestamp": "2019-03-05T13:16:10.670473", "browser": "chrome", "browser-platform": "windows", "browser-version": "72.0.3626.119"}
{"method": "GET", "path": "/data-sets/sales", "endpoint": "data_sets.data_set_page", "view-args": {"data_set_id": "sales", "query_id": null}, "status": 200, "user": "9942c672b9354771@lampenwelt.de", "timestamp": "2019-03-05T13:16:17.848170", "browser": "chrome", "browser-platform": "windows", "browser-version": "72.0.3626.119"}
{"method": "POST", "path": "/data-sets/.initialize", "endpoint": "data_sets.initialize_query", "view-args": {}, "status": 200, "user": "9942c672b9354771@lampenwelt.de", "timestamp": "2019-03-05T13:16:18.479817", "browser": "chrome", "browser-platform": "windows", "browser-version": "72.0.3626.119"}
{"method": "POST", "path": "/data-sets/.preview", "endpoint": "data_sets.preview", "view-args": {}, "status": 200, "user": "9942c672b9354771@lampenwelt.de", "timestamp": "2019-03-05T13:16:18.540666", "browser": "chrome", "browser-platform": "windows", "browser-version": "72.0.3626.119"}
{"method": "POST", "path": "/data-sets/.row-count", "endpoint": "data_sets.row_count", "view-args": {}, "status": 200, "user": "9942c672b9354771@lampenwelt.de", "timestamp": "2019-03-05T13:16:19.023533", "browser": "chrome", "browser-platform": "windows", "browser-version": "72.0.3626.119"}
{"method": "POST", "path": "/data-sets/.distribution-chart-1", "endpoint": "data_sets.distribution_chart", "view-args": {"pos": 1}, "status": 200, "user": "9942c672b9354771@lampenwelt.de", "timestamp": "2019-03-05T13:16:24.248658", "browser": "chrome", "browser-platform": "windows", "browser-version": "72.0.3626.119"}
{"method": "POST", "path": "/data-sets/.distribution-chart-3", "endpoint": "data_sets.distribution_chart", "view-args": {"pos": 3}, "status": 200, "user": "9942c672b9354771@lampenwelt.de", "timestamp": "2019-03-05T13:16:24.663548", "browser": "chrome", "browser-platform": "windows", "browser-version": "72.0.3626.119"}
{"method": "POST", "path": "/data-sets/.distribution-chart-0", "endpoint": "data_sets.distribution_chart", "view-args": {"pos": 0}, "status": 200, "user": "9942c672b9354771@lampenwelt.de", "timestamp": "2019-03-05T13:16:26.549416", "browser": "chrome", "browser-platform": "windows", "browser-version": "72.0.3626.119"}
{"method": "POST", "path": "/data-sets/.distribution-chart-11", "endpoint": "data_sets.distribution_chart", "view-args": {"pos": 11}, "status": 200, "user": "9942c672b9354771@lampenwelt.de", "timestamp": "2019-03-05T13:16:28.176689", "browser": "chrome", "browser-platform": "windows", "browser-version": "72.0.3626.119"}
{"method": "POST", "path": "/data-sets/.distribution-chart-23", "endpoint": "data_sets.distribution_chart", "view-args": {"pos": 23}, "status": 200, "user": "9942c672b9354771@lampenwelt.de", "timestamp": "2019-03-05T13:16:30.299060", "browser": "chrome", "browser-platform": "windows", "browser-version": "72.0.3626.119"}
{"method": "POST", "path": "/data-sets/.filter-row-count-0", "endpoint": "data_sets.filter_row_count", "view-args": {"filter_pos": 0}, "status": 200, "user": "9942c672b9354771@lampenwelt.de", "timestamp": "2019-03-05T13:16:30.976415", "browser": "chrome", "browser-platform": "windows", "browser-version": "72.0.3626.119"}
{"method": "POST", "path": "/data-sets/.distribution-chart-31", "endpoint": "data_sets.distribution_chart", "view-args": {"pos": 31}, "status": 200, "user": "9942c672b9354771@lampenwelt.de", "timestamp": "2019-03-05T13:16:31.921026", "browser": "chrome", "browser-platform": "windows", "browser-version": "72.0.3626.119"}
{"method": "POST", "path": "/data-sets/.preview", "endpoint": "data_sets.preview", "view-args": {}, "status": 200, "user": "9942c672b9354771@lampenwelt.de", "timestamp": "2019-03-05T13:16:31.965919", "browser": "chrome", "browser-platform": "windows", "browser-version": "72.0.3626.119"}
{"method": "POST", "path": "/data-sets/.row-count", "endpoint": "data_sets.row_count", "view-args": {}, "status": 200, "user": "9942c672b9354771@lampenwelt.de", "timestamp": "2019-03-05T13:16:31.998300", "browser": "chrome", "browser-platform": "windows", "browser-version": "72.0.3626.119"}
{"method": "POST", "path": "/data-sets/.filter-row-count-0", "endpoint": "data_sets.filter_row_count", "view-args": {"filter_pos": 0}, "status": 200, "user": "9942c672b9354771@lampenwelt.de", "timestamp": "2019-03-05T13:16:32.031507", "browser": "chrome", "browser-platform": "windows", "browser-version": "72.0.3626.119"}
{"method": "POST", "path": "/data-sets/.distribution-chart-0", "endpoint": "data_sets.distribution_chart", "view-args": {"pos": 0}, "status": 200, "user": "9942c672b9354771@lampenwelt.de", "timestamp": "2019-03-05T13:16:32.822120", "browser": "chrome", "browser-platform": "windows", "browser-version": "72.0.3626.119"}
{"method": "POST", "path": "/data-sets/.distribution-chart-1", "endpoint": "data_sets.distribution_chart", "view-args": {"pos": 1}, "status": 200, "user": "9942c672b9354771@lampenwelt.de", "timestamp": "2019-03-05T13:16:33.297675", "browser": "chrome", "browser-platform": "windows", "browser-version": "72.0.3626.119"}
{"method": "POST", "path": "/data-sets/.distribution-chart-1", "endpoint": "data_sets.distribution_chart", "view-args": {"pos": 1}, "status": 200, "user": "9942c672b9354771@lampenwelt.de", "timestamp": "2019-03-05T13:16:33.486649", "browser": "chrome", "browser-platform": "windows", "browser-version": "72.0.3626.119"}
{"method": "POST", "path": "/data-sets/.preview", "endpoint": "data_sets.preview", "view-args": {}, "status": 200, "user": "9942c672b9354771@lampenwelt.de", "timestamp": "2019-03-05T13:16:33.524742", "browser": "chrome", "browser-platform": "windows", "browser-version": "72.0.3626.119"}
{"method": "POST", "path": "/data-sets/.distribution-chart-3", "endpoint": "data_sets.distribution_chart", "view-args": {"pos": 3}, "status": 200, "user": "9942c672b9354771@lampenwelt.de", "timestamp": "2019-03-05T13:16:33.901280", "browser": "chrome", "browser-platform": "windows", "browser-version": "72.0.3626.119"}
{"method": "POST", "path": "/data-sets/.distribution-chart-11", "endpoint": "data_sets.distribution_chart", "view-args": {"pos": 11}, "status": 200, "user": "9942c672b9354771@lampenwelt.de", "timestamp": "2019-03-05T13:16:34.048239", "browser": "chrome", "browser-platform": "windows", "browser-version": "72.0.3626.119"}
{"method": "POST", "path": "/data-sets/.row-count", "endpoint": "data_sets.row_count", "view-args": {}, "status": 200, "user": "9942c672b9354771@lampenwelt.de", "timestamp": "2019-03-05T13:16:34.078123", "browser": "chrome", "browser-platform": "windows", "browser-version": "72.0.3626.119"}
{"method": "POST", "path": "/data-sets/.filter-row-count-0", "endpoint": "data_sets.filter_row_count", "view-args": {"filter_pos": 0}, "status": 200, "user": "9942c672b9354771@lampenwelt.de", "timestamp": "2019-03-05T13:16:34.109528", "browser": "chrome", "browser-platform": "windows", "browser-version": "72.0.3626.119"}
{"method": "POST", "path": "/data-sets/.distribution-chart-23", "endpoint": "data_sets.distribution_chart", "view-args": {"pos": 23}, "status": 200, "user": "9942c672b9354771@lampenwelt.de", "timestamp": "2019-03-05T13:16:34.447831", "browser": "chrome", "browser-platform": "windows", "browser-version": "72.0.3626.119"}
{"method": "POST", "path": "/data-sets/.distribution-chart-0", "endpoint": "data_sets.distribution_chart", "view-args": {"pos": 0}, "status": 200, "user": "9942c672b9354771@lampenwelt.de", "timestamp": "2019-03-05T13:16:34.874572", "browser": "chrome", "browser-platform": "windows", "browser-version": "72.0.3626.119"}
{"method": "POST", "path": "/data-sets/.distribution-chart-1", "endpoint": "data_sets.distribution_chart", "view-args": {"pos": 1}, "status": 200, "user": "9942c672b9354771@lampenwelt.de", "timestamp": "2019-03-05T13:16:35.019604", "browser": "chrome", "browser-platform": "windows", "browser-version": "72.0.3626.119"}
{"method": "POST", "path": "/data-sets/.distribution-chart-11", "endpoint": "data_sets.distribution_chart", "view-args": {"pos": 11}, "status": 200, "user": "9942c672b9354771@lampenwelt.de", "timestamp": "2019-03-05T13:16:35.411040", "browser": "chrome", "browser-platform": "windows", "browser-version": "72.0.3626.119"}
{"method": "POST", "path": "/data-sets/.distribution-chart-3", "endpoint": "data_sets.distribution_chart", "view-args": {"pos": 3}, "status": 200, "user": "9942c672b9354771@lampenwelt.de", "timestamp": "2019-03-05T13:16:35.485248", "browser": "chrome", "browser-platform": "windows", "browser-version": "72.0.3626.119"}
{"method": "POST", "path": "/data-sets/.distribution-chart-31", "endpoint": "data_sets.distribution_chart", "view-args": {"pos": 31}, "status": 200, "user": "9942c672b9354771@lampenwelt.de", "timestamp": "2019-03-05T13:16:36.031702", "browser": "chrome", "browser-platform": "windows", "browser-version": "72.0.3626.119"}
{"method": "POST", "path": "/data-sets/.distribution-chart-23", "endpoint": "data_sets.distribution_chart", "view-args": {"pos": 23}, "status": 200, "user": "9942c672b9354771@lampenwelt.de", "timestamp": "2019-03-05T13:16:36.065733", "browser": "chrome", "browser-platform": "windows", "browser-version": "72.0.3626.119"}
{"method": "POST", "path": "/data-sets/.distribution-chart-0", "endpoint": "data_sets.distribution_chart", "view-args": {"pos": 0}, "status": 200, "user": "9942c672b9354771@lampenwelt.de", "timestamp": "2019-03-05T13:16:38.324197", "browser": "chrome", "browser-platform": "windows", "browser-version": "72.0.3626.119"}
{"method": "POST", "path": "/data-sets/.preview", "endpoint": "data_sets.preview", "view-args": {}, "status": 200, "user": "9942c672b9354771@lampenwelt.de", "timestamp": "2019-03-05T13:16:41.292469", "browser": "chrome", "browser-platform": "windows", "browser-version": "72.0.3626.119"}
{"method": "POST", "path": "/data-sets/.distribution-chart-32", "endpoint": "data_sets.distribution_chart", "view-args": {"pos": 32}, "status": 200, "user": "9942c672b9354771@lampenwelt.de", "timestamp": "2019-03-05T13:16:41.991949", "browser": "chrome", "browser-platform": "windows", "browser-version": "72.0.3626.119"}
{"method": "POST", "path": "/data-sets/.preview", "endpoint": "data_sets.preview", "view-args": {}, "status": 200, "user": "9942c672b9354771@lampenwelt.de", "timestamp": "2019-03-05T13:16:42.596900", "browser": "chrome", "browser-platform": "windows", "browser-version": "72.0.3626.119"}
{"method": "POST", "path": "/data-sets/.preview", "endpoint": "data_sets.preview", "view-args": {}, "status": 200, "user": "9942c672b9354771@lampenwelt.de", "timestamp": "2019-03-05T13:16:43.415293", "browser": "chrome", "browser-platform": "windows", "browser-version": "72.0.3626.119"}
{"method": "GET", "path": "/mondrian/excel", "endpoint": "py_mondrian.excel", "view-args": {}, "status": 200, "user": "9942c672b9354771@lampenwelt.de", "timestamp": "2019-03-05T13:17:33.339767", "browser": "chrome", "browser-platform": "windows", "browser-version": "72.0.3626.119"}
{"method": "GET", "path": "/data-sets/merged-customers", "endpoint": "data_sets.data_set_page", "view-args": {"data_set_id": "merged-customers", "query_id": null}, "status": 200, "user": "9942c672b9354771@lampenwelt.de", "timestamp": "2019-03-05T13:17:42.369233", "browser": "chrome", "browser-platform": "windows", "browser-version": "72.0.3626.119"}
{"method": "POST", "path": "/data-sets/.initialize", "endpoint": "data_sets.initialize_query", "view-args": {}, "status": 200, "user": "9942c672b9354771@lampenwelt.de", "timestamp": "2019-03-05T13:17:42.813365", "browser": "chrome", "browser-platform": "windows", "browser-version": "72.0.3626.119"}
{"method": "POST", "path": "/data-sets/.preview", "endpoint": "data_sets.preview", "view-args": {}, "status": 200, "user": "9942c672b9354771@lampenwelt.de", "timestamp": "2019-03-05T13:17:42.959005", "browser": "chrome", "browser-platform": "windows", "browser-version": "72.0.3626.119"}
{"method": "POST", "path": "/data-sets/.row-count", "endpoint": "data_sets.row_count", "view-args": {}, "status": 200, "user": "9942c672b9354771@lampenwelt.de", "timestamp": "2019-03-05T13:17:43.138236", "browser": "chrome", "browser-platform": "windows", "browser-version": "72.0.3626.119"}
{"method": "POST", "path": "/data-sets/.distribution-chart-23", "endpoint": "data_sets.distribution_chart", "view-args": {"pos": 23}, "status": 200, "user": "9942c672b9354771@lampenwelt.de", "timestamp": "2019-03-05T13:17:44.353665", "browser": "chrome", "browser-platform": "windows", "browser-version": "72.0.3626.119"}
{"method": "POST", "path": "/data-sets/.distribution-chart-31", "endpoint": "data_sets.distribution_chart", "view-args": {"pos": 31}, "status": 200, "user": "9942c672b9354771@lampenwelt.de", "timestamp": "2019-03-05T13:17:44.474714", "browser": "chrome", "browser-platform": "windows", "browser-version": "72.0.3626.119"}
{"method": "POST", "path": "/data-sets/.distribution-chart-35", "endpoint": "data_sets.distribution_chart", "view-args": {"pos": 35}, "status": 200, "user": "9942c672b9354771@lampenwelt.de", "timestamp": "2019-03-05T13:17:46.158500", "browser": "chrome", "browser-platform": "windows", "browser-version": "72.0.3626.119"}
{"method": "POST", "path": "/data-sets/.distribution-chart-0", "endpoint": "data_sets.distribution_chart", "view-args": {"pos": 0}, "status": 200, "user": "9942c672b9354771@lampenwelt.de", "timestamp": "2019-03-05T13:17:46.181077", "browser": "chrome", "browser-platform": "windows", "browser-version": "72.0.3626.119"}
{"method": "POST", "path": "/data-sets/.distribution-chart-36", "endpoint": "data_sets.distribution_chart", "view-args": {"pos": 36}, "status": 200, "user": "9942c672b9354771@lampenwelt.de", "timestamp": "2019-03-05T13:17:46.205327", "browser": "chrome", "browser-platform": "windows", "browser-version": "72.0.3626.119"}
{"method": "POST", "path": "/data-sets/.preview", "endpoint": "data_sets.preview", "view-args": {}, "status": 200, "user": "9942c672b9354771@lampenwelt.de", "timestamp": "2019-03-05T13:17:46.375936", "browser": "chrome", "browser-platform": "windows", "browser-version": "72.0.3626.119"}
{"method": "POST", "path": "/data-sets/.distribution-chart-57", "endpoint": "data_sets.distribution_chart", "view-args": {"pos": 57}, "status": 200, "user": "9942c672b9354771@lampenwelt.de", "timestamp": "2019-03-05T13:17:48.464809", "browser": "chrome", "browser-platform": "windows", "browser-version": "72.0.3626.119"}
{"method": "POST", "path": "/data-sets/.distribution-chart-80", "endpoint": "data_sets.distribution_chart", "view-args": {"pos": 80}, "status": 200, "user": "9942c672b9354771@lampenwelt.de", "timestamp": "2019-03-05T13:17:48.789090", "browser": "chrome", "browser-platform": "windows", "browser-version": "72.0.3626.119"}
{"method": "POST", "path": "/data-sets/.distribution-chart-82", "endpoint": "data_sets.distribution_chart", "view-args": {"pos": 82}, "status": 200, "user": "9942c672b9354771@lampenwelt.de", "timestamp": "2019-03-05T13:17:48.995748", "browser": "chrome", "browser-platform": "windows", "browser-version": "72.0.3626.119"}
{"method": "POST", "path": "/data-sets/.filter-row-count-0", "endpoint": "data_sets.filter_row_count", "view-args": {"filter_pos": 0}, "status": 200, "user": "9942c672b9354771@lampenwelt.de", "timestamp": "2019-03-05T13:17:52.483313", "browser": "chrome", "browser-platform": "windows", "browser-version": "72.0.3626.119"}
{"method": "POST", "path": "/data-sets/.distribution-chart-0", "endpoint": "data_sets.distribution_chart", "view-args": {"pos": 0}, "status": 200, "user": "9942c672b9354771@lampenwelt.de", "timestamp": "2019-03-05T13:17:52.747075", "browser": "chrome", "browser-platform": "windows", "browser-version": "72.0.3626.119"}
{"method": "POST", "path": "/data-sets/.preview", "endpoint": "data_sets.preview", "view-args": {}, "status": 200, "user": "9942c672b9354771@lampenwelt.de", "timestamp": "2019-03-05T13:17:52.793447", "browser": "chrome", "browser-platform": "windows", "browser-version": "72.0.3626.119"}
{"method": "POST", "path": "/data-sets/.distribution-chart-1", "endpoint": "data_sets.distribution_chart", "view-args": {"pos": 1}, "status": 200, "user": "9942c672b9354771@lampenwelt.de", "timestamp": "2019-03-05T13:17:52.918751", "browser": "chrome", "browser-platform": "windows", "browser-version": "72.0.3626.119"}
{"method": "POST", "path": "/data-sets/.distribution-chart-23", "endpoint": "data_sets.distribution_chart", "view-args": {"pos": 23}, "status": 200, "user": "9942c672b9354771@lampenwelt.de", "timestamp": "2019-03-05T13:17:53.104329", "browser": "chrome", "browser-platform": "windows", "browser-version": "72.0.3626.119"}
{"method": "POST", "path": "/data-sets/.distribution-chart-1", "endpoint": "data_sets.distribution_chart", "view-args": {"pos": 1}, "status": 200, "user": "9942c672b9354771@lampenwelt.de", "timestamp": "2019-03-05T13:17:53.170752", "browser": "chrome", "browser-platform": "windows", "browser-version": "72.0.3626.119"}
{"method": "POST", "path": "/data-sets/.distribution-chart-31", "endpoint": "data_sets.distribution_chart", "view-args": {"pos": 31}, "status": 200, "user": "9942c672b9354771@lampenwelt.de", "timestamp": "2019-03-05T13:17:53.244465", "browser": "chrome", "browser-platform": "windows", "browser-version": "72.0.3626.119"}
{"method": "POST", "path": "/data-sets/.distribution-chart-35", "endpoint": "data_sets.distribution_chart", "view-args": {"pos": 35}, "status": 200, "user": "9942c672b9354771@lampenwelt.de", "timestamp": "2019-03-05T13:17:53.413731", "browser": "chrome", "browser-platform": "windows", "browser-version": "72.0.3626.119"}
{"method": "POST", "path": "/data-sets/.distribution-chart-36", "endpoint": "data_sets.distribution_chart", "view-args": {"pos": 36}, "status": 200, "user": "9942c672b9354771@lampenwelt.de", "timestamp": "2019-03-05T13:17:53.516211", "browser": "chrome", "browser-platform": "windows", "browser-version": "72.0.3626.119"}
{"method": "POST", "path": "/data-sets/.distribution-chart-57", "endpoint": "data_sets.distribution_chart", "view-args": {"pos": 57}, "status": 200, "user": "9942c672b9354771@lampenwelt.de", "timestamp": "2019-03-05T13:17:53.550726", "browser": "chrome", "browser-platform": "windows", "browser-version": "72.0.3626.119"}
{"method": "POST", "path": "/data-sets/.row-count", "endpoint": "data_sets.row_count", "view-args": {}, "status": 200, "user": "9942c672b9354771@lampenwelt.de", "timestamp": "2019-03-05T13:17:53.599542", "browser": "chrome", "browser-platform": "windows", "browser-version": "72.0.3626.119"}
{"method": "POST", "path": "/data-sets/.distribution-chart-80", "endpoint": "data_sets.distribution_chart", "view-args": {"pos": 80}, "status": 200, "user": "9942c672b9354771@lampenwelt.de", "timestamp": "2019-03-05T13:17:53.775824", "browser": "chrome", "browser-platform": "windows", "browser-version": "72.0.3626.119"}
{"method": "POST", "path": "/data-sets/.distribution-chart-82", "endpoint": "data_sets.distribution_chart", "view-args": {"pos": 82}, "status": 200, "user": "9942c672b9354771@lampenwelt.de", "timestamp": "2019-03-05T13:17:53.855975", "browser": "chrome", "browser-platform": "windows", "browser-version": "72.0.3626.119"}
{"method": "GET", "path": "/data-sets/.auto-complete", "endpoint": "data_sets.auto_complete", "view-args": {}, "status": 200, "user": "9942c672b9354771@lampenwelt.de", "timestamp": "2019-03-05T13:17:57.043726", "browser": "chrome", "browser-platform": "windows", "browser-version": "72.0.3626.119"}
{"method": "POST", "path": "/data-sets/.row-count", "endpoint": "data_sets.row_count", "view-args": {}, "status": 200, "user": "9942c672b9354771@lampenwelt.de", "timestamp": "2019-03-05T13:17:57.455263", "browser": "chrome", "browser-platform": "windows", "browser-version": "72.0.3626.119"}
{"method": "POST", "path": "/data-sets/.filter-row-count-0", "endpoint": "data_sets.filter_row_count", "view-args": {"filter_pos": 0}, "status": 200, "user": "9942c672b9354771@lampenwelt.de", "timestamp": "2019-03-05T13:17:57.462920", "browser": "chrome", "browser-platform": "windows", "browser-version": "72.0.3626.119"}
{"method": "POST", "path": "/data-sets/.preview", "endpoint": "data_sets.preview", "view-args": {}, "status": 200, "user": "9942c672b9354771@lampenwelt.de", "timestamp": "2019-03-05T13:17:57.535214", "browser": "chrome", "browser-platform": "windows", "browser-version": "72.0.3626.119"}
{"method": "POST", "path": "/data-sets/.distribution-chart-0", "endpoint": "data_sets.distribution_chart", "view-args": {"pos": 0}, "status": 200, "user": "9942c672b9354771@lampenwelt.de", "timestamp": "2019-03-05T13:17:57.772308", "browser": "chrome", "browser-platform": "windows", "browser-version": "72.0.3626.119"}
{"method": "POST", "path": "/data-sets/.distribution-chart-23", "endpoint": "data_sets.distribution_chart", "view-args": {"pos": 23}, "status": 200, "user": "9942c672b9354771@lampenwelt.de", "timestamp": "2019-03-05T13:17:57.876699", "browser": "chrome", "browser-platform": "windows", "browser-version": "72.0.3626.119"}
{"method": "POST", "path": "/data-sets/.distribution-chart-1", "endpoint": "data_sets.distribution_chart", "view-args": {"pos": 1}, "status": 200, "user": "9942c672b9354771@lampenwelt.de", "timestamp": "2019-03-05T13:17:57.937897", "browser": "chrome", "browser-platform": "windows", "browser-version": "72.0.3626.119"}
{"method": "POST", "path": "/data-sets/.distribution-chart-31", "endpoint": "data_sets.distribution_chart", "view-args": {"pos": 31}, "status": 200, "user": "9942c672b9354771@lampenwelt.de", "timestamp": "2019-03-05T13:17:58.161809", "browser": "chrome", "browser-platform": "windows", "browser-version": "72.0.3626.119"}
{"method": "POST", "path": "/data-sets/.distribution-chart-35", "endpoint": "data_sets.distribution_chart", "view-args": {"pos": 35}, "status": 200, "user": "9942c672b9354771@lampenwelt.de", "timestamp": "2019-03-05T13:17:58.224047", "browser": "chrome", "browser-platform": "windows", "browser-version": "72.0.3626.119"}
{"method": "POST", "path": "/data-sets/.distribution-chart-36", "endpoint": "data_sets.distribution_chart", "view-args": {"pos": 36}, "status": 200, "user": "9942c672b9354771@lampenwelt.de", "timestamp": "2019-03-05T13:17:58.283603", "browser": "chrome", "browser-platform": "windows", "browser-version": "72.0.3626.119"}
{"method": "POST", "path": "/data-sets/.distribution-chart-57", "endpoint": "data_sets.distribution_chart", "view-args": {"pos": 57}, "status": 200, "user": "9942c672b9354771@lampenwelt.de", "timestamp": "2019-03-05T13:17:58.499473", "browser": "chrome", "browser-platform": "windows", "browser-version": "72.0.3626.119"}
{"method": "POST", "path": "/data-sets/.distribution-chart-80", "endpoint": "data_sets.distribution_chart", "view-args": {"pos": 80}, "status": 200, "user": "9942c672b9354771@lampenwelt.de", "timestamp": "2019-03-05T13:17:58.563155", "browser": "chrome", "browser-platform": "windows", "browser-version": "72.0.3626.119"}
{"method": "POST", "path": "/data-sets/.distribution-chart-82", "endpoint": "data_sets.distribution_chart", "view-args": {"pos": 82}, "status": 200, "user": "9942c672b9354771@lampenwelt.de", "timestamp": "2019-03-05T13:17:58.658829", "browser": "chrome", "browser-platform": "windows", "browser-version": "72.0.3626.119"}
{"method": "POST", "path": "/data-sets/.distribution-chart-1", "endpoint": "data_sets.distribution_chart", "view-args": {"pos": 1}, "status": 200, "user": "9942c672b9354771@lampenwelt.de", "timestamp": "2019-03-05T13:18:03.490718", "browser": "chrome", "browser-platform": "windows", "browser-version": "72.0.3626.119"}
{"method": "POST", "path": "/data-sets/.filter-row-count-1", "endpoint": "data_sets.filter_row_count", "view-args": {"filter_pos": 1}, "status": 200, "user": "9942c672b9354771@lampenwelt.de", "timestamp": "2019-03-05T13:18:03.490771", "browser": "chrome", "browser-platform": "windows", "browser-version": "72.0.3626.119"}
{"method": "POST", "path": "/data-sets/.distribution-chart-0", "endpoint": "data_sets.distribution_chart", "view-args": {"pos": 0}, "status": 200, "user": "9942c672b9354771@lampenwelt.de", "timestamp": "2019-03-05T13:18:03.515027", "browser": "chrome", "browser-platform": "windows", "browser-version": "72.0.3626.119"}
{"method": "POST", "path": "/data-sets/.preview", "endpoint": "data_sets.preview", "view-args": {}, "status": 200, "user": "9942c672b9354771@lampenwelt.de", "timestamp": "2019-03-05T13:18:03.680567", "browser": "chrome", "browser-platform": "windows", "browser-version": "72.0.3626.119"}
{"method": "POST", "path": "/data-sets/.distribution-chart-23", "endpoint": "data_sets.distribution_chart", "view-args": {"pos": 23}, "status": 200, "user": "9942c672b9354771@lampenwelt.de", "timestamp": "2019-03-05T13:18:04.244217", "browser": "chrome", "browser-platform": "windows", "browser-version": "72.0.3626.119"}
{"method": "POST", "path": "/data-sets/.distribution-chart-31", "endpoint": "data_sets.distribution_chart", "view-args": {"pos": 31}, "status": 200, "user": "9942c672b9354771@lampenwelt.de", "timestamp": "2019-03-05T13:18:04.321366", "browser": "chrome", "browser-platform": "windows", "browser-version": "72.0.3626.119"}
{"method": "POST", "path": "/data-sets/.distribution-chart-35", "endpoint": "data_sets.distribution_chart", "view-args": {"pos": 35}, "status": 200, "user": "9942c672b9354771@lampenwelt.de", "timestamp": "2019-03-05T13:18:04.446258", "browser": "chrome", "browser-platform": "windows", "browser-version": "72.0.3626.119"}
{"method": "POST", "path": "/data-sets/.distribution-chart-36", "endpoint": "data_sets.distribution_chart", "view-args": {"pos": 36}, "status": 200, "user": "9942c672b9354771@lampenwelt.de", "timestamp": "2019-03-05T13:18:04.936296", "browser": "chrome", "browser-platform": "windows", "browser-version": "72.0.3626.119"}
{"method": "POST", "path": "/data-sets/.distribution-chart-57", "endpoint": "data_sets.distribution_chart", "view-args": {"pos": 57}, "status": 200, "user": "9942c672b9354771@lampenwelt.de", "timestamp": "2019-03-05T13:18:05.057273", "browser": "chrome", "browser-platform": "windows", "browser-version": "72.0.3626.119"}
{"method": "POST", "path": "/data-sets/.distribution-chart-80", "endpoint": "data_sets.distribution_chart", "view-args": {"pos": 80}, "status": 200, "user": "9942c672b9354771@lampenwelt.de", "timestamp": "2019-03-05T13:18:05.154802", "browser": "chrome", "browser-platform": "windows", "browser-version": "72.0.3626.119"}
{"method": "POST", "path": "/data-sets/.row-count", "endpoint": "data_sets.row_count", "view-args": {}, "status": 200, "user": "9942c672b9354771@lampenwelt.de", "timestamp": "2019-03-05T13:18:05.189301", "browser": "chrome", "browser-platform": "windows", "browser-version": "72.0.3626.119"}
{"method": "POST", "path": "/data-sets/.distribution-chart-82", "endpoint": "data_sets.distribution_chart", "view-args": {"pos": 82}, "status": 200, "user": "9942c672b9354771@lampenwelt.de", "timestamp": "2019-03-05T13:18:05.675965", "browser": "chrome", "browser-platform": "windows", "browser-version": "72.0.3626.119"}
{"method": "GET", "path": "/data-sets/.auto-complete", "endpoint": "data_sets.auto_complete", "view-args": {}, "status": 200, "user": "9942c672b9354771@lampenwelt.de", "timestamp": "2019-03-05T13:18:09.229783", "browser": "chrome", "browser-platform": "windows", "browser-version": "72.0.3626.119"}
{"method": "POST", "path": "/mondrian/excel/authorize", "endpoint": "py_mondrian.excel_authorize", "view-args": {}, "status": 200, "user": "35675e68f4b5af7b@localhost", "timestamp": "2019-03-05T13:30:13.117828", "browser": null, "browser-platform": null, "browser-version": null}
{"method": "GET", "path": "/mondrian/excel", "endpoint": "py_mondrian.excel", "view-args": {}, "status": 200, "user": "2945b89f775d264f@lampenwelt.de", "timestamp": "2019-03-05T13:30:27.126060", "browser": "chrome", "browser-platform": "windows", "browser-version": "72.0.3626.119"}
{"method": "POST", "path": "/mondrian/excel/authorize", "endpoint": "py_mondrian.excel_authorize", "view-args": {}, "status": 200, "user": "35675e68f4b5af7b@localhost", "timestamp": "2019-03-05T13:30:34.008575", "browser": null, "browser-platform": null, "browser-version": null}
{"method": "GET", "path": "/", "endpoint": "start_page.start_page", "view-args": {}, "status": 302, "user": "c07e94569ffc776d@lampenwelt.de", "timestamp": "2019-03-05T13:38:20.593846", "browser": "edge", "browser-platform": "windows", "browser-version": "15.15063"}
{"method": "GET", "path": "/dashboards/marketing-overview", "endpoint": "dashboards.view_dashboard", "view-args": {"id": "marketing-overview"}, "status": 200, "user": "c07e94569ffc776d@lampenwelt.de", "timestamp": "2019-03-05T13:38:20.930860", "browser": "edge", "browser-platform": "windows", "browser-version": "15.15063"}
{"method": "GET", "path": "/dashboards/_render_async_sql_query/325686fc-6d91-46e9-a35f-120990babd4d", "endpoint": "dashboards.render_async_sql_query", "view-args": {"id": "325686fc-6d91-46e9-a35f-120990babd4d"}, "status": 200, "user": "c07e94569ffc776d@lampenwelt.de", "timestamp": "2019-03-05T13:38:21.955857", "browser": "edge", "browser-platform": "windows", "browser-version": "15.15063"}
{"method": "GET", "path": "/dashboards/_render_async_sql_query/9cab6fce-dd04-4778-89dd-653abab79891", "endpoint": "dashboards.render_async_sql_query", "view-args": {"id": "9cab6fce-dd04-4778-89dd-653abab79891"}, "status": 200, "user": "c07e94569ffc776d@lampenwelt.de", "timestamp": "2019-03-05T13:38:21.960583", "browser": "edge", "browser-platform": "windows", "browser-version": "15.15063"}
{"method": "GET", "path": "/dashboards/_render_async_sql_query/fdac5957-e22c-416b-9567-faf7d387ab0f", "endpoint": "dashboards.render_async_sql_query", "view-args": {"id": "fdac5957-e22c-416b-9567-faf7d387ab0f"}, "status": 200, "user": "c07e94569ffc776d@lampenwelt.de", "timestamp": "2019-03-05T13:38:21.964429", "browser": "edge", "browser-platform": "windows", "browser-version": "15.15063"}
{"method": "GET", "path": "/dashboards/_last_successful_import", "endpoint": "dashboards.last_successful_import", "view-args": {}, "status": 200, "user": "c07e94569ffc776d@lampenwelt.de", "timestamp": "2019-03-05T13:38:21.976347", "browser": "edge", "browser-platform": "windows", "browser-version": "15.15063"}
{"method": "GET", "path": "/dashboards/_render_async_sql_query/38c30a5e-88cd-47b4-b187-130e44676eef", "endpoint": "dashboards.render_async_sql_query", "view-args": {"id": "38c30a5e-88cd-47b4-b187-130e44676eef"}, "status": 200, "user": "c07e94569ffc776d@lampenwelt.de", "timestamp": "2019-03-05T13:38:21.983414", "browser": "edge", "browser-platform": "windows", "browser-version": "15.15063"}
{"method": "GET", "path": "/dashboards/_render_async_sql_query/54f554e5-61f6-460a-abcc-9c86eecac62f", "endpoint": "dashboards.render_async_sql_query", "view-args": {"id": "54f554e5-61f6-460a-abcc-9c86eecac62f"}, "status": 200, "user": "c07e94569ffc776d@lampenwelt.de", "timestamp": "2019-03-05T13:38:22.063640", "browser": "edge", "browser-platform": "windows", "browser-version": "15.15063"}
{"method": "GET", "path": "/dashboards/_render_async_sql_query/be2df72a-f8a5-45d7-9cbd-59c401604ba7", "endpoint": "dashboards.render_async_sql_query", "view-args": {"id": "be2df72a-f8a5-45d7-9cbd-59c401604ba7"}, "status": 200, "user": "c07e94569ffc776d@lampenwelt.de", "timestamp": "2019-03-05T13:38:22.075522", "browser": "edge", "browser-platform": "windows", "browser-version": "15.15063"}
{"method": "GET", "path": "/dashboards/_render_async_sql_query/b5c9b1b1-b718-4d08-9e97-ab6761f2b7c1", "endpoint": "dashboards.render_async_sql_query", "view-args": {"id": "b5c9b1b1-b718-4d08-9e97-ab6761f2b7c1"}, "status": 200, "user": "c07e94569ffc776d@lampenwelt.de", "timestamp": "2019-03-05T13:38:22.100550", "browser": "edge", "browser-platform": "windows", "browser-version": "15.15063"}
{"method": "GET", "path": "/dashboards/_render_async_sql_query/d93cc588-b910-457c-842e-4fa8017fb89d", "endpoint": "dashboards.render_async_sql_query", "view-args": {"id": "d93cc588-b910-457c-842e-4fa8017fb89d"}, "status": 200, "user": "c07e94569ffc776d@lampenwelt.de", "timestamp": "2019-03-05T13:38:22.106927", "browser": "edge", "browser-platform": "windows", "browser-version": "15.15063"}
{"method": "GET", "path": "/dashboards/_last_marketing_cost/marketing-overview", "endpoint": "dashboards.last_marketing_cost", "view-args": {"id": "marketing-overview"}, "status": 200, "user": "c07e94569ffc776d@lampenwelt.de", "timestamp": "2019-03-05T13:38:22.179981", "browser": "edge", "browser-platform": "windows", "browser-version": "15.15063"}
{"method": "GET", "path": "/dashboards/_render_async_sql_query/bc033796-42a4-4ec6-953a-cd8f979ac13c", "endpoint": "dashboards.render_async_sql_query", "view-args": {"id": "bc033796-42a4-4ec6-953a-cd8f979ac13c"}, "status": 200, "user": "c07e94569ffc776d@lampenwelt.de", "timestamp": "2019-03-05T13:38:22.187625", "browser": "edge", "browser-platform": "windows", "browser-version": "15.15063"}
{"method": "GET", "path": "/dashboards/_render_async_sql_query/a3d2e8af-0132-4fc8-8953-4a4749b21195", "endpoint": "dashboards.render_async_sql_query", "view-args": {"id": "a3d2e8af-0132-4fc8-8953-4a4749b21195"}, "status": 200, "user": "c07e94569ffc776d@lampenwelt.de", "timestamp": "2019-03-05T13:38:22.195740", "browser": "edge", "browser-platform": "windows", "browser-version": "15.15063"}
{"method": "GET", "path": "/dashboards/_render_async_sql_query/d97899c9-6cbe-4a4c-a591-4268bb2604a1", "endpoint": "dashboards.render_async_sql_query", "view-args": {"id": "d97899c9-6cbe-4a4c-a591-4268bb2604a1"}, "status": 200, "user": "c07e94569ffc776d@lampenwelt.de", "timestamp": "2019-03-05T13:38:22.209460", "browser": "edge", "browser-platform": "windows", "browser-version": "15.15063"}
{"method": "GET", "path": "/dashboards/_render_async_sql_query/830af427-0847-4ef8-b287-b8c4d94654bf", "endpoint": "dashboards.render_async_sql_query", "view-args": {"id": "830af427-0847-4ef8-b287-b8c4d94654bf"}, "status": 200, "user": "c07e94569ffc776d@lampenwelt.de", "timestamp": "2019-03-05T13:38:22.214498", "browser": "edge", "browser-platform": "windows", "browser-version": "15.15063"}
{"method": "GET", "path": "/dashboards/_render_async_sql_query/99ded002-5276-4328-93c5-2a874d89fa30", "endpoint": "dashboards.render_async_sql_query", "view-args": {"id": "99ded002-5276-4328-93c5-2a874d89fa30"}, "status": 200, "user": "c07e94569ffc776d@lampenwelt.de", "timestamp": "2019-03-05T13:38:23.466891", "browser": "edge", "browser-platform": "windows", "browser-version": "15.15063"}
{"method": "GET", "path": "/dashboards/_render_async_sql_query/b2ea9776-b49a-4c40-90ce-d5da3d4d9b94", "endpoint": "dashboards.render_async_sql_query", "view-args": {"id": "b2ea9776-b49a-4c40-90ce-d5da3d4d9b94"}, "status": 200, "user": "c07e94569ffc776d@lampenwelt.de", "timestamp": "2019-03-05T13:38:23.504359", "browser": "edge", "browser-platform": "windows", "browser-version": "15.15063"}
{"method": "GET", "path": "/dashboards/_render_async_sql_query/0c27d298-7a01-4874-a406-ee17804ae975", "endpoint": "dashboards.render_async_sql_query", "view-args": {"id": "0c27d298-7a01-4874-a406-ee17804ae975"}, "status": 200, "user": "c07e94569ffc776d@lampenwelt.de", "timestamp": "2019-03-05T13:38:23.545880", "browser": "edge", "browser-platform": "windows", "browser-version": "15.15063"}
{"method": "GET", "path": "/dashboards/_render_async_sql_query/f17f2fdf-fe11-4507-a490-b00af3636fce", "endpoint": "dashboards.render_async_sql_query", "view-args": {"id": "f17f2fdf-fe11-4507-a490-b00af3636fce"}, "status": 200, "user": "c07e94569ffc776d@lampenwelt.de", "timestamp": "2019-03-05T13:38:23.583664", "browser": "edge", "browser-platform": "windows", "browser-version": "15.15063"}
{"method": "GET", "path": "/mondrian/saiku", "endpoint": "py_mondrian.saiku", "view-args": {}, "status": 302, "user": "c07e94569ffc776d@lampenwelt.de", "timestamp": "2019-03-05T13:38:26.024685", "browser": "edge", "browser-platform": "windows", "browser-version": "15.15063"}
{"method": "POST", "path": "/mondrian/saiku/authorize", "endpoint": "py_mondrian.saiku_authorize", "view-args": {}, "status": 200, "user": "35675e68f4b5af7b@localhost", "timestamp": "2019-03-05T13:38:28.092872", "browser": null, "browser-platform": null, "browser-version": null}
{"method": "POST", "path": "/mondrian/saiku/authorize", "endpoint": "py_mondrian.saiku_authorize", "view-args": {}, "status": 200, "user": "35675e68f4b5af7b@localhost", "timestamp": "2019-03-05T13:38:29.703225", "browser": null, "browser-platform": null, "browser-version": null}
{"method": "POST", "path": "/mondrian/saiku/authorize", "endpoint": "py_mondrian.saiku_authorize", "view-args": {}, "status": 200, "user": "35675e68f4b5af7b@localhost", "timestamp": "2019-03-05T13:51:55.456186", "browser": null, "browser-platform": null, "browser-version": null}
{"method": "POST", "path": "/mondrian/saiku/authorize", "endpoint": "py_mondrian.saiku_authorize", "view-args": {}, "status": 200, "user": "35675e68f4b5af7b@localhost", "timestamp": "2019-03-05T13:51:55.728944", "browser": null, "browser-platform": null, "browser-version": null}
{"method": "POST", "path": "/mondrian/saiku/authorize", "endpoint": "py_mondrian.saiku_authorize", "view-args": {}, "status": 200, "user": "35675e68f4b5af7b@localhost", "timestamp": "2019-03-05T13:55:06.957107", "browser": null, "browser-platform": null, "browser-version": null}
{"method": "POST", "path": "/mondrian/saiku/authorize", "endpoint": "py_mondrian.saiku_authorize", "view-args": {}, "status": 200, "user": "35675e68f4b5af7b@localhost", "timestamp": "2019-03-05T13:59:10.559328", "browser": null, "browser-platform": null, "browser-version": null}
{"method": "POST", "path": "/mondrian/excel/authorize", "endpoint": "py_mondrian.excel_authorize", "view-args": {}, "status": 200, "user": "35675e68f4b5af7b@localhost", "timestamp": "2019-03-05T13:59:18.791852", "browser": null, "browser-platform": null, "browser-version": null}
