{"method": "GET", "path": "/mondrian/excel", "endpoint": "py_mondrian.excel", "view-args": {}, "status": 200, "user": "20afbf2131feb737@lampenwelt.de", "timestamp": "2019-04-29T07:30:48.241536", "browser": "chrome", "browser-platform": "windows", "browser-version": "73.0.3683.103"}
{"method": "POST", "path": "/mondrian/excel/authorize", "endpoint": "py_mondrian.excel_authorize", "view-args": {}, "status": 200, "user": "35675e68f4b5af7b@localhost", "timestamp": "2019-04-29T07:31:01.486344", "browser": null, "browser-platform": null, "browser-version": null}
{"method": "POST", "path": "/mondrian/excel/authorize", "endpoint": "py_mondrian.excel_authorize", "view-args": {}, "status": 200, "user": "35675e68f4b5af7b@localhost", "timestamp": "2019-04-29T07:31:09.456127", "browser": null, "browser-platform": null, "browser-version": null}
{"method": "GET", "path": "/dashboards/sales-comparison", "endpoint": "dashboards.view_dashboard", "view-args": {"id": "sales-comparison"}, "status": 200, "user": "2945b89f775d264f@lampenwelt.de", "timestamp": "2019-04-29T07:31:27.340120", "browser": "chrome", "browser-platform": "windows", "browser-version": "73.0.3683.103"}
{"method": "GET", "path": "/dashboards/_render_async_sql_query/7d438989-660f-46b9-b066-f1855ebae985", "endpoint": "dashboards.render_async_sql_query", "view-args": {"id": "7d438989-660f-46b9-b066-f1855ebae985"}, "status": 200, "user": "2945b89f775d264f@lampenwelt.de", "timestamp": "2019-04-29T07:31:27.821441", "browser": "chrome", "browser-platform": "windows", "browser-version": "73.0.3683.103"}
{"method": "GET", "path": "/dashboards/_render_async_sql_query/da9e1419-840f-42ac-b5eb-ebf0d7cdaf84", "endpoint": "dashboards.render_async_sql_query", "view-args": {"id": "da9e1419-840f-42ac-b5eb-ebf0d7cdaf84"}, "status": 200, "user": "2945b89f775d264f@lampenwelt.de", "timestamp": "2019-04-29T07:31:27.826376", "browser": "chrome", "browser-platform": "windows", "browser-version": "73.0.3683.103"}
{"method": "GET", "path": "/dashboards/_render_async_sql_query/c341d61f-6beb-4d15-af9c-40d834a73929", "endpoint": "dashboards.render_async_sql_query", "view-args": {"id": "c341d61f-6beb-4d15-af9c-40d834a73929"}, "status": 200, "user": "2945b89f775d264f@lampenwelt.de", "timestamp": "2019-04-29T07:31:27.840678", "browser": "chrome", "browser-platform": "windows", "browser-version": "73.0.3683.103"}
{"method": "GET", "path": "/dashboards/_last_marketing_cost/sales-comparison", "endpoint": "dashboards.last_marketing_cost", "view-args": {"id": "sales-comparison"}, "status": 200, "user": "2945b89f775d264f@lampenwelt.de", "timestamp": "2019-04-29T07:31:27.849410", "browser": "chrome", "browser-platform": "windows", "browser-version": "73.0.3683.103"}
{"method": "GET", "path": "/dashboards/_render_async_sql_query/36443836-bbff-4b92-9d1a-00cc13bf2283", "endpoint": "dashboards.render_async_sql_query", "view-args": {"id": "36443836-bbff-4b92-9d1a-00cc13bf2283"}, "status": 200, "user": "2945b89f775d264f@lampenwelt.de", "timestamp": "2019-04-29T07:31:27.850755", "browser": "chrome", "browser-platform": "windows", "browser-version": "73.0.3683.103"}
{"method": "GET", "path": "/dashboards/_last_successful_import", "endpoint": "dashboards.last_successful_import", "view-args": {}, "status": 200, "user": "2945b89f775d264f@lampenwelt.de", "timestamp": "2019-04-29T07:31:27.864328", "browser": "chrome", "browser-platform": "windows", "browser-version": "73.0.3683.103"}
{"method": "GET", "path": "/dashboards/_render_async_sql_query/602ed0b5-9344-41d6-bb71-f643bae3d86b", "endpoint": "dashboards.render_async_sql_query", "view-args": {"id": "602ed0b5-9344-41d6-bb71-f643bae3d86b"}, "status": 200, "user": "2945b89f775d264f@lampenwelt.de", "timestamp": "2019-04-29T07:31:27.899956", "browser": "chrome", "browser-platform": "windows", "browser-version": "73.0.3683.103"}
{"method": "GET", "path": "/dashboards/_render_async_sql_query/8a5a8eeb-14a7-467f-8b77-efe2f3bec5f3", "endpoint": "dashboards.render_async_sql_query", "view-args": {"id": "8a5a8eeb-14a7-467f-8b77-efe2f3bec5f3"}, "status": 200, "user": "2945b89f775d264f@lampenwelt.de", "timestamp": "2019-04-29T07:31:27.903149", "browser": "chrome", "browser-platform": "windows", "browser-version": "73.0.3683.103"}
{"method": "POST", "path": "/mondrian/saiku/authorize", "endpoint": "py_mondrian.saiku_authorize", "view-args": {}, "status": 200, "user": "35675e68f4b5af7b@localhost", "timestamp": "2019-04-29T07:37:41.749214", "browser": null, "browser-platform": null, "browser-version": null}
{"method": "POST", "path": "/mondrian/saiku/authorize", "endpoint": "py_mondrian.saiku_authorize", "view-args": {}, "status": 200, "user": "35675e68f4b5af7b@localhost", "timestamp": "2019-04-29T07:37:41.754021", "browser": null, "browser-platform": null, "browser-version": null}
{"method": "POST", "path": "/mondrian/saiku/authorize", "endpoint": "py_mondrian.saiku_authorize", "view-args": {}, "status": 200, "user": "35675e68f4b5af7b@localhost", "timestamp": "2019-04-29T07:37:42.759016", "browser": null, "browser-platform": null, "browser-version": null}
