{"method": "POST", "path": "/mondrian/saiku/authorize", "endpoint": "py_mondrian.saiku_authorize", "view-args": {}, "status": 200, "user": "35675e68f4b5af7b@localhost", "timestamp": "2019-04-29T12:08:04.977935", "browser": null, "browser-platform": null, "browser-version": null}
{"method": "POST", "path": "/mondrian/saiku/authorize", "endpoint": "py_mondrian.saiku_authorize", "view-args": {}, "status": 200, "user": "35675e68f4b5af7b@localhost", "timestamp": "2019-04-29T12:08:05.797808", "browser": null, "browser-platform": null, "browser-version": null}
{"method": "GET", "path": "/dashboards/sales-comparison", "endpoint": "dashboards.view_dashboard", "view-args": {"id": "sales-comparison"}, "status": 200, "user": "c28ba3a6195d9213@lampenwelt.de", "timestamp": "2019-04-29T12:19:54.784363", "browser": "chrome", "browser-platform": "windows", "browser-version": "74.0.3729.108"}
{"method": "GET", "path": "/dashboards/_render_async_sql_query/59659bba-5dd4-4b38-8184-64fa46d52509", "endpoint": "dashboards.render_async_sql_query", "view-args": {"id": "59659bba-5dd4-4b38-8184-64fa46d52509"}, "status": 200, "user": "c28ba3a6195d9213@lampenwelt.de", "timestamp": "2019-04-29T12:19:55.413390", "browser": "chrome", "browser-platform": "windows", "browser-version": "74.0.3729.108"}
{"method": "GET", "path": "/dashboards/_render_async_sql_query/dd1ea489-a437-473d-95f6-6f69829d5994", "endpoint": "dashboards.render_async_sql_query", "view-args": {"id": "dd1ea489-a437-473d-95f6-6f69829d5994"}, "status": 200, "user": "c28ba3a6195d9213@lampenwelt.de", "timestamp": "2019-04-29T12:19:55.417618", "browser": "chrome", "browser-platform": "windows", "browser-version": "74.0.3729.108"}
{"method": "GET", "path": "/dashboards/_render_async_sql_query/d5911dd6-082b-49d4-ab12-fd1a16935084", "endpoint": "dashboards.render_async_sql_query", "view-args": {"id": "d5911dd6-082b-49d4-ab12-fd1a16935084"}, "status": 200, "user": "c28ba3a6195d9213@lampenwelt.de", "timestamp": "2019-04-29T12:19:55.425157", "browser": "chrome", "browser-platform": "windows", "browser-version": "74.0.3729.108"}
{"method": "GET", "path": "/dashboards/_last_marketing_cost/sales-comparison", "endpoint": "dashboards.last_marketing_cost", "view-args": {"id": "sales-comparison"}, "status": 200, "user": "c28ba3a6195d9213@lampenwelt.de", "timestamp": "2019-04-29T12:19:55.436991", "browser": "chrome", "browser-platform": "windows", "browser-version": "74.0.3729.108"}
{"method": "GET", "path": "/dashboards/_last_successful_import", "endpoint": "dashboards.last_successful_import", "view-args": {}, "status": 200, "user": "c28ba3a6195d9213@lampenwelt.de", "timestamp": "2019-04-29T12:19:55.439891", "browser": "chrome", "browser-platform": "windows", "browser-version": "74.0.3729.108"}
{"method": "GET", "path": "/dashboards/_render_async_sql_query/c4393150-dbf3-4bd5-be81-85bdf2f2d529", "endpoint": "dashboards.render_async_sql_query", "view-args": {"id": "c4393150-dbf3-4bd5-be81-85bdf2f2d529"}, "status": 200, "user": "c28ba3a6195d9213@lampenwelt.de", "timestamp": "2019-04-29T12:19:55.445544", "browser": "chrome", "browser-platform": "windows", "browser-version": "74.0.3729.108"}
{"method": "GET", "path": "/dashboards/_render_async_sql_query/e0b9912e-6681-4988-92e6-8f16c9a8c7ff", "endpoint": "dashboards.render_async_sql_query", "view-args": {"id": "e0b9912e-6681-4988-92e6-8f16c9a8c7ff"}, "status": 200, "user": "c28ba3a6195d9213@lampenwelt.de", "timestamp": "2019-04-29T12:19:55.504854", "browser": "chrome", "browser-platform": "windows", "browser-version": "74.0.3729.108"}
{"method": "GET", "path": "/dashboards/_render_async_sql_query/9e61498b-b365-4287-92c4-4551693704c1", "endpoint": "dashboards.render_async_sql_query", "view-args": {"id": "9e61498b-b365-4287-92c4-4551693704c1"}, "status": 200, "user": "c28ba3a6195d9213@lampenwelt.de", "timestamp": "2019-04-29T12:19:55.505028", "browser": "chrome", "browser-platform": "windows", "browser-version": "74.0.3729.108"}
{"method": "GET", "path": "/product-performance-analyzer/_auto-complete/sales_dim.order_origin/order_origin_name/", "endpoint": "product-performance-analyzer.auto_complete", "view-args": {"table_name": "sales_dim.order_origin", "column_name": "order_origin_name"}, "status": 200, "user": "c28ba3a6195d9213@lampenwelt.de", "timestamp": "2019-04-29T12:19:58.462230", "browser": "chrome", "browser-platform": "windows", "browser-version": "74.0.3729.108"}
{"method": "GET", "path": "/product-performance-analyzer/_auto-complete/global_dim.sales_channel/country_region_code/", "endpoint": "product-performance-analyzer.auto_complete", "view-args": {"table_name": "global_dim.sales_channel", "column_name": "country_region_code"}, "status": 200, "user": "c28ba3a6195d9213@lampenwelt.de", "timestamp": "2019-04-29T12:20:06.850719", "browser": "chrome", "browser-platform": "windows", "browser-version": "74.0.3729.108"}
{"method": "POST", "path": "/dashboards/sales-comparison", "endpoint": "dashboards.view_dashboard", "view-args": {"id": "sales-comparison"}, "status": 200, "user": "c28ba3a6195d9213@lampenwelt.de", "timestamp": "2019-04-29T12:20:10.364834", "browser": "chrome", "browser-platform": "windows", "browser-version": "74.0.3729.108"}
{"method": "GET", "path": "/dashboards/_render_async_sql_query/90652673-134d-4f57-a61b-5c47271c533d", "endpoint": "dashboards.render_async_sql_query", "view-args": {"id": "90652673-134d-4f57-a61b-5c47271c533d"}, "status": 200, "user": "c28ba3a6195d9213@lampenwelt.de", "timestamp": "2019-04-29T12:20:12.201935", "browser": "chrome", "browser-platform": "windows", "browser-version": "74.0.3729.108"}
{"method": "GET", "path": "/dashboards/_render_async_sql_query/79d021df-124b-47da-821d-be2302704ea2", "endpoint": "dashboards.render_async_sql_query", "view-args": {"id": "79d021df-124b-47da-821d-be2302704ea2"}, "status": 200, "user": "c28ba3a6195d9213@lampenwelt.de", "timestamp": "2019-04-29T12:20:13.149382", "browser": "chrome", "browser-platform": "windows", "browser-version": "74.0.3729.108"}
{"method": "GET", "path": "/dashboards/_last_successful_import", "endpoint": "dashboards.last_successful_import", "view-args": {}, "status": 200, "user": "c28ba3a6195d9213@lampenwelt.de", "timestamp": "2019-04-29T12:20:13.195987", "browser": "chrome", "browser-platform": "windows", "browser-version": "74.0.3729.108"}
{"method": "GET", "path": "/dashboards/_last_marketing_cost/sales-comparison", "endpoint": "dashboards.last_marketing_cost", "view-args": {"id": "sales-comparison"}, "status": 200, "user": "c28ba3a6195d9213@lampenwelt.de", "timestamp": "2019-04-29T12:20:13.206557", "browser": "chrome", "browser-platform": "windows", "browser-version": "74.0.3729.108"}
{"method": "GET", "path": "/dashboards/_render_async_sql_query/be3d82b1-dadb-43f5-8fae-2f99a38f3b18", "endpoint": "dashboards.render_async_sql_query", "view-args": {"id": "be3d82b1-dadb-43f5-8fae-2f99a38f3b18"}, "status": 200, "user": "c28ba3a6195d9213@lampenwelt.de", "timestamp": "2019-04-29T12:20:13.275250", "browser": "chrome", "browser-platform": "windows", "browser-version": "74.0.3729.108"}
{"method": "GET", "path": "/dashboards/_render_async_sql_query/6e2ed6ef-b900-4b61-bdcb-4431de3b1902", "endpoint": "dashboards.render_async_sql_query", "view-args": {"id": "6e2ed6ef-b900-4b61-bdcb-4431de3b1902"}, "status": 200, "user": "c28ba3a6195d9213@lampenwelt.de", "timestamp": "2019-04-29T12:20:13.434032", "browser": "chrome", "browser-platform": "windows", "browser-version": "74.0.3729.108"}
{"method": "GET", "path": "/dashboards/_render_async_sql_query/5f8edb88-26a4-4819-8310-3b0e5d6edd56", "endpoint": "dashboards.render_async_sql_query", "view-args": {"id": "5f8edb88-26a4-4819-8310-3b0e5d6edd56"}, "status": 200, "user": "c28ba3a6195d9213@lampenwelt.de", "timestamp": "2019-04-29T12:20:14.559428", "browser": "chrome", "browser-platform": "windows", "browser-version": "74.0.3729.108"}
{"method": "GET", "path": "/dashboards/_render_async_sql_query/b2252587-1ee4-4c17-a04f-db0e9b7bb6dc", "endpoint": "dashboards.render_async_sql_query", "view-args": {"id": "b2252587-1ee4-4c17-a04f-db0e9b7bb6dc"}, "status": 200, "user": "c28ba3a6195d9213@lampenwelt.de", "timestamp": "2019-04-29T12:20:14.562682", "browser": "chrome", "browser-platform": "windows", "browser-version": "74.0.3729.108"}
{"method": "GET", "path": "/dashboards/sales-trend", "endpoint": "dashboards.view_dashboard", "view-args": {"id": "sales-trend"}, "status": 200, "user": "6a00303c65167623@lampenwelt.de", "timestamp": "2019-04-29T12:20:32.307130", "browser": "chrome", "browser-platform": "windows", "browser-version": "73.0.3683.103"}
{"method": "GET", "path": "/dashboards/_render_async_sql_query/e051adf5-05b1-4baf-8d85-ac21fec495e6", "endpoint": "dashboards.render_async_sql_query", "view-args": {"id": "e051adf5-05b1-4baf-8d85-ac21fec495e6"}, "status": 200, "user": "6a00303c65167623@lampenwelt.de", "timestamp": "2019-04-29T12:20:32.651088", "browser": "chrome", "browser-platform": "windows", "browser-version": "73.0.3683.103"}
{"method": "GET", "path": "/dashboards/_render_async_sql_query/6ae72d3c-1a64-4829-a98c-28daa5f75c44", "endpoint": "dashboards.render_async_sql_query", "view-args": {"id": "6ae72d3c-1a64-4829-a98c-28daa5f75c44"}, "status": 200, "user": "6a00303c65167623@lampenwelt.de", "timestamp": "2019-04-29T12:20:32.658747", "browser": "chrome", "browser-platform": "windows", "browser-version": "73.0.3683.103"}
{"method": "GET", "path": "/dashboards/_last_successful_import", "endpoint": "dashboards.last_successful_import", "view-args": {}, "status": 200, "user": "6a00303c65167623@lampenwelt.de", "timestamp": "2019-04-29T12:20:32.658783", "browser": "chrome", "browser-platform": "windows", "browser-version": "73.0.3683.103"}
{"method": "GET", "path": "/dashboards/_last_marketing_cost/sales-trend", "endpoint": "dashboards.last_marketing_cost", "view-args": {"id": "sales-trend"}, "status": 200, "user": "6a00303c65167623@lampenwelt.de", "timestamp": "2019-04-29T12:20:32.662810", "browser": "chrome", "browser-platform": "windows", "browser-version": "73.0.3683.103"}
{"method": "GET", "path": "/dashboards/sales-comparison", "endpoint": "dashboards.view_dashboard", "view-args": {"id": "sales-comparison"}, "status": 200, "user": "6a00303c65167623@lampenwelt.de", "timestamp": "2019-04-29T12:20:35.545270", "browser": "chrome", "browser-platform": "windows", "browser-version": "73.0.3683.103"}
{"method": "GET", "path": "/dashboards/_render_async_sql_query/5eff5305-cfa6-49d1-a98d-801fe2296eb2", "endpoint": "dashboards.render_async_sql_query", "view-args": {"id": "5eff5305-cfa6-49d1-a98d-801fe2296eb2"}, "status": 200, "user": "6a00303c65167623@lampenwelt.de", "timestamp": "2019-04-29T12:20:35.797734", "browser": "chrome", "browser-platform": "windows", "browser-version": "73.0.3683.103"}
{"method": "GET", "path": "/dashboards/_render_async_sql_query/0b26577f-ac15-4544-b347-4910d985e6ec", "endpoint": "dashboards.render_async_sql_query", "view-args": {"id": "0b26577f-ac15-4544-b347-4910d985e6ec"}, "status": 200, "user": "6a00303c65167623@lampenwelt.de", "timestamp": "2019-04-29T12:20:35.799322", "browser": "chrome", "browser-platform": "windows", "browser-version": "73.0.3683.103"}
{"method": "GET", "path": "/dashboards/_render_async_sql_query/7a608012-c3b9-45a1-8b7d-a79ccb2a9da2", "endpoint": "dashboards.render_async_sql_query", "view-args": {"id": "7a608012-c3b9-45a1-8b7d-a79ccb2a9da2"}, "status": 200, "user": "6a00303c65167623@lampenwelt.de", "timestamp": "2019-04-29T12:20:35.805949", "browser": "chrome", "browser-platform": "windows", "browser-version": "73.0.3683.103"}
{"method": "GET", "path": "/dashboards/_last_successful_import", "endpoint": "dashboards.last_successful_import", "view-args": {}, "status": 200, "user": "6a00303c65167623@lampenwelt.de", "timestamp": "2019-04-29T12:20:35.815936", "browser": "chrome", "browser-platform": "windows", "browser-version": "73.0.3683.103"}
{"method": "GET", "path": "/dashboards/_last_marketing_cost/sales-comparison", "endpoint": "dashboards.last_marketing_cost", "view-args": {"id": "sales-comparison"}, "status": 200, "user": "6a00303c65167623@lampenwelt.de", "timestamp": "2019-04-29T12:20:35.821304", "browser": "chrome", "browser-platform": "windows", "browser-version": "73.0.3683.103"}
{"method": "GET", "path": "/dashboards/_render_async_sql_query/c2f12e4e-e0d9-4127-8b7f-f8e162bb8c27", "endpoint": "dashboards.render_async_sql_query", "view-args": {"id": "c2f12e4e-e0d9-4127-8b7f-f8e162bb8c27"}, "status": 200, "user": "6a00303c65167623@lampenwelt.de", "timestamp": "2019-04-29T12:20:35.828097", "browser": "chrome", "browser-platform": "windows", "browser-version": "73.0.3683.103"}
{"method": "GET", "path": "/dashboards/_render_async_sql_query/90d83a8d-ceec-4015-9336-f7a5cf3c23c0", "endpoint": "dashboards.render_async_sql_query", "view-args": {"id": "90d83a8d-ceec-4015-9336-f7a5cf3c23c0"}, "status": 200, "user": "6a00303c65167623@lampenwelt.de", "timestamp": "2019-04-29T12:20:35.876473", "browser": "chrome", "browser-platform": "windows", "browser-version": "73.0.3683.103"}
{"method": "GET", "path": "/dashboards/_render_async_sql_query/e70085eb-7b01-4b4f-9e23-3e0d0832bfd9", "endpoint": "dashboards.render_async_sql_query", "view-args": {"id": "e70085eb-7b01-4b4f-9e23-3e0d0832bfd9"}, "status": 200, "user": "6a00303c65167623@lampenwelt.de", "timestamp": "2019-04-29T12:20:35.911956", "browser": "chrome", "browser-platform": "windows", "browser-version": "73.0.3683.103"}
{"method": "GET", "path": "/product-performance-analyzer/_auto-complete/global_dim.product_group/product_group_name/", "endpoint": "product-performance-analyzer.auto_complete", "view-args": {"table_name": "global_dim.product_group", "column_name": "product_group_name"}, "status": 200, "user": "c28ba3a6195d9213@lampenwelt.de", "timestamp": "2019-04-29T12:20:36.152340", "browser": "chrome", "browser-platform": "windows", "browser-version": "74.0.3729.108"}
{"method": "GET", "path": "/product-performance-analyzer/_auto-complete/global_dim.product_category/category_name/", "endpoint": "product-performance-analyzer.auto_complete", "view-args": {"table_name": "global_dim.product_category", "column_name": "category_name"}, "status": 200, "user": "c28ba3a6195d9213@lampenwelt.de", "timestamp": "2019-04-29T12:20:38.234750", "browser": "chrome", "browser-platform": "windows", "browser-version": "74.0.3729.108"}
{"method": "POST", "path": "/dashboards/sales-comparison", "endpoint": "dashboards.view_dashboard", "view-args": {"id": "sales-comparison"}, "status": 200, "user": "c28ba3a6195d9213@lampenwelt.de", "timestamp": "2019-04-29T12:20:42.247456", "browser": "chrome", "browser-platform": "windows", "browser-version": "74.0.3729.108"}
{"method": "GET", "path": "/dashboards/_render_async_sql_query/a53581c1-a57a-4519-aa37-ac08ab83b8ff", "endpoint": "dashboards.render_async_sql_query", "view-args": {"id": "a53581c1-a57a-4519-aa37-ac08ab83b8ff"}, "status": 200, "user": "c28ba3a6195d9213@lampenwelt.de", "timestamp": "2019-04-29T12:20:43.797542", "browser": "chrome", "browser-platform": "windows", "browser-version": "74.0.3729.108"}
{"method": "GET", "path": "/dashboards/_render_async_sql_query/5ee4db25-4406-4bea-ac8f-d715a4b5b12f", "endpoint": "dashboards.render_async_sql_query", "view-args": {"id": "5ee4db25-4406-4bea-ac8f-d715a4b5b12f"}, "status": 200, "user": "c28ba3a6195d9213@lampenwelt.de", "timestamp": "2019-04-29T12:20:44.547592", "browser": "chrome", "browser-platform": "windows", "browser-version": "74.0.3729.108"}
{"method": "GET", "path": "/dashboards/_render_async_sql_query/fe765932-5a62-45d6-88bb-1f333e64bcc6", "endpoint": "dashboards.render_async_sql_query", "view-args": {"id": "fe765932-5a62-45d6-88bb-1f333e64bcc6"}, "status": 200, "user": "c28ba3a6195d9213@lampenwelt.de", "timestamp": "2019-04-29T12:20:44.571173", "browser": "chrome", "browser-platform": "windows", "browser-version": "74.0.3729.108"}
{"method": "GET", "path": "/dashboards/_last_successful_import", "endpoint": "dashboards.last_successful_import", "view-args": {}, "status": 200, "user": "c28ba3a6195d9213@lampenwelt.de", "timestamp": "2019-04-29T12:20:44.580977", "browser": "chrome", "browser-platform": "windows", "browser-version": "74.0.3729.108"}
{"method": "GET", "path": "/dashboards/_last_marketing_cost/sales-comparison", "endpoint": "dashboards.last_marketing_cost", "view-args": {"id": "sales-comparison"}, "status": 200, "user": "c28ba3a6195d9213@lampenwelt.de", "timestamp": "2019-04-29T12:20:44.587181", "browser": "chrome", "browser-platform": "windows", "browser-version": "74.0.3729.108"}
{"method": "GET", "path": "/dashboards/_render_async_sql_query/6c44a002-29a8-4d1d-af06-4196c5849bed", "endpoint": "dashboards.render_async_sql_query", "view-args": {"id": "6c44a002-29a8-4d1d-af06-4196c5849bed"}, "status": 200, "user": "c28ba3a6195d9213@lampenwelt.de", "timestamp": "2019-04-29T12:20:44.917290", "browser": "chrome", "browser-platform": "windows", "browser-version": "74.0.3729.108"}
{"method": "GET", "path": "/dashboards/_render_async_sql_query/a54bfca8-6794-468d-ad18-3cba326b2df4", "endpoint": "dashboards.render_async_sql_query", "view-args": {"id": "a54bfca8-6794-468d-ad18-3cba326b2df4"}, "status": 200, "user": "c28ba3a6195d9213@lampenwelt.de", "timestamp": "2019-04-29T12:20:45.640676", "browser": "chrome", "browser-platform": "windows", "browser-version": "74.0.3729.108"}
{"method": "GET", "path": "/dashboards/_render_async_sql_query/c77ccb34-1557-41d5-b275-bff4cadaaa9c", "endpoint": "dashboards.render_async_sql_query", "view-args": {"id": "c77ccb34-1557-41d5-b275-bff4cadaaa9c"}, "status": 200, "user": "c28ba3a6195d9213@lampenwelt.de", "timestamp": "2019-04-29T12:20:45.653595", "browser": "chrome", "browser-platform": "windows", "browser-version": "74.0.3729.108"}
{"method": "GET", "path": "/dashboards/weekly-overview", "endpoint": "dashboards.view_dashboard", "view-args": {"id": "weekly-overview"}, "status": 200, "user": "6a00303c65167623@lampenwelt.de", "timestamp": "2019-04-29T12:20:47.235201", "browser": "chrome", "browser-platform": "windows", "browser-version": "73.0.3683.103"}
{"method": "GET", "path": "/dashboards/_render_async_sql_query/9323eb07-d6db-4a59-957f-e335c5ed4fa2", "endpoint": "dashboards.render_async_sql_query", "view-args": {"id": "9323eb07-d6db-4a59-957f-e335c5ed4fa2"}, "status": 200, "user": "6a00303c65167623@lampenwelt.de", "timestamp": "2019-04-29T12:20:47.512288", "browser": "chrome", "browser-platform": "windows", "browser-version": "73.0.3683.103"}
{"method": "GET", "path": "/dashboards/_render_async_sql_query/bcacef69-df87-4b09-b502-4df96ee85299", "endpoint": "dashboards.render_async_sql_query", "view-args": {"id": "bcacef69-df87-4b09-b502-4df96ee85299"}, "status": 200, "user": "6a00303c65167623@lampenwelt.de", "timestamp": "2019-04-29T12:20:47.517157", "browser": "chrome", "browser-platform": "windows", "browser-version": "73.0.3683.103"}
{"method": "GET", "path": "/dashboards/_last_successful_import", "endpoint": "dashboards.last_successful_import", "view-args": {}, "status": 200, "user": "6a00303c65167623@lampenwelt.de", "timestamp": "2019-04-29T12:20:47.534746", "browser": "chrome", "browser-platform": "windows", "browser-version": "73.0.3683.103"}
{"method": "GET", "path": "/dashboards/_render_async_sql_query/42c7be70-5875-4555-88d2-9e3acd619fbb", "endpoint": "dashboards.render_async_sql_query", "view-args": {"id": "42c7be70-5875-4555-88d2-9e3acd619fbb"}, "status": 200, "user": "6a00303c65167623@lampenwelt.de", "timestamp": "2019-04-29T12:20:47.537920", "browser": "chrome", "browser-platform": "windows", "browser-version": "73.0.3683.103"}
{"method": "GET", "path": "/dashboards/_last_marketing_cost/weekly-overview", "endpoint": "dashboards.last_marketing_cost", "view-args": {"id": "weekly-overview"}, "status": 200, "user": "6a00303c65167623@lampenwelt.de", "timestamp": "2019-04-29T12:20:47.546602", "browser": "chrome", "browser-platform": "windows", "browser-version": "73.0.3683.103"}
{"method": "GET", "path": "/dashboards/_render_async_sql_query/c05c36e2-d973-4b88-8bbe-6f603609ae88", "endpoint": "dashboards.render_async_sql_query", "view-args": {"id": "c05c36e2-d973-4b88-8bbe-6f603609ae88"}, "status": 200, "user": "6a00303c65167623@lampenwelt.de", "timestamp": "2019-04-29T12:20:47.550841", "browser": "chrome", "browser-platform": "windows", "browser-version": "73.0.3683.103"}
{"method": "GET", "path": "/dashboards/_render_async_sql_query/acedc0cf-45ea-4f68-9b3d-24d16164d3c3", "endpoint": "dashboards.render_async_sql_query", "view-args": {"id": "acedc0cf-45ea-4f68-9b3d-24d16164d3c3"}, "status": 200, "user": "6a00303c65167623@lampenwelt.de", "timestamp": "2019-04-29T12:20:47.666032", "browser": "chrome", "browser-platform": "windows", "browser-version": "73.0.3683.103"}
{"method": "GET", "path": "/dashboards/_render_async_sql_query/2c87422b-aac6-497d-8e99-35699c5bb6e3", "endpoint": "dashboards.render_async_sql_query", "view-args": {"id": "2c87422b-aac6-497d-8e99-35699c5bb6e3"}, "status": 200, "user": "6a00303c65167623@lampenwelt.de", "timestamp": "2019-04-29T12:20:47.770442", "browser": "chrome", "browser-platform": "windows", "browser-version": "73.0.3683.103"}
{"method": "GET", "path": "/dashboards/_render_async_sql_query/e23469ff-1ee1-4d3c-bdde-5a93af4df706", "endpoint": "dashboards.render_async_sql_query", "view-args": {"id": "e23469ff-1ee1-4d3c-bdde-5a93af4df706"}, "status": 200, "user": "6a00303c65167623@lampenwelt.de", "timestamp": "2019-04-29T12:20:47.785301", "browser": "chrome", "browser-platform": "windows", "browser-version": "73.0.3683.103"}
{"method": "GET", "path": "/dashboards/_render_async_sql_query/61b0cbc0-f402-415a-9043-385284aa9b46", "endpoint": "dashboards.render_async_sql_query", "view-args": {"id": "61b0cbc0-f402-415a-9043-385284aa9b46"}, "status": 200, "user": "6a00303c65167623@lampenwelt.de", "timestamp": "2019-04-29T12:20:47.793497", "browser": "chrome", "browser-platform": "windows", "browser-version": "73.0.3683.103"}
{"method": "GET", "path": "/dashboards/_render_async_sql_query/7057c8a8-3f80-4650-a430-f5eca178656c", "endpoint": "dashboards.render_async_sql_query", "view-args": {"id": "7057c8a8-3f80-4650-a430-f5eca178656c"}, "status": 200, "user": "6a00303c65167623@lampenwelt.de", "timestamp": "2019-04-29T12:20:47.855295", "browser": "chrome", "browser-platform": "windows", "browser-version": "73.0.3683.103"}
{"method": "GET", "path": "/dashboards/_render_async_sql_query/1e3e3cac-7299-4636-b602-236f12b57e7a", "endpoint": "dashboards.render_async_sql_query", "view-args": {"id": "1e3e3cac-7299-4636-b602-236f12b57e7a"}, "status": 200, "user": "6a00303c65167623@lampenwelt.de", "timestamp": "2019-04-29T12:20:47.861875", "browser": "chrome", "browser-platform": "windows", "browser-version": "73.0.3683.103"}
{"method": "GET", "path": "/dashboards/sales-trend", "endpoint": "dashboards.view_dashboard", "view-args": {"id": "sales-trend"}, "status": 200, "user": "6a00303c65167623@lampenwelt.de", "timestamp": "2019-04-29T12:20:54.167694", "browser": "chrome", "browser-platform": "windows", "browser-version": "73.0.3683.103"}
{"method": "GET", "path": "/dashboards/_last_successful_import", "endpoint": "dashboards.last_successful_import", "view-args": {}, "status": 200, "user": "6a00303c65167623@lampenwelt.de", "timestamp": "2019-04-29T12:20:54.392455", "browser": "chrome", "browser-platform": "windows", "browser-version": "73.0.3683.103"}
{"method": "GET", "path": "/dashboards/_render_async_sql_query/ca041848-4665-4fe3-a5d4-511cdf6ea996", "endpoint": "dashboards.render_async_sql_query", "view-args": {"id": "ca041848-4665-4fe3-a5d4-511cdf6ea996"}, "status": 200, "user": "6a00303c65167623@lampenwelt.de", "timestamp": "2019-04-29T12:20:54.394662", "browser": "chrome", "browser-platform": "windows", "browser-version": "73.0.3683.103"}
{"method": "GET", "path": "/dashboards/_last_marketing_cost/sales-trend", "endpoint": "dashboards.last_marketing_cost", "view-args": {"id": "sales-trend"}, "status": 200, "user": "6a00303c65167623@lampenwelt.de", "timestamp": "2019-04-29T12:20:54.402972", "browser": "chrome", "browser-platform": "windows", "browser-version": "73.0.3683.103"}
{"method": "GET", "path": "/dashboards/_render_async_sql_query/5506da88-2021-41e6-ad9e-78aca91e2e6a", "endpoint": "dashboards.render_async_sql_query", "view-args": {"id": "5506da88-2021-41e6-ad9e-78aca91e2e6a"}, "status": 200, "user": "6a00303c65167623@lampenwelt.de", "timestamp": "2019-04-29T12:20:54.411738", "browser": "chrome", "browser-platform": "windows", "browser-version": "73.0.3683.103"}
{"method": "GET", "path": "/dashboards/sales-comparison", "endpoint": "dashboards.view_dashboard", "view-args": {"id": "sales-comparison"}, "status": 200, "user": "6a00303c65167623@lampenwelt.de", "timestamp": "2019-04-29T12:21:04.670666", "browser": "chrome", "browser-platform": "windows", "browser-version": "73.0.3683.103"}
{"method": "GET", "path": "/dashboards/_render_async_sql_query/3414b3b4-fd58-4b1c-93ec-926a4d083964", "endpoint": "dashboards.render_async_sql_query", "view-args": {"id": "3414b3b4-fd58-4b1c-93ec-926a4d083964"}, "status": 200, "user": "6a00303c65167623@lampenwelt.de", "timestamp": "2019-04-29T12:21:04.926508", "browser": "chrome", "browser-platform": "windows", "browser-version": "73.0.3683.103"}
{"method": "GET", "path": "/dashboards/_render_async_sql_query/9a92d58b-deca-4da1-b2f8-395a0fa9abe2", "endpoint": "dashboards.render_async_sql_query", "view-args": {"id": "9a92d58b-deca-4da1-b2f8-395a0fa9abe2"}, "status": 200, "user": "6a00303c65167623@lampenwelt.de", "timestamp": "2019-04-29T12:21:04.926666", "browser": "chrome", "browser-platform": "windows", "browser-version": "73.0.3683.103"}
{"method": "GET", "path": "/dashboards/_render_async_sql_query/4c585ab3-c148-476b-8e2e-2f23e3415fb0", "endpoint": "dashboards.render_async_sql_query", "view-args": {"id": "4c585ab3-c148-476b-8e2e-2f23e3415fb0"}, "status": 200, "user": "6a00303c65167623@lampenwelt.de", "timestamp": "2019-04-29T12:21:04.933209", "browser": "chrome", "browser-platform": "windows", "browser-version": "73.0.3683.103"}
{"method": "GET", "path": "/dashboards/_last_marketing_cost/sales-comparison", "endpoint": "dashboards.last_marketing_cost", "view-args": {"id": "sales-comparison"}, "status": 200, "user": "6a00303c65167623@lampenwelt.de", "timestamp": "2019-04-29T12:21:04.945313", "browser": "chrome", "browser-platform": "windows", "browser-version": "73.0.3683.103"}
{"method": "GET", "path": "/dashboards/_last_successful_import", "endpoint": "dashboards.last_successful_import", "view-args": {}, "status": 200, "user": "6a00303c65167623@lampenwelt.de", "timestamp": "2019-04-29T12:21:04.949161", "browser": "chrome", "browser-platform": "windows", "browser-version": "73.0.3683.103"}
{"method": "GET", "path": "/dashboards/_render_async_sql_query/118ff4f9-3684-480f-b0bd-b3bbb6f56707", "endpoint": "dashboards.render_async_sql_query", "view-args": {"id": "118ff4f9-3684-480f-b0bd-b3bbb6f56707"}, "status": 200, "user": "6a00303c65167623@lampenwelt.de", "timestamp": "2019-04-29T12:21:04.956814", "browser": "chrome", "browser-platform": "windows", "browser-version": "73.0.3683.103"}
{"method": "GET", "path": "/dashboards/_render_async_sql_query/a72fcf49-f6f4-4215-99e2-db9c87523dce", "endpoint": "dashboards.render_async_sql_query", "view-args": {"id": "a72fcf49-f6f4-4215-99e2-db9c87523dce"}, "status": 200, "user": "6a00303c65167623@lampenwelt.de", "timestamp": "2019-04-29T12:21:05.069711", "browser": "chrome", "browser-platform": "windows", "browser-version": "73.0.3683.103"}
{"method": "GET", "path": "/dashboards/_render_async_sql_query/c6da73b6-4985-4f98-bdd5-0b1e428b72da", "endpoint": "dashboards.render_async_sql_query", "view-args": {"id": "c6da73b6-4985-4f98-bdd5-0b1e428b72da"}, "status": 200, "user": "6a00303c65167623@lampenwelt.de", "timestamp": "2019-04-29T12:21:05.073982", "browser": "chrome", "browser-platform": "windows", "browser-version": "73.0.3683.103"}
{"method": "GET", "path": "/product-performance-analyzer/", "endpoint": "product-performance-analyzer.product_filter_panel", "view-args": {}, "status": 200, "user": "13f7e9ada41f2425@lampenwelt.de", "timestamp": "2019-04-29T12:28:14.556377", "browser": "chrome", "browser-platform": "windows", "browser-version": "73.0.3683.103"}
{"method": "GET", "path": "/product-performance-analyzer/_last_successful_import", "endpoint": "product-performance-analyzer.last_successful_import", "view-args": {}, "status": 200, "user": "13f7e9ada41f2425@lampenwelt.de", "timestamp": "2019-04-29T12:28:15.009749", "browser": "chrome", "browser-platform": "windows", "browser-version": "73.0.3683.103"}
{"method": "POST", "path": "/product-performance-analyzer/_render-mdx-request", "endpoint": "product-performance-analyzer.render_mdx_request", "view-args": {}, "status": 200, "user": "13f7e9ada41f2425@lampenwelt.de", "timestamp": "2019-04-29T12:28:17.419674", "browser": "chrome", "browser-platform": "windows", "browser-version": "73.0.3683.103"}
{"method": "GET", "path": "/acl", "endpoint": "mara_acl.acl_page", "view-args": {}, "status": 200, "user": "13f7e9ada41f2425@lampenwelt.de", "timestamp": "2019-04-29T12:28:17.486129", "browser": "chrome", "browser-platform": "windows", "browser-version": "73.0.3683.103"}
{"method": "POST", "path": "/acl/add-user", "endpoint": "mara_acl.add_user", "view-args": {}, "status": 302, "user": "13f7e9ada41f2425@lampenwelt.de", "timestamp": "2019-04-29T12:28:53.267048", "browser": "chrome", "browser-platform": "windows", "browser-version": "73.0.3683.103"}
{"method": "GET", "path": "/acl", "endpoint": "mara_acl.acl_page", "view-args": {}, "status": 200, "user": "13f7e9ada41f2425@lampenwelt.de", "timestamp": "2019-04-29T12:28:53.516772", "browser": "chrome", "browser-platform": "windows", "browser-version": "73.0.3683.103"}
{"method": "POST", "path": "/acl/save-permissions", "endpoint": "mara_acl.save_permissions", "view-args": {}, "status": 302, "user": "13f7e9ada41f2425@lampenwelt.de", "timestamp": "2019-04-29T12:29:25.114496", "browser": "chrome", "browser-platform": "windows", "browser-version": "73.0.3683.103"}
{"method": "GET", "path": "/acl", "endpoint": "mara_acl.acl_page", "view-args": {}, "status": 200, "user": "13f7e9ada41f2425@lampenwelt.de", "timestamp": "2019-04-29T12:29:25.153207", "browser": "chrome", "browser-platform": "windows", "browser-version": "73.0.3683.103"}
{"method": "GET", "path": "/data-sets", "endpoint": "data_sets.index_page", "view-args": {}, "status": 200, "user": "72141146ea8e13f4@lampenwelt.de", "timestamp": "2019-04-29T12:42:46.763818", "browser": "chrome", "browser-platform": "windows", "browser-version": "73.0.3683.103"}
{"method": "POST", "path": "/mondrian/saiku/authorize", "endpoint": "py_mondrian.saiku_authorize", "view-args": {}, "status": 200, "user": "35675e68f4b5af7b@localhost", "timestamp": "2019-04-29T12:46:18.372924", "browser": null, "browser-platform": null, "browser-version": null}
{"method": "POST", "path": "/mondrian/saiku/authorize", "endpoint": "py_mondrian.saiku_authorize", "view-args": {}, "status": 200, "user": "35675e68f4b5af7b@localhost", "timestamp": "2019-04-29T12:46:18.363526", "browser": null, "browser-platform": null, "browser-version": null}
{"method": "POST", "path": "/mondrian/saiku/authorize", "endpoint": "py_mondrian.saiku_authorize", "view-args": {}, "status": 200, "user": "35675e68f4b5af7b@localhost", "timestamp": "2019-04-29T12:46:18.548175", "browser": null, "browser-platform": null, "browser-version": null}
{"method": "GET", "path": "/mondrian/excel", "endpoint": "py_mondrian.excel", "view-args": {}, "status": 200, "user": "20afbf2131feb737@lampenwelt.de", "timestamp": "2019-04-29T12:46:38.306029", "browser": "chrome", "browser-platform": "windows", "browser-version": "73.0.3683.103"}
{"method": "GET", "path": "/mondrian/saiku", "endpoint": "py_mondrian.saiku", "view-args": {}, "status": 302, "user": "20afbf2131feb737@lampenwelt.de", "timestamp": "2019-04-29T12:46:41.804267", "browser": "chrome", "browser-platform": "windows", "browser-version": "73.0.3683.103"}
{"method": "POST", "path": "/mondrian/saiku/authorize", "endpoint": "py_mondrian.saiku_authorize", "view-args": {}, "status": 200, "user": "35675e68f4b5af7b@localhost", "timestamp": "2019-04-29T12:46:42.499313", "browser": null, "browser-platform": null, "browser-version": null}
{"method": "GET", "path": "/mondrian/excel", "endpoint": "py_mondrian.excel", "view-args": {}, "status": 200, "user": "20afbf2131feb737@lampenwelt.de", "timestamp": "2019-04-29T12:46:54.358335", "browser": "chrome", "browser-platform": "windows", "browser-version": "73.0.3683.103"}
{"method": "GET", "path": "/dashboards/shop-performance-overview", "endpoint": "dashboards.view_dashboard", "view-args": {"id": "shop-performance-overview"}, "status": 200, "user": "20afbf2131feb737@lampenwelt.de", "timestamp": "2019-04-29T12:47:01.968837", "browser": "chrome", "browser-platform": "windows", "browser-version": "73.0.3683.103"}
{"method": "GET", "path": "/dashboards/_render_async_sql_query/64b2ce6b-6db0-4b80-a967-2e9ba13ee23f", "endpoint": "dashboards.render_async_sql_query", "view-args": {"id": "64b2ce6b-6db0-4b80-a967-2e9ba13ee23f"}, "status": 200, "user": "20afbf2131feb737@lampenwelt.de", "timestamp": "2019-04-29T12:47:02.539618", "browser": "chrome", "browser-platform": "windows", "browser-version": "73.0.3683.103"}
{"method": "GET", "path": "/dashboards/_render_async_sql_query/caaff724-486a-4daf-968f-0bbad3b3ef68", "endpoint": "dashboards.render_async_sql_query", "view-args": {"id": "caaff724-486a-4daf-968f-0bbad3b3ef68"}, "status": 200, "user": "20afbf2131feb737@lampenwelt.de", "timestamp": "2019-04-29T12:47:02.595464", "browser": "chrome", "browser-platform": "windows", "browser-version": "73.0.3683.103"}
{"method": "GET", "path": "/dashboards/_render_async_sql_query/17278062-c578-452a-b291-ab3514036f8a", "endpoint": "dashboards.render_async_sql_query", "view-args": {"id": "17278062-c578-452a-b291-ab3514036f8a"}, "status": 200, "user": "20afbf2131feb737@lampenwelt.de", "timestamp": "2019-04-29T12:47:02.612069", "browser": "chrome", "browser-platform": "windows", "browser-version": "73.0.3683.103"}
{"method": "GET", "path": "/dashboards/_last_successful_import", "endpoint": "dashboards.last_successful_import", "view-args": {}, "status": 200, "user": "20afbf2131feb737@lampenwelt.de", "timestamp": "2019-04-29T12:47:02.614263", "browser": "chrome", "browser-platform": "windows", "browser-version": "73.0.3683.103"}
{"method": "GET", "path": "/dashboards/_render_async_sql_query/8a8799f8-d959-49bb-b308-2e22af2810b3", "endpoint": "dashboards.render_async_sql_query", "view-args": {"id": "8a8799f8-d959-49bb-b308-2e22af2810b3"}, "status": 200, "user": "20afbf2131feb737@lampenwelt.de", "timestamp": "2019-04-29T12:47:02.617077", "browser": "chrome", "browser-platform": "windows", "browser-version": "73.0.3683.103"}
{"method": "GET", "path": "/dashboards/_last_marketing_cost/shop-performance-overview", "endpoint": "dashboards.last_marketing_cost", "view-args": {"id": "shop-performance-overview"}, "status": 200, "user": "20afbf2131feb737@lampenwelt.de", "timestamp": "2019-04-29T12:47:02.625819", "browser": "chrome", "browser-platform": "windows", "browser-version": "73.0.3683.103"}
{"method": "GET", "path": "/dashboards/_render_async_sql_query/a362e41e-de82-4304-947a-f6c7386d57c6", "endpoint": "dashboards.render_async_sql_query", "view-args": {"id": "a362e41e-de82-4304-947a-f6c7386d57c6"}, "status": 200, "user": "20afbf2131feb737@lampenwelt.de", "timestamp": "2019-04-29T12:47:02.675071", "browser": "chrome", "browser-platform": "windows", "browser-version": "73.0.3683.103"}
{"method": "GET", "path": "/dashboards/_render_async_sql_query/c2e4b5a4-afb5-4446-8632-df0857ee88f9", "endpoint": "dashboards.render_async_sql_query", "view-args": {"id": "c2e4b5a4-afb5-4446-8632-df0857ee88f9"}, "status": 200, "user": "20afbf2131feb737@lampenwelt.de", "timestamp": "2019-04-29T12:47:02.707478", "browser": "chrome", "browser-platform": "windows", "browser-version": "73.0.3683.103"}
{"method": "GET", "path": "/dashboards/_render_async_sql_query/4c47e68c-c58e-496c-be56-1b455ecfb526", "endpoint": "dashboards.render_async_sql_query", "view-args": {"id": "4c47e68c-c58e-496c-be56-1b455ecfb526"}, "status": 200, "user": "20afbf2131feb737@lampenwelt.de", "timestamp": "2019-04-29T12:47:02.714283", "browser": "chrome", "browser-platform": "windows", "browser-version": "73.0.3683.103"}
{"method": "GET", "path": "/dashboards/_render_async_sql_query/d4978628-cece-4b9a-8be0-a4c3c7a4fa48", "endpoint": "dashboards.render_async_sql_query", "view-args": {"id": "d4978628-cece-4b9a-8be0-a4c3c7a4fa48"}, "status": 200, "user": "20afbf2131feb737@lampenwelt.de", "timestamp": "2019-04-29T12:47:02.738889", "browser": "chrome", "browser-platform": "windows", "browser-version": "73.0.3683.103"}
{"method": "GET", "path": "/dashboards/_render_async_sql_query/7fcff30a-d3b3-4529-a3a2-ce330edd7782", "endpoint": "dashboards.render_async_sql_query", "view-args": {"id": "7fcff30a-d3b3-4529-a3a2-ce330edd7782"}, "status": 200, "user": "20afbf2131feb737@lampenwelt.de", "timestamp": "2019-04-29T12:47:02.768565", "browser": "chrome", "browser-platform": "windows", "browser-version": "73.0.3683.103"}
{"method": "GET", "path": "/dashboards/_render_async_sql_query/bef3f234-08e5-470f-a0a9-2b7a5978adbb", "endpoint": "dashboards.render_async_sql_query", "view-args": {"id": "bef3f234-08e5-470f-a0a9-2b7a5978adbb"}, "status": 200, "user": "20afbf2131feb737@lampenwelt.de", "timestamp": "2019-04-29T12:47:02.775792", "browser": "chrome", "browser-platform": "windows", "browser-version": "73.0.3683.103"}
{"method": "GET", "path": "/dashboards/_render_async_sql_query/e93d57e3-d1b5-42f9-bda0-eaad41c8bc72", "endpoint": "dashboards.render_async_sql_query", "view-args": {"id": "e93d57e3-d1b5-42f9-bda0-eaad41c8bc72"}, "status": 200, "user": "20afbf2131feb737@lampenwelt.de", "timestamp": "2019-04-29T12:47:02.803220", "browser": "chrome", "browser-platform": "windows", "browser-version": "73.0.3683.103"}
{"method": "GET", "path": "/dashboards/_render_async_sql_query/1945f1cd-51f8-4c01-9697-ba1cf282a126", "endpoint": "dashboards.render_async_sql_query", "view-args": {"id": "1945f1cd-51f8-4c01-9697-ba1cf282a126"}, "status": 200, "user": "20afbf2131feb737@lampenwelt.de", "timestamp": "2019-04-29T12:47:02.822352", "browser": "chrome", "browser-platform": "windows", "browser-version": "73.0.3683.103"}
{"method": "GET", "path": "/dashboards/_render_async_sql_query/7f817cad-767d-4153-8376-5957df6d846b", "endpoint": "dashboards.render_async_sql_query", "view-args": {"id": "7f817cad-767d-4153-8376-5957df6d846b"}, "status": 200, "user": "20afbf2131feb737@lampenwelt.de", "timestamp": "2019-04-29T12:47:02.854378", "browser": "chrome", "browser-platform": "windows", "browser-version": "73.0.3683.103"}
{"method": "GET", "path": "/dashboards/_render_async_sql_query/4b3e954d-1699-491a-b8c3-34cc92dc32c0", "endpoint": "dashboards.render_async_sql_query", "view-args": {"id": "4b3e954d-1699-491a-b8c3-34cc92dc32c0"}, "status": 200, "user": "20afbf2131feb737@lampenwelt.de", "timestamp": "2019-04-29T12:47:02.861561", "browser": "chrome", "browser-platform": "windows", "browser-version": "73.0.3683.103"}
{"method": "GET", "path": "/dashboards/_render_async_sql_query/a7d9a285-0cf8-4d38-9ee8-f310fd8a2d33", "endpoint": "dashboards.render_async_sql_query", "view-args": {"id": "a7d9a285-0cf8-4d38-9ee8-f310fd8a2d33"}, "status": 200, "user": "20afbf2131feb737@lampenwelt.de", "timestamp": "2019-04-29T12:47:02.880843", "browser": "chrome", "browser-platform": "windows", "browser-version": "73.0.3683.103"}
{"method": "GET", "path": "/dashboards/_render_async_sql_query/465ec253-1762-464d-92eb-86742b6fc047", "endpoint": "dashboards.render_async_sql_query", "view-args": {"id": "465ec253-1762-464d-92eb-86742b6fc047"}, "status": 200, "user": "20afbf2131feb737@lampenwelt.de", "timestamp": "2019-04-29T12:47:02.890334", "browser": "chrome", "browser-platform": "windows", "browser-version": "73.0.3683.103"}
{"method": "GET", "path": "/dashboards/_render_async_sql_query/46cfc6c2-f18c-4655-809b-e0be2c29a6f9", "endpoint": "dashboards.render_async_sql_query", "view-args": {"id": "46cfc6c2-f18c-4655-809b-e0be2c29a6f9"}, "status": 200, "user": "20afbf2131feb737@lampenwelt.de", "timestamp": "2019-04-29T12:47:02.902262", "browser": "chrome", "browser-platform": "windows", "browser-version": "73.0.3683.103"}
{"method": "GET", "path": "/dashboards/_render_async_sql_query/1cf0f002-2844-435d-a0fa-4b3357db093b", "endpoint": "dashboards.render_async_sql_query", "view-args": {"id": "1cf0f002-2844-435d-a0fa-4b3357db093b"}, "status": 200, "user": "20afbf2131feb737@lampenwelt.de", "timestamp": "2019-04-29T12:47:02.946546", "browser": "chrome", "browser-platform": "windows", "browser-version": "73.0.3683.103"}
{"method": "GET", "path": "/dashboards/_render_async_sql_query/bea05884-4daa-4cea-9d86-1c451921d6e7", "endpoint": "dashboards.render_async_sql_query", "view-args": {"id": "bea05884-4daa-4cea-9d86-1c451921d6e7"}, "status": 200, "user": "20afbf2131feb737@lampenwelt.de", "timestamp": "2019-04-29T12:47:02.952326", "browser": "chrome", "browser-platform": "windows", "browser-version": "73.0.3683.103"}
{"method": "GET", "path": "/dashboards/_render_async_sql_query/4a02a02c-1a61-4d6a-94a6-e8d5c247f6cb", "endpoint": "dashboards.render_async_sql_query", "view-args": {"id": "4a02a02c-1a61-4d6a-94a6-e8d5c247f6cb"}, "status": 200, "user": "20afbf2131feb737@lampenwelt.de", "timestamp": "2019-04-29T12:47:02.959641", "browser": "chrome", "browser-platform": "windows", "browser-version": "73.0.3683.103"}
{"method": "GET", "path": "/dashboards/_render_async_sql_query/4fa95f7c-6608-40e3-9265-b4dba6e2dbe5", "endpoint": "dashboards.render_async_sql_query", "view-args": {"id": "4fa95f7c-6608-40e3-9265-b4dba6e2dbe5"}, "status": 200, "user": "20afbf2131feb737@lampenwelt.de", "timestamp": "2019-04-29T12:47:02.972116", "browser": "chrome", "browser-platform": "windows", "browser-version": "73.0.3683.103"}
{"method": "GET", "path": "/dashboards/_render_async_sql_query/508ab89a-040b-426a-93a6-fa0b50afb5f4", "endpoint": "dashboards.render_async_sql_query", "view-args": {"id": "508ab89a-040b-426a-93a6-fa0b50afb5f4"}, "status": 200, "user": "20afbf2131feb737@lampenwelt.de", "timestamp": "2019-04-29T12:47:03.269852", "browser": "chrome", "browser-platform": "windows", "browser-version": "73.0.3683.103"}
{"method": "GET", "path": "/dashboards/_render_async_sql_query/50261677-078d-4528-b266-2b01af77eb53", "endpoint": "dashboards.render_async_sql_query", "view-args": {"id": "50261677-078d-4528-b266-2b01af77eb53"}, "status": 200, "user": "20afbf2131feb737@lampenwelt.de", "timestamp": "2019-04-29T12:47:03.286221", "browser": "chrome", "browser-platform": "windows", "browser-version": "73.0.3683.103"}
{"method": "GET", "path": "/dashboards/sales-trend", "endpoint": "dashboards.view_dashboard", "view-args": {"id": "sales-trend"}, "status": 200, "user": "20afbf2131feb737@lampenwelt.de", "timestamp": "2019-04-29T12:48:06.595204", "browser": "chrome", "browser-platform": "windows", "browser-version": "73.0.3683.103"}
{"method": "GET", "path": "/dashboards/_render_async_sql_query/89623ea5-30bc-4bad-a888-fc0e7c5c4bb4", "endpoint": "dashboards.render_async_sql_query", "view-args": {"id": "89623ea5-30bc-4bad-a888-fc0e7c5c4bb4"}, "status": 200, "user": "20afbf2131feb737@lampenwelt.de", "timestamp": "2019-04-29T12:48:06.931364", "browser": "chrome", "browser-platform": "windows", "browser-version": "73.0.3683.103"}
{"method": "GET", "path": "/dashboards/_render_async_sql_query/c539a9e6-bb1b-4389-b951-5abb40f13e96", "endpoint": "dashboards.render_async_sql_query", "view-args": {"id": "c539a9e6-bb1b-4389-b951-5abb40f13e96"}, "status": 200, "user": "20afbf2131feb737@lampenwelt.de", "timestamp": "2019-04-29T12:48:06.938696", "browser": "chrome", "browser-platform": "windows", "browser-version": "73.0.3683.103"}
{"method": "GET", "path": "/dashboards/_last_successful_import", "endpoint": "dashboards.last_successful_import", "view-args": {}, "status": 200, "user": "20afbf2131feb737@lampenwelt.de", "timestamp": "2019-04-29T12:48:06.939050", "browser": "chrome", "browser-platform": "windows", "browser-version": "73.0.3683.103"}
{"method": "GET", "path": "/dashboards/_last_marketing_cost/sales-trend", "endpoint": "dashboards.last_marketing_cost", "view-args": {"id": "sales-trend"}, "status": 200, "user": "20afbf2131feb737@lampenwelt.de", "timestamp": "2019-04-29T12:48:06.943664", "browser": "chrome", "browser-platform": "windows", "browser-version": "73.0.3683.103"}
{"method": "GET", "path": "/dashboards/marketing-overview", "endpoint": "dashboards.view_dashboard", "view-args": {"id": "marketing-overview"}, "status": 200, "user": "20afbf2131feb737@lampenwelt.de", "timestamp": "2019-04-29T12:49:15.377136", "browser": "chrome", "browser-platform": "windows", "browser-version": "73.0.3683.103"}
{"method": "GET", "path": "/dashboards/_render_async_sql_query/3e5163f9-4628-4abf-99f2-60e2e36858ce", "endpoint": "dashboards.render_async_sql_query", "view-args": {"id": "3e5163f9-4628-4abf-99f2-60e2e36858ce"}, "status": 200, "user": "20afbf2131feb737@lampenwelt.de", "timestamp": "2019-04-29T12:49:15.778528", "browser": "chrome", "browser-platform": "windows", "browser-version": "73.0.3683.103"}
{"method": "GET", "path": "/dashboards/_render_async_sql_query/eeaf865b-a44e-4b36-8cf8-7e48eb504af9", "endpoint": "dashboards.render_async_sql_query", "view-args": {"id": "eeaf865b-a44e-4b36-8cf8-7e48eb504af9"}, "status": 200, "user": "20afbf2131feb737@lampenwelt.de", "timestamp": "2019-04-29T12:49:15.782094", "browser": "chrome", "browser-platform": "windows", "browser-version": "73.0.3683.103"}
{"method": "GET", "path": "/dashboards/_render_async_sql_query/8bcc75cc-d19f-4afa-a4fe-6388fd9c2771", "endpoint": "dashboards.render_async_sql_query", "view-args": {"id": "8bcc75cc-d19f-4afa-a4fe-6388fd9c2771"}, "status": 200, "user": "20afbf2131feb737@lampenwelt.de", "timestamp": "2019-04-29T12:49:15.799543", "browser": "chrome", "browser-platform": "windows", "browser-version": "73.0.3683.103"}
{"method": "GET", "path": "/dashboards/_render_async_sql_query/d5473519-ec2c-4c4b-a494-799c1edbc359", "endpoint": "dashboards.render_async_sql_query", "view-args": {"id": "d5473519-ec2c-4c4b-a494-799c1edbc359"}, "status": 200, "user": "20afbf2131feb737@lampenwelt.de", "timestamp": "2019-04-29T12:49:15.804792", "browser": "chrome", "browser-platform": "windows", "browser-version": "73.0.3683.103"}
{"method": "GET", "path": "/dashboards/_last_successful_import", "endpoint": "dashboards.last_successful_import", "view-args": {}, "status": 200, "user": "20afbf2131feb737@lampenwelt.de", "timestamp": "2019-04-29T12:49:15.817028", "browser": "chrome", "browser-platform": "windows", "browser-version": "73.0.3683.103"}
{"method": "GET", "path": "/dashboards/_render_async_sql_query/0c0ff58e-ea65-42dd-bc50-7b36d03a2595", "endpoint": "dashboards.render_async_sql_query", "view-args": {"id": "0c0ff58e-ea65-42dd-bc50-7b36d03a2595"}, "status": 200, "user": "20afbf2131feb737@lampenwelt.de", "timestamp": "2019-04-29T12:49:15.923221", "browser": "chrome", "browser-platform": "windows", "browser-version": "73.0.3683.103"}
{"method": "GET", "path": "/dashboards/_render_async_sql_query/b3d30590-c390-44f5-87ba-84ffce4e3138", "endpoint": "dashboards.render_async_sql_query", "view-args": {"id": "b3d30590-c390-44f5-87ba-84ffce4e3138"}, "status": 200, "user": "20afbf2131feb737@lampenwelt.de", "timestamp": "2019-04-29T12:49:15.932805", "browser": "chrome", "browser-platform": "windows", "browser-version": "73.0.3683.103"}
{"method": "GET", "path": "/dashboards/_render_async_sql_query/5c6c6e1f-b646-4d64-ae26-7c4bcebe03ac", "endpoint": "dashboards.render_async_sql_query", "view-args": {"id": "5c6c6e1f-b646-4d64-ae26-7c4bcebe03ac"}, "status": 200, "user": "20afbf2131feb737@lampenwelt.de", "timestamp": "2019-04-29T12:49:15.951301", "browser": "chrome", "browser-platform": "windows", "browser-version": "73.0.3683.103"}
{"method": "GET", "path": "/dashboards/_render_async_sql_query/55a22121-bf60-4768-bec5-2c515a3dc21b", "endpoint": "dashboards.render_async_sql_query", "view-args": {"id": "55a22121-bf60-4768-bec5-2c515a3dc21b"}, "status": 200, "user": "20afbf2131feb737@lampenwelt.de", "timestamp": "2019-04-29T12:49:15.966267", "browser": "chrome", "browser-platform": "windows", "browser-version": "73.0.3683.103"}
{"method": "GET", "path": "/dashboards/_last_marketing_cost/marketing-overview", "endpoint": "dashboards.last_marketing_cost", "view-args": {"id": "marketing-overview"}, "status": 200, "user": "20afbf2131feb737@lampenwelt.de", "timestamp": "2019-04-29T12:49:15.994409", "browser": "chrome", "browser-platform": "windows", "browser-version": "73.0.3683.103"}
{"method": "GET", "path": "/dashboards/_render_async_sql_query/f1604bf6-4815-47e1-9324-92417c6a28a6", "endpoint": "dashboards.render_async_sql_query", "view-args": {"id": "f1604bf6-4815-47e1-9324-92417c6a28a6"}, "status": 200, "user": "20afbf2131feb737@lampenwelt.de", "timestamp": "2019-04-29T12:49:16.042595", "browser": "chrome", "browser-platform": "windows", "browser-version": "73.0.3683.103"}
{"method": "GET", "path": "/dashboards/_render_async_sql_query/12880f80-3316-44e3-aa9c-0687a8606176", "endpoint": "dashboards.render_async_sql_query", "view-args": {"id": "12880f80-3316-44e3-aa9c-0687a8606176"}, "status": 200, "user": "20afbf2131feb737@lampenwelt.de", "timestamp": "2019-04-29T12:49:16.043331", "browser": "chrome", "browser-platform": "windows", "browser-version": "73.0.3683.103"}
{"method": "GET", "path": "/dashboards/_render_async_sql_query/9ef52b07-e032-4832-9f5f-5bd9bbeb22f0", "endpoint": "dashboards.render_async_sql_query", "view-args": {"id": "9ef52b07-e032-4832-9f5f-5bd9bbeb22f0"}, "status": 200, "user": "20afbf2131feb737@lampenwelt.de", "timestamp": "2019-04-29T12:49:16.054744", "browser": "chrome", "browser-platform": "windows", "browser-version": "73.0.3683.103"}
{"method": "GET", "path": "/dashboards/_render_async_sql_query/d366d00c-7461-44ae-a25c-cc1d7fed2ec1", "endpoint": "dashboards.render_async_sql_query", "view-args": {"id": "d366d00c-7461-44ae-a25c-cc1d7fed2ec1"}, "status": 200, "user": "20afbf2131feb737@lampenwelt.de", "timestamp": "2019-04-29T12:49:16.070680", "browser": "chrome", "browser-platform": "windows", "browser-version": "73.0.3683.103"}
{"method": "GET", "path": "/dashboards/_render_async_sql_query/236d9e41-32ff-46d0-b322-cedaba80a2b0", "endpoint": "dashboards.render_async_sql_query", "view-args": {"id": "236d9e41-32ff-46d0-b322-cedaba80a2b0"}, "status": 200, "user": "20afbf2131feb737@lampenwelt.de", "timestamp": "2019-04-29T12:49:16.142066", "browser": "chrome", "browser-platform": "windows", "browser-version": "73.0.3683.103"}
{"method": "GET", "path": "/dashboards/_render_async_sql_query/cff7ec78-d006-442e-a85b-16df6eb1c1c3", "endpoint": "dashboards.render_async_sql_query", "view-args": {"id": "cff7ec78-d006-442e-a85b-16df6eb1c1c3"}, "status": 200, "user": "20afbf2131feb737@lampenwelt.de", "timestamp": "2019-04-29T12:49:16.146683", "browser": "chrome", "browser-platform": "windows", "browser-version": "73.0.3683.103"}
{"method": "GET", "path": "/dashboards/_render_async_sql_query/45bac817-41fc-493c-bc37-5ce941e57740", "endpoint": "dashboards.render_async_sql_query", "view-args": {"id": "45bac817-41fc-493c-bc37-5ce941e57740"}, "status": 200, "user": "20afbf2131feb737@lampenwelt.de", "timestamp": "2019-04-29T12:49:16.149627", "browser": "chrome", "browser-platform": "windows", "browser-version": "73.0.3683.103"}
{"method": "GET", "path": "/dashboards/_render_async_sql_query/a5437086-e6b2-4f74-9dbc-d471f2a3b4b2", "endpoint": "dashboards.render_async_sql_query", "view-args": {"id": "a5437086-e6b2-4f74-9dbc-d471f2a3b4b2"}, "status": 200, "user": "20afbf2131feb737@lampenwelt.de", "timestamp": "2019-04-29T12:49:16.166147", "browser": "chrome", "browser-platform": "windows", "browser-version": "73.0.3683.103"}
{"method": "GET", "path": "/product-performance-analyzer/_auto-complete/global_dim.sales_channel/country_region_code/", "endpoint": "product-performance-analyzer.auto_complete", "view-args": {"table_name": "global_dim.sales_channel", "column_name": "country_region_code"}, "status": 200, "user": "c28ba3a6195d9213@lampenwelt.de", "timestamp": "2019-04-29T12:53:11.151688", "browser": "chrome", "browser-platform": "windows", "browser-version": "74.0.3729.108"}
{"method": "GET", "path": "/product-performance-analyzer/_auto-complete/global_dim.product_category/category_name/", "endpoint": "product-performance-analyzer.auto_complete", "view-args": {"table_name": "global_dim.product_category", "column_name": "category_name"}, "status": 200, "user": "c28ba3a6195d9213@lampenwelt.de", "timestamp": "2019-04-29T12:53:15.833806", "browser": "chrome", "browser-platform": "windows", "browser-version": "74.0.3729.108"}
{"method": "POST", "path": "/dashboards/sales-comparison", "endpoint": "dashboards.view_dashboard", "view-args": {"id": "sales-comparison"}, "status": 200, "user": "c28ba3a6195d9213@lampenwelt.de", "timestamp": "2019-04-29T12:53:17.859675", "browser": "chrome", "browser-platform": "windows", "browser-version": "74.0.3729.108"}
{"method": "GET", "path": "/dashboards/_render_async_sql_query/2196306e-abe7-4d51-835a-4ab20d1692d0", "endpoint": "dashboards.render_async_sql_query", "view-args": {"id": "2196306e-abe7-4d51-835a-4ab20d1692d0"}, "status": 200, "user": "c28ba3a6195d9213@lampenwelt.de", "timestamp": "2019-04-29T12:53:19.252156", "browser": "chrome", "browser-platform": "windows", "browser-version": "74.0.3729.108"}
{"method": "GET", "path": "/dashboards/_render_async_sql_query/935dc06f-ffa4-4fe7-976d-5d4cdbef6e3e", "endpoint": "dashboards.render_async_sql_query", "view-args": {"id": "935dc06f-ffa4-4fe7-976d-5d4cdbef6e3e"}, "status": 200, "user": "c28ba3a6195d9213@lampenwelt.de", "timestamp": "2019-04-29T12:53:19.844321", "browser": "chrome", "browser-platform": "windows", "browser-version": "74.0.3729.108"}
{"method": "GET", "path": "/dashboards/_last_successful_import", "endpoint": "dashboards.last_successful_import", "view-args": {}, "status": 200, "user": "c28ba3a6195d9213@lampenwelt.de", "timestamp": "2019-04-29T12:53:19.861295", "browser": "chrome", "browser-platform": "windows", "browser-version": "74.0.3729.108"}
{"method": "GET", "path": "/dashboards/_last_marketing_cost/sales-comparison", "endpoint": "dashboards.last_marketing_cost", "view-args": {"id": "sales-comparison"}, "status": 200, "user": "c28ba3a6195d9213@lampenwelt.de", "timestamp": "2019-04-29T12:53:19.870458", "browser": "chrome", "browser-platform": "windows", "browser-version": "74.0.3729.108"}
{"method": "GET", "path": "/dashboards/_render_async_sql_query/9e77fbac-2bdc-47f2-b3ca-5e238fe88a84", "endpoint": "dashboards.render_async_sql_query", "view-args": {"id": "9e77fbac-2bdc-47f2-b3ca-5e238fe88a84"}, "status": 200, "user": "c28ba3a6195d9213@lampenwelt.de", "timestamp": "2019-04-29T12:53:20.156983", "browser": "chrome", "browser-platform": "windows", "browser-version": "74.0.3729.108"}
{"method": "GET", "path": "/dashboards/_render_async_sql_query/88905d4b-0887-47f9-abc2-fefc1323e54a", "endpoint": "dashboards.render_async_sql_query", "view-args": {"id": "88905d4b-0887-47f9-abc2-fefc1323e54a"}, "status": 200, "user": "c28ba3a6195d9213@lampenwelt.de", "timestamp": "2019-04-29T12:53:20.234571", "browser": "chrome", "browser-platform": "windows", "browser-version": "74.0.3729.108"}
{"method": "GET", "path": "/dashboards/_render_async_sql_query/51123939-4490-42b8-825d-d06cb581f4ae", "endpoint": "dashboards.render_async_sql_query", "view-args": {"id": "51123939-4490-42b8-825d-d06cb581f4ae"}, "status": 200, "user": "c28ba3a6195d9213@lampenwelt.de", "timestamp": "2019-04-29T12:53:20.836139", "browser": "chrome", "browser-platform": "windows", "browser-version": "74.0.3729.108"}
{"method": "GET", "path": "/dashboards/_render_async_sql_query/55186e81-3544-442a-8905-f6caa6a0178a", "endpoint": "dashboards.render_async_sql_query", "view-args": {"id": "55186e81-3544-442a-8905-f6caa6a0178a"}, "status": 200, "user": "c28ba3a6195d9213@lampenwelt.de", "timestamp": "2019-04-29T12:53:21.162332", "browser": "chrome", "browser-platform": "windows", "browser-version": "74.0.3729.108"}
{"method": "GET", "path": "/product-performance-analyzer/_auto-complete/global_dim.sales_channel/country_region_code/", "endpoint": "product-performance-analyzer.auto_complete", "view-args": {"table_name": "global_dim.sales_channel", "column_name": "country_region_code"}, "status": 200, "user": "c28ba3a6195d9213@lampenwelt.de", "timestamp": "2019-04-29T12:53:33.229041", "browser": "chrome", "browser-platform": "windows", "browser-version": "74.0.3729.108"}
{"method": "POST", "path": "/dashboards/sales-comparison", "endpoint": "dashboards.view_dashboard", "view-args": {"id": "sales-comparison"}, "status": 200, "user": "c28ba3a6195d9213@lampenwelt.de", "timestamp": "2019-04-29T12:53:37.217822", "browser": "chrome", "browser-platform": "windows", "browser-version": "74.0.3729.108"}
{"method": "GET", "path": "/dashboards/_render_async_sql_query/2e4c5249-4767-4767-abb3-1de134646e39", "endpoint": "dashboards.render_async_sql_query", "view-args": {"id": "2e4c5249-4767-4767-abb3-1de134646e39"}, "status": 200, "user": "c28ba3a6195d9213@lampenwelt.de", "timestamp": "2019-04-29T12:53:38.819697", "browser": "chrome", "browser-platform": "windows", "browser-version": "74.0.3729.108"}
{"method": "GET", "path": "/dashboards/_render_async_sql_query/2f76c097-dcc1-426e-aeb0-25b0024db7a5", "endpoint": "dashboards.render_async_sql_query", "view-args": {"id": "2f76c097-dcc1-426e-aeb0-25b0024db7a5"}, "status": 200, "user": "c28ba3a6195d9213@lampenwelt.de", "timestamp": "2019-04-29T12:53:39.774300", "browser": "chrome", "browser-platform": "windows", "browser-version": "74.0.3729.108"}
{"method": "GET", "path": "/dashboards/_last_successful_import", "endpoint": "dashboards.last_successful_import", "view-args": {}, "status": 200, "user": "c28ba3a6195d9213@lampenwelt.de", "timestamp": "2019-04-29T12:53:39.793157", "browser": "chrome", "browser-platform": "windows", "browser-version": "74.0.3729.108"}
{"method": "GET", "path": "/dashboards/_last_marketing_cost/sales-comparison", "endpoint": "dashboards.last_marketing_cost", "view-args": {"id": "sales-comparison"}, "status": 200, "user": "c28ba3a6195d9213@lampenwelt.de", "timestamp": "2019-04-29T12:53:39.802994", "browser": "chrome", "browser-platform": "windows", "browser-version": "74.0.3729.108"}
{"method": "GET", "path": "/dashboards/_render_async_sql_query/117bfdea-bff0-4aa3-bd4b-51afe5d1a815", "endpoint": "dashboards.render_async_sql_query", "view-args": {"id": "117bfdea-bff0-4aa3-bd4b-51afe5d1a815"}, "status": 200, "user": "c28ba3a6195d9213@lampenwelt.de", "timestamp": "2019-04-29T12:53:39.938211", "browser": "chrome", "browser-platform": "windows", "browser-version": "74.0.3729.108"}
{"method": "GET", "path": "/dashboards/_render_async_sql_query/8cfd2034-32f0-4ba7-ae7d-3f08506ade31", "endpoint": "dashboards.render_async_sql_query", "view-args": {"id": "8cfd2034-32f0-4ba7-ae7d-3f08506ade31"}, "status": 200, "user": "c28ba3a6195d9213@lampenwelt.de", "timestamp": "2019-04-29T12:53:40.151051", "browser": "chrome", "browser-platform": "windows", "browser-version": "74.0.3729.108"}
{"method": "GET", "path": "/dashboards/_render_async_sql_query/eff0c540-c532-4fee-b0b3-b4219b0b6cbf", "endpoint": "dashboards.render_async_sql_query", "view-args": {"id": "eff0c540-c532-4fee-b0b3-b4219b0b6cbf"}, "status": 200, "user": "c28ba3a6195d9213@lampenwelt.de", "timestamp": "2019-04-29T12:53:40.981113", "browser": "chrome", "browser-platform": "windows", "browser-version": "74.0.3729.108"}
{"method": "GET", "path": "/dashboards/_render_async_sql_query/e7ebd88b-4334-426b-ac0a-7bc937298bb9", "endpoint": "dashboards.render_async_sql_query", "view-args": {"id": "e7ebd88b-4334-426b-ac0a-7bc937298bb9"}, "status": 200, "user": "c28ba3a6195d9213@lampenwelt.de", "timestamp": "2019-04-29T12:53:41.085393", "browser": "chrome", "browser-platform": "windows", "browser-version": "74.0.3729.108"}
{"method": "GET", "path": "/product-performance-analyzer/_auto-complete/global_dim.sales_channel/country_region_code/", "endpoint": "product-performance-analyzer.auto_complete", "view-args": {"table_name": "global_dim.sales_channel", "column_name": "country_region_code"}, "status": 200, "user": "c28ba3a6195d9213@lampenwelt.de", "timestamp": "2019-04-29T12:54:50.319570", "browser": "chrome", "browser-platform": "windows", "browser-version": "74.0.3729.108"}
{"method": "POST", "path": "/dashboards/sales-comparison", "endpoint": "dashboards.view_dashboard", "view-args": {"id": "sales-comparison"}, "status": 200, "user": "c28ba3a6195d9213@lampenwelt.de", "timestamp": "2019-04-29T12:54:55.359234", "browser": "chrome", "browser-platform": "windows", "browser-version": "74.0.3729.108"}
{"method": "GET", "path": "/dashboards/_render_async_sql_query/12f26797-a56c-4124-9f67-045de302155b", "endpoint": "dashboards.render_async_sql_query", "view-args": {"id": "12f26797-a56c-4124-9f67-045de302155b"}, "status": 200, "user": "c28ba3a6195d9213@lampenwelt.de", "timestamp": "2019-04-29T12:54:56.762076", "browser": "chrome", "browser-platform": "windows", "browser-version": "74.0.3729.108"}
{"method": "GET", "path": "/dashboards/_render_async_sql_query/e6340b22-1904-44e3-94b9-00754dfc8629", "endpoint": "dashboards.render_async_sql_query", "view-args": {"id": "e6340b22-1904-44e3-94b9-00754dfc8629"}, "status": 200, "user": "c28ba3a6195d9213@lampenwelt.de", "timestamp": "2019-04-29T12:54:57.656815", "browser": "chrome", "browser-platform": "windows", "browser-version": "74.0.3729.108"}
{"method": "GET", "path": "/dashboards/_last_successful_import", "endpoint": "dashboards.last_successful_import", "view-args": {}, "status": 200, "user": "c28ba3a6195d9213@lampenwelt.de", "timestamp": "2019-04-29T12:54:57.692138", "browser": "chrome", "browser-platform": "windows", "browser-version": "74.0.3729.108"}
{"method": "GET", "path": "/dashboards/_last_marketing_cost/sales-comparison", "endpoint": "dashboards.last_marketing_cost", "view-args": {"id": "sales-comparison"}, "status": 200, "user": "c28ba3a6195d9213@lampenwelt.de", "timestamp": "2019-04-29T12:54:57.702483", "browser": "chrome", "browser-platform": "windows", "browser-version": "74.0.3729.108"}
{"method": "GET", "path": "/dashboards/_render_async_sql_query/61706dc7-fe49-4988-a96e-202c3e7ad874", "endpoint": "dashboards.render_async_sql_query", "view-args": {"id": "61706dc7-fe49-4988-a96e-202c3e7ad874"}, "status": 200, "user": "c28ba3a6195d9213@lampenwelt.de", "timestamp": "2019-04-29T12:54:57.873694", "browser": "chrome", "browser-platform": "windows", "browser-version": "74.0.3729.108"}
{"method": "GET", "path": "/dashboards/_render_async_sql_query/28182f64-2f41-45ad-975f-e4cd41e43f7e", "endpoint": "dashboards.render_async_sql_query", "view-args": {"id": "28182f64-2f41-45ad-975f-e4cd41e43f7e"}, "status": 200, "user": "c28ba3a6195d9213@lampenwelt.de", "timestamp": "2019-04-29T12:54:58.018464", "browser": "chrome", "browser-platform": "windows", "browser-version": "74.0.3729.108"}
{"method": "GET", "path": "/dashboards/_render_async_sql_query/47d44ad1-8b9d-4a73-8bc6-08450e69ed58", "endpoint": "dashboards.render_async_sql_query", "view-args": {"id": "47d44ad1-8b9d-4a73-8bc6-08450e69ed58"}, "status": 200, "user": "c28ba3a6195d9213@lampenwelt.de", "timestamp": "2019-04-29T12:54:58.853721", "browser": "chrome", "browser-platform": "windows", "browser-version": "74.0.3729.108"}
{"method": "GET", "path": "/dashboards/_render_async_sql_query/07f75435-78d0-4501-ab79-892d4c4c3c31", "endpoint": "dashboards.render_async_sql_query", "view-args": {"id": "07f75435-78d0-4501-ab79-892d4c4c3c31"}, "status": 200, "user": "c28ba3a6195d9213@lampenwelt.de", "timestamp": "2019-04-29T12:54:58.989767", "browser": "chrome", "browser-platform": "windows", "browser-version": "74.0.3729.108"}
{"method": "GET", "path": "/dashboards/marketing-affiliate-scorecard", "endpoint": "dashboards.view_dashboard", "view-args": {"id": "marketing-affiliate-scorecard"}, "status": 200, "user": "20afbf2131feb737@lampenwelt.de", "timestamp": "2019-04-29T12:56:16.918338", "browser": "chrome", "browser-platform": "windows", "browser-version": "73.0.3683.103"}
{"method": "GET", "path": "/dashboards/_render_async_sql_query/6fe2cf5d-c005-4c76-a80c-ab6bce919eff", "endpoint": "dashboards.render_async_sql_query", "view-args": {"id": "6fe2cf5d-c005-4c76-a80c-ab6bce919eff"}, "status": 200, "user": "20afbf2131feb737@lampenwelt.de", "timestamp": "2019-04-29T12:56:17.290961", "browser": "chrome", "browser-platform": "windows", "browser-version": "73.0.3683.103"}
{"method": "GET", "path": "/dashboards/_render_async_sql_query/f194a7b1-6a78-4215-b217-02da9e6f5b4f", "endpoint": "dashboards.render_async_sql_query", "view-args": {"id": "f194a7b1-6a78-4215-b217-02da9e6f5b4f"}, "status": 200, "user": "20afbf2131feb737@lampenwelt.de", "timestamp": "2019-04-29T12:56:17.291118", "browser": "chrome", "browser-platform": "windows", "browser-version": "73.0.3683.103"}
{"method": "GET", "path": "/dashboards/_render_async_sql_query/a19e6319-6400-49d3-8d23-4557b0c97553", "endpoint": "dashboards.render_async_sql_query", "view-args": {"id": "a19e6319-6400-49d3-8d23-4557b0c97553"}, "status": 200, "user": "20afbf2131feb737@lampenwelt.de", "timestamp": "2019-04-29T12:56:17.300292", "browser": "chrome", "browser-platform": "windows", "browser-version": "73.0.3683.103"}
{"method": "GET", "path": "/dashboards/_last_successful_import", "endpoint": "dashboards.last_successful_import", "view-args": {}, "status": 200, "user": "20afbf2131feb737@lampenwelt.de", "timestamp": "2019-04-29T12:56:17.311285", "browser": "chrome", "browser-platform": "windows", "browser-version": "73.0.3683.103"}
{"method": "GET", "path": "/dashboards/_render_async_sql_query/ab76e386-9075-4851-a2f1-d165cb415f7f", "endpoint": "dashboards.render_async_sql_query", "view-args": {"id": "ab76e386-9075-4851-a2f1-d165cb415f7f"}, "status": 200, "user": "20afbf2131feb737@lampenwelt.de", "timestamp": "2019-04-29T12:56:17.322737", "browser": "chrome", "browser-platform": "windows", "browser-version": "73.0.3683.103"}
{"method": "GET", "path": "/dashboards/_render_async_sql_query/bbbc1533-38c0-43b1-bdea-cc15d5bc3527", "endpoint": "dashboards.render_async_sql_query", "view-args": {"id": "bbbc1533-38c0-43b1-bdea-cc15d5bc3527"}, "status": 200, "user": "20afbf2131feb737@lampenwelt.de", "timestamp": "2019-04-29T12:56:17.434888", "browser": "chrome", "browser-platform": "windows", "browser-version": "73.0.3683.103"}
{"method": "GET", "path": "/dashboards/_render_async_sql_query/9092c5c6-c955-4ac9-bd4c-768a6f762350", "endpoint": "dashboards.render_async_sql_query", "view-args": {"id": "9092c5c6-c955-4ac9-bd4c-768a6f762350"}, "status": 200, "user": "20afbf2131feb737@lampenwelt.de", "timestamp": "2019-04-29T12:56:17.438162", "browser": "chrome", "browser-platform": "windows", "browser-version": "73.0.3683.103"}
{"method": "GET", "path": "/dashboards/_render_async_sql_query/2a8a717d-a614-4764-810c-6f75074f9acd", "endpoint": "dashboards.render_async_sql_query", "view-args": {"id": "2a8a717d-a614-4764-810c-6f75074f9acd"}, "status": 200, "user": "20afbf2131feb737@lampenwelt.de", "timestamp": "2019-04-29T12:56:17.464526", "browser": "chrome", "browser-platform": "windows", "browser-version": "73.0.3683.103"}
{"method": "GET", "path": "/dashboards/_render_async_sql_query/03c05d57-932b-4119-b2d0-dbbf8f63ee7f", "endpoint": "dashboards.render_async_sql_query", "view-args": {"id": "03c05d57-932b-4119-b2d0-dbbf8f63ee7f"}, "status": 200, "user": "20afbf2131feb737@lampenwelt.de", "timestamp": "2019-04-29T12:56:17.465367", "browser": "chrome", "browser-platform": "windows", "browser-version": "73.0.3683.103"}
{"method": "GET", "path": "/dashboards/_last_marketing_cost/marketing-affiliate-scorecard", "endpoint": "dashboards.last_marketing_cost", "view-args": {"id": "marketing-affiliate-scorecard"}, "status": 200, "user": "20afbf2131feb737@lampenwelt.de", "timestamp": "2019-04-29T12:56:17.555978", "browser": "chrome", "browser-platform": "windows", "browser-version": "73.0.3683.103"}
{"method": "GET", "path": "/dashboards/_render_async_sql_query/f56f489f-ed96-4494-a2b9-bedb7e609190", "endpoint": "dashboards.render_async_sql_query", "view-args": {"id": "f56f489f-ed96-4494-a2b9-bedb7e609190"}, "status": 200, "user": "20afbf2131feb737@lampenwelt.de", "timestamp": "2019-04-29T12:56:17.580092", "browser": "chrome", "browser-platform": "windows", "browser-version": "73.0.3683.103"}
{"method": "GET", "path": "/dashboards/_render_async_sql_query/f53540f8-df2b-4c6d-906f-51da9f090f5d", "endpoint": "dashboards.render_async_sql_query", "view-args": {"id": "f53540f8-df2b-4c6d-906f-51da9f090f5d"}, "status": 200, "user": "20afbf2131feb737@lampenwelt.de", "timestamp": "2019-04-29T12:56:17.586362", "browser": "chrome", "browser-platform": "windows", "browser-version": "73.0.3683.103"}
{"method": "GET", "path": "/dashboards/_render_async_sql_query/b0716d60-daa8-47b6-82d6-cbb805290e4e", "endpoint": "dashboards.render_async_sql_query", "view-args": {"id": "b0716d60-daa8-47b6-82d6-cbb805290e4e"}, "status": 200, "user": "20afbf2131feb737@lampenwelt.de", "timestamp": "2019-04-29T12:56:17.595550", "browser": "chrome", "browser-platform": "windows", "browser-version": "73.0.3683.103"}
{"method": "GET", "path": "/dashboards/_render_async_sql_query/bcda5747-3119-4d0c-825a-dd6f4fd57c5b", "endpoint": "dashboards.render_async_sql_query", "view-args": {"id": "bcda5747-3119-4d0c-825a-dd6f4fd57c5b"}, "status": 200, "user": "20afbf2131feb737@lampenwelt.de", "timestamp": "2019-04-29T12:56:17.605991", "browser": "chrome", "browser-platform": "windows", "browser-version": "73.0.3683.103"}
{"method": "GET", "path": "/dashboards/_render_async_sql_query/a4f40d8f-cbb3-4319-b387-05607ef919a2", "endpoint": "dashboards.render_async_sql_query", "view-args": {"id": "a4f40d8f-cbb3-4319-b387-05607ef919a2"}, "status": 200, "user": "20afbf2131feb737@lampenwelt.de", "timestamp": "2019-04-29T12:56:17.676626", "browser": "chrome", "browser-platform": "windows", "browser-version": "73.0.3683.103"}
{"method": "POST", "path": "/dashboards/marketing-affiliate-scorecard", "endpoint": "dashboards.view_dashboard", "view-args": {"id": "marketing-affiliate-scorecard"}, "status": 200, "user": "20afbf2131feb737@lampenwelt.de", "timestamp": "2019-04-29T12:57:42.992070", "browser": "chrome", "browser-platform": "windows", "browser-version": "73.0.3683.103"}
{"method": "GET", "path": "/dashboards/_render_async_sql_query/31f6db9f-1fe7-4261-b1e6-61482980bf68", "endpoint": "dashboards.render_async_sql_query", "view-args": {"id": "31f6db9f-1fe7-4261-b1e6-61482980bf68"}, "status": 200, "user": "20afbf2131feb737@lampenwelt.de", "timestamp": "2019-04-29T12:57:43.581351", "browser": "chrome", "browser-platform": "windows", "browser-version": "73.0.3683.103"}
{"method": "GET", "path": "/dashboards/_render_async_sql_query/7fe3bd13-4b63-4861-904f-47ea24674a4c", "endpoint": "dashboards.render_async_sql_query", "view-args": {"id": "7fe3bd13-4b63-4861-904f-47ea24674a4c"}, "status": 200, "user": "20afbf2131feb737@lampenwelt.de", "timestamp": "2019-04-29T12:57:43.625885", "browser": "chrome", "browser-platform": "windows", "browser-version": "73.0.3683.103"}
{"method": "GET", "path": "/dashboards/_last_successful_import", "endpoint": "dashboards.last_successful_import", "view-args": {}, "status": 200, "user": "20afbf2131feb737@lampenwelt.de", "timestamp": "2019-04-29T12:57:43.646949", "browser": "chrome", "browser-platform": "windows", "browser-version": "73.0.3683.103"}
{"method": "GET", "path": "/dashboards/_render_async_sql_query/6e889172-6852-4b4c-bcac-48144d5dab9d", "endpoint": "dashboards.render_async_sql_query", "view-args": {"id": "6e889172-6852-4b4c-bcac-48144d5dab9d"}, "status": 200, "user": "20afbf2131feb737@lampenwelt.de", "timestamp": "2019-04-29T12:57:43.650537", "browser": "chrome", "browser-platform": "windows", "browser-version": "73.0.3683.103"}
{"method": "GET", "path": "/dashboards/_last_marketing_cost/marketing-affiliate-scorecard", "endpoint": "dashboards.last_marketing_cost", "view-args": {"id": "marketing-affiliate-scorecard"}, "status": 200, "user": "20afbf2131feb737@lampenwelt.de", "timestamp": "2019-04-29T12:57:43.668663", "browser": "chrome", "browser-platform": "windows", "browser-version": "73.0.3683.103"}
{"method": "GET", "path": "/dashboards/_render_async_sql_query/426f3622-4735-4709-9e81-75e3e329a416", "endpoint": "dashboards.render_async_sql_query", "view-args": {"id": "426f3622-4735-4709-9e81-75e3e329a416"}, "status": 200, "user": "20afbf2131feb737@lampenwelt.de", "timestamp": "2019-04-29T12:57:43.819106", "browser": "chrome", "browser-platform": "windows", "browser-version": "73.0.3683.103"}
{"method": "GET", "path": "/dashboards/_render_async_sql_query/7ebce2e9-61e9-4bfd-81b3-f6c4270eecca", "endpoint": "dashboards.render_async_sql_query", "view-args": {"id": "7ebce2e9-61e9-4bfd-81b3-f6c4270eecca"}, "status": 200, "user": "20afbf2131feb737@lampenwelt.de", "timestamp": "2019-04-29T12:57:43.860619", "browser": "chrome", "browser-platform": "windows", "browser-version": "73.0.3683.103"}
{"method": "GET", "path": "/dashboards/_render_async_sql_query/b5e90004-fce3-4a3c-a286-6b10fd2c4382", "endpoint": "dashboards.render_async_sql_query", "view-args": {"id": "b5e90004-fce3-4a3c-a286-6b10fd2c4382"}, "status": 200, "user": "20afbf2131feb737@lampenwelt.de", "timestamp": "2019-04-29T12:57:43.955954", "browser": "chrome", "browser-platform": "windows", "browser-version": "73.0.3683.103"}
{"method": "GET", "path": "/dashboards/_render_async_sql_query/4d269dfc-0eb4-48be-8092-64aa6508898f", "endpoint": "dashboards.render_async_sql_query", "view-args": {"id": "4d269dfc-0eb4-48be-8092-64aa6508898f"}, "status": 200, "user": "20afbf2131feb737@lampenwelt.de", "timestamp": "2019-04-29T12:57:44.039112", "browser": "chrome", "browser-platform": "windows", "browser-version": "73.0.3683.103"}
{"method": "GET", "path": "/dashboards/_render_async_sql_query/70834900-8cc6-47a1-a9c4-62c47abb1560", "endpoint": "dashboards.render_async_sql_query", "view-args": {"id": "70834900-8cc6-47a1-a9c4-62c47abb1560"}, "status": 200, "user": "20afbf2131feb737@lampenwelt.de", "timestamp": "2019-04-29T12:57:44.428914", "browser": "chrome", "browser-platform": "windows", "browser-version": "73.0.3683.103"}
{"method": "GET", "path": "/dashboards/_render_async_sql_query/fb43e1f3-4e67-4b0c-92ca-bfa158099bb9", "endpoint": "dashboards.render_async_sql_query", "view-args": {"id": "fb43e1f3-4e67-4b0c-92ca-bfa158099bb9"}, "status": 200, "user": "20afbf2131feb737@lampenwelt.de", "timestamp": "2019-04-29T12:57:44.450155", "browser": "chrome", "browser-platform": "windows", "browser-version": "73.0.3683.103"}
{"method": "GET", "path": "/dashboards/_render_async_sql_query/684fe654-c214-4f49-b703-ba5ee2aa28d0", "endpoint": "dashboards.render_async_sql_query", "view-args": {"id": "684fe654-c214-4f49-b703-ba5ee2aa28d0"}, "status": 200, "user": "20afbf2131feb737@lampenwelt.de", "timestamp": "2019-04-29T12:57:44.455413", "browser": "chrome", "browser-platform": "windows", "browser-version": "73.0.3683.103"}
{"method": "GET", "path": "/dashboards/_render_async_sql_query/4b957a8f-c3d2-4122-be53-70af1ff1e6a3", "endpoint": "dashboards.render_async_sql_query", "view-args": {"id": "4b957a8f-c3d2-4122-be53-70af1ff1e6a3"}, "status": 200, "user": "20afbf2131feb737@lampenwelt.de", "timestamp": "2019-04-29T12:57:44.715176", "browser": "chrome", "browser-platform": "windows", "browser-version": "73.0.3683.103"}
{"method": "GET", "path": "/dashboards/_render_async_sql_query/2fc2a15a-9977-49f1-8ddb-42fd0e5d469d", "endpoint": "dashboards.render_async_sql_query", "view-args": {"id": "2fc2a15a-9977-49f1-8ddb-42fd0e5d469d"}, "status": 200, "user": "20afbf2131feb737@lampenwelt.de", "timestamp": "2019-04-29T12:57:44.794656", "browser": "chrome", "browser-platform": "windows", "browser-version": "73.0.3683.103"}
{"method": "GET", "path": "/dashboards/_render_async_sql_query/4b200bcc-c192-4673-91ad-6ea5f7766833", "endpoint": "dashboards.render_async_sql_query", "view-args": {"id": "4b200bcc-c192-4673-91ad-6ea5f7766833"}, "status": 200, "user": "20afbf2131feb737@lampenwelt.de", "timestamp": "2019-04-29T12:57:44.870021", "browser": "chrome", "browser-platform": "windows", "browser-version": "73.0.3683.103"}
{"method": "GET", "path": "/dashboards/user-stats", "endpoint": "dashboards.view_dashboard", "view-args": {"id": "user-stats"}, "status": 200, "user": "20afbf2131feb737@lampenwelt.de", "timestamp": "2019-04-29T12:59:50.402211", "browser": "chrome", "browser-platform": "windows", "browser-version": "73.0.3683.103"}
{"method": "GET", "path": "/dashboards/_render_async_sql_query/8b2c5e49-b77d-4b1c-a2b7-ee82fb1d4b99", "endpoint": "dashboards.render_async_sql_query", "view-args": {"id": "8b2c5e49-b77d-4b1c-a2b7-ee82fb1d4b99"}, "status": 200, "user": "20afbf2131feb737@lampenwelt.de", "timestamp": "2019-04-29T12:59:50.854653", "browser": "chrome", "browser-platform": "windows", "browser-version": "73.0.3683.103"}
{"method": "GET", "path": "/dashboards/_render_async_sql_query/ed38f357-f093-40fb-9efa-7e58e6bae6f6", "endpoint": "dashboards.render_async_sql_query", "view-args": {"id": "ed38f357-f093-40fb-9efa-7e58e6bae6f6"}, "status": 200, "user": "20afbf2131feb737@lampenwelt.de", "timestamp": "2019-04-29T12:59:50.859259", "browser": "chrome", "browser-platform": "windows", "browser-version": "73.0.3683.103"}
{"method": "GET", "path": "/dashboards/_render_async_sql_query/fffcde72-3f7f-469a-a37b-561ac9cfb26d", "endpoint": "dashboards.render_async_sql_query", "view-args": {"id": "fffcde72-3f7f-469a-a37b-561ac9cfb26d"}, "status": 200, "user": "20afbf2131feb737@lampenwelt.de", "timestamp": "2019-04-29T12:59:50.863713", "browser": "chrome", "browser-platform": "windows", "browser-version": "73.0.3683.103"}
{"method": "GET", "path": "/dashboards/_last_marketing_cost/user-stats", "endpoint": "dashboards.last_marketing_cost", "view-args": {"id": "user-stats"}, "status": 200, "user": "20afbf2131feb737@lampenwelt.de", "timestamp": "2019-04-29T12:59:50.875678", "browser": "chrome", "browser-platform": "windows", "browser-version": "73.0.3683.103"}
{"method": "GET", "path": "/dashboards/_render_async_sql_query/74c67f3c-2f1d-4367-b4ac-82504bff9675", "endpoint": "dashboards.render_async_sql_query", "view-args": {"id": "74c67f3c-2f1d-4367-b4ac-82504bff9675"}, "status": 200, "user": "20afbf2131feb737@lampenwelt.de", "timestamp": "2019-04-29T12:59:50.881284", "browser": "chrome", "browser-platform": "windows", "browser-version": "73.0.3683.103"}
{"method": "GET", "path": "/dashboards/_last_successful_import", "endpoint": "dashboards.last_successful_import", "view-args": {}, "status": 200, "user": "20afbf2131feb737@lampenwelt.de", "timestamp": "2019-04-29T12:59:50.881299", "browser": "chrome", "browser-platform": "windows", "browser-version": "73.0.3683.103"}
{"method": "GET", "path": "/dashboards/_render_async_sql_query/97dcb0a2-3d77-4912-a025-8a215b79d6a5", "endpoint": "dashboards.render_async_sql_query", "view-args": {"id": "97dcb0a2-3d77-4912-a025-8a215b79d6a5"}, "status": 200, "user": "20afbf2131feb737@lampenwelt.de", "timestamp": "2019-04-29T12:59:51.006151", "browser": "chrome", "browser-platform": "windows", "browser-version": "73.0.3683.103"}
{"method": "GET", "path": "/dashboards/_render_async_sql_query/4ad52e4a-5bf8-4846-8ffd-a85c9bb756ec", "endpoint": "dashboards.render_async_sql_query", "view-args": {"id": "4ad52e4a-5bf8-4846-8ffd-a85c9bb756ec"}, "status": 200, "user": "20afbf2131feb737@lampenwelt.de", "timestamp": "2019-04-29T12:59:51.012268", "browser": "chrome", "browser-platform": "windows", "browser-version": "73.0.3683.103"}
{"method": "GET", "path": "/dashboards/_render_async_sql_query/6d830ae4-a5ac-40b1-9644-ba167710ce18", "endpoint": "dashboards.render_async_sql_query", "view-args": {"id": "6d830ae4-a5ac-40b1-9644-ba167710ce18"}, "status": 200, "user": "20afbf2131feb737@lampenwelt.de", "timestamp": "2019-04-29T12:59:51.049372", "browser": "chrome", "browser-platform": "windows", "browser-version": "73.0.3683.103"}
{"method": "GET", "path": "/dashboards/_render_async_sql_query/10fb2eaa-a710-4198-9bab-d3b508d0b1a3", "endpoint": "dashboards.render_async_sql_query", "view-args": {"id": "10fb2eaa-a710-4198-9bab-d3b508d0b1a3"}, "status": 200, "user": "20afbf2131feb737@lampenwelt.de", "timestamp": "2019-04-29T12:59:51.069951", "browser": "chrome", "browser-platform": "windows", "browser-version": "73.0.3683.103"}
{"method": "GET", "path": "/dashboards/_render_async_sql_query/8aef73b6-21b0-40cd-90de-6bcb7f364495", "endpoint": "dashboards.render_async_sql_query", "view-args": {"id": "8aef73b6-21b0-40cd-90de-6bcb7f364495"}, "status": 200, "user": "20afbf2131feb737@lampenwelt.de", "timestamp": "2019-04-29T12:59:51.073196", "browser": "chrome", "browser-platform": "windows", "browser-version": "73.0.3683.103"}
{"method": "GET", "path": "/dashboards/_render_async_sql_query/a3f0484b-fae4-4b15-aef2-67ebfc1701b5", "endpoint": "dashboards.render_async_sql_query", "view-args": {"id": "a3f0484b-fae4-4b15-aef2-67ebfc1701b5"}, "status": 200, "user": "20afbf2131feb737@lampenwelt.de", "timestamp": "2019-04-29T12:59:51.096028", "browser": "chrome", "browser-platform": "windows", "browser-version": "73.0.3683.103"}
