{"method": "GET", "path": "/dashboards/marketing-overview", "endpoint": "dashboards.view_dashboard", "view-args": {"id": "marketing-overview"}, "status": 200, "user": "c28ba3a6195d9213@lampenwelt.de", "timestamp": "2019-03-21T18:04:44.400765", "browser": "chrome", "browser-platform": "windows", "browser-version": "72.0.3626.121"}
{"method": "GET", "path": "/dashboards/_render_async_sql_query/8793026b-7774-49ae-9207-cfff9e393d71", "endpoint": "dashboards.render_async_sql_query", "view-args": {"id": "8793026b-7774-49ae-9207-cfff9e393d71"}, "status": 200, "user": "c28ba3a6195d9213@lampenwelt.de", "timestamp": "2019-03-21T18:04:44.930098", "browser": "chrome", "browser-platform": "windows", "browser-version": "72.0.3626.121"}
{"method": "GET", "path": "/dashboards/_render_async_sql_query/04d52b5c-e1d3-4e27-a626-6a51b000b74f", "endpoint": "dashboards.render_async_sql_query", "view-args": {"id": "04d52b5c-e1d3-4e27-a626-6a51b000b74f"}, "status": 200, "user": "c28ba3a6195d9213@lampenwelt.de", "timestamp": "2019-03-21T18:04:44.930761", "browser": "chrome", "browser-platform": "windows", "browser-version": "72.0.3626.121"}
{"method": "GET", "path": "/dashboards/_render_async_sql_query/75d34eaf-5a7f-4c9c-9bd5-ca14ad0a728c", "endpoint": "dashboards.render_async_sql_query", "view-args": {"id": "75d34eaf-5a7f-4c9c-9bd5-ca14ad0a728c"}, "status": 200, "user": "c28ba3a6195d9213@lampenwelt.de", "timestamp": "2019-03-21T18:04:44.933810", "browser": "chrome", "browser-platform": "windows", "browser-version": "72.0.3626.121"}
{"method": "GET", "path": "/dashboards/_last_successful_import", "endpoint": "dashboards.last_successful_import", "view-args": {}, "status": 200, "user": "c28ba3a6195d9213@lampenwelt.de", "timestamp": "2019-03-21T18:04:44.946168", "browser": "chrome", "browser-platform": "windows", "browser-version": "72.0.3626.121"}
{"method": "GET", "path": "/dashboards/_last_marketing_cost/marketing-overview", "endpoint": "dashboards.last_marketing_cost", "view-args": {"id": "marketing-overview"}, "status": 200, "user": "c28ba3a6195d9213@lampenwelt.de", "timestamp": "2019-03-21T18:04:44.949978", "browser": "chrome", "browser-platform": "windows", "browser-version": "72.0.3626.121"}
{"method": "GET", "path": "/dashboards/_render_async_sql_query/7167715a-9d7c-410e-9581-5c47d4b5eba4", "endpoint": "dashboards.render_async_sql_query", "view-args": {"id": "7167715a-9d7c-410e-9581-5c47d4b5eba4"}, "status": 200, "user": "c28ba3a6195d9213@lampenwelt.de", "timestamp": "2019-03-21T18:04:44.960225", "browser": "chrome", "browser-platform": "windows", "browser-version": "72.0.3626.121"}
{"method": "GET", "path": "/dashboards/_render_async_sql_query/b09bd1fc-041b-4458-814b-db8aed5b7dab", "endpoint": "dashboards.render_async_sql_query", "view-args": {"id": "b09bd1fc-041b-4458-814b-db8aed5b7dab"}, "status": 200, "user": "c28ba3a6195d9213@lampenwelt.de", "timestamp": "2019-03-21T18:04:45.029041", "browser": "chrome", "browser-platform": "windows", "browser-version": "72.0.3626.121"}
{"method": "GET", "path": "/dashboards/_render_async_sql_query/16f68d66-ffec-472b-8dcf-765ebfd12783", "endpoint": "dashboards.render_async_sql_query", "view-args": {"id": "16f68d66-ffec-472b-8dcf-765ebfd12783"}, "status": 200, "user": "c28ba3a6195d9213@lampenwelt.de", "timestamp": "2019-03-21T18:04:45.040243", "browser": "chrome", "browser-platform": "windows", "browser-version": "72.0.3626.121"}
{"method": "GET", "path": "/dashboards/_render_async_sql_query/470ad2cc-5c0e-4fcf-a28c-b82c7dfc9946", "endpoint": "dashboards.render_async_sql_query", "view-args": {"id": "470ad2cc-5c0e-4fcf-a28c-b82c7dfc9946"}, "status": 200, "user": "c28ba3a6195d9213@lampenwelt.de", "timestamp": "2019-03-21T18:04:45.052132", "browser": "chrome", "browser-platform": "windows", "browser-version": "72.0.3626.121"}
{"method": "GET", "path": "/dashboards/_render_async_sql_query/ef1ffaf5-7c87-4143-a80c-27ec18398091", "endpoint": "dashboards.render_async_sql_query", "view-args": {"id": "ef1ffaf5-7c87-4143-a80c-27ec18398091"}, "status": 200, "user": "c28ba3a6195d9213@lampenwelt.de", "timestamp": "2019-03-21T18:04:45.083828", "browser": "chrome", "browser-platform": "windows", "browser-version": "72.0.3626.121"}
{"method": "GET", "path": "/dashboards/_render_async_sql_query/40467512-d2db-45e9-95a8-d49414e24882", "endpoint": "dashboards.render_async_sql_query", "view-args": {"id": "40467512-d2db-45e9-95a8-d49414e24882"}, "status": 200, "user": "c28ba3a6195d9213@lampenwelt.de", "timestamp": "2019-03-21T18:04:45.108068", "browser": "chrome", "browser-platform": "windows", "browser-version": "72.0.3626.121"}
{"method": "GET", "path": "/dashboards/_render_async_sql_query/aa93a9e4-b5b8-4f69-b971-5af2f733e0e4", "endpoint": "dashboards.render_async_sql_query", "view-args": {"id": "aa93a9e4-b5b8-4f69-b971-5af2f733e0e4"}, "status": 200, "user": "c28ba3a6195d9213@lampenwelt.de", "timestamp": "2019-03-21T18:04:45.112342", "browser": "chrome", "browser-platform": "windows", "browser-version": "72.0.3626.121"}
{"method": "GET", "path": "/dashboards/_render_async_sql_query/47bfbb95-0a37-4bcd-9696-de265a0c50cc", "endpoint": "dashboards.render_async_sql_query", "view-args": {"id": "47bfbb95-0a37-4bcd-9696-de265a0c50cc"}, "status": 200, "user": "c28ba3a6195d9213@lampenwelt.de", "timestamp": "2019-03-21T18:04:45.141262", "browser": "chrome", "browser-platform": "windows", "browser-version": "72.0.3626.121"}
{"method": "GET", "path": "/dashboards/_render_async_sql_query/38049f8b-9c08-4c1d-8a77-9358e5c9d54d", "endpoint": "dashboards.render_async_sql_query", "view-args": {"id": "38049f8b-9c08-4c1d-8a77-9358e5c9d54d"}, "status": 200, "user": "c28ba3a6195d9213@lampenwelt.de", "timestamp": "2019-03-21T18:04:45.174538", "browser": "chrome", "browser-platform": "windows", "browser-version": "72.0.3626.121"}
{"method": "GET", "path": "/dashboards/_render_async_sql_query/05b4056b-e65b-46ba-bfe5-b11a4811b361", "endpoint": "dashboards.render_async_sql_query", "view-args": {"id": "05b4056b-e65b-46ba-bfe5-b11a4811b361"}, "status": 200, "user": "c28ba3a6195d9213@lampenwelt.de", "timestamp": "2019-03-21T18:04:45.175981", "browser": "chrome", "browser-platform": "windows", "browser-version": "72.0.3626.121"}
{"method": "GET", "path": "/dashboards/_render_async_sql_query/e028b02d-46a5-4980-8541-d5475cf4e8fc", "endpoint": "dashboards.render_async_sql_query", "view-args": {"id": "e028b02d-46a5-4980-8541-d5475cf4e8fc"}, "status": 200, "user": "c28ba3a6195d9213@lampenwelt.de", "timestamp": "2019-03-21T18:04:45.195055", "browser": "chrome", "browser-platform": "windows", "browser-version": "72.0.3626.121"}
{"method": "GET", "path": "/dashboards/_render_async_sql_query/1d263dbc-f1ba-4b8b-9f66-bc9ef3eda43e", "endpoint": "dashboards.render_async_sql_query", "view-args": {"id": "1d263dbc-f1ba-4b8b-9f66-bc9ef3eda43e"}, "status": 200, "user": "c28ba3a6195d9213@lampenwelt.de", "timestamp": "2019-03-21T18:04:45.199783", "browser": "chrome", "browser-platform": "windows", "browser-version": "72.0.3626.121"}
{"method": "GET", "path": "/dashboards/_render_async_sql_query/0009633b-d2eb-4870-ac13-7d8f166954d4", "endpoint": "dashboards.render_async_sql_query", "view-args": {"id": "0009633b-d2eb-4870-ac13-7d8f166954d4"}, "status": 200, "user": "c28ba3a6195d9213@lampenwelt.de", "timestamp": "2019-03-21T18:04:45.217246", "browser": "chrome", "browser-platform": "windows", "browser-version": "72.0.3626.121"}
{"method": "POST", "path": "/mondrian/saiku/authorize", "endpoint": "py_mondrian.saiku_authorize", "view-args": {}, "status": 200, "user": "35675e68f4b5af7b@localhost", "timestamp": "2019-03-21T18:04:57.903905", "browser": null, "browser-platform": null, "browser-version": null}
{"method": "POST", "path": "/mondrian/saiku/authorize", "endpoint": "py_mondrian.saiku_authorize", "view-args": {}, "status": 200, "user": "35675e68f4b5af7b@localhost", "timestamp": "2019-03-21T18:04:59.078237", "browser": null, "browser-platform": null, "browser-version": null}
{"method": "GET", "path": "/data-integration/data_transformation/sales/transform_quote", "endpoint": "data_integration.node_page", "view-args": {"path": "data_transformation/sales/transform_quote"}, "status": 200, "user": "e5063e1f25c24f00@lampenwelt.de", "timestamp": "2019-03-21T18:05:16.577873", "browser": "chrome", "browser-platform": "windows", "browser-version": "72.0.3626.121"}
{"method": "GET", "path": "/data-integration/data_transformation/sales/transform_quote/last-runs-selector", "endpoint": "data_integration.last_runs_selector", "view-args": {"path": "data_transformation/sales/transform_quote"}, "status": 200, "user": "e5063e1f25c24f00@lampenwelt.de", "timestamp": "2019-03-21T18:05:17.429363", "browser": "chrome", "browser-platform": "windows", "browser-version": "72.0.3626.121"}
{"method": "GET", "path": "/data-integration/data_transformation/sales/transform_quote/system-stats", "endpoint": "data_integration.system_stats", "view-args": {"path": "data_transformation/sales/transform_quote", "run_id": null}, "status": 200, "user": "e5063e1f25c24f00@lampenwelt.de", "timestamp": "2019-03-21T18:05:17.464701", "browser": "chrome", "browser-platform": "windows", "browser-version": "72.0.3626.121"}
{"method": "GET", "path": "/data-integration/data_transformation/sales/transform_quote/dependency-graph", "endpoint": "data_integration.dependency_graph", "view-args": {"path": "data_transformation/sales/transform_quote"}, "status": 200, "user": "e5063e1f25c24f00@lampenwelt.de", "timestamp": "2019-03-21T18:05:17.493460", "browser": "chrome", "browser-platform": "windows", "browser-version": "72.0.3626.121"}
{"method": "GET", "path": "/data-integration/data_transformation/sales/transform_quote/run-time-chart", "endpoint": "data_integration.run_time_chart", "view-args": {"path": "data_transformation/sales/transform_quote"}, "status": 200, "user": "e5063e1f25c24f00@lampenwelt.de", "timestamp": "2019-03-21T18:05:17.503204", "browser": "chrome", "browser-platform": "windows", "browser-version": "72.0.3626.121"}
{"method": "GET", "path": "/data-integration/data_transformation/sales/transform_quote/timeline-chart", "endpoint": "data_integration.timeline_chart", "view-args": {"path": "data_transformation/sales/transform_quote", "run_id": null}, "status": 200, "user": "e5063e1f25c24f00@lampenwelt.de", "timestamp": "2019-03-21T18:05:17.503676", "browser": "chrome", "browser-platform": "windows", "browser-version": "72.0.3626.121"}
{"method": "GET", "path": "/data-integration/data_transformation/sales/transform_quote/run-output-limited", "endpoint": "data_integration.run_output", "view-args": {"path": "data_transformation/sales/transform_quote", "run_id": null, "limit": true}, "status": 200, "user": "e5063e1f25c24f00@lampenwelt.de", "timestamp": "2019-03-21T18:05:17.533469", "browser": "chrome", "browser-platform": "windows", "browser-version": "72.0.3626.121"}
{"method": "GET", "path": "/product-performance-analyzer/", "endpoint": "product-performance-analyzer.product_filter_panel", "view-args": {}, "status": 200, "user": "4cc33a8ae3d9bb44@lampenwelt.de", "timestamp": "2019-03-21T18:30:40.929925", "browser": "chrome", "browser-platform": "windows", "browser-version": "72.0.3626.121"}
{"method": "GET", "path": "/product-performance-analyzer/_last_successful_import", "endpoint": "product-performance-analyzer.last_successful_import", "view-args": {}, "status": 200, "user": "4cc33a8ae3d9bb44@lampenwelt.de", "timestamp": "2019-03-21T18:30:41.721902", "browser": "chrome", "browser-platform": "windows", "browser-version": "72.0.3626.121"}
{"method": "POST", "path": "/product-performance-analyzer/_render-mdx-request", "endpoint": "product-performance-analyzer.render_mdx_request", "view-args": {}, "status": 200, "user": "4cc33a8ae3d9bb44@lampenwelt.de", "timestamp": "2019-03-21T18:30:45.594974", "browser": "chrome", "browser-platform": "windows", "browser-version": "72.0.3626.121"}
{"method": "GET", "path": "/product-performance-analyzer/_product_images/1/9954056.jpg", "endpoint": "product-performance-analyzer.get_product_image", "view-args": {"filename": "1/9954056.jpg"}, "status": 404, "user": "4cc33a8ae3d9bb44@lampenwelt.de", "timestamp": "2019-03-21T18:30:45.710586", "browser": "chrome", "browser-platform": "windows", "browser-version": "72.0.3626.121"}
{"method": "GET", "path": "/product-performance-analyzer/_product_images/1/9954058.jpg", "endpoint": "product-performance-analyzer.get_product_image", "view-args": {"filename": "1/9954058.jpg"}, "status": 404, "user": "4cc33a8ae3d9bb44@lampenwelt.de", "timestamp": "2019-03-21T18:30:45.712016", "browser": "chrome", "browser-platform": "windows", "browser-version": "72.0.3626.121"}
{"method": "GET", "path": "/product-performance-analyzer/_product_images/1/9620241.jpg", "endpoint": "product-performance-analyzer.get_product_image", "view-args": {"filename": "1/9620241.jpg"}, "status": 404, "user": "4cc33a8ae3d9bb44@lampenwelt.de", "timestamp": "2019-03-21T18:30:45.713757", "browser": "chrome", "browser-platform": "windows", "browser-version": "72.0.3626.121"}
{"method": "GET", "path": "/product-performance-analyzer/_product_images/1/9634060.jpg", "endpoint": "product-performance-analyzer.get_product_image", "view-args": {"filename": "1/9634060.jpg"}, "status": 200, "user": "4cc33a8ae3d9bb44@lampenwelt.de", "timestamp": "2019-03-21T18:30:45.719175", "browser": "chrome", "browser-platform": "windows", "browser-version": "72.0.3626.121"}
{"method": "GET", "path": "/product-performance-analyzer/_product_images/1/9954055.jpg", "endpoint": "product-performance-analyzer.get_product_image", "view-args": {"filename": "1/9954055.jpg"}, "status": 404, "user": "4cc33a8ae3d9bb44@lampenwelt.de", "timestamp": "2019-03-21T18:30:45.720142", "browser": "chrome", "browser-platform": "windows", "browser-version": "72.0.3626.121"}
{"method": "GET", "path": "/product-performance-analyzer/_product_images/1/9620516.jpg", "endpoint": "product-performance-analyzer.get_product_image", "view-args": {"filename": "1/9620516.jpg"}, "status": 404, "user": "4cc33a8ae3d9bb44@lampenwelt.de", "timestamp": "2019-03-21T18:30:45.721088", "browser": "chrome", "browser-platform": "windows", "browser-version": "72.0.3626.121"}
{"method": "GET", "path": "/product-performance-analyzer/_product_images/1/9954062.jpg", "endpoint": "product-performance-analyzer.get_product_image", "view-args": {"filename": "1/9954062.jpg"}, "status": 200, "user": "4cc33a8ae3d9bb44@lampenwelt.de", "timestamp": "2019-03-21T18:30:45.748554", "browser": "chrome", "browser-platform": "windows", "browser-version": "72.0.3626.121"}
{"method": "GET", "path": "/product-performance-analyzer/_product_images/1/7587080.jpg", "endpoint": "product-performance-analyzer.get_product_image", "view-args": {"filename": "1/7587080.jpg"}, "status": 404, "user": "4cc33a8ae3d9bb44@lampenwelt.de", "timestamp": "2019-03-21T18:30:45.753529", "browser": "chrome", "browser-platform": "windows", "browser-version": "72.0.3626.121"}
{"method": "GET", "path": "/product-performance-analyzer/_product_images/1/9954059.jpg", "endpoint": "product-performance-analyzer.get_product_image", "view-args": {"filename": "1/9954059.jpg"}, "status": 404, "user": "4cc33a8ae3d9bb44@lampenwelt.de", "timestamp": "2019-03-21T18:30:45.761687", "browser": "chrome", "browser-platform": "windows", "browser-version": "72.0.3626.121"}
{"method": "GET", "path": "/product-performance-analyzer/_product_images/1/9954060.jpg", "endpoint": "product-performance-analyzer.get_product_image", "view-args": {"filename": "1/9954060.jpg"}, "status": 200, "user": "4cc33a8ae3d9bb44@lampenwelt.de", "timestamp": "2019-03-21T18:30:45.770047", "browser": "chrome", "browser-platform": "windows", "browser-version": "72.0.3626.121"}
{"method": "GET", "path": "/product-performance-analyzer/_product_images/1/9621679.jpg", "endpoint": "product-performance-analyzer.get_product_image", "view-args": {"filename": "1/9621679.jpg"}, "status": 200, "user": "4cc33a8ae3d9bb44@lampenwelt.de", "timestamp": "2019-03-21T18:30:45.775736", "browser": "chrome", "browser-platform": "windows", "browser-version": "72.0.3626.121"}
{"method": "GET", "path": "/product-performance-analyzer/_product_images/1/9976077.jpg", "endpoint": "product-performance-analyzer.get_product_image", "view-args": {"filename": "1/9976077.jpg"}, "status": 200, "user": "4cc33a8ae3d9bb44@lampenwelt.de", "timestamp": "2019-03-21T18:30:45.788095", "browser": "chrome", "browser-platform": "windows", "browser-version": "72.0.3626.121"}
{"method": "GET", "path": "/product-performance-analyzer/_product_images/1/9976078.jpg", "endpoint": "product-performance-analyzer.get_product_image", "view-args": {"filename": "1/9976078.jpg"}, "status": 200, "user": "4cc33a8ae3d9bb44@lampenwelt.de", "timestamp": "2019-03-21T18:30:45.811006", "browser": "chrome", "browser-platform": "windows", "browser-version": "72.0.3626.121"}
{"method": "GET", "path": "/product-performance-analyzer/_product_images/1/9621220.jpg", "endpoint": "product-performance-analyzer.get_product_image", "view-args": {"filename": "1/9621220.jpg"}, "status": 200, "user": "4cc33a8ae3d9bb44@lampenwelt.de", "timestamp": "2019-03-21T18:30:45.821505", "browser": "chrome", "browser-platform": "windows", "browser-version": "72.0.3626.121"}
{"method": "GET", "path": "/product-performance-analyzer/_product_images/1/7261094.jpg", "endpoint": "product-performance-analyzer.get_product_image", "view-args": {"filename": "1/7261094.jpg"}, "status": 404, "user": "4cc33a8ae3d9bb44@lampenwelt.de", "timestamp": "2019-03-21T18:30:45.927464", "browser": "chrome", "browser-platform": "windows", "browser-version": "72.0.3626.121"}
{"method": "GET", "path": "/product-performance-analyzer/_product_images/1/9621273.jpg", "endpoint": "product-performance-analyzer.get_product_image", "view-args": {"filename": "1/9621273.jpg"}, "status": 200, "user": "4cc33a8ae3d9bb44@lampenwelt.de", "timestamp": "2019-03-21T18:30:45.958414", "browser": "chrome", "browser-platform": "windows", "browser-version": "72.0.3626.121"}
{"method": "GET", "path": "/product-performance-analyzer/_product_images/1/9976081.jpg", "endpoint": "product-performance-analyzer.get_product_image", "view-args": {"filename": "1/9976081.jpg"}, "status": 200, "user": "4cc33a8ae3d9bb44@lampenwelt.de", "timestamp": "2019-03-21T18:30:45.958587", "browser": "chrome", "browser-platform": "windows", "browser-version": "72.0.3626.121"}
{"method": "GET", "path": "/product-performance-analyzer/_product_images/1/9976075.jpg", "endpoint": "product-performance-analyzer.get_product_image", "view-args": {"filename": "1/9976075.jpg"}, "status": 200, "user": "4cc33a8ae3d9bb44@lampenwelt.de", "timestamp": "2019-03-21T18:30:45.961294", "browser": "chrome", "browser-platform": "windows", "browser-version": "72.0.3626.121"}
{"method": "GET", "path": "/product-performance-analyzer/_product_images/1/9620529.jpg", "endpoint": "product-performance-analyzer.get_product_image", "view-args": {"filename": "1/9620529.jpg"}, "status": 200, "user": "4cc33a8ae3d9bb44@lampenwelt.de", "timestamp": "2019-03-21T18:30:45.976369", "browser": "chrome", "browser-platform": "windows", "browser-version": "72.0.3626.121"}
{"method": "GET", "path": "/product-performance-analyzer/_product_images/1/7500169.jpg", "endpoint": "product-performance-analyzer.get_product_image", "view-args": {"filename": "1/7500169.jpg"}, "status": 404, "user": "4cc33a8ae3d9bb44@lampenwelt.de", "timestamp": "2019-03-21T18:30:45.976480", "browser": "chrome", "browser-platform": "windows", "browser-version": "72.0.3626.121"}
{"method": "GET", "path": "/product-performance-analyzer/_product_images/1/9621090.jpg", "endpoint": "product-performance-analyzer.get_product_image", "view-args": {"filename": "1/9621090.jpg"}, "status": 200, "user": "4cc33a8ae3d9bb44@lampenwelt.de", "timestamp": "2019-03-21T18:30:45.983947", "browser": "chrome", "browser-platform": "windows", "browser-version": "72.0.3626.121"}
{"method": "GET", "path": "/product-performance-analyzer/_product_images/1/9621118.jpg", "endpoint": "product-performance-analyzer.get_product_image", "view-args": {"filename": "1/9621118.jpg"}, "status": 404, "user": "4cc33a8ae3d9bb44@lampenwelt.de", "timestamp": "2019-03-21T18:30:46.069673", "browser": "chrome", "browser-platform": "windows", "browser-version": "72.0.3626.121"}
{"method": "GET", "path": "/product-performance-analyzer/_product_images/1/7610516.jpg", "endpoint": "product-performance-analyzer.get_product_image", "view-args": {"filename": "1/7610516.jpg"}, "status": 404, "user": "4cc33a8ae3d9bb44@lampenwelt.de", "timestamp": "2019-03-21T18:30:46.093709", "browser": "chrome", "browser-platform": "windows", "browser-version": "72.0.3626.121"}
{"method": "GET", "path": "/product-performance-analyzer/_product_images/1/9976076.jpg", "endpoint": "product-performance-analyzer.get_product_image", "view-args": {"filename": "1/9976076.jpg"}, "status": 200, "user": "4cc33a8ae3d9bb44@lampenwelt.de", "timestamp": "2019-03-21T18:30:46.095162", "browser": "chrome", "browser-platform": "windows", "browser-version": "72.0.3626.121"}
{"method": "GET", "path": "/product-performance-analyzer/_product_images/1/9976080.jpg", "endpoint": "product-performance-analyzer.get_product_image", "view-args": {"filename": "1/9976080.jpg"}, "status": 200, "user": "4cc33a8ae3d9bb44@lampenwelt.de", "timestamp": "2019-03-21T18:30:46.098291", "browser": "chrome", "browser-platform": "windows", "browser-version": "72.0.3626.121"}
{"method": "GET", "path": "/product-performance-analyzer/_product_images/1/9954061.jpg", "endpoint": "product-performance-analyzer.get_product_image", "view-args": {"filename": "1/9954061.jpg"}, "status": 200, "user": "4cc33a8ae3d9bb44@lampenwelt.de", "timestamp": "2019-03-21T18:30:46.101149", "browser": "chrome", "browser-platform": "windows", "browser-version": "72.0.3626.121"}
{"method": "GET", "path": "/product-performance-analyzer/_product_images/1/9620094.jpg", "endpoint": "product-performance-analyzer.get_product_image", "view-args": {"filename": "1/9620094.jpg"}, "status": 404, "user": "4cc33a8ae3d9bb44@lampenwelt.de", "timestamp": "2019-03-21T18:30:46.110843", "browser": "chrome", "browser-platform": "windows", "browser-version": "72.0.3626.121"}
{"method": "GET", "path": "/product-performance-analyzer/_product_images/1/9635006.jpg", "endpoint": "product-performance-analyzer.get_product_image", "view-args": {"filename": "1/9635006.jpg"}, "status": 404, "user": "4cc33a8ae3d9bb44@lampenwelt.de", "timestamp": "2019-03-21T18:30:46.111510", "browser": "chrome", "browser-platform": "windows", "browser-version": "72.0.3626.121"}
{"method": "GET", "path": "/product-performance-analyzer/_product_images/1/9620669.jpg", "endpoint": "product-performance-analyzer.get_product_image", "view-args": {"filename": "1/9620669.jpg"}, "status": 404, "user": "4cc33a8ae3d9bb44@lampenwelt.de", "timestamp": "2019-03-21T18:30:46.117890", "browser": "chrome", "browser-platform": "windows", "browser-version": "72.0.3626.121"}
{"method": "GET", "path": "/product-performance-analyzer/_product_images/1/9621791.jpg", "endpoint": "product-performance-analyzer.get_product_image", "view-args": {"filename": "1/9621791.jpg"}, "status": 200, "user": "4cc33a8ae3d9bb44@lampenwelt.de", "timestamp": "2019-03-21T18:30:46.177582", "browser": "chrome", "browser-platform": "windows", "browser-version": "72.0.3626.121"}
{"method": "GET", "path": "/product-performance-analyzer/_product_images/1/5000254.jpg", "endpoint": "product-performance-analyzer.get_product_image", "view-args": {"filename": "1/5000254.jpg"}, "status": 200, "user": "4cc33a8ae3d9bb44@lampenwelt.de", "timestamp": "2019-03-21T18:30:46.186466", "browser": "chrome", "browser-platform": "windows", "browser-version": "72.0.3626.121"}
{"method": "GET", "path": "/product-performance-analyzer/_product_images/1/6500157.jpg", "endpoint": "product-performance-analyzer.get_product_image", "view-args": {"filename": "1/6500157.jpg"}, "status": 404, "user": "4cc33a8ae3d9bb44@lampenwelt.de", "timestamp": "2019-03-21T18:30:46.187093", "browser": "chrome", "browser-platform": "windows", "browser-version": "72.0.3626.121"}
{"method": "GET", "path": "/product-performance-analyzer/_product_images/1/9621409.jpg", "endpoint": "product-performance-analyzer.get_product_image", "view-args": {"filename": "1/9621409.jpg"}, "status": 200, "user": "4cc33a8ae3d9bb44@lampenwelt.de", "timestamp": "2019-03-21T18:30:46.195849", "browser": "chrome", "browser-platform": "windows", "browser-version": "72.0.3626.121"}
{"method": "GET", "path": "/product-performance-analyzer/_product_images/1/9611073.jpg", "endpoint": "product-performance-analyzer.get_product_image", "view-args": {"filename": "1/9611073.jpg"}, "status": 404, "user": "4cc33a8ae3d9bb44@lampenwelt.de", "timestamp": "2019-03-21T18:30:46.203855", "browser": "chrome", "browser-platform": "windows", "browser-version": "72.0.3626.121"}
{"method": "GET", "path": "/product-performance-analyzer/_product_images/1/9990013.jpg", "endpoint": "product-performance-analyzer.get_product_image", "view-args": {"filename": "1/9990013.jpg"}, "status": 200, "user": "4cc33a8ae3d9bb44@lampenwelt.de", "timestamp": "2019-03-21T18:30:46.207728", "browser": "chrome", "browser-platform": "windows", "browser-version": "72.0.3626.121"}
{"method": "GET", "path": "/product-performance-analyzer/_product_images/1/9612029.jpg", "endpoint": "product-performance-analyzer.get_product_image", "view-args": {"filename": "1/9612029.jpg"}, "status": 404, "user": "4cc33a8ae3d9bb44@lampenwelt.de", "timestamp": "2019-03-21T18:30:46.212629", "browser": "chrome", "browser-platform": "windows", "browser-version": "72.0.3626.121"}
{"method": "GET", "path": "/product-performance-analyzer/_product_images/1/9624342.jpg", "endpoint": "product-performance-analyzer.get_product_image", "view-args": {"filename": "1/9624342.jpg"}, "status": 404, "user": "4cc33a8ae3d9bb44@lampenwelt.de", "timestamp": "2019-03-21T18:30:46.252857", "browser": "chrome", "browser-platform": "windows", "browser-version": "72.0.3626.121"}
{"method": "GET", "path": "/product-performance-analyzer/_product_images/1/9620236.jpg", "endpoint": "product-performance-analyzer.get_product_image", "view-args": {"filename": "1/9620236.jpg"}, "status": 404, "user": "4cc33a8ae3d9bb44@lampenwelt.de", "timestamp": "2019-03-21T18:30:46.256769", "browser": "chrome", "browser-platform": "windows", "browser-version": "72.0.3626.121"}
{"method": "GET", "path": "/product-performance-analyzer/_product_images/1/9950027.jpg", "endpoint": "product-performance-analyzer.get_product_image", "view-args": {"filename": "1/9950027.jpg"}, "status": 404, "user": "4cc33a8ae3d9bb44@lampenwelt.de", "timestamp": "2019-03-21T18:30:46.260509", "browser": "chrome", "browser-platform": "windows", "browser-version": "72.0.3626.121"}
{"method": "GET", "path": "/product-performance-analyzer/_product_images/1/9620667.jpg", "endpoint": "product-performance-analyzer.get_product_image", "view-args": {"filename": "1/9620667.jpg"}, "status": 404, "user": "4cc33a8ae3d9bb44@lampenwelt.de", "timestamp": "2019-03-21T18:30:46.264492", "browser": "chrome", "browser-platform": "windows", "browser-version": "72.0.3626.121"}
{"method": "GET", "path": "/product-performance-analyzer/_product_images/1/9620239.jpg", "endpoint": "product-performance-analyzer.get_product_image", "view-args": {"filename": "1/9620239.jpg"}, "status": 404, "user": "4cc33a8ae3d9bb44@lampenwelt.de", "timestamp": "2019-03-21T18:30:46.267072", "browser": "chrome", "browser-platform": "windows", "browser-version": "72.0.3626.121"}
{"method": "GET", "path": "/product-performance-analyzer/_product_images/1/9640024.jpg", "endpoint": "product-performance-analyzer.get_product_image", "view-args": {"filename": "1/9640024.jpg"}, "status": 404, "user": "4cc33a8ae3d9bb44@lampenwelt.de", "timestamp": "2019-03-21T18:30:46.268554", "browser": "chrome", "browser-platform": "windows", "browser-version": "72.0.3626.121"}
{"method": "GET", "path": "/product-performance-analyzer/_product_images/1/9621447.jpg", "endpoint": "product-performance-analyzer.get_product_image", "view-args": {"filename": "1/9621447.jpg"}, "status": 200, "user": "4cc33a8ae3d9bb44@lampenwelt.de", "timestamp": "2019-03-21T18:30:46.297742", "browser": "chrome", "browser-platform": "windows", "browser-version": "72.0.3626.121"}
{"method": "GET", "path": "/product-performance-analyzer/_product_images/1/9621289.jpg", "endpoint": "product-performance-analyzer.get_product_image", "view-args": {"filename": "1/9621289.jpg"}, "status": 200, "user": "4cc33a8ae3d9bb44@lampenwelt.de", "timestamp": "2019-03-21T18:30:46.298087", "browser": "chrome", "browser-platform": "windows", "browser-version": "72.0.3626.121"}
{"method": "GET", "path": "/product-performance-analyzer/_product_images/1/7610515.jpg", "endpoint": "product-performance-analyzer.get_product_image", "view-args": {"filename": "1/7610515.jpg"}, "status": 404, "user": "4cc33a8ae3d9bb44@lampenwelt.de", "timestamp": "2019-03-21T18:30:46.298906", "browser": "chrome", "browser-platform": "windows", "browser-version": "72.0.3626.121"}
{"method": "GET", "path": "/product-performance-analyzer/_product_images/1/9624397.jpg", "endpoint": "product-performance-analyzer.get_product_image", "view-args": {"filename": "1/9624397.jpg"}, "status": 404, "user": "4cc33a8ae3d9bb44@lampenwelt.de", "timestamp": "2019-03-21T18:30:46.307588", "browser": "chrome", "browser-platform": "windows", "browser-version": "72.0.3626.121"}
{"method": "GET", "path": "/product-performance-analyzer/_product_images/1/8559161X.jpg", "endpoint": "product-performance-analyzer.get_product_image", "view-args": {"filename": "1/8559161X.jpg"}, "status": 404, "user": "4cc33a8ae3d9bb44@lampenwelt.de", "timestamp": "2019-03-21T18:30:46.316747", "browser": "chrome", "browser-platform": "windows", "browser-version": "72.0.3626.121"}
{"method": "GET", "path": "/product-performance-analyzer/_product_images/1/9620240.jpg", "endpoint": "product-performance-analyzer.get_product_image", "view-args": {"filename": "1/9620240.jpg"}, "status": 404, "user": "4cc33a8ae3d9bb44@lampenwelt.de", "timestamp": "2019-03-21T18:30:46.316866", "browser": "chrome", "browser-platform": "windows", "browser-version": "72.0.3626.121"}
{"method": "GET", "path": "/product-performance-analyzer/_product_images/1/4018016.jpg", "endpoint": "product-performance-analyzer.get_product_image", "view-args": {"filename": "1/4018016.jpg"}, "status": 200, "user": "4cc33a8ae3d9bb44@lampenwelt.de", "timestamp": "2019-03-21T18:30:46.320418", "browser": "chrome", "browser-platform": "windows", "browser-version": "72.0.3626.121"}
{"method": "GET", "path": "/product-performance-analyzer/_product_images/1/9515074.jpg", "endpoint": "product-performance-analyzer.get_product_image", "view-args": {"filename": "1/9515074.jpg"}, "status": 404, "user": "4cc33a8ae3d9bb44@lampenwelt.de", "timestamp": "2019-03-21T18:30:46.385005", "browser": "chrome", "browser-platform": "windows", "browser-version": "72.0.3626.121"}
{"method": "POST", "path": "/product-performance-analyzer/_render-mdx-request", "endpoint": "product-performance-analyzer.render_mdx_request", "view-args": {}, "status": 200, "user": "4cc33a8ae3d9bb44@lampenwelt.de", "timestamp": "2019-03-21T18:31:40.612681", "browser": "chrome", "browser-platform": "windows", "browser-version": "72.0.3626.121"}
{"method": "GET", "path": "/product-performance-analyzer/_product_images/1/9954056.jpg", "endpoint": "product-performance-analyzer.get_product_image", "view-args": {"filename": "1/9954056.jpg"}, "status": 404, "user": "4cc33a8ae3d9bb44@lampenwelt.de", "timestamp": "2019-03-21T18:31:40.724842", "browser": "chrome", "browser-platform": "windows", "browser-version": "72.0.3626.121"}
{"method": "GET", "path": "/product-performance-analyzer/_product_images/1/9620241.jpg", "endpoint": "product-performance-analyzer.get_product_image", "view-args": {"filename": "1/9620241.jpg"}, "status": 404, "user": "4cc33a8ae3d9bb44@lampenwelt.de", "timestamp": "2019-03-21T18:31:40.727106", "browser": "chrome", "browser-platform": "windows", "browser-version": "72.0.3626.121"}
{"method": "GET", "path": "/product-performance-analyzer/_product_images/1/7587080.jpg", "endpoint": "product-performance-analyzer.get_product_image", "view-args": {"filename": "1/7587080.jpg"}, "status": 404, "user": "4cc33a8ae3d9bb44@lampenwelt.de", "timestamp": "2019-03-21T18:31:40.732018", "browser": "chrome", "browser-platform": "windows", "browser-version": "72.0.3626.121"}
{"method": "GET", "path": "/product-performance-analyzer/_product_images/1/9620516.jpg", "endpoint": "product-performance-analyzer.get_product_image", "view-args": {"filename": "1/9620516.jpg"}, "status": 404, "user": "4cc33a8ae3d9bb44@lampenwelt.de", "timestamp": "2019-03-21T18:31:40.735304", "browser": "chrome", "browser-platform": "windows", "browser-version": "72.0.3626.121"}
{"method": "GET", "path": "/product-performance-analyzer/_product_images/1/9954058.jpg", "endpoint": "product-performance-analyzer.get_product_image", "view-args": {"filename": "1/9954058.jpg"}, "status": 404, "user": "4cc33a8ae3d9bb44@lampenwelt.de", "timestamp": "2019-03-21T18:31:40.741231", "browser": "chrome", "browser-platform": "windows", "browser-version": "72.0.3626.121"}
{"method": "GET", "path": "/product-performance-analyzer/_product_images/1/9954059.jpg", "endpoint": "product-performance-analyzer.get_product_image", "view-args": {"filename": "1/9954059.jpg"}, "status": 404, "user": "4cc33a8ae3d9bb44@lampenwelt.de", "timestamp": "2019-03-21T18:31:40.745369", "browser": "chrome", "browser-platform": "windows", "browser-version": "72.0.3626.121"}
{"method": "GET", "path": "/product-performance-analyzer/_product_images/1/9954055.jpg", "endpoint": "product-performance-analyzer.get_product_image", "view-args": {"filename": "1/9954055.jpg"}, "status": 404, "user": "4cc33a8ae3d9bb44@lampenwelt.de", "timestamp": "2019-03-21T18:31:40.765415", "browser": "chrome", "browser-platform": "windows", "browser-version": "72.0.3626.121"}
{"method": "GET", "path": "/product-performance-analyzer/_product_images/1/7261094.jpg", "endpoint": "product-performance-analyzer.get_product_image", "view-args": {"filename": "1/7261094.jpg"}, "status": 404, "user": "4cc33a8ae3d9bb44@lampenwelt.de", "timestamp": "2019-03-21T18:31:40.767324", "browser": "chrome", "browser-platform": "windows", "browser-version": "72.0.3626.121"}
{"method": "GET", "path": "/product-performance-analyzer/_product_images/1/7610516.jpg", "endpoint": "product-performance-analyzer.get_product_image", "view-args": {"filename": "1/7610516.jpg"}, "status": 404, "user": "4cc33a8ae3d9bb44@lampenwelt.de", "timestamp": "2019-03-21T18:31:40.769257", "browser": "chrome", "browser-platform": "windows", "browser-version": "72.0.3626.121"}
{"method": "GET", "path": "/product-performance-analyzer/_product_images/1/9620236.jpg", "endpoint": "product-performance-analyzer.get_product_image", "view-args": {"filename": "1/9620236.jpg"}, "status": 404, "user": "4cc33a8ae3d9bb44@lampenwelt.de", "timestamp": "2019-03-21T18:31:40.772726", "browser": "chrome", "browser-platform": "windows", "browser-version": "72.0.3626.121"}
{"method": "GET", "path": "/product-performance-analyzer/_product_images/1/9621638.jpg", "endpoint": "product-performance-analyzer.get_product_image", "view-args": {"filename": "1/9621638.jpg"}, "status": 200, "user": "4cc33a8ae3d9bb44@lampenwelt.de", "timestamp": "2019-03-21T18:31:40.775102", "browser": "chrome", "browser-platform": "windows", "browser-version": "72.0.3626.121"}
{"method": "GET", "path": "/product-performance-analyzer/_product_images/1/9945009.jpg", "endpoint": "product-performance-analyzer.get_product_image", "view-args": {"filename": "1/9945009.jpg"}, "status": 200, "user": "4cc33a8ae3d9bb44@lampenwelt.de", "timestamp": "2019-03-21T18:31:40.777933", "browser": "chrome", "browser-platform": "windows", "browser-version": "72.0.3626.121"}
{"method": "GET", "path": "/product-performance-analyzer/_product_images/1/9624342.jpg", "endpoint": "product-performance-analyzer.get_product_image", "view-args": {"filename": "1/9624342.jpg"}, "status": 404, "user": "4cc33a8ae3d9bb44@lampenwelt.de", "timestamp": "2019-03-21T18:31:40.795247", "browser": "chrome", "browser-platform": "windows", "browser-version": "72.0.3626.121"}
{"method": "GET", "path": "/product-performance-analyzer/_product_images/1/7500169.jpg", "endpoint": "product-performance-analyzer.get_product_image", "view-args": {"filename": "1/7500169.jpg"}, "status": 404, "user": "4cc33a8ae3d9bb44@lampenwelt.de", "timestamp": "2019-03-21T18:31:40.802415", "browser": "chrome", "browser-platform": "windows", "browser-version": "72.0.3626.121"}
{"method": "GET", "path": "/product-performance-analyzer/_product_images/1/9634059.jpg", "endpoint": "product-performance-analyzer.get_product_image", "view-args": {"filename": "1/9634059.jpg"}, "status": 200, "user": "4cc33a8ae3d9bb44@lampenwelt.de", "timestamp": "2019-03-21T18:31:40.809369", "browser": "chrome", "browser-platform": "windows", "browser-version": "72.0.3626.121"}
{"method": "GET", "path": "/product-performance-analyzer/_product_images/1/9620237.jpg", "endpoint": "product-performance-analyzer.get_product_image", "view-args": {"filename": "1/9620237.jpg"}, "status": 404, "user": "4cc33a8ae3d9bb44@lampenwelt.de", "timestamp": "2019-03-21T18:31:40.823534", "browser": "chrome", "browser-platform": "windows", "browser-version": "72.0.3626.121"}
{"method": "GET", "path": "/product-performance-analyzer/_product_images/1/9635006.jpg", "endpoint": "product-performance-analyzer.get_product_image", "view-args": {"filename": "1/9635006.jpg"}, "status": 404, "user": "4cc33a8ae3d9bb44@lampenwelt.de", "timestamp": "2019-03-21T18:31:40.831930", "browser": "chrome", "browser-platform": "windows", "browser-version": "72.0.3626.121"}
{"method": "GET", "path": "/product-performance-analyzer/_product_images/1/9621191.jpg", "endpoint": "product-performance-analyzer.get_product_image", "view-args": {"filename": "1/9621191.jpg"}, "status": 200, "user": "4cc33a8ae3d9bb44@lampenwelt.de", "timestamp": "2019-03-21T18:31:40.832055", "browser": "chrome", "browser-platform": "windows", "browser-version": "72.0.3626.121"}
{"method": "GET", "path": "/product-performance-analyzer/_product_images/1/3051155.jpg", "endpoint": "product-performance-analyzer.get_product_image", "view-args": {"filename": "1/3051155.jpg"}, "status": 200, "user": "4cc33a8ae3d9bb44@lampenwelt.de", "timestamp": "2019-03-21T18:31:40.929190", "browser": "chrome", "browser-platform": "windows", "browser-version": "72.0.3626.121"}
{"method": "GET", "path": "/product-performance-analyzer/_product_images/1/9619159.jpg", "endpoint": "product-performance-analyzer.get_product_image", "view-args": {"filename": "1/9619159.jpg"}, "status": 200, "user": "4cc33a8ae3d9bb44@lampenwelt.de", "timestamp": "2019-03-21T18:31:40.934303", "browser": "chrome", "browser-platform": "windows", "browser-version": "72.0.3626.121"}
{"method": "GET", "path": "/product-performance-analyzer/_product_images/1/9621118.jpg", "endpoint": "product-performance-analyzer.get_product_image", "view-args": {"filename": "1/9621118.jpg"}, "status": 404, "user": "4cc33a8ae3d9bb44@lampenwelt.de", "timestamp": "2019-03-21T18:31:40.936653", "browser": "chrome", "browser-platform": "windows", "browser-version": "72.0.3626.121"}
{"method": "GET", "path": "/product-performance-analyzer/_product_images/1/9611073.jpg", "endpoint": "product-performance-analyzer.get_product_image", "view-args": {"filename": "1/9611073.jpg"}, "status": 404, "user": "4cc33a8ae3d9bb44@lampenwelt.de", "timestamp": "2019-03-21T18:31:41.006845", "browser": "chrome", "browser-platform": "windows", "browser-version": "72.0.3626.121"}
{"method": "GET", "path": "/product-performance-analyzer/_product_images/1/9620667.jpg", "endpoint": "product-performance-analyzer.get_product_image", "view-args": {"filename": "1/9620667.jpg"}, "status": 404, "user": "4cc33a8ae3d9bb44@lampenwelt.de", "timestamp": "2019-03-21T18:31:41.006841", "browser": "chrome", "browser-platform": "windows", "browser-version": "72.0.3626.121"}
{"method": "GET", "path": "/product-performance-analyzer/_product_images/1/9620094.jpg", "endpoint": "product-performance-analyzer.get_product_image", "view-args": {"filename": "1/9620094.jpg"}, "status": 404, "user": "4cc33a8ae3d9bb44@lampenwelt.de", "timestamp": "2019-03-21T18:31:41.007008", "browser": "chrome", "browser-platform": "windows", "browser-version": "72.0.3626.121"}
{"method": "GET", "path": "/product-performance-analyzer/_product_images/1/9635008.jpg", "endpoint": "product-performance-analyzer.get_product_image", "view-args": {"filename": "1/9635008.jpg"}, "status": 404, "user": "4cc33a8ae3d9bb44@lampenwelt.de", "timestamp": "2019-03-21T18:31:41.015731", "browser": "chrome", "browser-platform": "windows", "browser-version": "72.0.3626.121"}
{"method": "GET", "path": "/product-performance-analyzer/_product_images/1/9950027.jpg", "endpoint": "product-performance-analyzer.get_product_image", "view-args": {"filename": "1/9950027.jpg"}, "status": 404, "user": "4cc33a8ae3d9bb44@lampenwelt.de", "timestamp": "2019-03-21T18:31:41.017115", "browser": "chrome", "browser-platform": "windows", "browser-version": "72.0.3626.121"}
{"method": "GET", "path": "/product-performance-analyzer/_product_images/1/8574361.jpg", "endpoint": "product-performance-analyzer.get_product_image", "view-args": {"filename": "1/8574361.jpg"}, "status": 200, "user": "4cc33a8ae3d9bb44@lampenwelt.de", "timestamp": "2019-03-21T18:31:41.034387", "browser": "chrome", "browser-platform": "windows", "browser-version": "72.0.3626.121"}
{"method": "GET", "path": "/product-performance-analyzer/_product_images/1/9620239.jpg", "endpoint": "product-performance-analyzer.get_product_image", "view-args": {"filename": "1/9620239.jpg"}, "status": 404, "user": "4cc33a8ae3d9bb44@lampenwelt.de", "timestamp": "2019-03-21T18:31:41.036059", "browser": "chrome", "browser-platform": "windows", "browser-version": "72.0.3626.121"}
{"method": "GET", "path": "/product-performance-analyzer/_product_images/1/8574360.jpg", "endpoint": "product-performance-analyzer.get_product_image", "view-args": {"filename": "1/8574360.jpg"}, "status": 200, "user": "4cc33a8ae3d9bb44@lampenwelt.de", "timestamp": "2019-03-21T18:31:41.039001", "browser": "chrome", "browser-platform": "windows", "browser-version": "72.0.3626.121"}
{"method": "GET", "path": "/product-performance-analyzer/_product_images/1/9621275.jpg", "endpoint": "product-performance-analyzer.get_product_image", "view-args": {"filename": "1/9621275.jpg"}, "status": 200, "user": "4cc33a8ae3d9bb44@lampenwelt.de", "timestamp": "2019-03-21T18:31:41.043541", "browser": "chrome", "browser-platform": "windows", "browser-version": "72.0.3626.121"}
{"method": "POST", "path": "/product-performance-analyzer/_render-mdx-request", "endpoint": "product-performance-analyzer.render_mdx_request", "view-args": {}, "status": 200, "user": "4cc33a8ae3d9bb44@lampenwelt.de", "timestamp": "2019-03-21T18:32:53.655935", "browser": "chrome", "browser-platform": "windows", "browser-version": "72.0.3626.121"}
{"method": "GET", "path": "/product-performance-analyzer/_product_images/1/9954056.jpg", "endpoint": "product-performance-analyzer.get_product_image", "view-args": {"filename": "1/9954056.jpg"}, "status": 404, "user": "4cc33a8ae3d9bb44@lampenwelt.de", "timestamp": "2019-03-21T18:32:53.770654", "browser": "chrome", "browser-platform": "windows", "browser-version": "72.0.3626.121"}
{"method": "GET", "path": "/product-performance-analyzer/_product_images/1/9620241.jpg", "endpoint": "product-performance-analyzer.get_product_image", "view-args": {"filename": "1/9620241.jpg"}, "status": 404, "user": "4cc33a8ae3d9bb44@lampenwelt.de", "timestamp": "2019-03-21T18:32:53.791512", "browser": "chrome", "browser-platform": "windows", "browser-version": "72.0.3626.121"}
{"method": "GET", "path": "/product-performance-analyzer/_product_images/1/7587080.jpg", "endpoint": "product-performance-analyzer.get_product_image", "view-args": {"filename": "1/7587080.jpg"}, "status": 404, "user": "4cc33a8ae3d9bb44@lampenwelt.de", "timestamp": "2019-03-21T18:32:53.794912", "browser": "chrome", "browser-platform": "windows", "browser-version": "72.0.3626.121"}
{"method": "GET", "path": "/product-performance-analyzer/_product_images/1/9620516.jpg", "endpoint": "product-performance-analyzer.get_product_image", "view-args": {"filename": "1/9620516.jpg"}, "status": 404, "user": "4cc33a8ae3d9bb44@lampenwelt.de", "timestamp": "2019-03-21T18:32:53.797560", "browser": "chrome", "browser-platform": "windows", "browser-version": "72.0.3626.121"}
{"method": "GET", "path": "/product-performance-analyzer/_product_images/1/9954058.jpg", "endpoint": "product-performance-analyzer.get_product_image", "view-args": {"filename": "1/9954058.jpg"}, "status": 404, "user": "4cc33a8ae3d9bb44@lampenwelt.de", "timestamp": "2019-03-21T18:32:53.803695", "browser": "chrome", "browser-platform": "windows", "browser-version": "72.0.3626.121"}
{"method": "GET", "path": "/product-performance-analyzer/_product_images/1/9954059.jpg", "endpoint": "product-performance-analyzer.get_product_image", "view-args": {"filename": "1/9954059.jpg"}, "status": 404, "user": "4cc33a8ae3d9bb44@lampenwelt.de", "timestamp": "2019-03-21T18:32:53.805418", "browser": "chrome", "browser-platform": "windows", "browser-version": "72.0.3626.121"}
{"method": "GET", "path": "/product-performance-analyzer/_product_images/1/9954055.jpg", "endpoint": "product-performance-analyzer.get_product_image", "view-args": {"filename": "1/9954055.jpg"}, "status": 404, "user": "4cc33a8ae3d9bb44@lampenwelt.de", "timestamp": "2019-03-21T18:32:53.807739", "browser": "chrome", "browser-platform": "windows", "browser-version": "72.0.3626.121"}
{"method": "GET", "path": "/product-performance-analyzer/_product_images/1/7261094.jpg", "endpoint": "product-performance-analyzer.get_product_image", "view-args": {"filename": "1/7261094.jpg"}, "status": 404, "user": "4cc33a8ae3d9bb44@lampenwelt.de", "timestamp": "2019-03-21T18:32:53.814383", "browser": "chrome", "browser-platform": "windows", "browser-version": "72.0.3626.121"}
{"method": "GET", "path": "/product-performance-analyzer/_product_images/1/7610516.jpg", "endpoint": "product-performance-analyzer.get_product_image", "view-args": {"filename": "1/7610516.jpg"}, "status": 404, "user": "4cc33a8ae3d9bb44@lampenwelt.de", "timestamp": "2019-03-21T18:32:53.823601", "browser": "chrome", "browser-platform": "windows", "browser-version": "72.0.3626.121"}
{"method": "GET", "path": "/product-performance-analyzer/_product_images/1/9620236.jpg", "endpoint": "product-performance-analyzer.get_product_image", "view-args": {"filename": "1/9620236.jpg"}, "status": 404, "user": "4cc33a8ae3d9bb44@lampenwelt.de", "timestamp": "2019-03-21T18:32:53.824451", "browser": "chrome", "browser-platform": "windows", "browser-version": "72.0.3626.121"}
{"method": "GET", "path": "/product-performance-analyzer/_product_images/1/9624342.jpg", "endpoint": "product-performance-analyzer.get_product_image", "view-args": {"filename": "1/9624342.jpg"}, "status": 404, "user": "4cc33a8ae3d9bb44@lampenwelt.de", "timestamp": "2019-03-21T18:32:53.826882", "browser": "chrome", "browser-platform": "windows", "browser-version": "72.0.3626.121"}
{"method": "GET", "path": "/product-performance-analyzer/_product_images/1/7500169.jpg", "endpoint": "product-performance-analyzer.get_product_image", "view-args": {"filename": "1/7500169.jpg"}, "status": 404, "user": "4cc33a8ae3d9bb44@lampenwelt.de", "timestamp": "2019-03-21T18:32:53.831490", "browser": "chrome", "browser-platform": "windows", "browser-version": "72.0.3626.121"}
{"method": "GET", "path": "/product-performance-analyzer/_product_images/1/9620237.jpg", "endpoint": "product-performance-analyzer.get_product_image", "view-args": {"filename": "1/9620237.jpg"}, "status": 404, "user": "4cc33a8ae3d9bb44@lampenwelt.de", "timestamp": "2019-03-21T18:32:53.833539", "browser": "chrome", "browser-platform": "windows", "browser-version": "72.0.3626.121"}
{"method": "GET", "path": "/product-performance-analyzer/_product_images/1/9635006.jpg", "endpoint": "product-performance-analyzer.get_product_image", "view-args": {"filename": "1/9635006.jpg"}, "status": 404, "user": "4cc33a8ae3d9bb44@lampenwelt.de", "timestamp": "2019-03-21T18:32:53.835619", "browser": "chrome", "browser-platform": "windows", "browser-version": "72.0.3626.121"}
{"method": "GET", "path": "/product-performance-analyzer/_product_images/1/9621118.jpg", "endpoint": "product-performance-analyzer.get_product_image", "view-args": {"filename": "1/9621118.jpg"}, "status": 404, "user": "4cc33a8ae3d9bb44@lampenwelt.de", "timestamp": "2019-03-21T18:32:53.843535", "browser": "chrome", "browser-platform": "windows", "browser-version": "72.0.3626.121"}
{"method": "GET", "path": "/product-performance-analyzer/_product_images/1/9620667.jpg", "endpoint": "product-performance-analyzer.get_product_image", "view-args": {"filename": "1/9620667.jpg"}, "status": 404, "user": "4cc33a8ae3d9bb44@lampenwelt.de", "timestamp": "2019-03-21T18:32:53.850388", "browser": "chrome", "browser-platform": "windows", "browser-version": "72.0.3626.121"}
{"method": "GET", "path": "/product-performance-analyzer/_product_images/1/9611073.jpg", "endpoint": "product-performance-analyzer.get_product_image", "view-args": {"filename": "1/9611073.jpg"}, "status": 404, "user": "4cc33a8ae3d9bb44@lampenwelt.de", "timestamp": "2019-03-21T18:32:53.850399", "browser": "chrome", "browser-platform": "windows", "browser-version": "72.0.3626.121"}
{"method": "GET", "path": "/product-performance-analyzer/_product_images/1/9620094.jpg", "endpoint": "product-performance-analyzer.get_product_image", "view-args": {"filename": "1/9620094.jpg"}, "status": 404, "user": "4cc33a8ae3d9bb44@lampenwelt.de", "timestamp": "2019-03-21T18:32:53.859029", "browser": "chrome", "browser-platform": "windows", "browser-version": "72.0.3626.121"}
{"method": "GET", "path": "/product-performance-analyzer/_product_images/1/9635008.jpg", "endpoint": "product-performance-analyzer.get_product_image", "view-args": {"filename": "1/9635008.jpg"}, "status": 404, "user": "4cc33a8ae3d9bb44@lampenwelt.de", "timestamp": "2019-03-21T18:32:53.860631", "browser": "chrome", "browser-platform": "windows", "browser-version": "72.0.3626.121"}
{"method": "GET", "path": "/product-performance-analyzer/_product_images/1/9950027.jpg", "endpoint": "product-performance-analyzer.get_product_image", "view-args": {"filename": "1/9950027.jpg"}, "status": 404, "user": "4cc33a8ae3d9bb44@lampenwelt.de", "timestamp": "2019-03-21T18:32:53.863014", "browser": "chrome", "browser-platform": "windows", "browser-version": "72.0.3626.121"}
{"method": "GET", "path": "/product-performance-analyzer/_product_images/1/9620239.jpg", "endpoint": "product-performance-analyzer.get_product_image", "view-args": {"filename": "1/9620239.jpg"}, "status": 404, "user": "4cc33a8ae3d9bb44@lampenwelt.de", "timestamp": "2019-03-21T18:32:53.871643", "browser": "chrome", "browser-platform": "windows", "browser-version": "72.0.3626.121"}
{"method": "POST", "path": "/product-performance-analyzer/_render-mdx-request", "endpoint": "product-performance-analyzer.render_mdx_request", "view-args": {}, "status": 200, "user": "4cc33a8ae3d9bb44@lampenwelt.de", "timestamp": "2019-03-21T18:32:56.186784", "browser": "chrome", "browser-platform": "windows", "browser-version": "72.0.3626.121"}
{"method": "GET", "path": "/product-performance-analyzer/_product_images/1/9954056.jpg", "endpoint": "product-performance-analyzer.get_product_image", "view-args": {"filename": "1/9954056.jpg"}, "status": 404, "user": "4cc33a8ae3d9bb44@lampenwelt.de", "timestamp": "2019-03-21T18:32:56.276935", "browser": "chrome", "browser-platform": "windows", "browser-version": "72.0.3626.121"}
{"method": "GET", "path": "/product-performance-analyzer/_product_images/1/7587080.jpg", "endpoint": "product-performance-analyzer.get_product_image", "view-args": {"filename": "1/7587080.jpg"}, "status": 404, "user": "4cc33a8ae3d9bb44@lampenwelt.de", "timestamp": "2019-03-21T18:32:56.280802", "browser": "chrome", "browser-platform": "windows", "browser-version": "72.0.3626.121"}
{"method": "GET", "path": "/product-performance-analyzer/_product_images/1/9620241.jpg", "endpoint": "product-performance-analyzer.get_product_image", "view-args": {"filename": "1/9620241.jpg"}, "status": 404, "user": "4cc33a8ae3d9bb44@lampenwelt.de", "timestamp": "2019-03-21T18:32:56.283132", "browser": "chrome", "browser-platform": "windows", "browser-version": "72.0.3626.121"}
{"method": "GET", "path": "/product-performance-analyzer/_product_images/1/9620516.jpg", "endpoint": "product-performance-analyzer.get_product_image", "view-args": {"filename": "1/9620516.jpg"}, "status": 404, "user": "4cc33a8ae3d9bb44@lampenwelt.de", "timestamp": "2019-03-21T18:32:56.285014", "browser": "chrome", "browser-platform": "windows", "browser-version": "72.0.3626.121"}
{"method": "GET", "path": "/product-performance-analyzer/_product_images/1/9954058.jpg", "endpoint": "product-performance-analyzer.get_product_image", "view-args": {"filename": "1/9954058.jpg"}, "status": 404, "user": "4cc33a8ae3d9bb44@lampenwelt.de", "timestamp": "2019-03-21T18:32:56.290267", "browser": "chrome", "browser-platform": "windows", "browser-version": "72.0.3626.121"}
{"method": "GET", "path": "/product-performance-analyzer/_product_images/1/9954059.jpg", "endpoint": "product-performance-analyzer.get_product_image", "view-args": {"filename": "1/9954059.jpg"}, "status": 404, "user": "4cc33a8ae3d9bb44@lampenwelt.de", "timestamp": "2019-03-21T18:32:56.292329", "browser": "chrome", "browser-platform": "windows", "browser-version": "72.0.3626.121"}
{"method": "GET", "path": "/product-performance-analyzer/_product_images/1/9954055.jpg", "endpoint": "product-performance-analyzer.get_product_image", "view-args": {"filename": "1/9954055.jpg"}, "status": 404, "user": "4cc33a8ae3d9bb44@lampenwelt.de", "timestamp": "2019-03-21T18:32:56.293464", "browser": "chrome", "browser-platform": "windows", "browser-version": "72.0.3626.121"}
{"method": "GET", "path": "/product-performance-analyzer/_product_images/1/7261094.jpg", "endpoint": "product-performance-analyzer.get_product_image", "view-args": {"filename": "1/7261094.jpg"}, "status": 404, "user": "4cc33a8ae3d9bb44@lampenwelt.de", "timestamp": "2019-03-21T18:32:56.310836", "browser": "chrome", "browser-platform": "windows", "browser-version": "72.0.3626.121"}
{"method": "GET", "path": "/product-performance-analyzer/_product_images/1/7610516.jpg", "endpoint": "product-performance-analyzer.get_product_image", "view-args": {"filename": "1/7610516.jpg"}, "status": 404, "user": "4cc33a8ae3d9bb44@lampenwelt.de", "timestamp": "2019-03-21T18:32:56.315712", "browser": "chrome", "browser-platform": "windows", "browser-version": "72.0.3626.121"}
{"method": "GET", "path": "/product-performance-analyzer/_product_images/1/9620236.jpg", "endpoint": "product-performance-analyzer.get_product_image", "view-args": {"filename": "1/9620236.jpg"}, "status": 404, "user": "4cc33a8ae3d9bb44@lampenwelt.de", "timestamp": "2019-03-21T18:32:56.316114", "browser": "chrome", "browser-platform": "windows", "browser-version": "72.0.3626.121"}
{"method": "GET", "path": "/product-performance-analyzer/_product_images/1/9624342.jpg", "endpoint": "product-performance-analyzer.get_product_image", "view-args": {"filename": "1/9624342.jpg"}, "status": 404, "user": "4cc33a8ae3d9bb44@lampenwelt.de", "timestamp": "2019-03-21T18:32:56.317870", "browser": "chrome", "browser-platform": "windows", "browser-version": "72.0.3626.121"}
{"method": "GET", "path": "/product-performance-analyzer/_product_images/1/7500169.jpg", "endpoint": "product-performance-analyzer.get_product_image", "view-args": {"filename": "1/7500169.jpg"}, "status": 404, "user": "4cc33a8ae3d9bb44@lampenwelt.de", "timestamp": "2019-03-21T18:32:56.323100", "browser": "chrome", "browser-platform": "windows", "browser-version": "72.0.3626.121"}
{"method": "GET", "path": "/product-performance-analyzer/_product_images/1/9620237.jpg", "endpoint": "product-performance-analyzer.get_product_image", "view-args": {"filename": "1/9620237.jpg"}, "status": 404, "user": "4cc33a8ae3d9bb44@lampenwelt.de", "timestamp": "2019-03-21T18:32:56.324910", "browser": "chrome", "browser-platform": "windows", "browser-version": "72.0.3626.121"}
{"method": "GET", "path": "/product-performance-analyzer/_product_images/1/9635006.jpg", "endpoint": "product-performance-analyzer.get_product_image", "view-args": {"filename": "1/9635006.jpg"}, "status": 404, "user": "4cc33a8ae3d9bb44@lampenwelt.de", "timestamp": "2019-03-21T18:32:56.330277", "browser": "chrome", "browser-platform": "windows", "browser-version": "72.0.3626.121"}
{"method": "GET", "path": "/product-performance-analyzer/_product_images/1/9621118.jpg", "endpoint": "product-performance-analyzer.get_product_image", "view-args": {"filename": "1/9621118.jpg"}, "status": 404, "user": "4cc33a8ae3d9bb44@lampenwelt.de", "timestamp": "2019-03-21T18:32:56.355230", "browser": "chrome", "browser-platform": "windows", "browser-version": "72.0.3626.121"}
{"method": "GET", "path": "/product-performance-analyzer/_product_images/1/9620667.jpg", "endpoint": "product-performance-analyzer.get_product_image", "view-args": {"filename": "1/9620667.jpg"}, "status": 404, "user": "4cc33a8ae3d9bb44@lampenwelt.de", "timestamp": "2019-03-21T18:32:56.357737", "browser": "chrome", "browser-platform": "windows", "browser-version": "72.0.3626.121"}
{"method": "GET", "path": "/product-performance-analyzer/_product_images/1/9611073.jpg", "endpoint": "product-performance-analyzer.get_product_image", "view-args": {"filename": "1/9611073.jpg"}, "status": 404, "user": "4cc33a8ae3d9bb44@lampenwelt.de", "timestamp": "2019-03-21T18:32:56.358329", "browser": "chrome", "browser-platform": "windows", "browser-version": "72.0.3626.121"}
{"method": "GET", "path": "/product-performance-analyzer/_product_images/1/9620094.jpg", "endpoint": "product-performance-analyzer.get_product_image", "view-args": {"filename": "1/9620094.jpg"}, "status": 404, "user": "4cc33a8ae3d9bb44@lampenwelt.de", "timestamp": "2019-03-21T18:32:56.365164", "browser": "chrome", "browser-platform": "windows", "browser-version": "72.0.3626.121"}
{"method": "GET", "path": "/product-performance-analyzer/_product_images/1/9635008.jpg", "endpoint": "product-performance-analyzer.get_product_image", "view-args": {"filename": "1/9635008.jpg"}, "status": 404, "user": "4cc33a8ae3d9bb44@lampenwelt.de", "timestamp": "2019-03-21T18:32:56.365333", "browser": "chrome", "browser-platform": "windows", "browser-version": "72.0.3626.121"}
{"method": "GET", "path": "/product-performance-analyzer/_product_images/1/9950027.jpg", "endpoint": "product-performance-analyzer.get_product_image", "view-args": {"filename": "1/9950027.jpg"}, "status": 404, "user": "4cc33a8ae3d9bb44@lampenwelt.de", "timestamp": "2019-03-21T18:32:56.365918", "browser": "chrome", "browser-platform": "windows", "browser-version": "72.0.3626.121"}
{"method": "GET", "path": "/product-performance-analyzer/_product_images/1/9620239.jpg", "endpoint": "product-performance-analyzer.get_product_image", "view-args": {"filename": "1/9620239.jpg"}, "status": 404, "user": "4cc33a8ae3d9bb44@lampenwelt.de", "timestamp": "2019-03-21T18:32:56.389187", "browser": "chrome", "browser-platform": "windows", "browser-version": "72.0.3626.121"}
{"method": "POST", "path": "/product-performance-analyzer/_render-mdx-request", "endpoint": "product-performance-analyzer.render_mdx_request", "view-args": {}, "status": 200, "user": "4cc33a8ae3d9bb44@lampenwelt.de", "timestamp": "2019-03-21T18:33:13.098468", "browser": "chrome", "browser-platform": "windows", "browser-version": "72.0.3626.121"}
{"method": "GET", "path": "/product-performance-analyzer/_product_images/1/9954056.jpg", "endpoint": "product-performance-analyzer.get_product_image", "view-args": {"filename": "1/9954056.jpg"}, "status": 404, "user": "4cc33a8ae3d9bb44@lampenwelt.de", "timestamp": "2019-03-21T18:33:13.199818", "browser": "chrome", "browser-platform": "windows", "browser-version": "72.0.3626.121"}
{"method": "GET", "path": "/product-performance-analyzer/_product_images/1/9954058.jpg", "endpoint": "product-performance-analyzer.get_product_image", "view-args": {"filename": "1/9954058.jpg"}, "status": 404, "user": "4cc33a8ae3d9bb44@lampenwelt.de", "timestamp": "2019-03-21T18:33:13.203566", "browser": "chrome", "browser-platform": "windows", "browser-version": "72.0.3626.121"}
{"method": "GET", "path": "/product-performance-analyzer/_product_images/1/9620241.jpg", "endpoint": "product-performance-analyzer.get_product_image", "view-args": {"filename": "1/9620241.jpg"}, "status": 404, "user": "4cc33a8ae3d9bb44@lampenwelt.de", "timestamp": "2019-03-21T18:33:13.206017", "browser": "chrome", "browser-platform": "windows", "browser-version": "72.0.3626.121"}
{"method": "GET", "path": "/product-performance-analyzer/_product_images/1/9954055.jpg", "endpoint": "product-performance-analyzer.get_product_image", "view-args": {"filename": "1/9954055.jpg"}, "status": 404, "user": "4cc33a8ae3d9bb44@lampenwelt.de", "timestamp": "2019-03-21T18:33:13.207248", "browser": "chrome", "browser-platform": "windows", "browser-version": "72.0.3626.121"}
{"method": "GET", "path": "/product-performance-analyzer/_product_images/1/9620516.jpg", "endpoint": "product-performance-analyzer.get_product_image", "view-args": {"filename": "1/9620516.jpg"}, "status": 404, "user": "4cc33a8ae3d9bb44@lampenwelt.de", "timestamp": "2019-03-21T18:33:13.214838", "browser": "chrome", "browser-platform": "windows", "browser-version": "72.0.3626.121"}
{"method": "GET", "path": "/product-performance-analyzer/_product_images/1/9954059.jpg", "endpoint": "product-performance-analyzer.get_product_image", "view-args": {"filename": "1/9954059.jpg"}, "status": 404, "user": "4cc33a8ae3d9bb44@lampenwelt.de", "timestamp": "2019-03-21T18:33:13.215033", "browser": "chrome", "browser-platform": "windows", "browser-version": "72.0.3626.121"}
{"method": "GET", "path": "/product-performance-analyzer/_product_images/1/7587080.jpg", "endpoint": "product-performance-analyzer.get_product_image", "view-args": {"filename": "1/7587080.jpg"}, "status": 404, "user": "4cc33a8ae3d9bb44@lampenwelt.de", "timestamp": "2019-03-21T18:33:13.217811", "browser": "chrome", "browser-platform": "windows", "browser-version": "72.0.3626.121"}
{"method": "GET", "path": "/product-performance-analyzer/_product_images/1/7261094.jpg", "endpoint": "product-performance-analyzer.get_product_image", "view-args": {"filename": "1/7261094.jpg"}, "status": 404, "user": "4cc33a8ae3d9bb44@lampenwelt.de", "timestamp": "2019-03-21T18:33:13.223028", "browser": "chrome", "browser-platform": "windows", "browser-version": "72.0.3626.121"}
{"method": "GET", "path": "/product-performance-analyzer/_product_images/1/7500169.jpg", "endpoint": "product-performance-analyzer.get_product_image", "view-args": {"filename": "1/7500169.jpg"}, "status": 404, "user": "4cc33a8ae3d9bb44@lampenwelt.de", "timestamp": "2019-03-21T18:33:13.224621", "browser": "chrome", "browser-platform": "windows", "browser-version": "72.0.3626.121"}
{"method": "GET", "path": "/product-performance-analyzer/_product_images/1/9621118.jpg", "endpoint": "product-performance-analyzer.get_product_image", "view-args": {"filename": "1/9621118.jpg"}, "status": 404, "user": "4cc33a8ae3d9bb44@lampenwelt.de", "timestamp": "2019-03-21T18:33:13.229627", "browser": "chrome", "browser-platform": "windows", "browser-version": "72.0.3626.121"}
{"method": "GET", "path": "/product-performance-analyzer/_product_images/1/7610516.jpg", "endpoint": "product-performance-analyzer.get_product_image", "view-args": {"filename": "1/7610516.jpg"}, "status": 404, "user": "4cc33a8ae3d9bb44@lampenwelt.de", "timestamp": "2019-03-21T18:33:13.248023", "browser": "chrome", "browser-platform": "windows", "browser-version": "72.0.3626.121"}
{"method": "GET", "path": "/product-performance-analyzer/_product_images/1/9620094.jpg", "endpoint": "product-performance-analyzer.get_product_image", "view-args": {"filename": "1/9620094.jpg"}, "status": 404, "user": "4cc33a8ae3d9bb44@lampenwelt.de", "timestamp": "2019-03-21T18:33:13.250209", "browser": "chrome", "browser-platform": "windows", "browser-version": "72.0.3626.121"}
{"method": "GET", "path": "/product-performance-analyzer/_product_images/1/9635006.jpg", "endpoint": "product-performance-analyzer.get_product_image", "view-args": {"filename": "1/9635006.jpg"}, "status": 404, "user": "4cc33a8ae3d9bb44@lampenwelt.de", "timestamp": "2019-03-21T18:33:13.252990", "browser": "chrome", "browser-platform": "windows", "browser-version": "72.0.3626.121"}
{"method": "GET", "path": "/product-performance-analyzer/_product_images/1/9620669.jpg", "endpoint": "product-performance-analyzer.get_product_image", "view-args": {"filename": "1/9620669.jpg"}, "status": 404, "user": "4cc33a8ae3d9bb44@lampenwelt.de", "timestamp": "2019-03-21T18:33:13.255705", "browser": "chrome", "browser-platform": "windows", "browser-version": "72.0.3626.121"}
{"method": "GET", "path": "/product-performance-analyzer/_product_images/1/6500157.jpg", "endpoint": "product-performance-analyzer.get_product_image", "view-args": {"filename": "1/6500157.jpg"}, "status": 404, "user": "4cc33a8ae3d9bb44@lampenwelt.de", "timestamp": "2019-03-21T18:33:13.258230", "browser": "chrome", "browser-platform": "windows", "browser-version": "72.0.3626.121"}
{"method": "GET", "path": "/product-performance-analyzer/_product_images/1/9611073.jpg", "endpoint": "product-performance-analyzer.get_product_image", "view-args": {"filename": "1/9611073.jpg"}, "status": 404, "user": "4cc33a8ae3d9bb44@lampenwelt.de", "timestamp": "2019-03-21T18:33:13.262799", "browser": "chrome", "browser-platform": "windows", "browser-version": "72.0.3626.121"}
{"method": "GET", "path": "/product-performance-analyzer/_product_images/1/9612029.jpg", "endpoint": "product-performance-analyzer.get_product_image", "view-args": {"filename": "1/9612029.jpg"}, "status": 404, "user": "4cc33a8ae3d9bb44@lampenwelt.de", "timestamp": "2019-03-21T18:33:13.279422", "browser": "chrome", "browser-platform": "windows", "browser-version": "72.0.3626.121"}
{"method": "GET", "path": "/product-performance-analyzer/_product_images/1/9624342.jpg", "endpoint": "product-performance-analyzer.get_product_image", "view-args": {"filename": "1/9624342.jpg"}, "status": 404, "user": "4cc33a8ae3d9bb44@lampenwelt.de", "timestamp": "2019-03-21T18:33:13.280154", "browser": "chrome", "browser-platform": "windows", "browser-version": "72.0.3626.121"}
{"method": "GET", "path": "/product-performance-analyzer/_product_images/1/9620236.jpg", "endpoint": "product-performance-analyzer.get_product_image", "view-args": {"filename": "1/9620236.jpg"}, "status": 404, "user": "4cc33a8ae3d9bb44@lampenwelt.de", "timestamp": "2019-03-21T18:33:13.281037", "browser": "chrome", "browser-platform": "windows", "browser-version": "72.0.3626.121"}
{"method": "GET", "path": "/product-performance-analyzer/_product_images/1/9950027.jpg", "endpoint": "product-performance-analyzer.get_product_image", "view-args": {"filename": "1/9950027.jpg"}, "status": 404, "user": "4cc33a8ae3d9bb44@lampenwelt.de", "timestamp": "2019-03-21T18:33:13.287514", "browser": "chrome", "browser-platform": "windows", "browser-version": "72.0.3626.121"}
{"method": "GET", "path": "/product-performance-analyzer/_product_images/1/9620239.jpg", "endpoint": "product-performance-analyzer.get_product_image", "view-args": {"filename": "1/9620239.jpg"}, "status": 404, "user": "4cc33a8ae3d9bb44@lampenwelt.de", "timestamp": "2019-03-21T18:33:13.288513", "browser": "chrome", "browser-platform": "windows", "browser-version": "72.0.3626.121"}
{"method": "GET", "path": "/product-performance-analyzer/_product_images/1/9620667.jpg", "endpoint": "product-performance-analyzer.get_product_image", "view-args": {"filename": "1/9620667.jpg"}, "status": 404, "user": "4cc33a8ae3d9bb44@lampenwelt.de", "timestamp": "2019-03-21T18:33:13.293088", "browser": "chrome", "browser-platform": "windows", "browser-version": "72.0.3626.121"}
{"method": "GET", "path": "/product-performance-analyzer/_product_images/1/9640024.jpg", "endpoint": "product-performance-analyzer.get_product_image", "view-args": {"filename": "1/9640024.jpg"}, "status": 404, "user": "4cc33a8ae3d9bb44@lampenwelt.de", "timestamp": "2019-03-21T18:33:13.309449", "browser": "chrome", "browser-platform": "windows", "browser-version": "72.0.3626.121"}
{"method": "GET", "path": "/product-performance-analyzer/_product_images/1/7610515.jpg", "endpoint": "product-performance-analyzer.get_product_image", "view-args": {"filename": "1/7610515.jpg"}, "status": 404, "user": "4cc33a8ae3d9bb44@lampenwelt.de", "timestamp": "2019-03-21T18:33:13.310991", "browser": "chrome", "browser-platform": "windows", "browser-version": "72.0.3626.121"}
{"method": "GET", "path": "/product-performance-analyzer/_product_images/1/9624397.jpg", "endpoint": "product-performance-analyzer.get_product_image", "view-args": {"filename": "1/9624397.jpg"}, "status": 404, "user": "4cc33a8ae3d9bb44@lampenwelt.de", "timestamp": "2019-03-21T18:33:13.311845", "browser": "chrome", "browser-platform": "windows", "browser-version": "72.0.3626.121"}
{"method": "GET", "path": "/product-performance-analyzer/_product_images/1/9620240.jpg", "endpoint": "product-performance-analyzer.get_product_image", "view-args": {"filename": "1/9620240.jpg"}, "status": 404, "user": "4cc33a8ae3d9bb44@lampenwelt.de", "timestamp": "2019-03-21T18:33:13.317404", "browser": "chrome", "browser-platform": "windows", "browser-version": "72.0.3626.121"}
{"method": "GET", "path": "/product-performance-analyzer/_product_images/1/8559161X.jpg", "endpoint": "product-performance-analyzer.get_product_image", "view-args": {"filename": "1/8559161X.jpg"}, "status": 404, "user": "4cc33a8ae3d9bb44@lampenwelt.de", "timestamp": "2019-03-21T18:33:13.318450", "browser": "chrome", "browser-platform": "windows", "browser-version": "72.0.3626.121"}
{"method": "GET", "path": "/product-performance-analyzer/_product_images/1/9515074.jpg", "endpoint": "product-performance-analyzer.get_product_image", "view-args": {"filename": "1/9515074.jpg"}, "status": 404, "user": "4cc33a8ae3d9bb44@lampenwelt.de", "timestamp": "2019-03-21T18:33:13.318891", "browser": "chrome", "browser-platform": "windows", "browser-version": "72.0.3626.121"}
{"method": "GET", "path": "/product-performance-analyzer/", "endpoint": "product-performance-analyzer.product_filter_panel", "view-args": {}, "status": 200, "user": "4cc33a8ae3d9bb44@lampenwelt.de", "timestamp": "2019-03-21T18:33:30.092073", "browser": "chrome", "browser-platform": "windows", "browser-version": "72.0.3626.121"}
{"method": "GET", "path": "/product-performance-analyzer/_last_successful_import", "endpoint": "product-performance-analyzer.last_successful_import", "view-args": {}, "status": 200, "user": "4cc33a8ae3d9bb44@lampenwelt.de", "timestamp": "2019-03-21T18:33:30.605878", "browser": "chrome", "browser-platform": "windows", "browser-version": "72.0.3626.121"}
{"method": "POST", "path": "/product-performance-analyzer/_render-mdx-request", "endpoint": "product-performance-analyzer.render_mdx_request", "view-args": {}, "status": 200, "user": "4cc33a8ae3d9bb44@lampenwelt.de", "timestamp": "2019-03-21T18:33:30.896883", "browser": "chrome", "browser-platform": "windows", "browser-version": "72.0.3626.121"}
{"method": "GET", "path": "/product-performance-analyzer/_product_images/1/9954056.jpg", "endpoint": "product-performance-analyzer.get_product_image", "view-args": {"filename": "1/9954056.jpg"}, "status": 404, "user": "4cc33a8ae3d9bb44@lampenwelt.de", "timestamp": "2019-03-21T18:33:31.339773", "browser": "chrome", "browser-platform": "windows", "browser-version": "72.0.3626.121"}
{"method": "GET", "path": "/product-performance-analyzer/_product_images/1/9954058.jpg", "endpoint": "product-performance-analyzer.get_product_image", "view-args": {"filename": "1/9954058.jpg"}, "status": 404, "user": "4cc33a8ae3d9bb44@lampenwelt.de", "timestamp": "2019-03-21T18:33:31.340259", "browser": "chrome", "browser-platform": "windows", "browser-version": "72.0.3626.121"}
{"method": "GET", "path": "/product-performance-analyzer/_product_images/1/9620241.jpg", "endpoint": "product-performance-analyzer.get_product_image", "view-args": {"filename": "1/9620241.jpg"}, "status": 404, "user": "4cc33a8ae3d9bb44@lampenwelt.de", "timestamp": "2019-03-21T18:33:31.346130", "browser": "chrome", "browser-platform": "windows", "browser-version": "72.0.3626.121"}
{"method": "GET", "path": "/product-performance-analyzer/_product_images/1/9954055.jpg", "endpoint": "product-performance-analyzer.get_product_image", "view-args": {"filename": "1/9954055.jpg"}, "status": 404, "user": "4cc33a8ae3d9bb44@lampenwelt.de", "timestamp": "2019-03-21T18:33:31.347526", "browser": "chrome", "browser-platform": "windows", "browser-version": "72.0.3626.121"}
{"method": "GET", "path": "/product-performance-analyzer/_product_images/1/9620516.jpg", "endpoint": "product-performance-analyzer.get_product_image", "view-args": {"filename": "1/9620516.jpg"}, "status": 404, "user": "4cc33a8ae3d9bb44@lampenwelt.de", "timestamp": "2019-03-21T18:33:31.352973", "browser": "chrome", "browser-platform": "windows", "browser-version": "72.0.3626.121"}
{"method": "GET", "path": "/product-performance-analyzer/_product_images/1/7587080.jpg", "endpoint": "product-performance-analyzer.get_product_image", "view-args": {"filename": "1/7587080.jpg"}, "status": 404, "user": "4cc33a8ae3d9bb44@lampenwelt.de", "timestamp": "2019-03-21T18:33:31.353103", "browser": "chrome", "browser-platform": "windows", "browser-version": "72.0.3626.121"}
{"method": "GET", "path": "/product-performance-analyzer/_product_images/1/9954059.jpg", "endpoint": "product-performance-analyzer.get_product_image", "view-args": {"filename": "1/9954059.jpg"}, "status": 404, "user": "4cc33a8ae3d9bb44@lampenwelt.de", "timestamp": "2019-03-21T18:33:31.373710", "browser": "chrome", "browser-platform": "windows", "browser-version": "72.0.3626.121"}
{"method": "GET", "path": "/product-performance-analyzer/_product_images/1/7261094.jpg", "endpoint": "product-performance-analyzer.get_product_image", "view-args": {"filename": "1/7261094.jpg"}, "status": 404, "user": "4cc33a8ae3d9bb44@lampenwelt.de", "timestamp": "2019-03-21T18:33:31.379466", "browser": "chrome", "browser-platform": "windows", "browser-version": "72.0.3626.121"}
{"method": "GET", "path": "/product-performance-analyzer/_product_images/1/7500169.jpg", "endpoint": "product-performance-analyzer.get_product_image", "view-args": {"filename": "1/7500169.jpg"}, "status": 404, "user": "4cc33a8ae3d9bb44@lampenwelt.de", "timestamp": "2019-03-21T18:33:31.433763", "browser": "chrome", "browser-platform": "windows", "browser-version": "72.0.3626.121"}
{"method": "GET", "path": "/product-performance-analyzer/_product_images/1/9621118.jpg", "endpoint": "product-performance-analyzer.get_product_image", "view-args": {"filename": "1/9621118.jpg"}, "status": 404, "user": "4cc33a8ae3d9bb44@lampenwelt.de", "timestamp": "2019-03-21T18:33:31.434972", "browser": "chrome", "browser-platform": "windows", "browser-version": "72.0.3626.121"}
{"method": "GET", "path": "/product-performance-analyzer/_product_images/1/7610516.jpg", "endpoint": "product-performance-analyzer.get_product_image", "view-args": {"filename": "1/7610516.jpg"}, "status": 404, "user": "4cc33a8ae3d9bb44@lampenwelt.de", "timestamp": "2019-03-21T18:33:31.437955", "browser": "chrome", "browser-platform": "windows", "browser-version": "72.0.3626.121"}
{"method": "GET", "path": "/product-performance-analyzer/_product_images/1/9620094.jpg", "endpoint": "product-performance-analyzer.get_product_image", "view-args": {"filename": "1/9620094.jpg"}, "status": 404, "user": "4cc33a8ae3d9bb44@lampenwelt.de", "timestamp": "2019-03-21T18:33:31.447981", "browser": "chrome", "browser-platform": "windows", "browser-version": "72.0.3626.121"}
{"method": "GET", "path": "/product-performance-analyzer/_product_images/1/9635006.jpg", "endpoint": "product-performance-analyzer.get_product_image", "view-args": {"filename": "1/9635006.jpg"}, "status": 404, "user": "4cc33a8ae3d9bb44@lampenwelt.de", "timestamp": "2019-03-21T18:33:31.456785", "browser": "chrome", "browser-platform": "windows", "browser-version": "72.0.3626.121"}
{"method": "GET", "path": "/product-performance-analyzer/_product_images/1/9620669.jpg", "endpoint": "product-performance-analyzer.get_product_image", "view-args": {"filename": "1/9620669.jpg"}, "status": 404, "user": "4cc33a8ae3d9bb44@lampenwelt.de", "timestamp": "2019-03-21T18:33:31.458342", "browser": "chrome", "browser-platform": "windows", "browser-version": "72.0.3626.121"}
{"method": "GET", "path": "/product-performance-analyzer/_product_images/1/6500157.jpg", "endpoint": "product-performance-analyzer.get_product_image", "view-args": {"filename": "1/6500157.jpg"}, "status": 404, "user": "4cc33a8ae3d9bb44@lampenwelt.de", "timestamp": "2019-03-21T18:33:31.463564", "browser": "chrome", "browser-platform": "windows", "browser-version": "72.0.3626.121"}
{"method": "GET", "path": "/product-performance-analyzer/_product_images/1/9611073.jpg", "endpoint": "product-performance-analyzer.get_product_image", "view-args": {"filename": "1/9611073.jpg"}, "status": 404, "user": "4cc33a8ae3d9bb44@lampenwelt.de", "timestamp": "2019-03-21T18:33:31.466687", "browser": "chrome", "browser-platform": "windows", "browser-version": "72.0.3626.121"}
{"method": "GET", "path": "/product-performance-analyzer/_product_images/1/9612029.jpg", "endpoint": "product-performance-analyzer.get_product_image", "view-args": {"filename": "1/9612029.jpg"}, "status": 404, "user": "4cc33a8ae3d9bb44@lampenwelt.de", "timestamp": "2019-03-21T18:33:31.481196", "browser": "chrome", "browser-platform": "windows", "browser-version": "72.0.3626.121"}
{"method": "GET", "path": "/product-performance-analyzer/_product_images/1/9624342.jpg", "endpoint": "product-performance-analyzer.get_product_image", "view-args": {"filename": "1/9624342.jpg"}, "status": 404, "user": "4cc33a8ae3d9bb44@lampenwelt.de", "timestamp": "2019-03-21T18:33:31.482905", "browser": "chrome", "browser-platform": "windows", "browser-version": "72.0.3626.121"}
{"method": "GET", "path": "/product-performance-analyzer/_product_images/1/9620236.jpg", "endpoint": "product-performance-analyzer.get_product_image", "view-args": {"filename": "1/9620236.jpg"}, "status": 404, "user": "4cc33a8ae3d9bb44@lampenwelt.de", "timestamp": "2019-03-21T18:33:31.487788", "browser": "chrome", "browser-platform": "windows", "browser-version": "72.0.3626.121"}
{"method": "GET", "path": "/product-performance-analyzer/_product_images/1/9950027.jpg", "endpoint": "product-performance-analyzer.get_product_image", "view-args": {"filename": "1/9950027.jpg"}, "status": 404, "user": "4cc33a8ae3d9bb44@lampenwelt.de", "timestamp": "2019-03-21T18:33:31.489582", "browser": "chrome", "browser-platform": "windows", "browser-version": "72.0.3626.121"}
{"method": "GET", "path": "/product-performance-analyzer/_product_images/1/9620667.jpg", "endpoint": "product-performance-analyzer.get_product_image", "view-args": {"filename": "1/9620667.jpg"}, "status": 404, "user": "4cc33a8ae3d9bb44@lampenwelt.de", "timestamp": "2019-03-21T18:33:31.490138", "browser": "chrome", "browser-platform": "windows", "browser-version": "72.0.3626.121"}
{"method": "GET", "path": "/product-performance-analyzer/_product_images/1/9620239.jpg", "endpoint": "product-performance-analyzer.get_product_image", "view-args": {"filename": "1/9620239.jpg"}, "status": 404, "user": "4cc33a8ae3d9bb44@lampenwelt.de", "timestamp": "2019-03-21T18:33:31.495660", "browser": "chrome", "browser-platform": "windows", "browser-version": "72.0.3626.121"}
{"method": "GET", "path": "/product-performance-analyzer/_product_images/1/9640024.jpg", "endpoint": "product-performance-analyzer.get_product_image", "view-args": {"filename": "1/9640024.jpg"}, "status": 404, "user": "4cc33a8ae3d9bb44@lampenwelt.de", "timestamp": "2019-03-21T18:33:31.518507", "browser": "chrome", "browser-platform": "windows", "browser-version": "72.0.3626.121"}
{"method": "GET", "path": "/product-performance-analyzer/_product_images/1/7610515.jpg", "endpoint": "product-performance-analyzer.get_product_image", "view-args": {"filename": "1/7610515.jpg"}, "status": 404, "user": "4cc33a8ae3d9bb44@lampenwelt.de", "timestamp": "2019-03-21T18:33:31.520725", "browser": "chrome", "browser-platform": "windows", "browser-version": "72.0.3626.121"}
{"method": "GET", "path": "/product-performance-analyzer/_product_images/1/9624397.jpg", "endpoint": "product-performance-analyzer.get_product_image", "view-args": {"filename": "1/9624397.jpg"}, "status": 404, "user": "4cc33a8ae3d9bb44@lampenwelt.de", "timestamp": "2019-03-21T18:33:31.523028", "browser": "chrome", "browser-platform": "windows", "browser-version": "72.0.3626.121"}
{"method": "GET", "path": "/product-performance-analyzer/_product_images/1/9620240.jpg", "endpoint": "product-performance-analyzer.get_product_image", "view-args": {"filename": "1/9620240.jpg"}, "status": 404, "user": "4cc33a8ae3d9bb44@lampenwelt.de", "timestamp": "2019-03-21T18:33:31.533458", "browser": "chrome", "browser-platform": "windows", "browser-version": "72.0.3626.121"}
{"method": "GET", "path": "/product-performance-analyzer/_product_images/1/8559161X.jpg", "endpoint": "product-performance-analyzer.get_product_image", "view-args": {"filename": "1/8559161X.jpg"}, "status": 404, "user": "4cc33a8ae3d9bb44@lampenwelt.de", "timestamp": "2019-03-21T18:33:31.540531", "browser": "chrome", "browser-platform": "windows", "browser-version": "72.0.3626.121"}
{"method": "GET", "path": "/product-performance-analyzer/_product_images/1/9515074.jpg", "endpoint": "product-performance-analyzer.get_product_image", "view-args": {"filename": "1/9515074.jpg"}, "status": 404, "user": "4cc33a8ae3d9bb44@lampenwelt.de", "timestamp": "2019-03-21T18:33:31.542546", "browser": "chrome", "browser-platform": "windows", "browser-version": "72.0.3626.121"}
{"method": "POST", "path": "/dashboards/sales-comparison", "endpoint": "dashboards.view_dashboard", "view-args": {"id": "sales-comparison"}, "status": 200, "user": "4cc33a8ae3d9bb44@lampenwelt.de", "timestamp": "2019-03-21T18:33:48.702804", "browser": "chrome", "browser-platform": "windows", "browser-version": "72.0.3626.121"}
{"method": "GET", "path": "/dashboards/_render_async_sql_query/166feeb8-4583-4723-a91b-2ebb7976e11b", "endpoint": "dashboards.render_async_sql_query", "view-args": {"id": "166feeb8-4583-4723-a91b-2ebb7976e11b"}, "status": 200, "user": "4cc33a8ae3d9bb44@lampenwelt.de", "timestamp": "2019-03-21T18:33:49.147018", "browser": "chrome", "browser-platform": "windows", "browser-version": "72.0.3626.121"}
{"method": "GET", "path": "/dashboards/_render_async_sql_query/ab31d257-ac32-48e9-a6ee-74507a221325", "endpoint": "dashboards.render_async_sql_query", "view-args": {"id": "ab31d257-ac32-48e9-a6ee-74507a221325"}, "status": 200, "user": "4cc33a8ae3d9bb44@lampenwelt.de", "timestamp": "2019-03-21T18:33:49.148000", "browser": "chrome", "browser-platform": "windows", "browser-version": "72.0.3626.121"}
{"method": "GET", "path": "/dashboards/_render_async_sql_query/36f88d22-7eb3-4882-9813-385dc6fe5d7c", "endpoint": "dashboards.render_async_sql_query", "view-args": {"id": "36f88d22-7eb3-4882-9813-385dc6fe5d7c"}, "status": 200, "user": "4cc33a8ae3d9bb44@lampenwelt.de", "timestamp": "2019-03-21T18:33:49.148488", "browser": "chrome", "browser-platform": "windows", "browser-version": "72.0.3626.121"}
{"method": "GET", "path": "/dashboards/_last_marketing_cost/sales-comparison", "endpoint": "dashboards.last_marketing_cost", "view-args": {"id": "sales-comparison"}, "status": 200, "user": "4cc33a8ae3d9bb44@lampenwelt.de", "timestamp": "2019-03-21T18:33:49.155533", "browser": "chrome", "browser-platform": "windows", "browser-version": "72.0.3626.121"}
{"method": "GET", "path": "/dashboards/_render_async_sql_query/af46669a-7217-4c96-9e6f-2492bced5c6b", "endpoint": "dashboards.render_async_sql_query", "view-args": {"id": "af46669a-7217-4c96-9e6f-2492bced5c6b"}, "status": 200, "user": "4cc33a8ae3d9bb44@lampenwelt.de", "timestamp": "2019-03-21T18:33:49.166338", "browser": "chrome", "browser-platform": "windows", "browser-version": "72.0.3626.121"}
{"method": "GET", "path": "/dashboards/_last_successful_import", "endpoint": "dashboards.last_successful_import", "view-args": {}, "status": 200, "user": "4cc33a8ae3d9bb44@lampenwelt.de", "timestamp": "2019-03-21T18:33:49.171313", "browser": "chrome", "browser-platform": "windows", "browser-version": "72.0.3626.121"}
{"method": "GET", "path": "/dashboards/_render_async_sql_query/1d98f118-b05d-4b80-ac62-1f9d16fd8f6c", "endpoint": "dashboards.render_async_sql_query", "view-args": {"id": "1d98f118-b05d-4b80-ac62-1f9d16fd8f6c"}, "status": 200, "user": "4cc33a8ae3d9bb44@lampenwelt.de", "timestamp": "2019-03-21T18:33:49.266280", "browser": "chrome", "browser-platform": "windows", "browser-version": "72.0.3626.121"}
{"method": "GET", "path": "/dashboards/_render_async_sql_query/3964d138-9a81-4b7a-8287-bdad78f112fe", "endpoint": "dashboards.render_async_sql_query", "view-args": {"id": "3964d138-9a81-4b7a-8287-bdad78f112fe"}, "status": 200, "user": "4cc33a8ae3d9bb44@lampenwelt.de", "timestamp": "2019-03-21T18:33:49.266548", "browser": "chrome", "browser-platform": "windows", "browser-version": "72.0.3626.121"}
