{"method": "POST", "path": "/mondrian/saiku/authorize", "endpoint": "py_mondrian.saiku_authorize", "view-args": {}, "status": 200, "user": "35675e68f4b5af7b@localhost", "timestamp": "2019-03-21T13:01:13.137116", "browser": null, "browser-platform": null, "browser-version": null}
{"method": "POST", "path": "/mondrian/excel/authorize", "endpoint": "py_mondrian.excel_authorize", "view-args": {}, "status": 200, "user": "35675e68f4b5af7b@localhost", "timestamp": "2019-03-21T13:05:39.422728", "browser": null, "browser-platform": null, "browser-version": null}
{"method": "POST", "path": "/mondrian/excel/authorize", "endpoint": "py_mondrian.excel_authorize", "view-args": {}, "status": 200, "user": "35675e68f4b5af7b@localhost", "timestamp": "2019-03-21T13:05:52.212144", "browser": null, "browser-platform": null, "browser-version": null}
{"method": "POST", "path": "/dashboards/sales-comparison", "endpoint": "dashboards.view_dashboard", "view-args": {"id": "sales-comparison"}, "status": 200, "user": "9942c672b9354771@lampenwelt.de", "timestamp": "2019-03-21T13:06:25.966925", "browser": "chrome", "browser-platform": "windows", "browser-version": "72.0.3626.121"}
{"method": "GET", "path": "/dashboards/_render_async_sql_query/c25bfe67-f8eb-45cb-8061-b15fe28774f4", "endpoint": "dashboards.render_async_sql_query", "view-args": {"id": "c25bfe67-f8eb-45cb-8061-b15fe28774f4"}, "status": 200, "user": "9942c672b9354771@lampenwelt.de", "timestamp": "2019-03-21T13:06:26.158558", "browser": "chrome", "browser-platform": "windows", "browser-version": "72.0.3626.121"}
{"method": "GET", "path": "/dashboards/_render_async_sql_query/89846b9f-93df-4b6b-8f75-8fdfbb30931b", "endpoint": "dashboards.render_async_sql_query", "view-args": {"id": "89846b9f-93df-4b6b-8f75-8fdfbb30931b"}, "status": 200, "user": "9942c672b9354771@lampenwelt.de", "timestamp": "2019-03-21T13:06:26.165480", "browser": "chrome", "browser-platform": "windows", "browser-version": "72.0.3626.121"}
{"method": "GET", "path": "/dashboards/_last_successful_import", "endpoint": "dashboards.last_successful_import", "view-args": {}, "status": 200, "user": "9942c672b9354771@lampenwelt.de", "timestamp": "2019-03-21T13:06:26.179328", "browser": "chrome", "browser-platform": "windows", "browser-version": "72.0.3626.121"}
{"method": "GET", "path": "/dashboards/_render_async_sql_query/0d93e1d8-65c8-4b74-8818-d731beb3c040", "endpoint": "dashboards.render_async_sql_query", "view-args": {"id": "0d93e1d8-65c8-4b74-8818-d731beb3c040"}, "status": 200, "user": "9942c672b9354771@lampenwelt.de", "timestamp": "2019-03-21T13:06:26.181858", "browser": "chrome", "browser-platform": "windows", "browser-version": "72.0.3626.121"}
{"method": "GET", "path": "/dashboards/_render_async_sql_query/2780a3d1-8cff-41d5-9738-1fb00b6ef541", "endpoint": "dashboards.render_async_sql_query", "view-args": {"id": "2780a3d1-8cff-41d5-9738-1fb00b6ef541"}, "status": 200, "user": "9942c672b9354771@lampenwelt.de", "timestamp": "2019-03-21T13:06:26.183118", "browser": "chrome", "browser-platform": "windows", "browser-version": "72.0.3626.121"}
{"method": "GET", "path": "/dashboards/_last_marketing_cost/sales-comparison", "endpoint": "dashboards.last_marketing_cost", "view-args": {"id": "sales-comparison"}, "status": 200, "user": "9942c672b9354771@lampenwelt.de", "timestamp": "2019-03-21T13:06:26.197457", "browser": "chrome", "browser-platform": "windows", "browser-version": "72.0.3626.121"}
{"method": "GET", "path": "/dashboards/_render_async_sql_query/87d4ea7e-8423-48af-b195-b5191fecfc98", "endpoint": "dashboards.render_async_sql_query", "view-args": {"id": "87d4ea7e-8423-48af-b195-b5191fecfc98"}, "status": 200, "user": "9942c672b9354771@lampenwelt.de", "timestamp": "2019-03-21T13:06:26.203617", "browser": "chrome", "browser-platform": "windows", "browser-version": "72.0.3626.121"}
{"method": "GET", "path": "/dashboards/_render_async_sql_query/1beda14e-d411-498b-9ac3-74b6ce2688b9", "endpoint": "dashboards.render_async_sql_query", "view-args": {"id": "1beda14e-d411-498b-9ac3-74b6ce2688b9"}, "status": 200, "user": "9942c672b9354771@lampenwelt.de", "timestamp": "2019-03-21T13:06:26.225676", "browser": "chrome", "browser-platform": "windows", "browser-version": "72.0.3626.121"}
{"method": "POST", "path": "/mondrian/saiku/authorize", "endpoint": "py_mondrian.saiku_authorize", "view-args": {}, "status": 200, "user": "35675e68f4b5af7b@localhost", "timestamp": "2019-03-21T13:10:10.237062", "browser": null, "browser-platform": null, "browser-version": null}
{"method": "GET", "path": "/dashboards/marketing-overview", "endpoint": "dashboards.view_dashboard", "view-args": {"id": "marketing-overview"}, "status": 200, "user": "3a124aa353c70160@lampenwelt.de", "timestamp": "2019-03-21T13:16:32.377560", "browser": "chrome", "browser-platform": "windows", "browser-version": "72.0.3626.121"}
{"method": "GET", "path": "/dashboards/_render_async_sql_query/4ecf6acb-dcaa-437c-ac98-2d7119a9e089", "endpoint": "dashboards.render_async_sql_query", "view-args": {"id": "4ecf6acb-dcaa-437c-ac98-2d7119a9e089"}, "status": 200, "user": "3a124aa353c70160@lampenwelt.de", "timestamp": "2019-03-21T13:16:32.968342", "browser": "chrome", "browser-platform": "windows", "browser-version": "72.0.3626.121"}
{"method": "GET", "path": "/dashboards/_render_async_sql_query/5a6099c3-984f-41ac-9307-5f054aa29030", "endpoint": "dashboards.render_async_sql_query", "view-args": {"id": "5a6099c3-984f-41ac-9307-5f054aa29030"}, "status": 200, "user": "3a124aa353c70160@lampenwelt.de", "timestamp": "2019-03-21T13:16:32.969323", "browser": "chrome", "browser-platform": "windows", "browser-version": "72.0.3626.121"}
{"method": "GET", "path": "/dashboards/_render_async_sql_query/9f8544f7-216d-42c0-92fd-4cd4d0647748", "endpoint": "dashboards.render_async_sql_query", "view-args": {"id": "9f8544f7-216d-42c0-92fd-4cd4d0647748"}, "status": 200, "user": "3a124aa353c70160@lampenwelt.de", "timestamp": "2019-03-21T13:16:32.973673", "browser": "chrome", "browser-platform": "windows", "browser-version": "72.0.3626.121"}
{"method": "GET", "path": "/dashboards/_last_successful_import", "endpoint": "dashboards.last_successful_import", "view-args": {}, "status": 200, "user": "3a124aa353c70160@lampenwelt.de", "timestamp": "2019-03-21T13:16:32.986525", "browser": "chrome", "browser-platform": "windows", "browser-version": "72.0.3626.121"}
{"method": "GET", "path": "/dashboards/_last_marketing_cost/marketing-overview", "endpoint": "dashboards.last_marketing_cost", "view-args": {"id": "marketing-overview"}, "status": 200, "user": "3a124aa353c70160@lampenwelt.de", "timestamp": "2019-03-21T13:16:32.991848", "browser": "chrome", "browser-platform": "windows", "browser-version": "72.0.3626.121"}
{"method": "GET", "path": "/dashboards/_render_async_sql_query/3bd9bf60-5b6a-48f9-b5d9-460dcf73c240", "endpoint": "dashboards.render_async_sql_query", "view-args": {"id": "3bd9bf60-5b6a-48f9-b5d9-460dcf73c240"}, "status": 200, "user": "3a124aa353c70160@lampenwelt.de", "timestamp": "2019-03-21T13:16:32.999534", "browser": "chrome", "browser-platform": "windows", "browser-version": "72.0.3626.121"}
{"method": "GET", "path": "/dashboards/_render_async_sql_query/fff3c090-fa25-4d93-a42b-a68b738a3e6a", "endpoint": "dashboards.render_async_sql_query", "view-args": {"id": "fff3c090-fa25-4d93-a42b-a68b738a3e6a"}, "status": 200, "user": "3a124aa353c70160@lampenwelt.de", "timestamp": "2019-03-21T13:16:33.052669", "browser": "chrome", "browser-platform": "windows", "browser-version": "72.0.3626.121"}
{"method": "GET", "path": "/dashboards/_render_async_sql_query/44fa6ef0-5245-411b-8e64-d6f678675e33", "endpoint": "dashboards.render_async_sql_query", "view-args": {"id": "44fa6ef0-5245-411b-8e64-d6f678675e33"}, "status": 200, "user": "3a124aa353c70160@lampenwelt.de", "timestamp": "2019-03-21T13:16:33.061230", "browser": "chrome", "browser-platform": "windows", "browser-version": "72.0.3626.121"}
{"method": "GET", "path": "/dashboards/_render_async_sql_query/7979bb51-8ecc-4ad9-b2c5-dab99c9a45b2", "endpoint": "dashboards.render_async_sql_query", "view-args": {"id": "7979bb51-8ecc-4ad9-b2c5-dab99c9a45b2"}, "status": 200, "user": "3a124aa353c70160@lampenwelt.de", "timestamp": "2019-03-21T13:16:33.062416", "browser": "chrome", "browser-platform": "windows", "browser-version": "72.0.3626.121"}
{"method": "GET", "path": "/dashboards/_render_async_sql_query/41f879ec-df07-4cc7-b642-843b0da41e66", "endpoint": "dashboards.render_async_sql_query", "view-args": {"id": "41f879ec-df07-4cc7-b642-843b0da41e66"}, "status": 200, "user": "3a124aa353c70160@lampenwelt.de", "timestamp": "2019-03-21T13:16:33.113426", "browser": "chrome", "browser-platform": "windows", "browser-version": "72.0.3626.121"}
{"method": "GET", "path": "/dashboards/_render_async_sql_query/5fef3823-a65a-4fff-af7d-e753d4715726", "endpoint": "dashboards.render_async_sql_query", "view-args": {"id": "5fef3823-a65a-4fff-af7d-e753d4715726"}, "status": 200, "user": "3a124aa353c70160@lampenwelt.de", "timestamp": "2019-03-21T13:16:33.119972", "browser": "chrome", "browser-platform": "windows", "browser-version": "72.0.3626.121"}
{"method": "GET", "path": "/dashboards/_render_async_sql_query/be6ef35b-5fb7-44a7-96d8-8cb906be5a63", "endpoint": "dashboards.render_async_sql_query", "view-args": {"id": "be6ef35b-5fb7-44a7-96d8-8cb906be5a63"}, "status": 200, "user": "3a124aa353c70160@lampenwelt.de", "timestamp": "2019-03-21T13:16:33.122440", "browser": "chrome", "browser-platform": "windows", "browser-version": "72.0.3626.121"}
{"method": "GET", "path": "/dashboards/_render_async_sql_query/4d7250d1-e222-4e25-a661-644fef8e9378", "endpoint": "dashboards.render_async_sql_query", "view-args": {"id": "4d7250d1-e222-4e25-a661-644fef8e9378"}, "status": 200, "user": "3a124aa353c70160@lampenwelt.de", "timestamp": "2019-03-21T13:16:33.138845", "browser": "chrome", "browser-platform": "windows", "browser-version": "72.0.3626.121"}
{"method": "GET", "path": "/dashboards/_render_async_sql_query/146b2cf4-600f-4d4c-a4fd-0821c8ea3bd9", "endpoint": "dashboards.render_async_sql_query", "view-args": {"id": "146b2cf4-600f-4d4c-a4fd-0821c8ea3bd9"}, "status": 200, "user": "3a124aa353c70160@lampenwelt.de", "timestamp": "2019-03-21T13:16:33.172660", "browser": "chrome", "browser-platform": "windows", "browser-version": "72.0.3626.121"}
{"method": "GET", "path": "/dashboards/_render_async_sql_query/9819952d-588f-405c-8892-069f9d1f6387", "endpoint": "dashboards.render_async_sql_query", "view-args": {"id": "9819952d-588f-405c-8892-069f9d1f6387"}, "status": 200, "user": "3a124aa353c70160@lampenwelt.de", "timestamp": "2019-03-21T13:16:33.179100", "browser": "chrome", "browser-platform": "windows", "browser-version": "72.0.3626.121"}
{"method": "GET", "path": "/dashboards/_render_async_sql_query/f7b8c980-e66e-4e02-adc6-3e101513f476", "endpoint": "dashboards.render_async_sql_query", "view-args": {"id": "f7b8c980-e66e-4e02-adc6-3e101513f476"}, "status": 200, "user": "3a124aa353c70160@lampenwelt.de", "timestamp": "2019-03-21T13:16:33.183703", "browser": "chrome", "browser-platform": "windows", "browser-version": "72.0.3626.121"}
{"method": "GET", "path": "/dashboards/_render_async_sql_query/69a85f5d-36fa-44cc-9970-6461f26440bd", "endpoint": "dashboards.render_async_sql_query", "view-args": {"id": "69a85f5d-36fa-44cc-9970-6461f26440bd"}, "status": 200, "user": "3a124aa353c70160@lampenwelt.de", "timestamp": "2019-03-21T13:16:33.193667", "browser": "chrome", "browser-platform": "windows", "browser-version": "72.0.3626.121"}
{"method": "GET", "path": "/dashboards/_render_async_sql_query/7988e85f-5b74-4341-bf87-919feb3a9fb4", "endpoint": "dashboards.render_async_sql_query", "view-args": {"id": "7988e85f-5b74-4341-bf87-919feb3a9fb4"}, "status": 200, "user": "3a124aa353c70160@lampenwelt.de", "timestamp": "2019-03-21T13:16:33.418578", "browser": "chrome", "browser-platform": "windows", "browser-version": "72.0.3626.121"}
{"method": "GET", "path": "/mondrian/saiku", "endpoint": "py_mondrian.saiku", "view-args": {}, "status": 302, "user": "3a124aa353c70160@lampenwelt.de", "timestamp": "2019-03-21T13:16:35.989415", "browser": "chrome", "browser-platform": "windows", "browser-version": "72.0.3626.121"}
{"method": "POST", "path": "/mondrian/saiku/authorize", "endpoint": "py_mondrian.saiku_authorize", "view-args": {}, "status": 200, "user": "35675e68f4b5af7b@localhost", "timestamp": "2019-03-21T13:16:37.234935", "browser": null, "browser-platform": null, "browser-version": null}
{"method": "POST", "path": "/mondrian/saiku/authorize", "endpoint": "py_mondrian.saiku_authorize", "view-args": {}, "status": 200, "user": "35675e68f4b5af7b@localhost", "timestamp": "2019-03-21T13:16:38.404121", "browser": null, "browser-platform": null, "browser-version": null}
{"method": "GET", "path": "/", "endpoint": "start_page.start_page", "view-args": {}, "status": 302, "user": "e5063e1f25c24f00@lampenwelt.de", "timestamp": "2019-03-21T13:17:40.303264", "browser": "chrome", "browser-platform": "windows", "browser-version": "72.0.3626.121"}
{"method": "GET", "path": "/dashboards/marketing-overview", "endpoint": "dashboards.view_dashboard", "view-args": {"id": "marketing-overview"}, "status": 200, "user": "e5063e1f25c24f00@lampenwelt.de", "timestamp": "2019-03-21T13:17:40.551815", "browser": "chrome", "browser-platform": "windows", "browser-version": "72.0.3626.121"}
{"method": "GET", "path": "/dashboards/_render_async_sql_query/4f7e460b-5fad-4e8f-bb87-100f77b7ba40", "endpoint": "dashboards.render_async_sql_query", "view-args": {"id": "4f7e460b-5fad-4e8f-bb87-100f77b7ba40"}, "status": 200, "user": "e5063e1f25c24f00@lampenwelt.de", "timestamp": "2019-03-21T13:17:41.053150", "browser": "chrome", "browser-platform": "windows", "browser-version": "72.0.3626.121"}
{"method": "GET", "path": "/dashboards/_render_async_sql_query/062ec16f-96d2-41b0-a28b-b94040e5cbaa", "endpoint": "dashboards.render_async_sql_query", "view-args": {"id": "062ec16f-96d2-41b0-a28b-b94040e5cbaa"}, "status": 200, "user": "e5063e1f25c24f00@lampenwelt.de", "timestamp": "2019-03-21T13:17:41.056681", "browser": "chrome", "browser-platform": "windows", "browser-version": "72.0.3626.121"}
{"method": "GET", "path": "/dashboards/_render_async_sql_query/0f89c4c6-3285-4103-957b-3a10e07bd48c", "endpoint": "dashboards.render_async_sql_query", "view-args": {"id": "0f89c4c6-3285-4103-957b-3a10e07bd48c"}, "status": 200, "user": "e5063e1f25c24f00@lampenwelt.de", "timestamp": "2019-03-21T13:17:41.067229", "browser": "chrome", "browser-platform": "windows", "browser-version": "72.0.3626.121"}
{"method": "GET", "path": "/dashboards/_last_successful_import", "endpoint": "dashboards.last_successful_import", "view-args": {}, "status": 200, "user": "e5063e1f25c24f00@lampenwelt.de", "timestamp": "2019-03-21T13:17:41.076851", "browser": "chrome", "browser-platform": "windows", "browser-version": "72.0.3626.121"}
{"method": "GET", "path": "/dashboards/_render_async_sql_query/09f3cc76-c596-4cf7-a838-bec1f6351514", "endpoint": "dashboards.render_async_sql_query", "view-args": {"id": "09f3cc76-c596-4cf7-a838-bec1f6351514"}, "status": 200, "user": "e5063e1f25c24f00@lampenwelt.de", "timestamp": "2019-03-21T13:17:41.083528", "browser": "chrome", "browser-platform": "windows", "browser-version": "72.0.3626.121"}
{"method": "GET", "path": "/dashboards/_last_marketing_cost/marketing-overview", "endpoint": "dashboards.last_marketing_cost", "view-args": {"id": "marketing-overview"}, "status": 200, "user": "e5063e1f25c24f00@lampenwelt.de", "timestamp": "2019-03-21T13:17:41.086539", "browser": "chrome", "browser-platform": "windows", "browser-version": "72.0.3626.121"}
{"method": "GET", "path": "/dashboards/_render_async_sql_query/c6bc8386-1e76-4f2a-bcf4-4b1753e3932c", "endpoint": "dashboards.render_async_sql_query", "view-args": {"id": "c6bc8386-1e76-4f2a-bcf4-4b1753e3932c"}, "status": 200, "user": "e5063e1f25c24f00@lampenwelt.de", "timestamp": "2019-03-21T13:17:41.139094", "browser": "chrome", "browser-platform": "windows", "browser-version": "72.0.3626.121"}
{"method": "GET", "path": "/dashboards/_render_async_sql_query/333216d9-c2d5-4b93-8c53-749f34341664", "endpoint": "dashboards.render_async_sql_query", "view-args": {"id": "333216d9-c2d5-4b93-8c53-749f34341664"}, "status": 200, "user": "e5063e1f25c24f00@lampenwelt.de", "timestamp": "2019-03-21T13:17:41.139163", "browser": "chrome", "browser-platform": "windows", "browser-version": "72.0.3626.121"}
{"method": "GET", "path": "/dashboards/_render_async_sql_query/fb835191-8245-47ae-85e8-33ce75d72466", "endpoint": "dashboards.render_async_sql_query", "view-args": {"id": "fb835191-8245-47ae-85e8-33ce75d72466"}, "status": 200, "user": "e5063e1f25c24f00@lampenwelt.de", "timestamp": "2019-03-21T13:17:41.155774", "browser": "chrome", "browser-platform": "windows", "browser-version": "72.0.3626.121"}
{"method": "GET", "path": "/dashboards/_render_async_sql_query/df7311ff-b1c7-46d0-8620-7e0be48d6cb5", "endpoint": "dashboards.render_async_sql_query", "view-args": {"id": "df7311ff-b1c7-46d0-8620-7e0be48d6cb5"}, "status": 200, "user": "e5063e1f25c24f00@lampenwelt.de", "timestamp": "2019-03-21T13:17:41.167855", "browser": "chrome", "browser-platform": "windows", "browser-version": "72.0.3626.121"}
{"method": "GET", "path": "/dashboards/_render_async_sql_query/c21a064c-929b-4fa1-8c86-9646cf40f1e0", "endpoint": "dashboards.render_async_sql_query", "view-args": {"id": "c21a064c-929b-4fa1-8c86-9646cf40f1e0"}, "status": 200, "user": "e5063e1f25c24f00@lampenwelt.de", "timestamp": "2019-03-21T13:17:41.184157", "browser": "chrome", "browser-platform": "windows", "browser-version": "72.0.3626.121"}
{"method": "GET", "path": "/dashboards/_render_async_sql_query/a048c468-2b0e-4d2f-9635-111c0a4b8293", "endpoint": "dashboards.render_async_sql_query", "view-args": {"id": "a048c468-2b0e-4d2f-9635-111c0a4b8293"}, "status": 200, "user": "e5063e1f25c24f00@lampenwelt.de", "timestamp": "2019-03-21T13:17:41.188334", "browser": "chrome", "browser-platform": "windows", "browser-version": "72.0.3626.121"}
{"method": "GET", "path": "/dashboards/_render_async_sql_query/04920830-7a8c-4a90-ad2f-a686f194162d", "endpoint": "dashboards.render_async_sql_query", "view-args": {"id": "04920830-7a8c-4a90-ad2f-a686f194162d"}, "status": 200, "user": "e5063e1f25c24f00@lampenwelt.de", "timestamp": "2019-03-21T13:17:41.204819", "browser": "chrome", "browser-platform": "windows", "browser-version": "72.0.3626.121"}
{"method": "GET", "path": "/dashboards/_render_async_sql_query/a4c9fc40-b6f5-4c6c-a5a7-e0b17fb1c3ed", "endpoint": "dashboards.render_async_sql_query", "view-args": {"id": "a4c9fc40-b6f5-4c6c-a5a7-e0b17fb1c3ed"}, "status": 200, "user": "e5063e1f25c24f00@lampenwelt.de", "timestamp": "2019-03-21T13:17:41.216074", "browser": "chrome", "browser-platform": "windows", "browser-version": "72.0.3626.121"}
{"method": "GET", "path": "/dashboards/_render_async_sql_query/f73342a0-0b15-4953-94ba-ebd3d64baf0b", "endpoint": "dashboards.render_async_sql_query", "view-args": {"id": "f73342a0-0b15-4953-94ba-ebd3d64baf0b"}, "status": 200, "user": "e5063e1f25c24f00@lampenwelt.de", "timestamp": "2019-03-21T13:17:41.382298", "browser": "chrome", "browser-platform": "windows", "browser-version": "72.0.3626.121"}
{"method": "GET", "path": "/dashboards/_render_async_sql_query/cf1653bb-ce79-4dbd-84f3-bc29e29c23f8", "endpoint": "dashboards.render_async_sql_query", "view-args": {"id": "cf1653bb-ce79-4dbd-84f3-bc29e29c23f8"}, "status": 200, "user": "e5063e1f25c24f00@lampenwelt.de", "timestamp": "2019-03-21T13:17:41.382598", "browser": "chrome", "browser-platform": "windows", "browser-version": "72.0.3626.121"}
{"method": "GET", "path": "/dashboards/_render_async_sql_query/87408a95-6bdb-4d1d-9035-ec648c07bb1d", "endpoint": "dashboards.render_async_sql_query", "view-args": {"id": "87408a95-6bdb-4d1d-9035-ec648c07bb1d"}, "status": 200, "user": "e5063e1f25c24f00@lampenwelt.de", "timestamp": "2019-03-21T13:17:41.397882", "browser": "chrome", "browser-platform": "windows", "browser-version": "72.0.3626.121"}
{"method": "GET", "path": "/dashboards/_render_async_sql_query/a12ec660-2ee0-4419-889c-baec1465dd23", "endpoint": "dashboards.render_async_sql_query", "view-args": {"id": "a12ec660-2ee0-4419-889c-baec1465dd23"}, "status": 200, "user": "e5063e1f25c24f00@lampenwelt.de", "timestamp": "2019-03-21T13:17:41.406627", "browser": "chrome", "browser-platform": "windows", "browser-version": "72.0.3626.121"}
{"method": "GET", "path": "/data-integration/data_transformation", "endpoint": "data_integration.node_page", "view-args": {"path": "data_transformation"}, "status": 200, "user": "e5063e1f25c24f00@lampenwelt.de", "timestamp": "2019-03-21T13:17:49.088659", "browser": "chrome", "browser-platform": "windows", "browser-version": "72.0.3626.121"}
{"method": "GET", "path": "/data-integration/data_transformation/dependency-graph", "endpoint": "data_integration.dependency_graph", "view-args": {"path": "data_transformation"}, "status": 200, "user": "e5063e1f25c24f00@lampenwelt.de", "timestamp": "2019-03-21T13:17:49.239244", "browser": "chrome", "browser-platform": "windows", "browser-version": "72.0.3626.121"}
{"method": "GET", "path": "/data-integration/data_transformation/last-runs-selector", "endpoint": "data_integration.last_runs_selector", "view-args": {"path": "data_transformation"}, "status": 200, "user": "e5063e1f25c24f00@lampenwelt.de", "timestamp": "2019-03-21T13:17:49.274520", "browser": "chrome", "browser-platform": "windows", "browser-version": "72.0.3626.121"}
{"method": "GET", "path": "/data-integration/data_transformation/system-stats", "endpoint": "data_integration.system_stats", "view-args": {"path": "data_transformation", "run_id": null}, "status": 200, "user": "e5063e1f25c24f00@lampenwelt.de", "timestamp": "2019-03-21T13:17:49.436276", "browser": "chrome", "browser-platform": "windows", "browser-version": "72.0.3626.121"}
{"method": "GET", "path": "/data-integration/data_transformation/timeline-chart", "endpoint": "data_integration.timeline_chart", "view-args": {"path": "data_transformation", "run_id": null}, "status": 200, "user": "e5063e1f25c24f00@lampenwelt.de", "timestamp": "2019-03-21T13:17:49.499624", "browser": "chrome", "browser-platform": "windows", "browser-version": "72.0.3626.121"}
{"method": "GET", "path": "/data-integration/data_transformation/run-time-chart", "endpoint": "data_integration.run_time_chart", "view-args": {"path": "data_transformation"}, "status": 200, "user": "e5063e1f25c24f00@lampenwelt.de", "timestamp": "2019-03-21T13:17:49.756902", "browser": "chrome", "browser-platform": "windows", "browser-version": "72.0.3626.121"}
{"method": "GET", "path": "/data-integration/data_transformation/run-output-limited", "endpoint": "data_integration.run_output", "view-args": {"path": "data_transformation", "run_id": null, "limit": true}, "status": 200, "user": "e5063e1f25c24f00@lampenwelt.de", "timestamp": "2019-03-21T13:17:50.022531", "browser": "chrome", "browser-platform": "windows", "browser-version": "72.0.3626.121"}
{"method": "GET", "path": "/data-integration/data_transformation/pipeline-children-table", "endpoint": "data_integration.pipeline_children_table", "view-args": {"path": "data_transformation"}, "status": 200, "user": "e5063e1f25c24f00@lampenwelt.de", "timestamp": "2019-03-21T13:17:51.047932", "browser": "chrome", "browser-platform": "windows", "browser-version": "72.0.3626.121"}
{"method": "GET", "path": "/data-integration/data_transformation/marketing_touchpoints", "endpoint": "data_integration.node_page", "view-args": {"path": "data_transformation/marketing_touchpoints"}, "status": 200, "user": "e5063e1f25c24f00@lampenwelt.de", "timestamp": "2019-03-21T13:18:15.583866", "browser": "chrome", "browser-platform": "windows", "browser-version": "72.0.3626.121"}
{"method": "GET", "path": "/data-integration/data_transformation/marketing_touchpoints/dependency-graph", "endpoint": "data_integration.dependency_graph", "view-args": {"path": "data_transformation/marketing_touchpoints"}, "status": 200, "user": "e5063e1f25c24f00@lampenwelt.de", "timestamp": "2019-03-21T13:18:15.758834", "browser": "chrome", "browser-platform": "windows", "browser-version": "72.0.3626.121"}
{"method": "GET", "path": "/data-integration/data_transformation/marketing_touchpoints/last-runs-selector", "endpoint": "data_integration.last_runs_selector", "view-args": {"path": "data_transformation/marketing_touchpoints"}, "status": 200, "user": "e5063e1f25c24f00@lampenwelt.de", "timestamp": "2019-03-21T13:18:15.785827", "browser": "chrome", "browser-platform": "windows", "browser-version": "72.0.3626.121"}
{"method": "GET", "path": "/data-integration/data_transformation/marketing_touchpoints/system-stats", "endpoint": "data_integration.system_stats", "view-args": {"path": "data_transformation/marketing_touchpoints", "run_id": null}, "status": 200, "user": "e5063e1f25c24f00@lampenwelt.de", "timestamp": "2019-03-21T13:18:15.833495", "browser": "chrome", "browser-platform": "windows", "browser-version": "72.0.3626.121"}
{"method": "GET", "path": "/data-integration/data_transformation/marketing_touchpoints/timeline-chart", "endpoint": "data_integration.timeline_chart", "view-args": {"path": "data_transformation/marketing_touchpoints", "run_id": null}, "status": 200, "user": "e5063e1f25c24f00@lampenwelt.de", "timestamp": "2019-03-21T13:18:15.892901", "browser": "chrome", "browser-platform": "windows", "browser-version": "72.0.3626.121"}
{"method": "GET", "path": "/data-integration/data_transformation/marketing_touchpoints/run-output-limited", "endpoint": "data_integration.run_output", "view-args": {"path": "data_transformation/marketing_touchpoints", "run_id": null, "limit": true}, "status": 200, "user": "e5063e1f25c24f00@lampenwelt.de", "timestamp": "2019-03-21T13:18:15.975365", "browser": "chrome", "browser-platform": "windows", "browser-version": "72.0.3626.121"}
{"method": "GET", "path": "/data-integration/data_transformation/marketing_touchpoints/run-time-chart", "endpoint": "data_integration.run_time_chart", "view-args": {"path": "data_transformation/marketing_touchpoints"}, "status": 200, "user": "e5063e1f25c24f00@lampenwelt.de", "timestamp": "2019-03-21T13:18:15.980338", "browser": "chrome", "browser-platform": "windows", "browser-version": "72.0.3626.121"}
{"method": "GET", "path": "/data-integration/data_transformation/marketing_touchpoints/pipeline-children-table", "endpoint": "data_integration.pipeline_children_table", "view-args": {"path": "data_transformation/marketing_touchpoints"}, "status": 200, "user": "e5063e1f25c24f00@lampenwelt.de", "timestamp": "2019-03-21T13:18:16.240181", "browser": "chrome", "browser-platform": "windows", "browser-version": "72.0.3626.121"}
{"method": "GET", "path": "/data-integration/data_transformation", "endpoint": "data_integration.node_page", "view-args": {"path": "data_transformation"}, "status": 200, "user": "e5063e1f25c24f00@lampenwelt.de", "timestamp": "2019-03-21T13:18:26.368780", "browser": "chrome", "browser-platform": "windows", "browser-version": "72.0.3626.121"}
{"method": "GET", "path": "/data-integration/data_transformation/dependency-graph", "endpoint": "data_integration.dependency_graph", "view-args": {"path": "data_transformation"}, "status": 200, "user": "e5063e1f25c24f00@lampenwelt.de", "timestamp": "2019-03-21T13:18:26.550678", "browser": "chrome", "browser-platform": "windows", "browser-version": "72.0.3626.121"}
{"method": "GET", "path": "/data-integration/data_transformation/last-runs-selector", "endpoint": "data_integration.last_runs_selector", "view-args": {"path": "data_transformation"}, "status": 200, "user": "e5063e1f25c24f00@lampenwelt.de", "timestamp": "2019-03-21T13:18:26.571895", "browser": "chrome", "browser-platform": "windows", "browser-version": "72.0.3626.121"}
{"method": "GET", "path": "/data-integration/data_transformation/system-stats", "endpoint": "data_integration.system_stats", "view-args": {"path": "data_transformation", "run_id": null}, "status": 200, "user": "e5063e1f25c24f00@lampenwelt.de", "timestamp": "2019-03-21T13:18:26.628890", "browser": "chrome", "browser-platform": "windows", "browser-version": "72.0.3626.121"}
{"method": "GET", "path": "/data-integration/data_transformation/run-time-chart", "endpoint": "data_integration.run_time_chart", "view-args": {"path": "data_transformation"}, "status": 200, "user": "e5063e1f25c24f00@lampenwelt.de", "timestamp": "2019-03-21T13:18:26.655711", "browser": "chrome", "browser-platform": "windows", "browser-version": "72.0.3626.121"}
{"method": "GET", "path": "/data-integration/data_transformation/timeline-chart", "endpoint": "data_integration.timeline_chart", "view-args": {"path": "data_transformation", "run_id": null}, "status": 200, "user": "e5063e1f25c24f00@lampenwelt.de", "timestamp": "2019-03-21T13:18:26.761777", "browser": "chrome", "browser-platform": "windows", "browser-version": "72.0.3626.121"}
{"method": "GET", "path": "/data-integration/data_transformation/run-output-limited", "endpoint": "data_integration.run_output", "view-args": {"path": "data_transformation", "run_id": null, "limit": true}, "status": 200, "user": "e5063e1f25c24f00@lampenwelt.de", "timestamp": "2019-03-21T13:18:26.773126", "browser": "chrome", "browser-platform": "windows", "browser-version": "72.0.3626.121"}
{"method": "GET", "path": "/data-integration/data_transformation/pipeline-children-table", "endpoint": "data_integration.pipeline_children_table", "view-args": {"path": "data_transformation"}, "status": 200, "user": "e5063e1f25c24f00@lampenwelt.de", "timestamp": "2019-03-21T13:18:28.274236", "browser": "chrome", "browser-platform": "windows", "browser-version": "72.0.3626.121"}
{"method": "POST", "path": "/mondrian/excel/authorize", "endpoint": "py_mondrian.excel_authorize", "view-args": {}, "status": 200, "user": "35675e68f4b5af7b@localhost", "timestamp": "2019-03-21T13:18:39.438565", "browser": null, "browser-platform": null, "browser-version": null}
{"method": "GET", "path": "/dashboards/marketing-channel-overview", "endpoint": "dashboards.view_dashboard", "view-args": {"id": "marketing-channel-overview"}, "status": 200, "user": "dbf168a72424e699@lampenwelt.de", "timestamp": "2019-03-21T13:18:57.403647", "browser": "chrome", "browser-platform": "windows", "browser-version": "73.0.3683.86"}
{"method": "GET", "path": "/dashboards/_render_async_sql_query/8ead9007-53cd-4886-b730-33b450672cf5", "endpoint": "dashboards.render_async_sql_query", "view-args": {"id": "8ead9007-53cd-4886-b730-33b450672cf5"}, "status": 200, "user": "dbf168a72424e699@lampenwelt.de", "timestamp": "2019-03-21T13:18:58.273005", "browser": "chrome", "browser-platform": "windows", "browser-version": "73.0.3683.86"}
{"method": "GET", "path": "/dashboards/_render_async_sql_query/8ff32221-5bfe-45e7-aea3-8b6e218ac36e", "endpoint": "dashboards.render_async_sql_query", "view-args": {"id": "8ff32221-5bfe-45e7-aea3-8b6e218ac36e"}, "status": 200, "user": "dbf168a72424e699@lampenwelt.de", "timestamp": "2019-03-21T13:18:58.275309", "browser": "chrome", "browser-platform": "windows", "browser-version": "73.0.3683.86"}
{"method": "GET", "path": "/dashboards/_render_async_sql_query/a2e80db6-cad7-4df5-990f-8de65c105062", "endpoint": "dashboards.render_async_sql_query", "view-args": {"id": "a2e80db6-cad7-4df5-990f-8de65c105062"}, "status": 200, "user": "dbf168a72424e699@lampenwelt.de", "timestamp": "2019-03-21T13:18:58.279391", "browser": "chrome", "browser-platform": "windows", "browser-version": "73.0.3683.86"}
{"method": "GET", "path": "/dashboards/_last_successful_import", "endpoint": "dashboards.last_successful_import", "view-args": {}, "status": 200, "user": "dbf168a72424e699@lampenwelt.de", "timestamp": "2019-03-21T13:18:58.291409", "browser": "chrome", "browser-platform": "windows", "browser-version": "73.0.3683.86"}
{"method": "GET", "path": "/dashboards/_last_marketing_cost/marketing-channel-overview", "endpoint": "dashboards.last_marketing_cost", "view-args": {"id": "marketing-channel-overview"}, "status": 200, "user": "dbf168a72424e699@lampenwelt.de", "timestamp": "2019-03-21T13:18:58.297484", "browser": "chrome", "browser-platform": "windows", "browser-version": "73.0.3683.86"}
{"method": "GET", "path": "/dashboards/_render_async_sql_query/3ec4d470-4ad3-4909-853c-2658aa799286", "endpoint": "dashboards.render_async_sql_query", "view-args": {"id": "3ec4d470-4ad3-4909-853c-2658aa799286"}, "status": 200, "user": "dbf168a72424e699@lampenwelt.de", "timestamp": "2019-03-21T13:18:58.298391", "browser": "chrome", "browser-platform": "windows", "browser-version": "73.0.3683.86"}
{"method": "GET", "path": "/dashboards/_render_async_sql_query/82a18c41-ffc6-4fda-b3cd-ffa09214e2a6", "endpoint": "dashboards.render_async_sql_query", "view-args": {"id": "82a18c41-ffc6-4fda-b3cd-ffa09214e2a6"}, "status": 200, "user": "dbf168a72424e699@lampenwelt.de", "timestamp": "2019-03-21T13:18:58.349912", "browser": "chrome", "browser-platform": "windows", "browser-version": "73.0.3683.86"}
{"method": "GET", "path": "/dashboards/_render_async_sql_query/032633a9-64aa-4a84-877d-426b2ca259ba", "endpoint": "dashboards.render_async_sql_query", "view-args": {"id": "032633a9-64aa-4a84-877d-426b2ca259ba"}, "status": 200, "user": "dbf168a72424e699@lampenwelt.de", "timestamp": "2019-03-21T13:18:58.351024", "browser": "chrome", "browser-platform": "windows", "browser-version": "73.0.3683.86"}
{"method": "GET", "path": "/dashboards/_render_async_sql_query/0fd6ee31-4960-4acc-8fea-1f15c0e61e31", "endpoint": "dashboards.render_async_sql_query", "view-args": {"id": "0fd6ee31-4960-4acc-8fea-1f15c0e61e31"}, "status": 200, "user": "dbf168a72424e699@lampenwelt.de", "timestamp": "2019-03-21T13:18:58.429986", "browser": "chrome", "browser-platform": "windows", "browser-version": "73.0.3683.86"}
{"method": "GET", "path": "/dashboards/_render_async_sql_query/d2d71e35-a022-4ab7-9490-771777bb7abf", "endpoint": "dashboards.render_async_sql_query", "view-args": {"id": "d2d71e35-a022-4ab7-9490-771777bb7abf"}, "status": 200, "user": "dbf168a72424e699@lampenwelt.de", "timestamp": "2019-03-21T13:18:58.443369", "browser": "chrome", "browser-platform": "windows", "browser-version": "73.0.3683.86"}
{"method": "GET", "path": "/dashboards/_render_async_sql_query/5be98976-17a7-4005-b97c-b3e9204c1b43", "endpoint": "dashboards.render_async_sql_query", "view-args": {"id": "5be98976-17a7-4005-b97c-b3e9204c1b43"}, "status": 200, "user": "dbf168a72424e699@lampenwelt.de", "timestamp": "2019-03-21T13:18:58.502811", "browser": "chrome", "browser-platform": "windows", "browser-version": "73.0.3683.86"}
{"method": "GET", "path": "/dashboards/_render_async_sql_query/b268e303-2c84-43f0-a01a-62ce41eca3f7", "endpoint": "dashboards.render_async_sql_query", "view-args": {"id": "b268e303-2c84-43f0-a01a-62ce41eca3f7"}, "status": 200, "user": "dbf168a72424e699@lampenwelt.de", "timestamp": "2019-03-21T13:18:58.505671", "browser": "chrome", "browser-platform": "windows", "browser-version": "73.0.3683.86"}
{"method": "GET", "path": "/dashboards/_render_async_sql_query/587bbd35-edc2-4964-93d3-a07070a53226", "endpoint": "dashboards.render_async_sql_query", "view-args": {"id": "587bbd35-edc2-4964-93d3-a07070a53226"}, "status": 200, "user": "dbf168a72424e699@lampenwelt.de", "timestamp": "2019-03-21T13:18:58.516570", "browser": "chrome", "browser-platform": "windows", "browser-version": "73.0.3683.86"}
{"method": "GET", "path": "/dashboards/_render_async_sql_query/8524efe6-8064-40fa-84cf-549e65fde89a", "endpoint": "dashboards.render_async_sql_query", "view-args": {"id": "8524efe6-8064-40fa-84cf-549e65fde89a"}, "status": 200, "user": "dbf168a72424e699@lampenwelt.de", "timestamp": "2019-03-21T13:18:58.520456", "browser": "chrome", "browser-platform": "windows", "browser-version": "73.0.3683.86"}
{"method": "GET", "path": "/dashboards/_render_async_sql_query/f2c5cfbe-d4f0-4daa-afdf-d369a0c57c1b", "endpoint": "dashboards.render_async_sql_query", "view-args": {"id": "f2c5cfbe-d4f0-4daa-afdf-d369a0c57c1b"}, "status": 200, "user": "dbf168a72424e699@lampenwelt.de", "timestamp": "2019-03-21T13:18:58.604710", "browser": "chrome", "browser-platform": "windows", "browser-version": "73.0.3683.86"}
{"method": "GET", "path": "/dashboards/_render_async_sql_query/4aefb176-e9b2-4b2a-bfa2-b9ba8609970c", "endpoint": "dashboards.render_async_sql_query", "view-args": {"id": "4aefb176-e9b2-4b2a-bfa2-b9ba8609970c"}, "status": 200, "user": "dbf168a72424e699@lampenwelt.de", "timestamp": "2019-03-21T13:18:58.611015", "browser": "chrome", "browser-platform": "windows", "browser-version": "73.0.3683.86"}
{"method": "GET", "path": "/dashboards/_render_async_sql_query/d991611d-9123-4b7c-98d4-4cf9e9c4aa4f", "endpoint": "dashboards.render_async_sql_query", "view-args": {"id": "d991611d-9123-4b7c-98d4-4cf9e9c4aa4f"}, "status": 200, "user": "dbf168a72424e699@lampenwelt.de", "timestamp": "2019-03-21T13:18:58.616858", "browser": "chrome", "browser-platform": "windows", "browser-version": "73.0.3683.86"}
{"method": "GET", "path": "/dashboards/_render_async_sql_query/cd340777-53e3-4d18-a6b5-7d52a01fc1d1", "endpoint": "dashboards.render_async_sql_query", "view-args": {"id": "cd340777-53e3-4d18-a6b5-7d52a01fc1d1"}, "status": 200, "user": "dbf168a72424e699@lampenwelt.de", "timestamp": "2019-03-21T13:18:58.629090", "browser": "chrome", "browser-platform": "windows", "browser-version": "73.0.3683.86"}
{"method": "GET", "path": "/dashboards/_render_async_sql_query/4b115a20-0364-4ea9-9c7d-6d64ef11cef1", "endpoint": "dashboards.render_async_sql_query", "view-args": {"id": "4b115a20-0364-4ea9-9c7d-6d64ef11cef1"}, "status": 200, "user": "dbf168a72424e699@lampenwelt.de", "timestamp": "2019-03-21T13:18:59.064122", "browser": "chrome", "browser-platform": "windows", "browser-version": "73.0.3683.86"}
{"method": "GET", "path": "/dashboards/_render_async_sql_query/c70d2492-a3d4-4c3c-af43-37672e6649b9", "endpoint": "dashboards.render_async_sql_query", "view-args": {"id": "c70d2492-a3d4-4c3c-af43-37672e6649b9"}, "status": 200, "user": "dbf168a72424e699@lampenwelt.de", "timestamp": "2019-03-21T13:18:59.065116", "browser": "chrome", "browser-platform": "windows", "browser-version": "73.0.3683.86"}
{"method": "GET", "path": "/dashboards/_render_async_sql_query/703d7c65-92d3-45cf-85fa-a55b647281c3", "endpoint": "dashboards.render_async_sql_query", "view-args": {"id": "703d7c65-92d3-45cf-85fa-a55b647281c3"}, "status": 200, "user": "dbf168a72424e699@lampenwelt.de", "timestamp": "2019-03-21T13:18:59.066856", "browser": "chrome", "browser-platform": "windows", "browser-version": "73.0.3683.86"}
{"method": "GET", "path": "/dashboards/_render_async_sql_query/7f392199-29d2-429d-a0b6-73b70cb46bb1", "endpoint": "dashboards.render_async_sql_query", "view-args": {"id": "7f392199-29d2-429d-a0b6-73b70cb46bb1"}, "status": 200, "user": "dbf168a72424e699@lampenwelt.de", "timestamp": "2019-03-21T13:18:59.082325", "browser": "chrome", "browser-platform": "windows", "browser-version": "73.0.3683.86"}
{"method": "GET", "path": "/dashboards/_render_async_sql_query/beb2fc62-f19d-407c-9779-c8c28a180c56", "endpoint": "dashboards.render_async_sql_query", "view-args": {"id": "beb2fc62-f19d-407c-9779-c8c28a180c56"}, "status": 200, "user": "dbf168a72424e699@lampenwelt.de", "timestamp": "2019-03-21T13:18:59.177327", "browser": "chrome", "browser-platform": "windows", "browser-version": "73.0.3683.86"}
{"method": "GET", "path": "/dashboards/_render_async_sql_query/9cfda219-8bd4-42b8-b8c3-34f51e7eca65", "endpoint": "dashboards.render_async_sql_query", "view-args": {"id": "9cfda219-8bd4-42b8-b8c3-34f51e7eca65"}, "status": 200, "user": "dbf168a72424e699@lampenwelt.de", "timestamp": "2019-03-21T13:18:59.182873", "browser": "chrome", "browser-platform": "windows", "browser-version": "73.0.3683.86"}
{"method": "GET", "path": "/dashboards/_render_async_sql_query/43ac391c-c40a-40bd-a779-4ea733125934", "endpoint": "dashboards.render_async_sql_query", "view-args": {"id": "43ac391c-c40a-40bd-a779-4ea733125934"}, "status": 200, "user": "dbf168a72424e699@lampenwelt.de", "timestamp": "2019-03-21T13:18:59.188696", "browser": "chrome", "browser-platform": "windows", "browser-version": "73.0.3683.86"}
{"method": "GET", "path": "/mondrian/excel", "endpoint": "py_mondrian.excel", "view-args": {}, "status": 200, "user": "dbf168a72424e699@lampenwelt.de", "timestamp": "2019-03-21T13:19:03.876824", "browser": "chrome", "browser-platform": "windows", "browser-version": "73.0.3683.86"}
{"method": "POST", "path": "/mondrian/excel/authorize", "endpoint": "py_mondrian.excel_authorize", "view-args": {}, "status": 200, "user": "35675e68f4b5af7b@localhost", "timestamp": "2019-03-21T13:19:11.490735", "browser": null, "browser-platform": null, "browser-version": null}
{"method": "GET", "path": "/data-integration/alerting", "endpoint": "data_integration.node_page", "view-args": {"path": "alerting"}, "status": 200, "user": "e5063e1f25c24f00@lampenwelt.de", "timestamp": "2019-03-21T13:23:55.666906", "browser": "chrome", "browser-platform": "windows", "browser-version": "72.0.3626.121"}
{"method": "GET", "path": "/data-integration/alerting/pipeline-children-table", "endpoint": "data_integration.pipeline_children_table", "view-args": {"path": "alerting"}, "status": 200, "user": "e5063e1f25c24f00@lampenwelt.de", "timestamp": "2019-03-21T13:23:55.924585", "browser": "chrome", "browser-platform": "windows", "browser-version": "72.0.3626.121"}
{"method": "GET", "path": "/data-integration/alerting/run-time-chart", "endpoint": "data_integration.run_time_chart", "view-args": {"path": "alerting"}, "status": 200, "user": "e5063e1f25c24f00@lampenwelt.de", "timestamp": "2019-03-21T13:23:55.951297", "browser": "chrome", "browser-platform": "windows", "browser-version": "72.0.3626.121"}
{"method": "GET", "path": "/data-integration/alerting/last-runs-selector", "endpoint": "data_integration.last_runs_selector", "view-args": {"path": "alerting"}, "status": 200, "user": "e5063e1f25c24f00@lampenwelt.de", "timestamp": "2019-03-21T13:23:55.953854", "browser": "chrome", "browser-platform": "windows", "browser-version": "72.0.3626.121"}
{"method": "GET", "path": "/data-integration/alerting/dependency-graph", "endpoint": "data_integration.dependency_graph", "view-args": {"path": "alerting"}, "status": 200, "user": "e5063e1f25c24f00@lampenwelt.de", "timestamp": "2019-03-21T13:23:55.968022", "browser": "chrome", "browser-platform": "windows", "browser-version": "72.0.3626.121"}
{"method": "GET", "path": "/data-integration/alerting/system-stats", "endpoint": "data_integration.system_stats", "view-args": {"path": "alerting", "run_id": null}, "status": 200, "user": "e5063e1f25c24f00@lampenwelt.de", "timestamp": "2019-03-21T13:23:55.980257", "browser": "chrome", "browser-platform": "windows", "browser-version": "72.0.3626.121"}
{"method": "GET", "path": "/data-integration/alerting/timeline-chart", "endpoint": "data_integration.timeline_chart", "view-args": {"path": "alerting", "run_id": null}, "status": 200, "user": "e5063e1f25c24f00@lampenwelt.de", "timestamp": "2019-03-21T13:23:55.990851", "browser": "chrome", "browser-platform": "windows", "browser-version": "72.0.3626.121"}
{"method": "GET", "path": "/data-integration/alerting/run-output-limited", "endpoint": "data_integration.run_output", "view-args": {"path": "alerting", "run_id": null, "limit": true}, "status": 200, "user": "e5063e1f25c24f00@lampenwelt.de", "timestamp": "2019-03-21T13:23:56.023063", "browser": "chrome", "browser-platform": "windows", "browser-version": "72.0.3626.121"}
{"method": "GET", "path": "/data-integration/emarsys_automation", "endpoint": "data_integration.node_page", "view-args": {"path": "emarsys_automation"}, "status": 200, "user": "e5063e1f25c24f00@lampenwelt.de", "timestamp": "2019-03-21T13:24:12.274942", "browser": "chrome", "browser-platform": "windows", "browser-version": "72.0.3626.121"}
{"method": "GET", "path": "/data-integration/emarsys_automation/dependency-graph", "endpoint": "data_integration.dependency_graph", "view-args": {"path": "emarsys_automation"}, "status": 200, "user": "e5063e1f25c24f00@lampenwelt.de", "timestamp": "2019-03-21T13:24:12.416426", "browser": "chrome", "browser-platform": "windows", "browser-version": "72.0.3626.121"}
{"method": "GET", "path": "/data-integration/emarsys_automation/last-runs-selector", "endpoint": "data_integration.last_runs_selector", "view-args": {"path": "emarsys_automation"}, "status": 200, "user": "e5063e1f25c24f00@lampenwelt.de", "timestamp": "2019-03-21T13:24:12.446098", "browser": "chrome", "browser-platform": "windows", "browser-version": "72.0.3626.121"}
{"method": "GET", "path": "/data-integration/emarsys_automation/pipeline-children-table", "endpoint": "data_integration.pipeline_children_table", "view-args": {"path": "emarsys_automation"}, "status": 200, "user": "e5063e1f25c24f00@lampenwelt.de", "timestamp": "2019-03-21T13:24:12.455537", "browser": "chrome", "browser-platform": "windows", "browser-version": "72.0.3626.121"}
{"method": "GET", "path": "/data-integration/emarsys_automation/system-stats", "endpoint": "data_integration.system_stats", "view-args": {"path": "emarsys_automation", "run_id": null}, "status": 200, "user": "e5063e1f25c24f00@lampenwelt.de", "timestamp": "2019-03-21T13:24:12.472116", "browser": "chrome", "browser-platform": "windows", "browser-version": "72.0.3626.121"}
{"method": "GET", "path": "/data-integration/emarsys_automation/timeline-chart", "endpoint": "data_integration.timeline_chart", "view-args": {"path": "emarsys_automation", "run_id": null}, "status": 200, "user": "e5063e1f25c24f00@lampenwelt.de", "timestamp": "2019-03-21T13:24:12.481825", "browser": "chrome", "browser-platform": "windows", "browser-version": "72.0.3626.121"}
{"method": "GET", "path": "/data-integration/emarsys_automation/run-output-limited", "endpoint": "data_integration.run_output", "view-args": {"path": "emarsys_automation", "run_id": null, "limit": true}, "status": 200, "user": "e5063e1f25c24f00@lampenwelt.de", "timestamp": "2019-03-21T13:24:12.496882", "browser": "chrome", "browser-platform": "windows", "browser-version": "72.0.3626.121"}
{"method": "GET", "path": "/data-integration/emarsys_automation/run-time-chart", "endpoint": "data_integration.run_time_chart", "view-args": {"path": "emarsys_automation"}, "status": 200, "user": "e5063e1f25c24f00@lampenwelt.de", "timestamp": "2019-03-21T13:24:12.522274", "browser": "chrome", "browser-platform": "windows", "browser-version": "72.0.3626.121"}
{"method": "GET", "path": "/data-integration/emarsys_automation/contact_scheduler", "endpoint": "data_integration.node_page", "view-args": {"path": "emarsys_automation/contact_scheduler"}, "status": 200, "user": "e5063e1f25c24f00@lampenwelt.de", "timestamp": "2019-03-21T13:24:15.358773", "browser": "chrome", "browser-platform": "windows", "browser-version": "72.0.3626.121"}
{"method": "GET", "path": "/data-integration/emarsys_automation/contact_scheduler/dependency-graph", "endpoint": "data_integration.dependency_graph", "view-args": {"path": "emarsys_automation/contact_scheduler"}, "status": 200, "user": "e5063e1f25c24f00@lampenwelt.de", "timestamp": "2019-03-21T13:24:15.498806", "browser": "chrome", "browser-platform": "windows", "browser-version": "72.0.3626.121"}
{"method": "GET", "path": "/data-integration/emarsys_automation/contact_scheduler/last-runs-selector", "endpoint": "data_integration.last_runs_selector", "view-args": {"path": "emarsys_automation/contact_scheduler"}, "status": 200, "user": "e5063e1f25c24f00@lampenwelt.de", "timestamp": "2019-03-21T13:24:15.522851", "browser": "chrome", "browser-platform": "windows", "browser-version": "72.0.3626.121"}
{"method": "GET", "path": "/data-integration/emarsys_automation/contact_scheduler/pipeline-children-table", "endpoint": "data_integration.pipeline_children_table", "view-args": {"path": "emarsys_automation/contact_scheduler"}, "status": 200, "user": "e5063e1f25c24f00@lampenwelt.de", "timestamp": "2019-03-21T13:24:15.534032", "browser": "chrome", "browser-platform": "windows", "browser-version": "72.0.3626.121"}
{"method": "GET", "path": "/data-integration/emarsys_automation/contact_scheduler/system-stats", "endpoint": "data_integration.system_stats", "view-args": {"path": "emarsys_automation/contact_scheduler", "run_id": null}, "status": 200, "user": "e5063e1f25c24f00@lampenwelt.de", "timestamp": "2019-03-21T13:24:15.560030", "browser": "chrome", "browser-platform": "windows", "browser-version": "72.0.3626.121"}
{"method": "GET", "path": "/data-integration/emarsys_automation/contact_scheduler/timeline-chart", "endpoint": "data_integration.timeline_chart", "view-args": {"path": "emarsys_automation/contact_scheduler", "run_id": null}, "status": 200, "user": "e5063e1f25c24f00@lampenwelt.de", "timestamp": "2019-03-21T13:24:15.564172", "browser": "chrome", "browser-platform": "windows", "browser-version": "72.0.3626.121"}
{"method": "GET", "path": "/data-integration/emarsys_automation/contact_scheduler/run-time-chart", "endpoint": "data_integration.run_time_chart", "view-args": {"path": "emarsys_automation/contact_scheduler"}, "status": 200, "user": "e5063e1f25c24f00@lampenwelt.de", "timestamp": "2019-03-21T13:24:15.594444", "browser": "chrome", "browser-platform": "windows", "browser-version": "72.0.3626.121"}
{"method": "GET", "path": "/data-integration/emarsys_automation/contact_scheduler/run-output-limited", "endpoint": "data_integration.run_output", "view-args": {"path": "emarsys_automation/contact_scheduler", "run_id": null, "limit": true}, "status": 200, "user": "e5063e1f25c24f00@lampenwelt.de", "timestamp": "2019-03-21T13:24:15.607352", "browser": "chrome", "browser-platform": "windows", "browser-version": "72.0.3626.121"}
{"method": "GET", "path": "/data-integration/emarsys_automation/integration", "endpoint": "data_integration.node_page", "view-args": {"path": "emarsys_automation/integration"}, "status": 200, "user": "e5063e1f25c24f00@lampenwelt.de", "timestamp": "2019-03-21T13:24:31.032865", "browser": "chrome", "browser-platform": "windows", "browser-version": "72.0.3626.121"}
{"method": "GET", "path": "/data-integration/emarsys_automation/integration/dependency-graph", "endpoint": "data_integration.dependency_graph", "view-args": {"path": "emarsys_automation/integration"}, "status": 200, "user": "e5063e1f25c24f00@lampenwelt.de", "timestamp": "2019-03-21T13:24:31.229926", "browser": "chrome", "browser-platform": "windows", "browser-version": "72.0.3626.121"}
{"method": "GET", "path": "/data-integration/emarsys_automation/integration/pipeline-children-table", "endpoint": "data_integration.pipeline_children_table", "view-args": {"path": "emarsys_automation/integration"}, "status": 200, "user": "e5063e1f25c24f00@lampenwelt.de", "timestamp": "2019-03-21T13:24:31.261744", "browser": "chrome", "browser-platform": "windows", "browser-version": "72.0.3626.121"}
{"method": "GET", "path": "/data-integration/emarsys_automation/integration/last-runs-selector", "endpoint": "data_integration.last_runs_selector", "view-args": {"path": "emarsys_automation/integration"}, "status": 200, "user": "e5063e1f25c24f00@lampenwelt.de", "timestamp": "2019-03-21T13:24:31.268354", "browser": "chrome", "browser-platform": "windows", "browser-version": "72.0.3626.121"}
{"method": "GET", "path": "/data-integration/emarsys_automation/integration/timeline-chart", "endpoint": "data_integration.timeline_chart", "view-args": {"path": "emarsys_automation/integration", "run_id": null}, "status": 200, "user": "e5063e1f25c24f00@lampenwelt.de", "timestamp": "2019-03-21T13:24:31.297530", "browser": "chrome", "browser-platform": "windows", "browser-version": "72.0.3626.121"}
{"method": "GET", "path": "/data-integration/emarsys_automation/integration/system-stats", "endpoint": "data_integration.system_stats", "view-args": {"path": "emarsys_automation/integration", "run_id": null}, "status": 200, "user": "e5063e1f25c24f00@lampenwelt.de", "timestamp": "2019-03-21T13:24:31.304033", "browser": "chrome", "browser-platform": "windows", "browser-version": "72.0.3626.121"}
{"method": "GET", "path": "/data-integration/emarsys_automation/integration/run-time-chart", "endpoint": "data_integration.run_time_chart", "view-args": {"path": "emarsys_automation/integration"}, "status": 200, "user": "e5063e1f25c24f00@lampenwelt.de", "timestamp": "2019-03-21T13:24:31.321793", "browser": "chrome", "browser-platform": "windows", "browser-version": "72.0.3626.121"}
{"method": "GET", "path": "/data-integration/emarsys_automation/integration/run-output-limited", "endpoint": "data_integration.run_output", "view-args": {"path": "emarsys_automation/integration", "run_id": null, "limit": true}, "status": 200, "user": "e5063e1f25c24f00@lampenwelt.de", "timestamp": "2019-03-21T13:24:31.392899", "browser": "chrome", "browser-platform": "windows", "browser-version": "72.0.3626.121"}
{"method": "POST", "path": "/mondrian/excel/authorize", "endpoint": "py_mondrian.excel_authorize", "view-args": {}, "status": 200, "user": "35675e68f4b5af7b@localhost", "timestamp": "2019-03-21T13:26:43.133638", "browser": null, "browser-platform": null, "browser-version": null}
{"method": "GET", "path": "/dashboards/marketing-overview", "endpoint": "dashboards.view_dashboard", "view-args": {"id": "marketing-overview"}, "status": 200, "user": "3a124aa353c70160@lampenwelt.de", "timestamp": "2019-03-21T13:38:32.074942", "browser": "chrome", "browser-platform": "windows", "browser-version": "72.0.3626.121"}
{"method": "GET", "path": "/dashboards/_render_async_sql_query/cdaf00a6-7b5d-4865-bffa-68a976f2e3ad", "endpoint": "dashboards.render_async_sql_query", "view-args": {"id": "cdaf00a6-7b5d-4865-bffa-68a976f2e3ad"}, "status": 200, "user": "3a124aa353c70160@lampenwelt.de", "timestamp": "2019-03-21T13:38:32.619154", "browser": "chrome", "browser-platform": "windows", "browser-version": "72.0.3626.121"}
{"method": "GET", "path": "/dashboards/_render_async_sql_query/fc6f9f5a-936d-4ca3-ac35-9c0a4826e3b0", "endpoint": "dashboards.render_async_sql_query", "view-args": {"id": "fc6f9f5a-936d-4ca3-ac35-9c0a4826e3b0"}, "status": 200, "user": "3a124aa353c70160@lampenwelt.de", "timestamp": "2019-03-21T13:38:32.622621", "browser": "chrome", "browser-platform": "windows", "browser-version": "72.0.3626.121"}
{"method": "GET", "path": "/dashboards/_last_successful_import", "endpoint": "dashboards.last_successful_import", "view-args": {}, "status": 200, "user": "3a124aa353c70160@lampenwelt.de", "timestamp": "2019-03-21T13:38:32.638808", "browser": "chrome", "browser-platform": "windows", "browser-version": "72.0.3626.121"}
{"method": "GET", "path": "/dashboards/_render_async_sql_query/6b041627-f6ec-48d3-b1df-700a31c067b4", "endpoint": "dashboards.render_async_sql_query", "view-args": {"id": "6b041627-f6ec-48d3-b1df-700a31c067b4"}, "status": 200, "user": "3a124aa353c70160@lampenwelt.de", "timestamp": "2019-03-21T13:38:32.638991", "browser": "chrome", "browser-platform": "windows", "browser-version": "72.0.3626.121"}
{"method": "GET", "path": "/dashboards/_render_async_sql_query/f279bb12-87fe-4236-9bd3-a8d074eb0dc8", "endpoint": "dashboards.render_async_sql_query", "view-args": {"id": "f279bb12-87fe-4236-9bd3-a8d074eb0dc8"}, "status": 200, "user": "3a124aa353c70160@lampenwelt.de", "timestamp": "2019-03-21T13:38:32.642502", "browser": "chrome", "browser-platform": "windows", "browser-version": "72.0.3626.121"}
{"method": "GET", "path": "/dashboards/_last_marketing_cost/marketing-overview", "endpoint": "dashboards.last_marketing_cost", "view-args": {"id": "marketing-overview"}, "status": 200, "user": "3a124aa353c70160@lampenwelt.de", "timestamp": "2019-03-21T13:38:32.657616", "browser": "chrome", "browser-platform": "windows", "browser-version": "72.0.3626.121"}
{"method": "GET", "path": "/dashboards/_render_async_sql_query/2e2ccc02-b36d-4a6e-beff-3ed78b0d508c", "endpoint": "dashboards.render_async_sql_query", "view-args": {"id": "2e2ccc02-b36d-4a6e-beff-3ed78b0d508c"}, "status": 200, "user": "3a124aa353c70160@lampenwelt.de", "timestamp": "2019-03-21T13:38:32.697758", "browser": "chrome", "browser-platform": "windows", "browser-version": "72.0.3626.121"}
{"method": "GET", "path": "/dashboards/_render_async_sql_query/b70cd3de-7460-4110-affc-11b23403cd27", "endpoint": "dashboards.render_async_sql_query", "view-args": {"id": "b70cd3de-7460-4110-affc-11b23403cd27"}, "status": 200, "user": "3a124aa353c70160@lampenwelt.de", "timestamp": "2019-03-21T13:38:32.701923", "browser": "chrome", "browser-platform": "windows", "browser-version": "72.0.3626.121"}
{"method": "GET", "path": "/dashboards/_render_async_sql_query/ed825bd9-388f-448a-bb52-4e6ff838cd7c", "endpoint": "dashboards.render_async_sql_query", "view-args": {"id": "ed825bd9-388f-448a-bb52-4e6ff838cd7c"}, "status": 200, "user": "3a124aa353c70160@lampenwelt.de", "timestamp": "2019-03-21T13:38:32.733496", "browser": "chrome", "browser-platform": "windows", "browser-version": "72.0.3626.121"}
{"method": "GET", "path": "/dashboards/_render_async_sql_query/84695494-bec4-409b-a18a-aed0188b67ae", "endpoint": "dashboards.render_async_sql_query", "view-args": {"id": "84695494-bec4-409b-a18a-aed0188b67ae"}, "status": 200, "user": "3a124aa353c70160@lampenwelt.de", "timestamp": "2019-03-21T13:38:32.735771", "browser": "chrome", "browser-platform": "windows", "browser-version": "72.0.3626.121"}
{"method": "GET", "path": "/dashboards/_render_async_sql_query/ef9b1058-df8f-4f6d-a126-24ea2ce5326a", "endpoint": "dashboards.render_async_sql_query", "view-args": {"id": "ef9b1058-df8f-4f6d-a126-24ea2ce5326a"}, "status": 200, "user": "3a124aa353c70160@lampenwelt.de", "timestamp": "2019-03-21T13:38:32.765099", "browser": "chrome", "browser-platform": "windows", "browser-version": "72.0.3626.121"}
{"method": "GET", "path": "/dashboards/_render_async_sql_query/ce4c6fb0-261e-463d-9741-609e30e3457c", "endpoint": "dashboards.render_async_sql_query", "view-args": {"id": "ce4c6fb0-261e-463d-9741-609e30e3457c"}, "status": 200, "user": "3a124aa353c70160@lampenwelt.de", "timestamp": "2019-03-21T13:38:32.765773", "browser": "chrome", "browser-platform": "windows", "browser-version": "72.0.3626.121"}
{"method": "GET", "path": "/dashboards/_render_async_sql_query/35bda480-4cdc-4074-b8c1-e08ac2731cdb", "endpoint": "dashboards.render_async_sql_query", "view-args": {"id": "35bda480-4cdc-4074-b8c1-e08ac2731cdb"}, "status": 200, "user": "3a124aa353c70160@lampenwelt.de", "timestamp": "2019-03-21T13:38:32.776932", "browser": "chrome", "browser-platform": "windows", "browser-version": "72.0.3626.121"}
{"method": "GET", "path": "/dashboards/_render_async_sql_query/923008e5-2b21-4a23-89b9-cfa338c9b972", "endpoint": "dashboards.render_async_sql_query", "view-args": {"id": "923008e5-2b21-4a23-89b9-cfa338c9b972"}, "status": 200, "user": "3a124aa353c70160@lampenwelt.de", "timestamp": "2019-03-21T13:38:32.788854", "browser": "chrome", "browser-platform": "windows", "browser-version": "72.0.3626.121"}
{"method": "GET", "path": "/dashboards/_render_async_sql_query/5f391eeb-d7e0-4f84-86f5-cec4d1a9dbba", "endpoint": "dashboards.render_async_sql_query", "view-args": {"id": "5f391eeb-d7e0-4f84-86f5-cec4d1a9dbba"}, "status": 200, "user": "3a124aa353c70160@lampenwelt.de", "timestamp": "2019-03-21T13:38:32.822225", "browser": "chrome", "browser-platform": "windows", "browser-version": "72.0.3626.121"}
{"method": "GET", "path": "/dashboards/_render_async_sql_query/8db3de5a-7d5d-478e-bc0d-7dd8240ebbe6", "endpoint": "dashboards.render_async_sql_query", "view-args": {"id": "8db3de5a-7d5d-478e-bc0d-7dd8240ebbe6"}, "status": 200, "user": "3a124aa353c70160@lampenwelt.de", "timestamp": "2019-03-21T13:38:32.822877", "browser": "chrome", "browser-platform": "windows", "browser-version": "72.0.3626.121"}
{"method": "GET", "path": "/dashboards/_render_async_sql_query/d4b1d4e6-60d6-439c-a789-e1aaa32526af", "endpoint": "dashboards.render_async_sql_query", "view-args": {"id": "d4b1d4e6-60d6-439c-a789-e1aaa32526af"}, "status": 200, "user": "3a124aa353c70160@lampenwelt.de", "timestamp": "2019-03-21T13:38:32.829021", "browser": "chrome", "browser-platform": "windows", "browser-version": "72.0.3626.121"}
{"method": "GET", "path": "/dashboards/_render_async_sql_query/741dc2f0-ef7c-470e-b1fe-fcc81ba96b18", "endpoint": "dashboards.render_async_sql_query", "view-args": {"id": "741dc2f0-ef7c-470e-b1fe-fcc81ba96b18"}, "status": 200, "user": "3a124aa353c70160@lampenwelt.de", "timestamp": "2019-03-21T13:38:32.844429", "browser": "chrome", "browser-platform": "windows", "browser-version": "72.0.3626.121"}
{"method": "GET", "path": "/data-sets/warehouse-inventory", "endpoint": "data_sets.data_set_page", "view-args": {"data_set_id": "warehouse-inventory", "query_id": null}, "status": 200, "user": "3a124aa353c70160@lampenwelt.de", "timestamp": "2019-03-21T13:41:34.625502", "browser": "chrome", "browser-platform": "windows", "browser-version": "72.0.3626.121"}
{"method": "POST", "path": "/data-sets/.initialize", "endpoint": "data_sets.initialize_query", "view-args": {}, "status": 200, "user": "3a124aa353c70160@lampenwelt.de", "timestamp": "2019-03-21T13:41:37.213943", "browser": "chrome", "browser-platform": "windows", "browser-version": "72.0.3626.121"}
{"method": "POST", "path": "/data-sets/.preview", "endpoint": "data_sets.preview", "view-args": {}, "status": 200, "user": "3a124aa353c70160@lampenwelt.de", "timestamp": "2019-03-21T13:41:37.335335", "browser": "chrome", "browser-platform": "windows", "browser-version": "72.0.3626.121"}
{"method": "POST", "path": "/data-sets/.row-count", "endpoint": "data_sets.row_count", "view-args": {}, "status": 200, "user": "3a124aa353c70160@lampenwelt.de", "timestamp": "2019-03-21T13:41:39.802271", "browser": "chrome", "browser-platform": "windows", "browser-version": "72.0.3626.121"}
{"method": "POST", "path": "/data-sets/.distribution-chart-1", "endpoint": "data_sets.distribution_chart", "view-args": {"pos": 1}, "status": 200, "user": "3a124aa353c70160@lampenwelt.de", "timestamp": "2019-03-21T13:41:48.957652", "browser": "chrome", "browser-platform": "windows", "browser-version": "72.0.3626.121"}
{"method": "POST", "path": "/data-sets/.distribution-chart-2", "endpoint": "data_sets.distribution_chart", "view-args": {"pos": 2}, "status": 200, "user": "3a124aa353c70160@lampenwelt.de", "timestamp": "2019-03-21T13:41:51.612422", "browser": "chrome", "browser-platform": "windows", "browser-version": "72.0.3626.121"}
{"method": "POST", "path": "/data-sets/.distribution-chart-0", "endpoint": "data_sets.distribution_chart", "view-args": {"pos": 0}, "status": 200, "user": "3a124aa353c70160@lampenwelt.de", "timestamp": "2019-03-21T13:41:55.569245", "browser": "chrome", "browser-platform": "windows", "browser-version": "72.0.3626.121"}
{"method": "POST", "path": "/data-sets/.distribution-chart-7", "endpoint": "data_sets.distribution_chart", "view-args": {"pos": 7}, "status": 200, "user": "3a124aa353c70160@lampenwelt.de", "timestamp": "2019-03-21T13:42:02.777836", "browser": "chrome", "browser-platform": "windows", "browser-version": "72.0.3626.121"}
{"method": "POST", "path": "/data-sets/.distribution-chart-9", "endpoint": "data_sets.distribution_chart", "view-args": {"pos": 9}, "status": 200, "user": "3a124aa353c70160@lampenwelt.de", "timestamp": "2019-03-21T13:42:13.415435", "browser": "chrome", "browser-platform": "windows", "browser-version": "72.0.3626.121"}
{"method": "POST", "path": "/data-sets/.distribution-chart-10", "endpoint": "data_sets.distribution_chart", "view-args": {"pos": 10}, "status": 200, "user": "3a124aa353c70160@lampenwelt.de", "timestamp": "2019-03-21T13:42:17.300209", "browser": "chrome", "browser-platform": "windows", "browser-version": "72.0.3626.121"}
{"method": "POST", "path": "/data-sets/.distribution-chart-11", "endpoint": "data_sets.distribution_chart", "view-args": {"pos": 11}, "status": 200, "user": "3a124aa353c70160@lampenwelt.de", "timestamp": "2019-03-21T13:42:23.498002", "browser": "chrome", "browser-platform": "windows", "browser-version": "72.0.3626.121"}
{"method": "POST", "path": "/data-sets/.distribution-chart-14", "endpoint": "data_sets.distribution_chart", "view-args": {"pos": 14}, "status": 200, "user": "3a124aa353c70160@lampenwelt.de", "timestamp": "2019-03-21T13:42:35.882358", "browser": "chrome", "browser-platform": "windows", "browser-version": "72.0.3626.121"}
{"method": "POST", "path": "/data-sets/.distribution-chart-15", "endpoint": "data_sets.distribution_chart", "view-args": {"pos": 15}, "status": 200, "user": "3a124aa353c70160@lampenwelt.de", "timestamp": "2019-03-21T13:42:41.121089", "browser": "chrome", "browser-platform": "windows", "browser-version": "72.0.3626.121"}
{"method": "POST", "path": "/data-sets/.distribution-chart-16", "endpoint": "data_sets.distribution_chart", "view-args": {"pos": 16}, "status": 200, "user": "3a124aa353c70160@lampenwelt.de", "timestamp": "2019-03-21T13:42:46.015978", "browser": "chrome", "browser-platform": "windows", "browser-version": "72.0.3626.121"}
{"method": "POST", "path": "/mondrian/saiku/authorize", "endpoint": "py_mondrian.saiku_authorize", "view-args": {}, "status": 200, "user": "35675e68f4b5af7b@localhost", "timestamp": "2019-03-21T13:55:21.583229", "browser": null, "browser-platform": null, "browser-version": null}
