{"method": "GET", "path": "/data-integration/data_transformation", "endpoint": "data_integration.node_page", "view-args": {"path": "data_transformation"}, "status": 200, "user": "e5063e1f25c24f00@lampenwelt.de", "timestamp": "2019-03-21T08:01:06.439159", "browser": "chrome", "browser-platform": "windows", "browser-version": "72.0.3626.121"}
{"method": "GET", "path": "/data-integration/data_transformation/dependency-graph", "endpoint": "data_integration.dependency_graph", "view-args": {"path": "data_transformation"}, "status": 200, "user": "e5063e1f25c24f00@lampenwelt.de", "timestamp": "2019-03-21T08:01:07.126505", "browser": "chrome", "browser-platform": "windows", "browser-version": "72.0.3626.121"}
{"method": "GET", "path": "/data-integration/data_transformation/last-runs-selector", "endpoint": "data_integration.last_runs_selector", "view-args": {"path": "data_transformation"}, "status": 200, "user": "e5063e1f25c24f00@lampenwelt.de", "timestamp": "2019-03-21T08:01:07.159172", "browser": "chrome", "browser-platform": "windows", "browser-version": "72.0.3626.121"}
{"method": "GET", "path": "/data-integration/data_transformation/system-stats", "endpoint": "data_integration.system_stats", "view-args": {"path": "data_transformation", "run_id": null}, "status": 200, "user": "e5063e1f25c24f00@lampenwelt.de", "timestamp": "2019-03-21T08:01:07.462670", "browser": "chrome", "browser-platform": "windows", "browser-version": "72.0.3626.121"}
{"method": "GET", "path": "/data-integration/data_transformation/timeline-chart", "endpoint": "data_integration.timeline_chart", "view-args": {"path": "data_transformation", "run_id": null}, "status": 200, "user": "e5063e1f25c24f00@lampenwelt.de", "timestamp": "2019-03-21T08:01:07.515384", "browser": "chrome", "browser-platform": "windows", "browser-version": "72.0.3626.121"}
{"method": "GET", "path": "/data-integration/data_transformation/run-time-chart", "endpoint": "data_integration.run_time_chart", "view-args": {"path": "data_transformation"}, "status": 200, "user": "e5063e1f25c24f00@lampenwelt.de", "timestamp": "2019-03-21T08:01:08.061073", "browser": "chrome", "browser-platform": "windows", "browser-version": "72.0.3626.121"}
{"method": "GET", "path": "/data-integration/data_transformation/pipeline-children-table", "endpoint": "data_integration.pipeline_children_table", "view-args": {"path": "data_transformation"}, "status": 200, "user": "e5063e1f25c24f00@lampenwelt.de", "timestamp": "2019-03-21T08:01:08.355065", "browser": "chrome", "browser-platform": "windows", "browser-version": "72.0.3626.121"}
{"method": "GET", "path": "/data-integration/data_transformation/run-output-limited", "endpoint": "data_integration.run_output", "view-args": {"path": "data_transformation", "run_id": null, "limit": true}, "status": 200, "user": "e5063e1f25c24f00@lampenwelt.de", "timestamp": "2019-03-21T08:01:11.018822", "browser": "chrome", "browser-platform": "windows", "browser-version": "72.0.3626.121"}
{"method": "GET", "path": "/data-integration/data_transformation", "endpoint": "data_integration.node_page", "view-args": {"path": "data_transformation"}, "status": 200, "user": "e5063e1f25c24f00@lampenwelt.de", "timestamp": "2019-03-21T08:01:17.209409", "browser": "chrome", "browser-platform": "windows", "browser-version": "72.0.3626.121"}
{"method": "GET", "path": "/data-integration/data_transformation/dependency-graph", "endpoint": "data_integration.dependency_graph", "view-args": {"path": "data_transformation"}, "status": 200, "user": "e5063e1f25c24f00@lampenwelt.de", "timestamp": "2019-03-21T08:01:17.554519", "browser": "chrome", "browser-platform": "windows", "browser-version": "72.0.3626.121"}
{"method": "GET", "path": "/data-integration/data_transformation/last-runs-selector", "endpoint": "data_integration.last_runs_selector", "view-args": {"path": "data_transformation"}, "status": 200, "user": "e5063e1f25c24f00@lampenwelt.de", "timestamp": "2019-03-21T08:01:17.578129", "browser": "chrome", "browser-platform": "windows", "browser-version": "72.0.3626.121"}
{"method": "GET", "path": "/data-integration/data_transformation/system-stats", "endpoint": "data_integration.system_stats", "view-args": {"path": "data_transformation", "run_id": null}, "status": 200, "user": "e5063e1f25c24f00@lampenwelt.de", "timestamp": "2019-03-21T08:01:17.624669", "browser": "chrome", "browser-platform": "windows", "browser-version": "72.0.3626.121"}
{"method": "GET", "path": "/data-integration/data_transformation/run-time-chart", "endpoint": "data_integration.run_time_chart", "view-args": {"path": "data_transformation"}, "status": 200, "user": "e5063e1f25c24f00@lampenwelt.de", "timestamp": "2019-03-21T08:01:17.651007", "browser": "chrome", "browser-platform": "windows", "browser-version": "72.0.3626.121"}
{"method": "GET", "path": "/data-integration/data_transformation/timeline-chart", "endpoint": "data_integration.timeline_chart", "view-args": {"path": "data_transformation", "run_id": null}, "status": 200, "user": "e5063e1f25c24f00@lampenwelt.de", "timestamp": "2019-03-21T08:01:17.676221", "browser": "chrome", "browser-platform": "windows", "browser-version": "72.0.3626.121"}
{"method": "GET", "path": "/data-integration/data_transformation/run-output-limited", "endpoint": "data_integration.run_output", "view-args": {"path": "data_transformation", "run_id": null, "limit": true}, "status": 200, "user": "e5063e1f25c24f00@lampenwelt.de", "timestamp": "2019-03-21T08:01:17.749464", "browser": "chrome", "browser-platform": "windows", "browser-version": "72.0.3626.121"}
{"method": "GET", "path": "/data-integration/data_transformation/pipeline-children-table", "endpoint": "data_integration.pipeline_children_table", "view-args": {"path": "data_transformation"}, "status": 200, "user": "e5063e1f25c24f00@lampenwelt.de", "timestamp": "2019-03-21T08:01:19.182910", "browser": "chrome", "browser-platform": "windows", "browser-version": "72.0.3626.121"}
{"method": "GET", "path": "/data-integration/data_transformation/marketing_touchpoints", "endpoint": "data_integration.node_page", "view-args": {"path": "data_transformation/marketing_touchpoints"}, "status": 200, "user": "e5063e1f25c24f00@lampenwelt.de", "timestamp": "2019-03-21T08:01:33.340009", "browser": "chrome", "browser-platform": "windows", "browser-version": "72.0.3626.121"}
{"method": "GET", "path": "/data-integration/data_transformation/marketing_touchpoints/dependency-graph", "endpoint": "data_integration.dependency_graph", "view-args": {"path": "data_transformation/marketing_touchpoints"}, "status": 200, "user": "e5063e1f25c24f00@lampenwelt.de", "timestamp": "2019-03-21T08:01:33.550932", "browser": "chrome", "browser-platform": "windows", "browser-version": "72.0.3626.121"}
{"method": "GET", "path": "/data-integration/data_transformation/marketing_touchpoints/last-runs-selector", "endpoint": "data_integration.last_runs_selector", "view-args": {"path": "data_transformation/marketing_touchpoints"}, "status": 200, "user": "e5063e1f25c24f00@lampenwelt.de", "timestamp": "2019-03-21T08:01:33.584904", "browser": "chrome", "browser-platform": "windows", "browser-version": "72.0.3626.121"}
{"method": "GET", "path": "/data-integration/data_transformation/marketing_touchpoints/system-stats", "endpoint": "data_integration.system_stats", "view-args": {"path": "data_transformation/marketing_touchpoints", "run_id": null}, "status": 200, "user": "e5063e1f25c24f00@lampenwelt.de", "timestamp": "2019-03-21T08:01:33.660920", "browser": "chrome", "browser-platform": "windows", "browser-version": "72.0.3626.121"}
{"method": "GET", "path": "/data-integration/data_transformation/marketing_touchpoints/timeline-chart", "endpoint": "data_integration.timeline_chart", "view-args": {"path": "data_transformation/marketing_touchpoints", "run_id": null}, "status": 200, "user": "e5063e1f25c24f00@lampenwelt.de", "timestamp": "2019-03-21T08:01:33.744604", "browser": "chrome", "browser-platform": "windows", "browser-version": "72.0.3626.121"}
{"method": "GET", "path": "/data-integration/data_transformation/marketing_touchpoints/run-output-limited", "endpoint": "data_integration.run_output", "view-args": {"path": "data_transformation/marketing_touchpoints", "run_id": null, "limit": true}, "status": 200, "user": "e5063e1f25c24f00@lampenwelt.de", "timestamp": "2019-03-21T08:01:33.910169", "browser": "chrome", "browser-platform": "windows", "browser-version": "72.0.3626.121"}
{"method": "GET", "path": "/data-integration/data_transformation/marketing_touchpoints/pipeline-children-table", "endpoint": "data_integration.pipeline_children_table", "view-args": {"path": "data_transformation/marketing_touchpoints"}, "status": 200, "user": "e5063e1f25c24f00@lampenwelt.de", "timestamp": "2019-03-21T08:01:33.950201", "browser": "chrome", "browser-platform": "windows", "browser-version": "72.0.3626.121"}
{"method": "GET", "path": "/data-integration/data_transformation/marketing_touchpoints/run-time-chart", "endpoint": "data_integration.run_time_chart", "view-args": {"path": "data_transformation/marketing_touchpoints"}, "status": 200, "user": "e5063e1f25c24f00@lampenwelt.de", "timestamp": "2019-03-21T08:01:34.056871", "browser": "chrome", "browser-platform": "windows", "browser-version": "72.0.3626.121"}
{"method": "POST", "path": "/mondrian/excel/authorize", "endpoint": "py_mondrian.excel_authorize", "view-args": {}, "status": 200, "user": "35675e68f4b5af7b@localhost", "timestamp": "2019-03-21T08:22:01.696304", "browser": null, "browser-platform": null, "browser-version": null}
{"method": "GET", "path": "/mondrian/excel", "endpoint": "py_mondrian.excel", "view-args": {}, "status": 200, "user": "9942c672b9354771@lampenwelt.de", "timestamp": "2019-03-21T08:22:08.827934", "browser": "chrome", "browser-platform": "windows", "browser-version": "72.0.3626.121"}
{"method": "POST", "path": "/mondrian/excel/authorize", "endpoint": "py_mondrian.excel_authorize", "view-args": {}, "status": 200, "user": "35675e68f4b5af7b@localhost", "timestamp": "2019-03-21T08:22:18.188741", "browser": null, "browser-platform": null, "browser-version": null}
{"method": "POST", "path": "/mondrian/saiku/authorize", "endpoint": "py_mondrian.saiku_authorize", "view-args": {}, "status": 200, "user": "35675e68f4b5af7b@localhost", "timestamp": "2019-03-21T08:23:20.441025", "browser": null, "browser-platform": null, "browser-version": null}
{"method": "POST", "path": "/mondrian/saiku/authorize", "endpoint": "py_mondrian.saiku_authorize", "view-args": {}, "status": 200, "user": "35675e68f4b5af7b@localhost", "timestamp": "2019-03-21T08:23:20.752925", "browser": null, "browser-platform": null, "browser-version": null}
{"method": "GET", "path": "/dashboards/sales-comparison", "endpoint": "dashboards.view_dashboard", "view-args": {"id": "sales-comparison"}, "status": 200, "user": "3a11c5eae09adb43@lampenwelt.de", "timestamp": "2019-03-21T08:25:39.466166", "browser": "chrome", "browser-platform": "windows", "browser-version": "73.0.3683.75"}
{"method": "GET", "path": "/dashboards/_render_async_sql_query/812df3be-6f18-4930-be4d-feb91bda89e7", "endpoint": "dashboards.render_async_sql_query", "view-args": {"id": "812df3be-6f18-4930-be4d-feb91bda89e7"}, "status": 200, "user": "3a11c5eae09adb43@lampenwelt.de", "timestamp": "2019-03-21T08:25:41.080823", "browser": "chrome", "browser-platform": "windows", "browser-version": "73.0.3683.75"}
{"method": "GET", "path": "/dashboards/_render_async_sql_query/0c294fae-dec0-4524-ac84-9d59738c7150", "endpoint": "dashboards.render_async_sql_query", "view-args": {"id": "0c294fae-dec0-4524-ac84-9d59738c7150"}, "status": 200, "user": "3a11c5eae09adb43@lampenwelt.de", "timestamp": "2019-03-21T08:25:41.081898", "browser": "chrome", "browser-platform": "windows", "browser-version": "73.0.3683.75"}
{"method": "GET", "path": "/dashboards/_render_async_sql_query/8c6812d1-a962-4b16-8cbc-a2cf89ad91d5", "endpoint": "dashboards.render_async_sql_query", "view-args": {"id": "8c6812d1-a962-4b16-8cbc-a2cf89ad91d5"}, "status": 200, "user": "3a11c5eae09adb43@lampenwelt.de", "timestamp": "2019-03-21T08:25:41.085451", "browser": "chrome", "browser-platform": "windows", "browser-version": "73.0.3683.75"}
{"method": "GET", "path": "/dashboards/_last_successful_import", "endpoint": "dashboards.last_successful_import", "view-args": {}, "status": 200, "user": "3a11c5eae09adb43@lampenwelt.de", "timestamp": "2019-03-21T08:25:41.097775", "browser": "chrome", "browser-platform": "windows", "browser-version": "73.0.3683.75"}
{"method": "GET", "path": "/dashboards/_render_async_sql_query/00235dd1-b9a1-4c7e-9384-c8434cf7bca1", "endpoint": "dashboards.render_async_sql_query", "view-args": {"id": "00235dd1-b9a1-4c7e-9384-c8434cf7bca1"}, "status": 200, "user": "3a11c5eae09adb43@lampenwelt.de", "timestamp": "2019-03-21T08:25:41.100039", "browser": "chrome", "browser-platform": "windows", "browser-version": "73.0.3683.75"}
{"method": "GET", "path": "/dashboards/_last_marketing_cost/sales-comparison", "endpoint": "dashboards.last_marketing_cost", "view-args": {"id": "sales-comparison"}, "status": 200, "user": "3a11c5eae09adb43@lampenwelt.de", "timestamp": "2019-03-21T08:25:41.118547", "browser": "chrome", "browser-platform": "windows", "browser-version": "73.0.3683.75"}
{"method": "GET", "path": "/dashboards/_render_async_sql_query/effff072-ecfe-4bdd-a258-9db81559e26e", "endpoint": "dashboards.render_async_sql_query", "view-args": {"id": "effff072-ecfe-4bdd-a258-9db81559e26e"}, "status": 200, "user": "3a11c5eae09adb43@lampenwelt.de", "timestamp": "2019-03-21T08:25:41.262132", "browser": "chrome", "browser-platform": "windows", "browser-version": "73.0.3683.75"}
{"method": "GET", "path": "/dashboards/_render_async_sql_query/ddcb098a-dc72-4e78-94a5-97c575f17bee", "endpoint": "dashboards.render_async_sql_query", "view-args": {"id": "ddcb098a-dc72-4e78-94a5-97c575f17bee"}, "status": 200, "user": "3a11c5eae09adb43@lampenwelt.de", "timestamp": "2019-03-21T08:25:41.262249", "browser": "chrome", "browser-platform": "windows", "browser-version": "73.0.3683.75"}
{"method": "POST", "path": "/dashboards/sales-comparison", "endpoint": "dashboards.view_dashboard", "view-args": {"id": "sales-comparison"}, "status": 200, "user": "3a11c5eae09adb43@lampenwelt.de", "timestamp": "2019-03-21T08:25:51.270081", "browser": "chrome", "browser-platform": "windows", "browser-version": "73.0.3683.75"}
{"method": "GET", "path": "/dashboards/_render_async_sql_query/8607e29b-ae65-4035-9c70-e057c1f199cf", "endpoint": "dashboards.render_async_sql_query", "view-args": {"id": "8607e29b-ae65-4035-9c70-e057c1f199cf"}, "status": 200, "user": "3a11c5eae09adb43@lampenwelt.de", "timestamp": "2019-03-21T08:25:51.654177", "browser": "chrome", "browser-platform": "windows", "browser-version": "73.0.3683.75"}
{"method": "GET", "path": "/dashboards/_render_async_sql_query/b4ed01c5-a573-4eea-aa75-6277c1e733f8", "endpoint": "dashboards.render_async_sql_query", "view-args": {"id": "b4ed01c5-a573-4eea-aa75-6277c1e733f8"}, "status": 200, "user": "3a11c5eae09adb43@lampenwelt.de", "timestamp": "2019-03-21T08:25:51.660640", "browser": "chrome", "browser-platform": "windows", "browser-version": "73.0.3683.75"}
{"method": "GET", "path": "/dashboards/_render_async_sql_query/76c33d68-a84f-44da-8197-62210a48a106", "endpoint": "dashboards.render_async_sql_query", "view-args": {"id": "76c33d68-a84f-44da-8197-62210a48a106"}, "status": 200, "user": "3a11c5eae09adb43@lampenwelt.de", "timestamp": "2019-03-21T08:25:51.664324", "browser": "chrome", "browser-platform": "windows", "browser-version": "73.0.3683.75"}
{"method": "GET", "path": "/dashboards/_last_marketing_cost/sales-comparison", "endpoint": "dashboards.last_marketing_cost", "view-args": {"id": "sales-comparison"}, "status": 200, "user": "3a11c5eae09adb43@lampenwelt.de", "timestamp": "2019-03-21T08:25:51.674002", "browser": "chrome", "browser-platform": "windows", "browser-version": "73.0.3683.75"}
{"method": "GET", "path": "/dashboards/_last_successful_import", "endpoint": "dashboards.last_successful_import", "view-args": {}, "status": 200, "user": "3a11c5eae09adb43@lampenwelt.de", "timestamp": "2019-03-21T08:25:51.677173", "browser": "chrome", "browser-platform": "windows", "browser-version": "73.0.3683.75"}
{"method": "GET", "path": "/dashboards/_render_async_sql_query/7bdeb142-f335-46c5-9a21-e2ecc236bcbf", "endpoint": "dashboards.render_async_sql_query", "view-args": {"id": "7bdeb142-f335-46c5-9a21-e2ecc236bcbf"}, "status": 200, "user": "3a11c5eae09adb43@lampenwelt.de", "timestamp": "2019-03-21T08:25:51.683790", "browser": "chrome", "browser-platform": "windows", "browser-version": "73.0.3683.75"}
{"method": "GET", "path": "/dashboards/_render_async_sql_query/318df7b8-6030-4068-89ec-9605ee006478", "endpoint": "dashboards.render_async_sql_query", "view-args": {"id": "318df7b8-6030-4068-89ec-9605ee006478"}, "status": 200, "user": "3a11c5eae09adb43@lampenwelt.de", "timestamp": "2019-03-21T08:25:51.844026", "browser": "chrome", "browser-platform": "windows", "browser-version": "73.0.3683.75"}
{"method": "GET", "path": "/dashboards/_render_async_sql_query/7ee9287e-0c85-4fc3-95a0-4de1ef5ab159", "endpoint": "dashboards.render_async_sql_query", "view-args": {"id": "7ee9287e-0c85-4fc3-95a0-4de1ef5ab159"}, "status": 200, "user": "3a11c5eae09adb43@lampenwelt.de", "timestamp": "2019-03-21T08:25:51.845257", "browser": "chrome", "browser-platform": "windows", "browser-version": "73.0.3683.75"}
{"method": "GET", "path": "/dashboards/weekly-overview", "endpoint": "dashboards.view_dashboard", "view-args": {"id": "weekly-overview"}, "status": 200, "user": "3a11c5eae09adb43@lampenwelt.de", "timestamp": "2019-03-21T08:26:05.617977", "browser": "chrome", "browser-platform": "windows", "browser-version": "73.0.3683.75"}
{"method": "GET", "path": "/dashboards/_render_async_sql_query/d44465a0-ec14-4ec9-90ee-3035ac71bdd4", "endpoint": "dashboards.render_async_sql_query", "view-args": {"id": "d44465a0-ec14-4ec9-90ee-3035ac71bdd4"}, "status": 200, "user": "3a11c5eae09adb43@lampenwelt.de", "timestamp": "2019-03-21T08:26:06.176229", "browser": "chrome", "browser-platform": "windows", "browser-version": "73.0.3683.75"}
{"method": "GET", "path": "/dashboards/_render_async_sql_query/342c8b27-330d-4cf0-b92e-ef9f0aea3867", "endpoint": "dashboards.render_async_sql_query", "view-args": {"id": "342c8b27-330d-4cf0-b92e-ef9f0aea3867"}, "status": 200, "user": "3a11c5eae09adb43@lampenwelt.de", "timestamp": "2019-03-21T08:26:06.185247", "browser": "chrome", "browser-platform": "windows", "browser-version": "73.0.3683.75"}
{"method": "GET", "path": "/dashboards/_last_marketing_cost/weekly-overview", "endpoint": "dashboards.last_marketing_cost", "view-args": {"id": "weekly-overview"}, "status": 200, "user": "3a11c5eae09adb43@lampenwelt.de", "timestamp": "2019-03-21T08:26:06.195416", "browser": "chrome", "browser-platform": "windows", "browser-version": "73.0.3683.75"}
{"method": "GET", "path": "/dashboards/_render_async_sql_query/e4613df4-802a-451c-af15-6f1cf8187d8d", "endpoint": "dashboards.render_async_sql_query", "view-args": {"id": "e4613df4-802a-451c-af15-6f1cf8187d8d"}, "status": 200, "user": "3a11c5eae09adb43@lampenwelt.de", "timestamp": "2019-03-21T08:26:06.195907", "browser": "chrome", "browser-platform": "windows", "browser-version": "73.0.3683.75"}
{"method": "GET", "path": "/dashboards/_render_async_sql_query/258e197c-28fc-4c5d-b1d7-a6f6742f82f4", "endpoint": "dashboards.render_async_sql_query", "view-args": {"id": "258e197c-28fc-4c5d-b1d7-a6f6742f82f4"}, "status": 200, "user": "3a11c5eae09adb43@lampenwelt.de", "timestamp": "2019-03-21T08:26:06.202110", "browser": "chrome", "browser-platform": "windows", "browser-version": "73.0.3683.75"}
{"method": "GET", "path": "/dashboards/_last_successful_import", "endpoint": "dashboards.last_successful_import", "view-args": {}, "status": 200, "user": "3a11c5eae09adb43@lampenwelt.de", "timestamp": "2019-03-21T08:26:06.214678", "browser": "chrome", "browser-platform": "windows", "browser-version": "73.0.3683.75"}
{"method": "GET", "path": "/dashboards/_render_async_sql_query/8b46e409-aeb8-4209-b7ed-bf218be332ed", "endpoint": "dashboards.render_async_sql_query", "view-args": {"id": "8b46e409-aeb8-4209-b7ed-bf218be332ed"}, "status": 200, "user": "3a11c5eae09adb43@lampenwelt.de", "timestamp": "2019-03-21T08:26:06.373171", "browser": "chrome", "browser-platform": "windows", "browser-version": "73.0.3683.75"}
{"method": "GET", "path": "/dashboards/_render_async_sql_query/c2e42552-30e5-4067-9704-271c28abd581", "endpoint": "dashboards.render_async_sql_query", "view-args": {"id": "c2e42552-30e5-4067-9704-271c28abd581"}, "status": 200, "user": "3a11c5eae09adb43@lampenwelt.de", "timestamp": "2019-03-21T08:26:06.388471", "browser": "chrome", "browser-platform": "windows", "browser-version": "73.0.3683.75"}
{"method": "GET", "path": "/dashboards/_render_async_sql_query/50d7b13e-654a-42b7-9b21-7fb0289c9205", "endpoint": "dashboards.render_async_sql_query", "view-args": {"id": "50d7b13e-654a-42b7-9b21-7fb0289c9205"}, "status": 200, "user": "3a11c5eae09adb43@lampenwelt.de", "timestamp": "2019-03-21T08:26:06.456193", "browser": "chrome", "browser-platform": "windows", "browser-version": "73.0.3683.75"}
{"method": "GET", "path": "/dashboards/_render_async_sql_query/c8e7e4c1-649d-482d-8d15-de62ddb14f6e", "endpoint": "dashboards.render_async_sql_query", "view-args": {"id": "c8e7e4c1-649d-482d-8d15-de62ddb14f6e"}, "status": 200, "user": "3a11c5eae09adb43@lampenwelt.de", "timestamp": "2019-03-21T08:26:06.456501", "browser": "chrome", "browser-platform": "windows", "browser-version": "73.0.3683.75"}
{"method": "GET", "path": "/dashboards/_render_async_sql_query/bd2cee42-1837-4b31-91a5-0759d4e64835", "endpoint": "dashboards.render_async_sql_query", "view-args": {"id": "bd2cee42-1837-4b31-91a5-0759d4e64835"}, "status": 200, "user": "3a11c5eae09adb43@lampenwelt.de", "timestamp": "2019-03-21T08:26:06.588820", "browser": "chrome", "browser-platform": "windows", "browser-version": "73.0.3683.75"}
{"method": "GET", "path": "/dashboards/_render_async_sql_query/b6c3610f-a05d-4a83-86d7-a1f4fd7478f1", "endpoint": "dashboards.render_async_sql_query", "view-args": {"id": "b6c3610f-a05d-4a83-86d7-a1f4fd7478f1"}, "status": 200, "user": "3a11c5eae09adb43@lampenwelt.de", "timestamp": "2019-03-21T08:26:06.589529", "browser": "chrome", "browser-platform": "windows", "browser-version": "73.0.3683.75"}
{"method": "POST", "path": "/dashboards/weekly-overview", "endpoint": "dashboards.view_dashboard", "view-args": {"id": "weekly-overview"}, "status": 200, "user": "3a11c5eae09adb43@lampenwelt.de", "timestamp": "2019-03-21T08:26:11.248301", "browser": "chrome", "browser-platform": "windows", "browser-version": "73.0.3683.75"}
{"method": "GET", "path": "/dashboards/_render_async_sql_query/f3074f43-4522-4421-8642-5375e5678af8", "endpoint": "dashboards.render_async_sql_query", "view-args": {"id": "f3074f43-4522-4421-8642-5375e5678af8"}, "status": 200, "user": "3a11c5eae09adb43@lampenwelt.de", "timestamp": "2019-03-21T08:26:11.706486", "browser": "chrome", "browser-platform": "windows", "browser-version": "73.0.3683.75"}
{"method": "GET", "path": "/dashboards/_last_marketing_cost/weekly-overview", "endpoint": "dashboards.last_marketing_cost", "view-args": {"id": "weekly-overview"}, "status": 200, "user": "3a11c5eae09adb43@lampenwelt.de", "timestamp": "2019-03-21T08:26:11.715043", "browser": "chrome", "browser-platform": "windows", "browser-version": "73.0.3683.75"}
{"method": "GET", "path": "/dashboards/_render_async_sql_query/078d724b-72c9-4c05-aca8-d2d17d9781d9", "endpoint": "dashboards.render_async_sql_query", "view-args": {"id": "078d724b-72c9-4c05-aca8-d2d17d9781d9"}, "status": 200, "user": "3a11c5eae09adb43@lampenwelt.de", "timestamp": "2019-03-21T08:26:11.719358", "browser": "chrome", "browser-platform": "windows", "browser-version": "73.0.3683.75"}
{"method": "GET", "path": "/dashboards/_last_successful_import", "endpoint": "dashboards.last_successful_import", "view-args": {}, "status": 200, "user": "3a11c5eae09adb43@lampenwelt.de", "timestamp": "2019-03-21T08:26:11.734892", "browser": "chrome", "browser-platform": "windows", "browser-version": "73.0.3683.75"}
{"method": "GET", "path": "/dashboards/_render_async_sql_query/8f0fb364-353a-41e0-b3f9-d7a9027467db", "endpoint": "dashboards.render_async_sql_query", "view-args": {"id": "8f0fb364-353a-41e0-b3f9-d7a9027467db"}, "status": 200, "user": "3a11c5eae09adb43@lampenwelt.de", "timestamp": "2019-03-21T08:26:11.819057", "browser": "chrome", "browser-platform": "windows", "browser-version": "73.0.3683.75"}
{"method": "GET", "path": "/dashboards/_render_async_sql_query/4330c068-e78e-457e-b055-5d47a0f4cd37", "endpoint": "dashboards.render_async_sql_query", "view-args": {"id": "4330c068-e78e-457e-b055-5d47a0f4cd37"}, "status": 200, "user": "3a11c5eae09adb43@lampenwelt.de", "timestamp": "2019-03-21T08:26:11.888146", "browser": "chrome", "browser-platform": "windows", "browser-version": "73.0.3683.75"}
{"method": "GET", "path": "/dashboards/_render_async_sql_query/85e05009-8293-44c9-9aa2-a0e3db4539bb", "endpoint": "dashboards.render_async_sql_query", "view-args": {"id": "85e05009-8293-44c9-9aa2-a0e3db4539bb"}, "status": 200, "user": "3a11c5eae09adb43@lampenwelt.de", "timestamp": "2019-03-21T08:26:11.900529", "browser": "chrome", "browser-platform": "windows", "browser-version": "73.0.3683.75"}
{"method": "GET", "path": "/dashboards/_render_async_sql_query/bb1f587a-b22f-4ab2-8b3a-861e027767e2", "endpoint": "dashboards.render_async_sql_query", "view-args": {"id": "bb1f587a-b22f-4ab2-8b3a-861e027767e2"}, "status": 200, "user": "3a11c5eae09adb43@lampenwelt.de", "timestamp": "2019-03-21T08:26:11.931106", "browser": "chrome", "browser-platform": "windows", "browser-version": "73.0.3683.75"}
{"method": "GET", "path": "/dashboards/_render_async_sql_query/766de074-c3cc-49cf-8f9b-3936f9ce78f6", "endpoint": "dashboards.render_async_sql_query", "view-args": {"id": "766de074-c3cc-49cf-8f9b-3936f9ce78f6"}, "status": 200, "user": "3a11c5eae09adb43@lampenwelt.de", "timestamp": "2019-03-21T08:26:11.996710", "browser": "chrome", "browser-platform": "windows", "browser-version": "73.0.3683.75"}
{"method": "GET", "path": "/dashboards/_render_async_sql_query/4af77bf2-eb41-4bbd-a402-b4d4c93d20d9", "endpoint": "dashboards.render_async_sql_query", "view-args": {"id": "4af77bf2-eb41-4bbd-a402-b4d4c93d20d9"}, "status": 200, "user": "3a11c5eae09adb43@lampenwelt.de", "timestamp": "2019-03-21T08:26:12.379122", "browser": "chrome", "browser-platform": "windows", "browser-version": "73.0.3683.75"}
{"method": "GET", "path": "/dashboards/_render_async_sql_query/5079f4be-77f6-49f1-b6d9-3ca21decb2cb", "endpoint": "dashboards.render_async_sql_query", "view-args": {"id": "5079f4be-77f6-49f1-b6d9-3ca21decb2cb"}, "status": 200, "user": "3a11c5eae09adb43@lampenwelt.de", "timestamp": "2019-03-21T08:26:12.379410", "browser": "chrome", "browser-platform": "windows", "browser-version": "73.0.3683.75"}
{"method": "GET", "path": "/dashboards/_render_async_sql_query/b907872b-51f3-4364-876f-e3d2b54d1bd3", "endpoint": "dashboards.render_async_sql_query", "view-args": {"id": "b907872b-51f3-4364-876f-e3d2b54d1bd3"}, "status": 200, "user": "3a11c5eae09adb43@lampenwelt.de", "timestamp": "2019-03-21T08:26:12.380210", "browser": "chrome", "browser-platform": "windows", "browser-version": "73.0.3683.75"}
{"method": "POST", "path": "/mondrian/saiku/authorize", "endpoint": "py_mondrian.saiku_authorize", "view-args": {}, "status": 200, "user": "35675e68f4b5af7b@localhost", "timestamp": "2019-03-21T08:27:49.224405", "browser": null, "browser-platform": null, "browser-version": null}
{"method": "POST", "path": "/mondrian/saiku/authorize", "endpoint": "py_mondrian.saiku_authorize", "view-args": {}, "status": 200, "user": "35675e68f4b5af7b@localhost", "timestamp": "2019-03-21T08:27:56.957469", "browser": null, "browser-platform": null, "browser-version": null}
{"method": "GET", "path": "/data-integration/data_transformation", "endpoint": "data_integration.node_page", "view-args": {"path": "data_transformation"}, "status": 200, "user": "e5063e1f25c24f00@lampenwelt.de", "timestamp": "2019-03-21T08:47:51.123453", "browser": "chrome", "browser-platform": "windows", "browser-version": "72.0.3626.121"}
{"method": "GET", "path": "/data-integration/data_transformation/dependency-graph", "endpoint": "data_integration.dependency_graph", "view-args": {"path": "data_transformation"}, "status": 200, "user": "e5063e1f25c24f00@lampenwelt.de", "timestamp": "2019-03-21T08:47:51.306968", "browser": "chrome", "browser-platform": "windows", "browser-version": "72.0.3626.121"}
{"method": "GET", "path": "/data-integration/data_transformation/last-runs-selector", "endpoint": "data_integration.last_runs_selector", "view-args": {"path": "data_transformation"}, "status": 200, "user": "e5063e1f25c24f00@lampenwelt.de", "timestamp": "2019-03-21T08:47:51.361889", "browser": "chrome", "browser-platform": "windows", "browser-version": "72.0.3626.121"}
{"method": "GET", "path": "/data-integration/data_transformation/run-time-chart", "endpoint": "data_integration.run_time_chart", "view-args": {"path": "data_transformation"}, "status": 200, "user": "e5063e1f25c24f00@lampenwelt.de", "timestamp": "2019-03-21T08:47:51.390370", "browser": "chrome", "browser-platform": "windows", "browser-version": "72.0.3626.121"}
{"method": "GET", "path": "/data-integration/data_transformation/system-stats", "endpoint": "data_integration.system_stats", "view-args": {"path": "data_transformation", "run_id": null}, "status": 200, "user": "e5063e1f25c24f00@lampenwelt.de", "timestamp": "2019-03-21T08:47:51.428953", "browser": "chrome", "browser-platform": "windows", "browser-version": "72.0.3626.121"}
{"method": "GET", "path": "/data-integration/data_transformation/timeline-chart", "endpoint": "data_integration.timeline_chart", "view-args": {"path": "data_transformation", "run_id": null}, "status": 200, "user": "e5063e1f25c24f00@lampenwelt.de", "timestamp": "2019-03-21T08:47:51.549952", "browser": "chrome", "browser-platform": "windows", "browser-version": "72.0.3626.121"}
{"method": "GET", "path": "/data-integration/data_transformation/run-output-limited", "endpoint": "data_integration.run_output", "view-args": {"path": "data_transformation", "run_id": null, "limit": true}, "status": 200, "user": "e5063e1f25c24f00@lampenwelt.de", "timestamp": "2019-03-21T08:47:51.552239", "browser": "chrome", "browser-platform": "windows", "browser-version": "72.0.3626.121"}
{"method": "GET", "path": "/data-integration/data_transformation/pipeline-children-table", "endpoint": "data_integration.pipeline_children_table", "view-args": {"path": "data_transformation"}, "status": 200, "user": "e5063e1f25c24f00@lampenwelt.de", "timestamp": "2019-03-21T08:47:53.008373", "browser": "chrome", "browser-platform": "windows", "browser-version": "72.0.3626.121"}
{"method": "GET", "path": "/data-integration/data_load", "endpoint": "data_integration.node_page", "view-args": {"path": "data_load"}, "status": 200, "user": "e5063e1f25c24f00@lampenwelt.de", "timestamp": "2019-03-21T08:48:05.540397", "browser": "chrome", "browser-platform": "windows", "browser-version": "72.0.3626.121"}
{"method": "GET", "path": "/data-integration/data_load/dependency-graph", "endpoint": "data_integration.dependency_graph", "view-args": {"path": "data_load"}, "status": 200, "user": "e5063e1f25c24f00@lampenwelt.de", "timestamp": "2019-03-21T08:48:06.188170", "browser": "chrome", "browser-platform": "windows", "browser-version": "72.0.3626.121"}
{"method": "GET", "path": "/data-integration/data_load/last-runs-selector", "endpoint": "data_integration.last_runs_selector", "view-args": {"path": "data_load"}, "status": 200, "user": "e5063e1f25c24f00@lampenwelt.de", "timestamp": "2019-03-21T08:48:06.220890", "browser": "chrome", "browser-platform": "windows", "browser-version": "72.0.3626.121"}
{"method": "GET", "path": "/data-integration/data_load/system-stats", "endpoint": "data_integration.system_stats", "view-args": {"path": "data_load", "run_id": null}, "status": 200, "user": "e5063e1f25c24f00@lampenwelt.de", "timestamp": "2019-03-21T08:48:06.296947", "browser": "chrome", "browser-platform": "windows", "browser-version": "72.0.3626.121"}
{"method": "GET", "path": "/data-integration/data_load/run-time-chart", "endpoint": "data_integration.run_time_chart", "view-args": {"path": "data_load"}, "status": 200, "user": "e5063e1f25c24f00@lampenwelt.de", "timestamp": "2019-03-21T08:48:06.312327", "browser": "chrome", "browser-platform": "windows", "browser-version": "72.0.3626.121"}
{"method": "GET", "path": "/data-integration/data_load/timeline-chart", "endpoint": "data_integration.timeline_chart", "view-args": {"path": "data_load", "run_id": null}, "status": 200, "user": "e5063e1f25c24f00@lampenwelt.de", "timestamp": "2019-03-21T08:48:06.353077", "browser": "chrome", "browser-platform": "windows", "browser-version": "72.0.3626.121"}
{"method": "GET", "path": "/data-integration/data_load/pipeline-children-table", "endpoint": "data_integration.pipeline_children_table", "view-args": {"path": "data_load"}, "status": 200, "user": "e5063e1f25c24f00@lampenwelt.de", "timestamp": "2019-03-21T08:48:06.377450", "browser": "chrome", "browser-platform": "windows", "browser-version": "72.0.3626.121"}
{"method": "GET", "path": "/data-integration/data_load/run-output-limited", "endpoint": "data_integration.run_output", "view-args": {"path": "data_load", "run_id": null, "limit": true}, "status": 200, "user": "e5063e1f25c24f00@lampenwelt.de", "timestamp": "2019-03-21T08:48:06.436783", "browser": "chrome", "browser-platform": "windows", "browser-version": "72.0.3626.121"}
{"method": "GET", "path": "/data-integration", "endpoint": "data_integration.node_page", "view-args": {"path": ""}, "status": 200, "user": "e5063e1f25c24f00@lampenwelt.de", "timestamp": "2019-03-21T08:49:27.972433", "browser": "chrome", "browser-platform": "windows", "browser-version": "72.0.3626.121"}
{"method": "GET", "path": "/data-integration/dependency-graph", "endpoint": "data_integration.dependency_graph", "view-args": {"path": ""}, "status": 200, "user": "e5063e1f25c24f00@lampenwelt.de", "timestamp": "2019-03-21T08:49:28.141489", "browser": "chrome", "browser-platform": "windows", "browser-version": "72.0.3626.121"}
{"method": "GET", "path": "/data-integration/run-time-chart", "endpoint": "data_integration.run_time_chart", "view-args": {"path": ""}, "status": 200, "user": "e5063e1f25c24f00@lampenwelt.de", "timestamp": "2019-03-21T08:49:28.229878", "browser": "chrome", "browser-platform": "windows", "browser-version": "72.0.3626.121"}
{"method": "GET", "path": "/data-integration/last-runs-selector", "endpoint": "data_integration.last_runs_selector", "view-args": {"path": ""}, "status": 200, "user": "e5063e1f25c24f00@lampenwelt.de", "timestamp": "2019-03-21T08:49:28.236625", "browser": "chrome", "browser-platform": "windows", "browser-version": "72.0.3626.121"}
{"method": "GET", "path": "/data-integration/system-stats", "endpoint": "data_integration.system_stats", "view-args": {"path": "", "run_id": null}, "status": 200, "user": "e5063e1f25c24f00@lampenwelt.de", "timestamp": "2019-03-21T08:49:28.263175", "browser": "chrome", "browser-platform": "windows", "browser-version": "72.0.3626.121"}
{"method": "GET", "path": "/data-integration/timeline-chart", "endpoint": "data_integration.timeline_chart", "view-args": {"path": "", "run_id": null}, "status": 200, "user": "e5063e1f25c24f00@lampenwelt.de", "timestamp": "2019-03-21T08:49:28.265842", "browser": "chrome", "browser-platform": "windows", "browser-version": "72.0.3626.121"}
{"method": "GET", "path": "/data-integration/run-output-limited", "endpoint": "data_integration.run_output", "view-args": {"path": "", "run_id": null, "limit": true}, "status": 200, "user": "e5063e1f25c24f00@lampenwelt.de", "timestamp": "2019-03-21T08:49:28.291026", "browser": "chrome", "browser-platform": "windows", "browser-version": "72.0.3626.121"}
{"method": "GET", "path": "/data-integration/pipeline-children-table", "endpoint": "data_integration.pipeline_children_table", "view-args": {"path": ""}, "status": 200, "user": "e5063e1f25c24f00@lampenwelt.de", "timestamp": "2019-03-21T08:49:32.179804", "browser": "chrome", "browser-platform": "windows", "browser-version": "72.0.3626.121"}
{"method": "GET", "path": "/", "endpoint": "start_page.start_page", "view-args": {}, "status": 302, "user": "e5063e1f25c24f00@lampenwelt.de", "timestamp": "2019-03-21T08:51:29.282039", "browser": "chrome", "browser-platform": "windows", "browser-version": "72.0.3626.121"}
{"method": "GET", "path": "/dashboards/marketing-overview", "endpoint": "dashboards.view_dashboard", "view-args": {"id": "marketing-overview"}, "status": 200, "user": "e5063e1f25c24f00@lampenwelt.de", "timestamp": "2019-03-21T08:51:29.500385", "browser": "chrome", "browser-platform": "windows", "browser-version": "72.0.3626.121"}
{"method": "POST", "path": "/mondrian/saiku/authorize", "endpoint": "py_mondrian.saiku_authorize", "view-args": {}, "status": 200, "user": "35675e68f4b5af7b@localhost", "timestamp": "2019-03-21T08:55:44.917756", "browser": null, "browser-platform": null, "browser-version": null}
{"method": "POST", "path": "/mondrian/saiku/authorize", "endpoint": "py_mondrian.saiku_authorize", "view-args": {}, "status": 200, "user": "35675e68f4b5af7b@localhost", "timestamp": "2019-03-21T08:55:44.919813", "browser": null, "browser-platform": null, "browser-version": null}
{"method": "POST", "path": "/mondrian/saiku/authorize", "endpoint": "py_mondrian.saiku_authorize", "view-args": {}, "status": 200, "user": "35675e68f4b5af7b@localhost", "timestamp": "2019-03-21T08:55:45.025232", "browser": null, "browser-platform": null, "browser-version": null}
{"method": "GET", "path": "/dashboards/sales-comparison", "endpoint": "dashboards.view_dashboard", "view-args": {"id": "sales-comparison"}, "status": 200, "user": "9942c672b9354771@lampenwelt.de", "timestamp": "2019-03-21T08:56:39.986734", "browser": "chrome", "browser-platform": "windows", "browser-version": "72.0.3626.121"}
{"method": "GET", "path": "/dashboards/_render_async_sql_query/5643cf1f-523b-4dea-ba37-1a6bbdcb3343", "endpoint": "dashboards.render_async_sql_query", "view-args": {"id": "5643cf1f-523b-4dea-ba37-1a6bbdcb3343"}, "status": 200, "user": "9942c672b9354771@lampenwelt.de", "timestamp": "2019-03-21T08:56:40.283383", "browser": "chrome", "browser-platform": "windows", "browser-version": "72.0.3626.121"}
{"method": "GET", "path": "/dashboards/_render_async_sql_query/d4146b8d-4077-43d3-b360-6fb9998f225e", "endpoint": "dashboards.render_async_sql_query", "view-args": {"id": "d4146b8d-4077-43d3-b360-6fb9998f225e"}, "status": 200, "user": "9942c672b9354771@lampenwelt.de", "timestamp": "2019-03-21T08:56:40.284932", "browser": "chrome", "browser-platform": "windows", "browser-version": "72.0.3626.121"}
{"method": "GET", "path": "/dashboards/_render_async_sql_query/2ddc81c1-a4ca-4645-8808-a2e135e91e2f", "endpoint": "dashboards.render_async_sql_query", "view-args": {"id": "2ddc81c1-a4ca-4645-8808-a2e135e91e2f"}, "status": 200, "user": "9942c672b9354771@lampenwelt.de", "timestamp": "2019-03-21T08:56:40.285953", "browser": "chrome", "browser-platform": "windows", "browser-version": "72.0.3626.121"}
{"method": "GET", "path": "/dashboards/_last_marketing_cost/sales-comparison", "endpoint": "dashboards.last_marketing_cost", "view-args": {"id": "sales-comparison"}, "status": 200, "user": "9942c672b9354771@lampenwelt.de", "timestamp": "2019-03-21T08:56:40.300276", "browser": "chrome", "browser-platform": "windows", "browser-version": "72.0.3626.121"}
{"method": "GET", "path": "/dashboards/_last_successful_import", "endpoint": "dashboards.last_successful_import", "view-args": {}, "status": 200, "user": "9942c672b9354771@lampenwelt.de", "timestamp": "2019-03-21T08:56:40.301436", "browser": "chrome", "browser-platform": "windows", "browser-version": "72.0.3626.121"}
{"method": "GET", "path": "/dashboards/_render_async_sql_query/3545d26f-8c69-4e9c-9096-5ce5e28ede51", "endpoint": "dashboards.render_async_sql_query", "view-args": {"id": "3545d26f-8c69-4e9c-9096-5ce5e28ede51"}, "status": 200, "user": "9942c672b9354771@lampenwelt.de", "timestamp": "2019-03-21T08:56:40.302266", "browser": "chrome", "browser-platform": "windows", "browser-version": "72.0.3626.121"}
{"method": "GET", "path": "/dashboards/_render_async_sql_query/d29e071e-6dd9-4068-9f53-4ef22dc2e6b6", "endpoint": "dashboards.render_async_sql_query", "view-args": {"id": "d29e071e-6dd9-4068-9f53-4ef22dc2e6b6"}, "status": 200, "user": "9942c672b9354771@lampenwelt.de", "timestamp": "2019-03-21T08:56:40.322313", "browser": "chrome", "browser-platform": "windows", "browser-version": "72.0.3626.121"}
{"method": "GET", "path": "/dashboards/_render_async_sql_query/c65a5cf3-36f1-4030-a26e-db72257f9858", "endpoint": "dashboards.render_async_sql_query", "view-args": {"id": "c65a5cf3-36f1-4030-a26e-db72257f9858"}, "status": 200, "user": "9942c672b9354771@lampenwelt.de", "timestamp": "2019-03-21T08:56:40.324427", "browser": "chrome", "browser-platform": "windows", "browser-version": "72.0.3626.121"}
{"method": "POST", "path": "/dashboards/sales-comparison", "endpoint": "dashboards.view_dashboard", "view-args": {"id": "sales-comparison"}, "status": 200, "user": "9942c672b9354771@lampenwelt.de", "timestamp": "2019-03-21T08:56:44.985714", "browser": "chrome", "browser-platform": "windows", "browser-version": "72.0.3626.121"}
{"method": "GET", "path": "/dashboards/_render_async_sql_query/9f231615-0d99-4e33-9737-90b689ee2bdf", "endpoint": "dashboards.render_async_sql_query", "view-args": {"id": "9f231615-0d99-4e33-9737-90b689ee2bdf"}, "status": 200, "user": "9942c672b9354771@lampenwelt.de", "timestamp": "2019-03-21T08:56:45.132538", "browser": "chrome", "browser-platform": "windows", "browser-version": "72.0.3626.121"}
{"method": "GET", "path": "/dashboards/_render_async_sql_query/0792a287-378b-409c-a848-092ba3ded0b3", "endpoint": "dashboards.render_async_sql_query", "view-args": {"id": "0792a287-378b-409c-a848-092ba3ded0b3"}, "status": 200, "user": "9942c672b9354771@lampenwelt.de", "timestamp": "2019-03-21T08:56:45.133554", "browser": "chrome", "browser-platform": "windows", "browser-version": "72.0.3626.121"}
{"method": "GET", "path": "/dashboards/_render_async_sql_query/9011baf9-98d9-44ac-976b-e8ea66251b8a", "endpoint": "dashboards.render_async_sql_query", "view-args": {"id": "9011baf9-98d9-44ac-976b-e8ea66251b8a"}, "status": 200, "user": "9942c672b9354771@lampenwelt.de", "timestamp": "2019-03-21T08:56:45.139716", "browser": "chrome", "browser-platform": "windows", "browser-version": "72.0.3626.121"}
{"method": "GET", "path": "/dashboards/_last_marketing_cost/sales-comparison", "endpoint": "dashboards.last_marketing_cost", "view-args": {"id": "sales-comparison"}, "status": 200, "user": "9942c672b9354771@lampenwelt.de", "timestamp": "2019-03-21T08:56:45.148220", "browser": "chrome", "browser-platform": "windows", "browser-version": "72.0.3626.121"}
{"method": "GET", "path": "/dashboards/_last_successful_import", "endpoint": "dashboards.last_successful_import", "view-args": {}, "status": 200, "user": "9942c672b9354771@lampenwelt.de", "timestamp": "2019-03-21T08:56:45.148880", "browser": "chrome", "browser-platform": "windows", "browser-version": "72.0.3626.121"}
{"method": "GET", "path": "/dashboards/_render_async_sql_query/97165886-078e-417e-8d0c-8c616cb87c19", "endpoint": "dashboards.render_async_sql_query", "view-args": {"id": "97165886-078e-417e-8d0c-8c616cb87c19"}, "status": 200, "user": "9942c672b9354771@lampenwelt.de", "timestamp": "2019-03-21T08:56:45.157812", "browser": "chrome", "browser-platform": "windows", "browser-version": "72.0.3626.121"}
{"method": "GET", "path": "/dashboards/_render_async_sql_query/d830dcb2-3072-4da0-855f-c7f5082ddffd", "endpoint": "dashboards.render_async_sql_query", "view-args": {"id": "d830dcb2-3072-4da0-855f-c7f5082ddffd"}, "status": 200, "user": "9942c672b9354771@lampenwelt.de", "timestamp": "2019-03-21T08:56:45.169814", "browser": "chrome", "browser-platform": "windows", "browser-version": "72.0.3626.121"}
{"method": "GET", "path": "/dashboards/_render_async_sql_query/84bdd782-365a-4d42-8e20-33558197ed9b", "endpoint": "dashboards.render_async_sql_query", "view-args": {"id": "84bdd782-365a-4d42-8e20-33558197ed9b"}, "status": 200, "user": "9942c672b9354771@lampenwelt.de", "timestamp": "2019-03-21T08:56:45.171236", "browser": "chrome", "browser-platform": "windows", "browser-version": "72.0.3626.121"}
