{"method": "POST", "path": "/mondrian/excel/authorize", "endpoint": "py_mondrian.excel_authorize", "view-args": {}, "status": 200, "user": "35675e68f4b5af7b@localhost", "timestamp": "2019-04-09T13:05:21.035776", "browser": null, "browser-platform": null, "browser-version": null}
{"method": "GET", "path": "/mondrian/excel", "endpoint": "py_mondrian.excel", "view-args": {}, "status": 200, "user": "9942c672b9354771@lampenwelt.de", "timestamp": "2019-04-09T13:05:22.406896", "browser": "chrome", "browser-platform": "windows", "browser-version": "73.0.3683.103"}
{"method": "POST", "path": "/mondrian/excel/authorize", "endpoint": "py_mondrian.excel_authorize", "view-args": {}, "status": 200, "user": "35675e68f4b5af7b@localhost", "timestamp": "2019-04-09T13:05:29.217058", "browser": null, "browser-platform": null, "browser-version": null}
{"method": "POST", "path": "/mondrian/saiku/authorize", "endpoint": "py_mondrian.saiku_authorize", "view-args": {}, "status": 200, "user": "35675e68f4b5af7b@localhost", "timestamp": "2019-04-09T13:07:26.542716", "browser": null, "browser-platform": null, "browser-version": null}
{"method": "POST", "path": "/data-sets/.preview", "endpoint": "data_sets.preview", "view-args": {}, "status": 200, "user": "9942c672b9354771@lampenwelt.de", "timestamp": "2019-04-09T13:18:08.936805", "browser": "chrome", "browser-platform": "windows", "browser-version": "73.0.3683.103"}
{"method": "POST", "path": "/data-sets/.distribution-chart-33", "endpoint": "data_sets.distribution_chart", "view-args": {"pos": 33}, "status": 200, "user": "9942c672b9354771@lampenwelt.de", "timestamp": "2019-04-09T13:18:09.679974", "browser": "chrome", "browser-platform": "windows", "browser-version": "73.0.3683.103"}
{"method": "POST", "path": "/mondrian/saiku/authorize", "endpoint": "py_mondrian.saiku_authorize", "view-args": {}, "status": 200, "user": "35675e68f4b5af7b@localhost", "timestamp": "2019-04-09T13:33:10.436716", "browser": null, "browser-platform": null, "browser-version": null}
{"method": "GET", "path": "/", "endpoint": "start_page.start_page", "view-args": {}, "status": 302, "user": "8ddc3db895b09a97@lampenwelt.de", "timestamp": "2019-04-09T13:34:40.579690", "browser": "chrome", "browser-platform": "windows", "browser-version": "73.0.3683.86"}
{"method": "GET", "path": "/dashboards/marketing-overview", "endpoint": "dashboards.view_dashboard", "view-args": {"id": "marketing-overview"}, "status": 200, "user": "8ddc3db895b09a97@lampenwelt.de", "timestamp": "2019-04-09T13:34:40.806421", "browser": "chrome", "browser-platform": "windows", "browser-version": "73.0.3683.86"}
{"method": "GET", "path": "/", "endpoint": "start_page.start_page", "view-args": {}, "status": 302, "user": "8ddc3db895b09a97@lampenwelt.de", "timestamp": "2019-04-09T13:34:42.295367", "browser": "chrome", "browser-platform": "windows", "browser-version": "73.0.3683.86"}
{"method": "GET", "path": "/dashboards/marketing-overview", "endpoint": "dashboards.view_dashboard", "view-args": {"id": "marketing-overview"}, "status": 200, "user": "8ddc3db895b09a97@lampenwelt.de", "timestamp": "2019-04-09T13:34:42.568278", "browser": "chrome", "browser-platform": "windows", "browser-version": "73.0.3683.86"}
{"method": "GET", "path": "/dashboards/_render_async_sql_query/68760818-99db-4c16-9886-21c1a55a5e5e", "endpoint": "dashboards.render_async_sql_query", "view-args": {"id": "68760818-99db-4c16-9886-21c1a55a5e5e"}, "status": 200, "user": "8ddc3db895b09a97@lampenwelt.de", "timestamp": "2019-04-09T13:34:43.181202", "browser": "chrome", "browser-platform": "windows", "browser-version": "73.0.3683.86"}
{"method": "GET", "path": "/dashboards/_render_async_sql_query/31970b5d-5eaa-41a7-b762-9d8a046cedc7", "endpoint": "dashboards.render_async_sql_query", "view-args": {"id": "31970b5d-5eaa-41a7-b762-9d8a046cedc7"}, "status": 200, "user": "8ddc3db895b09a97@lampenwelt.de", "timestamp": "2019-04-09T13:34:43.181783", "browser": "chrome", "browser-platform": "windows", "browser-version": "73.0.3683.86"}
{"method": "GET", "path": "/dashboards/_render_async_sql_query/292fd0fb-1630-42bc-a43c-8cfd9896e067", "endpoint": "dashboards.render_async_sql_query", "view-args": {"id": "292fd0fb-1630-42bc-a43c-8cfd9896e067"}, "status": 200, "user": "8ddc3db895b09a97@lampenwelt.de", "timestamp": "2019-04-09T13:34:43.197984", "browser": "chrome", "browser-platform": "windows", "browser-version": "73.0.3683.86"}
{"method": "GET", "path": "/dashboards/_last_successful_import", "endpoint": "dashboards.last_successful_import", "view-args": {}, "status": 200, "user": "8ddc3db895b09a97@lampenwelt.de", "timestamp": "2019-04-09T13:34:43.203576", "browser": "chrome", "browser-platform": "windows", "browser-version": "73.0.3683.86"}
{"method": "GET", "path": "/dashboards/_render_async_sql_query/c2b5d615-de60-4ea0-a138-76c6f4f449a4", "endpoint": "dashboards.render_async_sql_query", "view-args": {"id": "c2b5d615-de60-4ea0-a138-76c6f4f449a4"}, "status": 200, "user": "8ddc3db895b09a97@lampenwelt.de", "timestamp": "2019-04-09T13:34:43.208440", "browser": "chrome", "browser-platform": "windows", "browser-version": "73.0.3683.86"}
{"method": "GET", "path": "/dashboards/_last_marketing_cost/marketing-overview", "endpoint": "dashboards.last_marketing_cost", "view-args": {"id": "marketing-overview"}, "status": 200, "user": "8ddc3db895b09a97@lampenwelt.de", "timestamp": "2019-04-09T13:34:43.217572", "browser": "chrome", "browser-platform": "windows", "browser-version": "73.0.3683.86"}
{"method": "GET", "path": "/dashboards/_render_async_sql_query/72837c24-7876-4999-9a1b-164a68672238", "endpoint": "dashboards.render_async_sql_query", "view-args": {"id": "72837c24-7876-4999-9a1b-164a68672238"}, "status": 200, "user": "8ddc3db895b09a97@lampenwelt.de", "timestamp": "2019-04-09T13:34:43.326078", "browser": "chrome", "browser-platform": "windows", "browser-version": "73.0.3683.86"}
{"method": "GET", "path": "/dashboards/_render_async_sql_query/44217a3c-34fb-4a43-903e-585f1a53750c", "endpoint": "dashboards.render_async_sql_query", "view-args": {"id": "44217a3c-34fb-4a43-903e-585f1a53750c"}, "status": 200, "user": "8ddc3db895b09a97@lampenwelt.de", "timestamp": "2019-04-09T13:34:43.334537", "browser": "chrome", "browser-platform": "windows", "browser-version": "73.0.3683.86"}
{"method": "GET", "path": "/dashboards/_render_async_sql_query/0b094cdd-c782-4d1c-ae75-1acf26217355", "endpoint": "dashboards.render_async_sql_query", "view-args": {"id": "0b094cdd-c782-4d1c-ae75-1acf26217355"}, "status": 200, "user": "8ddc3db895b09a97@lampenwelt.de", "timestamp": "2019-04-09T13:34:43.337141", "browser": "chrome", "browser-platform": "windows", "browser-version": "73.0.3683.86"}
{"method": "GET", "path": "/dashboards/_render_async_sql_query/845eeb86-6586-481c-87f7-73da705b9b36", "endpoint": "dashboards.render_async_sql_query", "view-args": {"id": "845eeb86-6586-481c-87f7-73da705b9b36"}, "status": 200, "user": "8ddc3db895b09a97@lampenwelt.de", "timestamp": "2019-04-09T13:34:43.353520", "browser": "chrome", "browser-platform": "windows", "browser-version": "73.0.3683.86"}
{"method": "GET", "path": "/dashboards/_render_async_sql_query/a093e0c0-56fc-47ec-8825-0adef6aa0653", "endpoint": "dashboards.render_async_sql_query", "view-args": {"id": "a093e0c0-56fc-47ec-8825-0adef6aa0653"}, "status": 200, "user": "8ddc3db895b09a97@lampenwelt.de", "timestamp": "2019-04-09T13:34:43.448591", "browser": "chrome", "browser-platform": "windows", "browser-version": "73.0.3683.86"}
{"method": "GET", "path": "/dashboards/_render_async_sql_query/b6c3e327-a751-49bc-a8c0-fd28b8738d24", "endpoint": "dashboards.render_async_sql_query", "view-args": {"id": "b6c3e327-a751-49bc-a8c0-fd28b8738d24"}, "status": 200, "user": "8ddc3db895b09a97@lampenwelt.de", "timestamp": "2019-04-09T13:34:43.454978", "browser": "chrome", "browser-platform": "windows", "browser-version": "73.0.3683.86"}
{"method": "GET", "path": "/dashboards/_render_async_sql_query/a7a63563-91d9-4c40-a758-72dcde02745f", "endpoint": "dashboards.render_async_sql_query", "view-args": {"id": "a7a63563-91d9-4c40-a758-72dcde02745f"}, "status": 200, "user": "8ddc3db895b09a97@lampenwelt.de", "timestamp": "2019-04-09T13:34:43.465406", "browser": "chrome", "browser-platform": "windows", "browser-version": "73.0.3683.86"}
{"method": "GET", "path": "/dashboards/_render_async_sql_query/81a45f69-764e-49ec-8ef8-a71cd5518b47", "endpoint": "dashboards.render_async_sql_query", "view-args": {"id": "81a45f69-764e-49ec-8ef8-a71cd5518b47"}, "status": 200, "user": "8ddc3db895b09a97@lampenwelt.de", "timestamp": "2019-04-09T13:34:43.472171", "browser": "chrome", "browser-platform": "windows", "browser-version": "73.0.3683.86"}
{"method": "GET", "path": "/dashboards/_render_async_sql_query/7222a0d3-ed7f-4c12-bd01-2941dd575b16", "endpoint": "dashboards.render_async_sql_query", "view-args": {"id": "7222a0d3-ed7f-4c12-bd01-2941dd575b16"}, "status": 200, "user": "8ddc3db895b09a97@lampenwelt.de", "timestamp": "2019-04-09T13:34:43.533243", "browser": "chrome", "browser-platform": "windows", "browser-version": "73.0.3683.86"}
{"method": "GET", "path": "/dashboards/_render_async_sql_query/dff57db8-2636-48d4-8c77-b75614632459", "endpoint": "dashboards.render_async_sql_query", "view-args": {"id": "dff57db8-2636-48d4-8c77-b75614632459"}, "status": 200, "user": "8ddc3db895b09a97@lampenwelt.de", "timestamp": "2019-04-09T13:34:43.537749", "browser": "chrome", "browser-platform": "windows", "browser-version": "73.0.3683.86"}
{"method": "GET", "path": "/dashboards/_render_async_sql_query/0d5deb8f-65ef-4074-b582-70a17a441fcd", "endpoint": "dashboards.render_async_sql_query", "view-args": {"id": "0d5deb8f-65ef-4074-b582-70a17a441fcd"}, "status": 200, "user": "8ddc3db895b09a97@lampenwelt.de", "timestamp": "2019-04-09T13:34:43.541364", "browser": "chrome", "browser-platform": "windows", "browser-version": "73.0.3683.86"}
{"method": "GET", "path": "/dashboards/_render_async_sql_query/938eca52-641f-4486-8618-05f209effdb7", "endpoint": "dashboards.render_async_sql_query", "view-args": {"id": "938eca52-641f-4486-8618-05f209effdb7"}, "status": 200, "user": "8ddc3db895b09a97@lampenwelt.de", "timestamp": "2019-04-09T13:34:43.556403", "browser": "chrome", "browser-platform": "windows", "browser-version": "73.0.3683.86"}
{"method": "POST", "path": "/mondrian/saiku/authorize", "endpoint": "py_mondrian.saiku_authorize", "view-args": {}, "status": 200, "user": "35675e68f4b5af7b@localhost", "timestamp": "2019-04-09T13:34:53.338480", "browser": null, "browser-platform": null, "browser-version": null}
{"method": "POST", "path": "/mondrian/saiku/authorize", "endpoint": "py_mondrian.saiku_authorize", "view-args": {}, "status": 200, "user": "35675e68f4b5af7b@localhost", "timestamp": "2019-04-09T13:34:53.345894", "browser": null, "browser-platform": null, "browser-version": null}
{"method": "POST", "path": "/mondrian/saiku/authorize", "endpoint": "py_mondrian.saiku_authorize", "view-args": {}, "status": 200, "user": "35675e68f4b5af7b@localhost", "timestamp": "2019-04-09T13:34:53.483905", "browser": null, "browser-platform": null, "browser-version": null}
{"method": "GET", "path": "/dashboards/marketing-overview", "endpoint": "dashboards.view_dashboard", "view-args": {"id": "marketing-overview"}, "status": 200, "user": "a4c1d3f15dbdb092@lampenwelt.de", "timestamp": "2019-04-09T13:41:31.132105", "browser": "chrome", "browser-platform": "windows", "browser-version": "73.0.3683.103"}
{"method": "GET", "path": "/dashboards/_render_async_sql_query/40f82570-260b-45c5-b2ba-fdb2f1aaacd8", "endpoint": "dashboards.render_async_sql_query", "view-args": {"id": "40f82570-260b-45c5-b2ba-fdb2f1aaacd8"}, "status": 200, "user": "a4c1d3f15dbdb092@lampenwelt.de", "timestamp": "2019-04-09T13:41:31.758489", "browser": "chrome", "browser-platform": "windows", "browser-version": "73.0.3683.103"}
{"method": "GET", "path": "/dashboards/_render_async_sql_query/0cfa80af-90da-4369-bda7-0bcd649fea1f", "endpoint": "dashboards.render_async_sql_query", "view-args": {"id": "0cfa80af-90da-4369-bda7-0bcd649fea1f"}, "status": 200, "user": "a4c1d3f15dbdb092@lampenwelt.de", "timestamp": "2019-04-09T13:41:31.762243", "browser": "chrome", "browser-platform": "windows", "browser-version": "73.0.3683.103"}
{"method": "GET", "path": "/dashboards/_render_async_sql_query/cc88201e-bcc5-43b0-89cb-6b4e636f59b6", "endpoint": "dashboards.render_async_sql_query", "view-args": {"id": "cc88201e-bcc5-43b0-89cb-6b4e636f59b6"}, "status": 200, "user": "a4c1d3f15dbdb092@lampenwelt.de", "timestamp": "2019-04-09T13:41:31.762852", "browser": "chrome", "browser-platform": "windows", "browser-version": "73.0.3683.103"}
{"method": "GET", "path": "/dashboards/_last_successful_import", "endpoint": "dashboards.last_successful_import", "view-args": {}, "status": 200, "user": "a4c1d3f15dbdb092@lampenwelt.de", "timestamp": "2019-04-09T13:41:31.775565", "browser": "chrome", "browser-platform": "windows", "browser-version": "73.0.3683.103"}
{"method": "GET", "path": "/dashboards/_last_marketing_cost/marketing-overview", "endpoint": "dashboards.last_marketing_cost", "view-args": {"id": "marketing-overview"}, "status": 200, "user": "a4c1d3f15dbdb092@lampenwelt.de", "timestamp": "2019-04-09T13:41:31.779647", "browser": "chrome", "browser-platform": "windows", "browser-version": "73.0.3683.103"}
{"method": "GET", "path": "/dashboards/_render_async_sql_query/7448ad65-2900-496c-88d6-579ef3a29ffa", "endpoint": "dashboards.render_async_sql_query", "view-args": {"id": "7448ad65-2900-496c-88d6-579ef3a29ffa"}, "status": 200, "user": "a4c1d3f15dbdb092@lampenwelt.de", "timestamp": "2019-04-09T13:41:31.781283", "browser": "chrome", "browser-platform": "windows", "browser-version": "73.0.3683.103"}
{"method": "GET", "path": "/dashboards/_render_async_sql_query/437b1d81-2782-4e74-b68a-b06f0e97018a", "endpoint": "dashboards.render_async_sql_query", "view-args": {"id": "437b1d81-2782-4e74-b68a-b06f0e97018a"}, "status": 200, "user": "a4c1d3f15dbdb092@lampenwelt.de", "timestamp": "2019-04-09T13:41:31.854610", "browser": "chrome", "browser-platform": "windows", "browser-version": "73.0.3683.103"}
{"method": "GET", "path": "/dashboards/_render_async_sql_query/5c8f52ff-9e6f-4bae-9aab-e4e68ee0d49a", "endpoint": "dashboards.render_async_sql_query", "view-args": {"id": "5c8f52ff-9e6f-4bae-9aab-e4e68ee0d49a"}, "status": 200, "user": "a4c1d3f15dbdb092@lampenwelt.de", "timestamp": "2019-04-09T13:41:31.855504", "browser": "chrome", "browser-platform": "windows", "browser-version": "73.0.3683.103"}
{"method": "GET", "path": "/dashboards/_render_async_sql_query/8db68332-4b08-4720-8a59-1ecc35afd8a4", "endpoint": "dashboards.render_async_sql_query", "view-args": {"id": "8db68332-4b08-4720-8a59-1ecc35afd8a4"}, "status": 200, "user": "a4c1d3f15dbdb092@lampenwelt.de", "timestamp": "2019-04-09T13:41:31.857811", "browser": "chrome", "browser-platform": "windows", "browser-version": "73.0.3683.103"}
{"method": "GET", "path": "/dashboards/_render_async_sql_query/ba6d405a-2419-4410-8cd6-7d5092780109", "endpoint": "dashboards.render_async_sql_query", "view-args": {"id": "ba6d405a-2419-4410-8cd6-7d5092780109"}, "status": 200, "user": "a4c1d3f15dbdb092@lampenwelt.de", "timestamp": "2019-04-09T13:41:31.880221", "browser": "chrome", "browser-platform": "windows", "browser-version": "73.0.3683.103"}
{"method": "GET", "path": "/dashboards/_render_async_sql_query/7ee6717a-898a-423f-a2e8-7d61e0c16c97", "endpoint": "dashboards.render_async_sql_query", "view-args": {"id": "7ee6717a-898a-423f-a2e8-7d61e0c16c97"}, "status": 200, "user": "a4c1d3f15dbdb092@lampenwelt.de", "timestamp": "2019-04-09T13:41:31.919328", "browser": "chrome", "browser-platform": "windows", "browser-version": "73.0.3683.103"}
{"method": "GET", "path": "/dashboards/_render_async_sql_query/2a9dad4d-bbdc-4a16-a0a9-826e32bcbed4", "endpoint": "dashboards.render_async_sql_query", "view-args": {"id": "2a9dad4d-bbdc-4a16-a0a9-826e32bcbed4"}, "status": 200, "user": "a4c1d3f15dbdb092@lampenwelt.de", "timestamp": "2019-04-09T13:41:31.920255", "browser": "chrome", "browser-platform": "windows", "browser-version": "73.0.3683.103"}
{"method": "GET", "path": "/dashboards/_render_async_sql_query/8f86b767-d422-498a-a00d-d90600ef7f96", "endpoint": "dashboards.render_async_sql_query", "view-args": {"id": "8f86b767-d422-498a-a00d-d90600ef7f96"}, "status": 200, "user": "a4c1d3f15dbdb092@lampenwelt.de", "timestamp": "2019-04-09T13:41:31.928835", "browser": "chrome", "browser-platform": "windows", "browser-version": "73.0.3683.103"}
{"method": "GET", "path": "/dashboards/_render_async_sql_query/611d544c-1949-4e99-8cc7-cf8e6b78b99a", "endpoint": "dashboards.render_async_sql_query", "view-args": {"id": "611d544c-1949-4e99-8cc7-cf8e6b78b99a"}, "status": 200, "user": "a4c1d3f15dbdb092@lampenwelt.de", "timestamp": "2019-04-09T13:41:31.948463", "browser": "chrome", "browser-platform": "windows", "browser-version": "73.0.3683.103"}
{"method": "GET", "path": "/dashboards/_render_async_sql_query/8552b421-d672-43c9-9447-bcae7cdc9b5f", "endpoint": "dashboards.render_async_sql_query", "view-args": {"id": "8552b421-d672-43c9-9447-bcae7cdc9b5f"}, "status": 200, "user": "a4c1d3f15dbdb092@lampenwelt.de", "timestamp": "2019-04-09T13:41:31.957818", "browser": "chrome", "browser-platform": "windows", "browser-version": "73.0.3683.103"}
{"method": "GET", "path": "/dashboards/_render_async_sql_query/563a47c2-dda8-49a0-bd25-ce1d2aa5c8ce", "endpoint": "dashboards.render_async_sql_query", "view-args": {"id": "563a47c2-dda8-49a0-bd25-ce1d2aa5c8ce"}, "status": 200, "user": "a4c1d3f15dbdb092@lampenwelt.de", "timestamp": "2019-04-09T13:41:31.967348", "browser": "chrome", "browser-platform": "windows", "browser-version": "73.0.3683.103"}
{"method": "GET", "path": "/dashboards/_render_async_sql_query/a05180ff-ff7d-4254-a3bc-cd6a9442c93f", "endpoint": "dashboards.render_async_sql_query", "view-args": {"id": "a05180ff-ff7d-4254-a3bc-cd6a9442c93f"}, "status": 200, "user": "a4c1d3f15dbdb092@lampenwelt.de", "timestamp": "2019-04-09T13:41:31.980266", "browser": "chrome", "browser-platform": "windows", "browser-version": "73.0.3683.103"}
{"method": "GET", "path": "/dashboards/_render_async_sql_query/0451d96a-ff27-43ea-ba72-10e5f75ad00c", "endpoint": "dashboards.render_async_sql_query", "view-args": {"id": "0451d96a-ff27-43ea-ba72-10e5f75ad00c"}, "status": 200, "user": "a4c1d3f15dbdb092@lampenwelt.de", "timestamp": "2019-04-09T13:41:31.987849", "browser": "chrome", "browser-platform": "windows", "browser-version": "73.0.3683.103"}
{"method": "GET", "path": "/data-sets/orders", "endpoint": "data_sets.data_set_page", "view-args": {"data_set_id": "orders", "query_id": null}, "status": 200, "user": "a4c1d3f15dbdb092@lampenwelt.de", "timestamp": "2019-04-09T13:41:55.181861", "browser": "chrome", "browser-platform": "windows", "browser-version": "73.0.3683.103"}
{"method": "POST", "path": "/data-sets/.initialize", "endpoint": "data_sets.initialize_query", "view-args": {}, "status": 200, "user": "a4c1d3f15dbdb092@lampenwelt.de", "timestamp": "2019-04-09T13:41:55.924219", "browser": "chrome", "browser-platform": "windows", "browser-version": "73.0.3683.103"}
{"method": "POST", "path": "/data-sets/.preview", "endpoint": "data_sets.preview", "view-args": {}, "status": 200, "user": "a4c1d3f15dbdb092@lampenwelt.de", "timestamp": "2019-04-09T13:41:56.016681", "browser": "chrome", "browser-platform": "windows", "browser-version": "73.0.3683.103"}
{"method": "POST", "path": "/data-sets/.row-count", "endpoint": "data_sets.row_count", "view-args": {}, "status": 200, "user": "a4c1d3f15dbdb092@lampenwelt.de", "timestamp": "2019-04-09T13:41:56.304626", "browser": "chrome", "browser-platform": "windows", "browser-version": "73.0.3683.103"}
{"method": "POST", "path": "/data-sets/.distribution-chart-6", "endpoint": "data_sets.distribution_chart", "view-args": {"pos": 6}, "status": 200, "user": "a4c1d3f15dbdb092@lampenwelt.de", "timestamp": "2019-04-09T13:41:58.977680", "browser": "chrome", "browser-platform": "windows", "browser-version": "73.0.3683.103"}
{"method": "POST", "path": "/data-sets/.distribution-chart-2", "endpoint": "data_sets.distribution_chart", "view-args": {"pos": 2}, "status": 200, "user": "a4c1d3f15dbdb092@lampenwelt.de", "timestamp": "2019-04-09T13:42:00.192397", "browser": "chrome", "browser-platform": "windows", "browser-version": "73.0.3683.103"}
{"method": "POST", "path": "/data-sets/.distribution-chart-0", "endpoint": "data_sets.distribution_chart", "view-args": {"pos": 0}, "status": 200, "user": "a4c1d3f15dbdb092@lampenwelt.de", "timestamp": "2019-04-09T13:42:00.543749", "browser": "chrome", "browser-platform": "windows", "browser-version": "73.0.3683.103"}
{"method": "GET", "path": "/data-sets/orders/.query-list", "endpoint": "data_sets.query_list", "view-args": {"data_set_id": "orders"}, "status": 200, "user": "a4c1d3f15dbdb092@lampenwelt.de", "timestamp": "2019-04-09T13:42:00.837358", "browser": "chrome", "browser-platform": "windows", "browser-version": "73.0.3683.103"}
{"method": "GET", "path": "/data-sets/orders/affiliate", "endpoint": "data_sets.data_set_page", "view-args": {"data_set_id": "orders", "query_id": "affiliate"}, "status": 200, "user": "a4c1d3f15dbdb092@lampenwelt.de", "timestamp": "2019-04-09T13:42:02.469642", "browser": "chrome", "browser-platform": "windows", "browser-version": "73.0.3683.103"}
{"method": "POST", "path": "/data-sets/.distribution-chart-10", "endpoint": "data_sets.distribution_chart", "view-args": {"pos": 10}, "status": 200, "user": "a4c1d3f15dbdb092@lampenwelt.de", "timestamp": "2019-04-09T13:42:02.741938", "browser": "chrome", "browser-platform": "windows", "browser-version": "73.0.3683.103"}
{"method": "POST", "path": "/data-sets/.distribution-chart-18", "endpoint": "data_sets.distribution_chart", "view-args": {"pos": 18}, "status": 200, "user": "a4c1d3f15dbdb092@lampenwelt.de", "timestamp": "2019-04-09T13:42:02.813235", "browser": "chrome", "browser-platform": "windows", "browser-version": "73.0.3683.103"}
{"method": "POST", "path": "/data-sets/.initialize", "endpoint": "data_sets.initialize_query", "view-args": {}, "status": 200, "user": "a4c1d3f15dbdb092@lampenwelt.de", "timestamp": "2019-04-09T13:42:03.040276", "browser": "chrome", "browser-platform": "windows", "browser-version": "73.0.3683.103"}
{"method": "POST", "path": "/data-sets/.filter-row-count-0", "endpoint": "data_sets.filter_row_count", "view-args": {"filter_pos": 0}, "status": 200, "user": "a4c1d3f15dbdb092@lampenwelt.de", "timestamp": "2019-04-09T13:42:03.413309", "browser": "chrome", "browser-platform": "windows", "browser-version": "73.0.3683.103"}
{"method": "POST", "path": "/data-sets/.row-count", "endpoint": "data_sets.row_count", "view-args": {}, "status": 200, "user": "a4c1d3f15dbdb092@lampenwelt.de", "timestamp": "2019-04-09T13:42:03.509976", "browser": "chrome", "browser-platform": "windows", "browser-version": "73.0.3683.103"}
{"method": "POST", "path": "/data-sets/.distribution-chart-0", "endpoint": "data_sets.distribution_chart", "view-args": {"pos": 0}, "status": 200, "user": "a4c1d3f15dbdb092@lampenwelt.de", "timestamp": "2019-04-09T13:42:03.821567", "browser": "chrome", "browser-platform": "windows", "browser-version": "73.0.3683.103"}
{"method": "POST", "path": "/data-sets/.preview", "endpoint": "data_sets.preview", "view-args": {}, "status": 200, "user": "a4c1d3f15dbdb092@lampenwelt.de", "timestamp": "2019-04-09T13:42:03.934951", "browser": "chrome", "browser-platform": "windows", "browser-version": "73.0.3683.103"}
{"method": "POST", "path": "/data-sets/.distribution-chart-6", "endpoint": "data_sets.distribution_chart", "view-args": {"pos": 6}, "status": 200, "user": "a4c1d3f15dbdb092@lampenwelt.de", "timestamp": "2019-04-09T13:42:03.996376", "browser": "chrome", "browser-platform": "windows", "browser-version": "73.0.3683.103"}
{"method": "POST", "path": "/data-sets/.distribution-chart-11", "endpoint": "data_sets.distribution_chart", "view-args": {"pos": 11}, "status": 200, "user": "a4c1d3f15dbdb092@lampenwelt.de", "timestamp": "2019-04-09T13:42:04.405380", "browser": "chrome", "browser-platform": "windows", "browser-version": "73.0.3683.103"}
{"method": "POST", "path": "/data-sets/.distribution-chart-18", "endpoint": "data_sets.distribution_chart", "view-args": {"pos": 18}, "status": 200, "user": "a4c1d3f15dbdb092@lampenwelt.de", "timestamp": "2019-04-09T13:42:04.459479", "browser": "chrome", "browser-platform": "windows", "browser-version": "73.0.3683.103"}
{"method": "POST", "path": "/data-sets/.distribution-chart-13", "endpoint": "data_sets.distribution_chart", "view-args": {"pos": 13}, "status": 200, "user": "a4c1d3f15dbdb092@lampenwelt.de", "timestamp": "2019-04-09T13:42:04.515496", "browser": "chrome", "browser-platform": "windows", "browser-version": "73.0.3683.103"}
{"method": "POST", "path": "/data-sets/.row-count", "endpoint": "data_sets.row_count", "view-args": {}, "status": 200, "user": "a4c1d3f15dbdb092@lampenwelt.de", "timestamp": "2019-04-09T13:42:06.421721", "browser": "chrome", "browser-platform": "windows", "browser-version": "73.0.3683.103"}
{"method": "POST", "path": "/data-sets/.preview", "endpoint": "data_sets.preview", "view-args": {}, "status": 200, "user": "a4c1d3f15dbdb092@lampenwelt.de", "timestamp": "2019-04-09T13:42:06.424031", "browser": "chrome", "browser-platform": "windows", "browser-version": "73.0.3683.103"}
{"method": "POST", "path": "/data-sets/.filter-row-count-0", "endpoint": "data_sets.filter_row_count", "view-args": {"filter_pos": 0}, "status": 200, "user": "a4c1d3f15dbdb092@lampenwelt.de", "timestamp": "2019-04-09T13:42:06.429325", "browser": "chrome", "browser-platform": "windows", "browser-version": "73.0.3683.103"}
{"method": "POST", "path": "/data-sets/.distribution-chart-0", "endpoint": "data_sets.distribution_chart", "view-args": {"pos": 0}, "status": 200, "user": "a4c1d3f15dbdb092@lampenwelt.de", "timestamp": "2019-04-09T13:42:06.846925", "browser": "chrome", "browser-platform": "windows", "browser-version": "73.0.3683.103"}
{"method": "POST", "path": "/data-sets/.distribution-chart-6", "endpoint": "data_sets.distribution_chart", "view-args": {"pos": 6}, "status": 200, "user": "a4c1d3f15dbdb092@lampenwelt.de", "timestamp": "2019-04-09T13:42:06.917754", "browser": "chrome", "browser-platform": "windows", "browser-version": "73.0.3683.103"}
{"method": "POST", "path": "/data-sets/.distribution-chart-11", "endpoint": "data_sets.distribution_chart", "view-args": {"pos": 11}, "status": 200, "user": "a4c1d3f15dbdb092@lampenwelt.de", "timestamp": "2019-04-09T13:42:06.926332", "browser": "chrome", "browser-platform": "windows", "browser-version": "73.0.3683.103"}
{"method": "POST", "path": "/data-sets/.distribution-chart-18", "endpoint": "data_sets.distribution_chart", "view-args": {"pos": 18}, "status": 200, "user": "a4c1d3f15dbdb092@lampenwelt.de", "timestamp": "2019-04-09T13:42:07.339847", "browser": "chrome", "browser-platform": "windows", "browser-version": "73.0.3683.103"}
{"method": "POST", "path": "/data-sets/.distribution-chart-13", "endpoint": "data_sets.distribution_chart", "view-args": {"pos": 13}, "status": 200, "user": "a4c1d3f15dbdb092@lampenwelt.de", "timestamp": "2019-04-09T13:42:07.398792", "browser": "chrome", "browser-platform": "windows", "browser-version": "73.0.3683.103"}
{"method": "GET", "path": "/data-sets/.auto-complete", "endpoint": "data_sets.auto_complete", "view-args": {}, "status": 200, "user": "a4c1d3f15dbdb092@lampenwelt.de", "timestamp": "2019-04-09T13:42:11.479522", "browser": "chrome", "browser-platform": "windows", "browser-version": "73.0.3683.103"}
{"method": "POST", "path": "/data-sets/.row-count", "endpoint": "data_sets.row_count", "view-args": {}, "status": 200, "user": "a4c1d3f15dbdb092@lampenwelt.de", "timestamp": "2019-04-09T13:42:12.249325", "browser": "chrome", "browser-platform": "windows", "browser-version": "73.0.3683.103"}
{"method": "POST", "path": "/data-sets/.filter-row-count-0", "endpoint": "data_sets.filter_row_count", "view-args": {"filter_pos": 0}, "status": 200, "user": "a4c1d3f15dbdb092@lampenwelt.de", "timestamp": "2019-04-09T13:42:12.278405", "browser": "chrome", "browser-platform": "windows", "browser-version": "73.0.3683.103"}
{"method": "POST", "path": "/data-sets/.preview", "endpoint": "data_sets.preview", "view-args": {}, "status": 200, "user": "a4c1d3f15dbdb092@lampenwelt.de", "timestamp": "2019-04-09T13:42:12.349563", "browser": "chrome", "browser-platform": "windows", "browser-version": "73.0.3683.103"}
{"method": "POST", "path": "/data-sets/.distribution-chart-0", "endpoint": "data_sets.distribution_chart", "view-args": {"pos": 0}, "status": 200, "user": "a4c1d3f15dbdb092@lampenwelt.de", "timestamp": "2019-04-09T13:42:12.670354", "browser": "chrome", "browser-platform": "windows", "browser-version": "73.0.3683.103"}
{"method": "POST", "path": "/data-sets/.distribution-chart-6", "endpoint": "data_sets.distribution_chart", "view-args": {"pos": 6}, "status": 200, "user": "a4c1d3f15dbdb092@lampenwelt.de", "timestamp": "2019-04-09T13:42:12.768039", "browser": "chrome", "browser-platform": "windows", "browser-version": "73.0.3683.103"}
{"method": "POST", "path": "/data-sets/.distribution-chart-11", "endpoint": "data_sets.distribution_chart", "view-args": {"pos": 11}, "status": 200, "user": "a4c1d3f15dbdb092@lampenwelt.de", "timestamp": "2019-04-09T13:42:12.935226", "browser": "chrome", "browser-platform": "windows", "browser-version": "73.0.3683.103"}
{"method": "POST", "path": "/data-sets/.distribution-chart-13", "endpoint": "data_sets.distribution_chart", "view-args": {"pos": 13}, "status": 200, "user": "a4c1d3f15dbdb092@lampenwelt.de", "timestamp": "2019-04-09T13:42:13.221060", "browser": "chrome", "browser-platform": "windows", "browser-version": "73.0.3683.103"}
{"method": "POST", "path": "/data-sets/.distribution-chart-18", "endpoint": "data_sets.distribution_chart", "view-args": {"pos": 18}, "status": 200, "user": "a4c1d3f15dbdb092@lampenwelt.de", "timestamp": "2019-04-09T13:42:13.255705", "browser": "chrome", "browser-platform": "windows", "browser-version": "73.0.3683.103"}
{"method": "POST", "path": "/data-sets/.filter-row-count-1", "endpoint": "data_sets.filter_row_count", "view-args": {"filter_pos": 1}, "status": 200, "user": "a4c1d3f15dbdb092@lampenwelt.de", "timestamp": "2019-04-09T13:42:37.114821", "browser": "chrome", "browser-platform": "windows", "browser-version": "73.0.3683.103"}
{"method": "POST", "path": "/data-sets/.distribution-chart-0", "endpoint": "data_sets.distribution_chart", "view-args": {"pos": 0}, "status": 200, "user": "a4c1d3f15dbdb092@lampenwelt.de", "timestamp": "2019-04-09T13:42:37.144510", "browser": "chrome", "browser-platform": "windows", "browser-version": "73.0.3683.103"}
{"method": "POST", "path": "/data-sets/.distribution-chart-6", "endpoint": "data_sets.distribution_chart", "view-args": {"pos": 6}, "status": 200, "user": "a4c1d3f15dbdb092@lampenwelt.de", "timestamp": "2019-04-09T13:42:37.152441", "browser": "chrome", "browser-platform": "windows", "browser-version": "73.0.3683.103"}
{"method": "POST", "path": "/data-sets/.preview", "endpoint": "data_sets.preview", "view-args": {}, "status": 200, "user": "a4c1d3f15dbdb092@lampenwelt.de", "timestamp": "2019-04-09T13:42:37.427486", "browser": "chrome", "browser-platform": "windows", "browser-version": "73.0.3683.103"}
{"method": "POST", "path": "/data-sets/.distribution-chart-11", "endpoint": "data_sets.distribution_chart", "view-args": {"pos": 11}, "status": 200, "user": "a4c1d3f15dbdb092@lampenwelt.de", "timestamp": "2019-04-09T13:42:37.819785", "browser": "chrome", "browser-platform": "windows", "browser-version": "73.0.3683.103"}
{"method": "POST", "path": "/data-sets/.distribution-chart-13", "endpoint": "data_sets.distribution_chart", "view-args": {"pos": 13}, "status": 200, "user": "a4c1d3f15dbdb092@lampenwelt.de", "timestamp": "2019-04-09T13:42:37.860421", "browser": "chrome", "browser-platform": "windows", "browser-version": "73.0.3683.103"}
{"method": "POST", "path": "/data-sets/.row-count", "endpoint": "data_sets.row_count", "view-args": {}, "status": 200, "user": "a4c1d3f15dbdb092@lampenwelt.de", "timestamp": "2019-04-09T13:42:38.018252", "browser": "chrome", "browser-platform": "windows", "browser-version": "73.0.3683.103"}
{"method": "POST", "path": "/data-sets/.distribution-chart-18", "endpoint": "data_sets.distribution_chart", "view-args": {"pos": 18}, "status": 200, "user": "a4c1d3f15dbdb092@lampenwelt.de", "timestamp": "2019-04-09T13:42:38.113670", "browser": "chrome", "browser-platform": "windows", "browser-version": "73.0.3683.103"}
{"method": "POST", "path": "/data-sets/.row-count", "endpoint": "data_sets.row_count", "view-args": {}, "status": 200, "user": "a4c1d3f15dbdb092@lampenwelt.de", "timestamp": "2019-04-09T13:42:40.563744", "browser": "chrome", "browser-platform": "windows", "browser-version": "73.0.3683.103"}
{"method": "POST", "path": "/data-sets/.filter-row-count-0", "endpoint": "data_sets.filter_row_count", "view-args": {"filter_pos": 0}, "status": 200, "user": "a4c1d3f15dbdb092@lampenwelt.de", "timestamp": "2019-04-09T13:42:40.572751", "browser": "chrome", "browser-platform": "windows", "browser-version": "73.0.3683.103"}
{"method": "POST", "path": "/data-sets/.preview", "endpoint": "data_sets.preview", "view-args": {}, "status": 200, "user": "a4c1d3f15dbdb092@lampenwelt.de", "timestamp": "2019-04-09T13:42:40.618519", "browser": "chrome", "browser-platform": "windows", "browser-version": "73.0.3683.103"}
{"method": "POST", "path": "/data-sets/.distribution-chart-6", "endpoint": "data_sets.distribution_chart", "view-args": {"pos": 6}, "status": 200, "user": "a4c1d3f15dbdb092@lampenwelt.de", "timestamp": "2019-04-09T13:42:41.128678", "browser": "chrome", "browser-platform": "windows", "browser-version": "73.0.3683.103"}
{"method": "POST", "path": "/data-sets/.distribution-chart-0", "endpoint": "data_sets.distribution_chart", "view-args": {"pos": 0}, "status": 200, "user": "a4c1d3f15dbdb092@lampenwelt.de", "timestamp": "2019-04-09T13:42:41.144557", "browser": "chrome", "browser-platform": "windows", "browser-version": "73.0.3683.103"}
{"method": "POST", "path": "/data-sets/.distribution-chart-11", "endpoint": "data_sets.distribution_chart", "view-args": {"pos": 11}, "status": 200, "user": "a4c1d3f15dbdb092@lampenwelt.de", "timestamp": "2019-04-09T13:42:41.221644", "browser": "chrome", "browser-platform": "windows", "browser-version": "73.0.3683.103"}
{"method": "POST", "path": "/data-sets/.distribution-chart-13", "endpoint": "data_sets.distribution_chart", "view-args": {"pos": 13}, "status": 200, "user": "a4c1d3f15dbdb092@lampenwelt.de", "timestamp": "2019-04-09T13:42:41.671300", "browser": "chrome", "browser-platform": "windows", "browser-version": "73.0.3683.103"}
{"method": "POST", "path": "/data-sets/.distribution-chart-18", "endpoint": "data_sets.distribution_chart", "view-args": {"pos": 18}, "status": 200, "user": "a4c1d3f15dbdb092@lampenwelt.de", "timestamp": "2019-04-09T13:42:41.739620", "browser": "chrome", "browser-platform": "windows", "browser-version": "73.0.3683.103"}
{"method": "POST", "path": "/data-sets/.filter-row-count-0", "endpoint": "data_sets.filter_row_count", "view-args": {"filter_pos": 0}, "status": 200, "user": "a4c1d3f15dbdb092@lampenwelt.de", "timestamp": "2019-04-09T13:45:36.876989", "browser": "chrome", "browser-platform": "windows", "browser-version": "73.0.3683.103"}
{"method": "POST", "path": "/data-sets/.preview", "endpoint": "data_sets.preview", "view-args": {}, "status": 200, "user": "a4c1d3f15dbdb092@lampenwelt.de", "timestamp": "2019-04-09T13:45:36.882276", "browser": "chrome", "browser-platform": "windows", "browser-version": "73.0.3683.103"}
{"method": "POST", "path": "/data-sets/.row-count", "endpoint": "data_sets.row_count", "view-args": {}, "status": 200, "user": "a4c1d3f15dbdb092@lampenwelt.de", "timestamp": "2019-04-09T13:45:36.887635", "browser": "chrome", "browser-platform": "windows", "browser-version": "73.0.3683.103"}
{"method": "POST", "path": "/data-sets/.distribution-chart-0", "endpoint": "data_sets.distribution_chart", "view-args": {"pos": 0}, "status": 200, "user": "a4c1d3f15dbdb092@lampenwelt.de", "timestamp": "2019-04-09T13:45:37.305361", "browser": "chrome", "browser-platform": "windows", "browser-version": "73.0.3683.103"}
{"method": "POST", "path": "/data-sets/.distribution-chart-6", "endpoint": "data_sets.distribution_chart", "view-args": {"pos": 6}, "status": 200, "user": "a4c1d3f15dbdb092@lampenwelt.de", "timestamp": "2019-04-09T13:45:37.364950", "browser": "chrome", "browser-platform": "windows", "browser-version": "73.0.3683.103"}
{"method": "POST", "path": "/data-sets/.distribution-chart-11", "endpoint": "data_sets.distribution_chart", "view-args": {"pos": 11}, "status": 200, "user": "a4c1d3f15dbdb092@lampenwelt.de", "timestamp": "2019-04-09T13:45:37.446135", "browser": "chrome", "browser-platform": "windows", "browser-version": "73.0.3683.103"}
{"method": "POST", "path": "/data-sets/.distribution-chart-13", "endpoint": "data_sets.distribution_chart", "view-args": {"pos": 13}, "status": 200, "user": "a4c1d3f15dbdb092@lampenwelt.de", "timestamp": "2019-04-09T13:45:37.818533", "browser": "chrome", "browser-platform": "windows", "browser-version": "73.0.3683.103"}
{"method": "POST", "path": "/data-sets/.distribution-chart-18", "endpoint": "data_sets.distribution_chart", "view-args": {"pos": 18}, "status": 200, "user": "a4c1d3f15dbdb092@lampenwelt.de", "timestamp": "2019-04-09T13:45:37.839360", "browser": "chrome", "browser-platform": "windows", "browser-version": "73.0.3683.103"}
{"method": "POST", "path": "/data-sets/.filter-row-count-0", "endpoint": "data_sets.filter_row_count", "view-args": {"filter_pos": 0}, "status": 200, "user": "a4c1d3f15dbdb092@lampenwelt.de", "timestamp": "2019-04-09T13:45:44.645801", "browser": "chrome", "browser-platform": "windows", "browser-version": "73.0.3683.103"}
{"method": "POST", "path": "/data-sets/.preview", "endpoint": "data_sets.preview", "view-args": {}, "status": 200, "user": "a4c1d3f15dbdb092@lampenwelt.de", "timestamp": "2019-04-09T13:45:44.647763", "browser": "chrome", "browser-platform": "windows", "browser-version": "73.0.3683.103"}
{"method": "POST", "path": "/data-sets/.row-count", "endpoint": "data_sets.row_count", "view-args": {}, "status": 200, "user": "a4c1d3f15dbdb092@lampenwelt.de", "timestamp": "2019-04-09T13:45:44.651517", "browser": "chrome", "browser-platform": "windows", "browser-version": "73.0.3683.103"}
{"method": "POST", "path": "/data-sets/.distribution-chart-6", "endpoint": "data_sets.distribution_chart", "view-args": {"pos": 6}, "status": 200, "user": "a4c1d3f15dbdb092@lampenwelt.de", "timestamp": "2019-04-09T13:45:45.132368", "browser": "chrome", "browser-platform": "windows", "browser-version": "73.0.3683.103"}
{"method": "POST", "path": "/data-sets/.distribution-chart-0", "endpoint": "data_sets.distribution_chart", "view-args": {"pos": 0}, "status": 200, "user": "a4c1d3f15dbdb092@lampenwelt.de", "timestamp": "2019-04-09T13:45:45.148035", "browser": "chrome", "browser-platform": "windows", "browser-version": "73.0.3683.103"}
{"method": "POST", "path": "/data-sets/.distribution-chart-11", "endpoint": "data_sets.distribution_chart", "view-args": {"pos": 11}, "status": 200, "user": "a4c1d3f15dbdb092@lampenwelt.de", "timestamp": "2019-04-09T13:45:45.255443", "browser": "chrome", "browser-platform": "windows", "browser-version": "73.0.3683.103"}
{"method": "POST", "path": "/data-sets/.distribution-chart-13", "endpoint": "data_sets.distribution_chart", "view-args": {"pos": 13}, "status": 200, "user": "a4c1d3f15dbdb092@lampenwelt.de", "timestamp": "2019-04-09T13:45:45.637205", "browser": "chrome", "browser-platform": "windows", "browser-version": "73.0.3683.103"}
{"method": "POST", "path": "/data-sets/.distribution-chart-18", "endpoint": "data_sets.distribution_chart", "view-args": {"pos": 18}, "status": 200, "user": "a4c1d3f15dbdb092@lampenwelt.de", "timestamp": "2019-04-09T13:45:45.687714", "browser": "chrome", "browser-platform": "windows", "browser-version": "73.0.3683.103"}
{"method": "POST", "path": "/data-sets/.filter-row-count-0", "endpoint": "data_sets.filter_row_count", "view-args": {"filter_pos": 0}, "status": 200, "user": "a4c1d3f15dbdb092@lampenwelt.de", "timestamp": "2019-04-09T13:45:47.509677", "browser": "chrome", "browser-platform": "windows", "browser-version": "73.0.3683.103"}
{"method": "POST", "path": "/data-sets/.preview", "endpoint": "data_sets.preview", "view-args": {}, "status": 200, "user": "a4c1d3f15dbdb092@lampenwelt.de", "timestamp": "2019-04-09T13:45:47.534821", "browser": "chrome", "browser-platform": "windows", "browser-version": "73.0.3683.103"}
{"method": "POST", "path": "/data-sets/.row-count", "endpoint": "data_sets.row_count", "view-args": {}, "status": 200, "user": "a4c1d3f15dbdb092@lampenwelt.de", "timestamp": "2019-04-09T13:45:47.538719", "browser": "chrome", "browser-platform": "windows", "browser-version": "73.0.3683.103"}
{"method": "POST", "path": "/data-sets/.distribution-chart-0", "endpoint": "data_sets.distribution_chart", "view-args": {"pos": 0}, "status": 200, "user": "a4c1d3f15dbdb092@lampenwelt.de", "timestamp": "2019-04-09T13:45:47.958898", "browser": "chrome", "browser-platform": "windows", "browser-version": "73.0.3683.103"}
{"method": "POST", "path": "/data-sets/.distribution-chart-6", "endpoint": "data_sets.distribution_chart", "view-args": {"pos": 6}, "status": 200, "user": "a4c1d3f15dbdb092@lampenwelt.de", "timestamp": "2019-04-09T13:45:48.001309", "browser": "chrome", "browser-platform": "windows", "browser-version": "73.0.3683.103"}
{"method": "POST", "path": "/data-sets/.distribution-chart-11", "endpoint": "data_sets.distribution_chart", "view-args": {"pos": 11}, "status": 200, "user": "a4c1d3f15dbdb092@lampenwelt.de", "timestamp": "2019-04-09T13:45:48.090660", "browser": "chrome", "browser-platform": "windows", "browser-version": "73.0.3683.103"}
{"method": "POST", "path": "/data-sets/.distribution-chart-13", "endpoint": "data_sets.distribution_chart", "view-args": {"pos": 13}, "status": 200, "user": "a4c1d3f15dbdb092@lampenwelt.de", "timestamp": "2019-04-09T13:45:48.426639", "browser": "chrome", "browser-platform": "windows", "browser-version": "73.0.3683.103"}
{"method": "POST", "path": "/data-sets/.distribution-chart-18", "endpoint": "data_sets.distribution_chart", "view-args": {"pos": 18}, "status": 200, "user": "a4c1d3f15dbdb092@lampenwelt.de", "timestamp": "2019-04-09T13:45:48.450878", "browser": "chrome", "browser-platform": "windows", "browser-version": "73.0.3683.103"}
