{"method": "GET", "path": "/mondrian/excel", "endpoint": "py_mondrian.excel", "view-args": {}, "status": 200, "user": "d42d3f5648a558d7@lampenwelt.de", "timestamp": "2019-04-10T12:11:21.740797", "browser": "chrome", "browser-platform": "windows", "browser-version": "73.0.3683.86"}
{"method": "POST", "path": "/mondrian/excel/authorize", "endpoint": "py_mondrian.excel_authorize", "view-args": {}, "status": 200, "user": "35675e68f4b5af7b@localhost", "timestamp": "2019-04-10T12:11:40.630402", "browser": null, "browser-platform": null, "browser-version": null}
{"method": "POST", "path": "/mondrian/excel/authorize", "endpoint": "py_mondrian.excel_authorize", "view-args": {}, "status": 200, "user": "35675e68f4b5af7b@localhost", "timestamp": "2019-04-10T12:12:09.507019", "browser": null, "browser-platform": null, "browser-version": null}
{"method": "GET", "path": "/data-sets/merged-customers", "endpoint": "data_sets.data_set_page", "view-args": {"data_set_id": "merged-customers", "query_id": null}, "status": 200, "user": "13f7e9ada41f2425@lampenwelt.de", "timestamp": "2019-04-10T12:45:12.739795", "browser": "chrome", "browser-platform": "windows", "browser-version": "73.0.3683.86"}
{"method": "POST", "path": "/data-sets/.initialize", "endpoint": "data_sets.initialize_query", "view-args": {}, "status": 200, "user": "13f7e9ada41f2425@lampenwelt.de", "timestamp": "2019-04-10T12:45:13.238025", "browser": "chrome", "browser-platform": "windows", "browser-version": "73.0.3683.86"}
{"method": "POST", "path": "/data-sets/.preview", "endpoint": "data_sets.preview", "view-args": {}, "status": 200, "user": "13f7e9ada41f2425@lampenwelt.de", "timestamp": "2019-04-10T12:45:13.359136", "browser": "chrome", "browser-platform": "windows", "browser-version": "73.0.3683.86"}
{"method": "POST", "path": "/data-sets/.row-count", "endpoint": "data_sets.row_count", "view-args": {}, "status": 200, "user": "13f7e9ada41f2425@lampenwelt.de", "timestamp": "2019-04-10T12:45:13.545396", "browser": "chrome", "browser-platform": "windows", "browser-version": "73.0.3683.86"}
{"method": "POST", "path": "/data-sets/.distribution-chart-23", "endpoint": "data_sets.distribution_chart", "view-args": {"pos": 23}, "status": 200, "user": "13f7e9ada41f2425@lampenwelt.de", "timestamp": "2019-04-10T12:45:14.828973", "browser": "chrome", "browser-platform": "windows", "browser-version": "73.0.3683.86"}
{"method": "POST", "path": "/data-sets/.distribution-chart-31", "endpoint": "data_sets.distribution_chart", "view-args": {"pos": 31}, "status": 200, "user": "13f7e9ada41f2425@lampenwelt.de", "timestamp": "2019-04-10T12:45:15.107484", "browser": "chrome", "browser-platform": "windows", "browser-version": "73.0.3683.86"}
{"method": "POST", "path": "/data-sets/.distribution-chart-35", "endpoint": "data_sets.distribution_chart", "view-args": {"pos": 35}, "status": 200, "user": "13f7e9ada41f2425@lampenwelt.de", "timestamp": "2019-04-10T12:45:16.753129", "browser": "chrome", "browser-platform": "windows", "browser-version": "73.0.3683.86"}
{"method": "POST", "path": "/data-sets/.distribution-chart-0", "endpoint": "data_sets.distribution_chart", "view-args": {"pos": 0}, "status": 200, "user": "13f7e9ada41f2425@lampenwelt.de", "timestamp": "2019-04-10T12:45:16.919131", "browser": "chrome", "browser-platform": "windows", "browser-version": "73.0.3683.86"}
{"method": "POST", "path": "/data-sets/.distribution-chart-36", "endpoint": "data_sets.distribution_chart", "view-args": {"pos": 36}, "status": 200, "user": "13f7e9ada41f2425@lampenwelt.de", "timestamp": "2019-04-10T12:45:16.964130", "browser": "chrome", "browser-platform": "windows", "browser-version": "73.0.3683.86"}
{"method": "POST", "path": "/data-sets/.distribution-chart-61", "endpoint": "data_sets.distribution_chart", "view-args": {"pos": 61}, "status": 200, "user": "13f7e9ada41f2425@lampenwelt.de", "timestamp": "2019-04-10T12:45:19.356621", "browser": "chrome", "browser-platform": "windows", "browser-version": "73.0.3683.86"}
{"method": "GET", "path": "/data-sets/merged-customers/.query-list", "endpoint": "data_sets.query_list", "view-args": {"data_set_id": "merged-customers"}, "status": 200, "user": "13f7e9ada41f2425@lampenwelt.de", "timestamp": "2019-04-10T12:45:19.391857", "browser": "chrome", "browser-platform": "windows", "browser-version": "73.0.3683.86"}
{"method": "POST", "path": "/data-sets/.distribution-chart-86", "endpoint": "data_sets.distribution_chart", "view-args": {"pos": 86}, "status": 200, "user": "13f7e9ada41f2425@lampenwelt.de", "timestamp": "2019-04-10T12:45:19.677256", "browser": "chrome", "browser-platform": "windows", "browser-version": "73.0.3683.86"}
{"method": "POST", "path": "/data-sets/.distribution-chart-84", "endpoint": "data_sets.distribution_chart", "view-args": {"pos": 84}, "status": 200, "user": "13f7e9ada41f2425@lampenwelt.de", "timestamp": "2019-04-10T12:45:19.720768", "browser": "chrome", "browser-platform": "windows", "browser-version": "73.0.3683.86"}
{"method": "GET", "path": "/data-sets/merged-customers/-161562-umsatz-2018-osteuropa", "endpoint": "data_sets.data_set_page", "view-args": {"data_set_id": "merged-customers", "query_id": "-161562-umsatz-2018-osteuropa"}, "status": 200, "user": "13f7e9ada41f2425@lampenwelt.de", "timestamp": "2019-04-10T12:45:20.804524", "browser": "chrome", "browser-platform": "windows", "browser-version": "73.0.3683.86"}
{"method": "POST", "path": "/data-sets/.initialize", "endpoint": "data_sets.initialize_query", "view-args": {}, "status": 200, "user": "13f7e9ada41f2425@lampenwelt.de", "timestamp": "2019-04-10T12:45:21.186081", "browser": "chrome", "browser-platform": "windows", "browser-version": "73.0.3683.86"}
{"method": "POST", "path": "/data-sets/.preview", "endpoint": "data_sets.preview", "view-args": {}, "status": 200, "user": "13f7e9ada41f2425@lampenwelt.de", "timestamp": "2019-04-10T12:45:21.337101", "browser": "chrome", "browser-platform": "windows", "browser-version": "73.0.3683.86"}
{"method": "POST", "path": "/data-sets/.filter-row-count-1", "endpoint": "data_sets.filter_row_count", "view-args": {"filter_pos": 1}, "status": 200, "user": "13f7e9ada41f2425@lampenwelt.de", "timestamp": "2019-04-10T12:45:21.588338", "browser": "chrome", "browser-platform": "windows", "browser-version": "73.0.3683.86"}
{"method": "POST", "path": "/data-sets/.filter-row-count-2", "endpoint": "data_sets.filter_row_count", "view-args": {"filter_pos": 2}, "status": 200, "user": "13f7e9ada41f2425@lampenwelt.de", "timestamp": "2019-04-10T12:45:21.810532", "browser": "chrome", "browser-platform": "windows", "browser-version": "73.0.3683.86"}
{"method": "POST", "path": "/data-sets/.row-count", "endpoint": "data_sets.row_count", "view-args": {}, "status": 200, "user": "13f7e9ada41f2425@lampenwelt.de", "timestamp": "2019-04-10T12:45:22.054307", "browser": "chrome", "browser-platform": "windows", "browser-version": "73.0.3683.86"}
{"method": "POST", "path": "/data-sets/.filter-row-count-0", "endpoint": "data_sets.filter_row_count", "view-args": {"filter_pos": 0}, "status": 200, "user": "13f7e9ada41f2425@lampenwelt.de", "timestamp": "2019-04-10T12:45:22.079004", "browser": "chrome", "browser-platform": "windows", "browser-version": "73.0.3683.86"}
{"method": "POST", "path": "/data-sets/.distribution-chart-0", "endpoint": "data_sets.distribution_chart", "view-args": {"pos": 0}, "status": 200, "user": "13f7e9ada41f2425@lampenwelt.de", "timestamp": "2019-04-10T12:45:22.402206", "browser": "chrome", "browser-platform": "windows", "browser-version": "73.0.3683.86"}
{"method": "POST", "path": "/data-sets/.distribution-chart-31", "endpoint": "data_sets.distribution_chart", "view-args": {"pos": 31}, "status": 200, "user": "13f7e9ada41f2425@lampenwelt.de", "timestamp": "2019-04-10T12:45:22.577748", "browser": "chrome", "browser-platform": "windows", "browser-version": "73.0.3683.86"}
{"method": "POST", "path": "/data-sets/.distribution-chart-23", "endpoint": "data_sets.distribution_chart", "view-args": {"pos": 23}, "status": 200, "user": "13f7e9ada41f2425@lampenwelt.de", "timestamp": "2019-04-10T12:45:22.583491", "browser": "chrome", "browser-platform": "windows", "browser-version": "73.0.3683.86"}
{"method": "POST", "path": "/data-sets/.distribution-chart-32", "endpoint": "data_sets.distribution_chart", "view-args": {"pos": 32}, "status": 200, "user": "13f7e9ada41f2425@lampenwelt.de", "timestamp": "2019-04-10T12:45:22.958183", "browser": "chrome", "browser-platform": "windows", "browser-version": "73.0.3683.86"}
{"method": "POST", "path": "/data-sets/.distribution-chart-35", "endpoint": "data_sets.distribution_chart", "view-args": {"pos": 35}, "status": 200, "user": "13f7e9ada41f2425@lampenwelt.de", "timestamp": "2019-04-10T12:45:23.109586", "browser": "chrome", "browser-platform": "windows", "browser-version": "73.0.3683.86"}
{"method": "POST", "path": "/data-sets/.distribution-chart-36", "endpoint": "data_sets.distribution_chart", "view-args": {"pos": 36}, "status": 200, "user": "13f7e9ada41f2425@lampenwelt.de", "timestamp": "2019-04-10T12:45:23.148366", "browser": "chrome", "browser-platform": "windows", "browser-version": "73.0.3683.86"}
{"method": "POST", "path": "/data-sets/.distribution-chart-52", "endpoint": "data_sets.distribution_chart", "view-args": {"pos": 52}, "status": 200, "user": "13f7e9ada41f2425@lampenwelt.de", "timestamp": "2019-04-10T12:45:23.534124", "browser": "chrome", "browser-platform": "windows", "browser-version": "73.0.3683.86"}
{"method": "POST", "path": "/data-sets/.distribution-chart-61", "endpoint": "data_sets.distribution_chart", "view-args": {"pos": 61}, "status": 200, "user": "13f7e9ada41f2425@lampenwelt.de", "timestamp": "2019-04-10T12:45:23.645194", "browser": "chrome", "browser-platform": "windows", "browser-version": "73.0.3683.86"}
{"method": "POST", "path": "/data-sets/.distribution-chart-86", "endpoint": "data_sets.distribution_chart", "view-args": {"pos": 86}, "status": 200, "user": "13f7e9ada41f2425@lampenwelt.de", "timestamp": "2019-04-10T12:45:23.766369", "browser": "chrome", "browser-platform": "windows", "browser-version": "73.0.3683.86"}
{"method": "POST", "path": "/data-sets/.filter-row-count-3", "endpoint": "data_sets.filter_row_count", "view-args": {"filter_pos": 3}, "status": 200, "user": "13f7e9ada41f2425@lampenwelt.de", "timestamp": "2019-04-10T12:45:32.101965", "browser": "chrome", "browser-platform": "windows", "browser-version": "73.0.3683.86"}
{"method": "POST", "path": "/data-sets/.preview", "endpoint": "data_sets.preview", "view-args": {}, "status": 200, "user": "13f7e9ada41f2425@lampenwelt.de", "timestamp": "2019-04-10T12:45:32.177951", "browser": "chrome", "browser-platform": "windows", "browser-version": "73.0.3683.86"}
{"method": "POST", "path": "/data-sets/.distribution-chart-23", "endpoint": "data_sets.distribution_chart", "view-args": {"pos": 23}, "status": 200, "user": "13f7e9ada41f2425@lampenwelt.de", "timestamp": "2019-04-10T12:45:32.466130", "browser": "chrome", "browser-platform": "windows", "browser-version": "73.0.3683.86"}
{"method": "POST", "path": "/data-sets/.distribution-chart-0", "endpoint": "data_sets.distribution_chart", "view-args": {"pos": 0}, "status": 200, "user": "13f7e9ada41f2425@lampenwelt.de", "timestamp": "2019-04-10T12:45:32.511733", "browser": "chrome", "browser-platform": "windows", "browser-version": "73.0.3683.86"}
{"method": "POST", "path": "/data-sets/.distribution-chart-31", "endpoint": "data_sets.distribution_chart", "view-args": {"pos": 31}, "status": 200, "user": "13f7e9ada41f2425@lampenwelt.de", "timestamp": "2019-04-10T12:45:32.549147", "browser": "chrome", "browser-platform": "windows", "browser-version": "73.0.3683.86"}
{"method": "POST", "path": "/data-sets/.distribution-chart-32", "endpoint": "data_sets.distribution_chart", "view-args": {"pos": 32}, "status": 200, "user": "13f7e9ada41f2425@lampenwelt.de", "timestamp": "2019-04-10T12:45:32.840011", "browser": "chrome", "browser-platform": "windows", "browser-version": "73.0.3683.86"}
{"method": "POST", "path": "/data-sets/.distribution-chart-35", "endpoint": "data_sets.distribution_chart", "view-args": {"pos": 35}, "status": 200, "user": "13f7e9ada41f2425@lampenwelt.de", "timestamp": "2019-04-10T12:45:32.909154", "browser": "chrome", "browser-platform": "windows", "browser-version": "73.0.3683.86"}
{"method": "POST", "path": "/data-sets/.distribution-chart-36", "endpoint": "data_sets.distribution_chart", "view-args": {"pos": 36}, "status": 200, "user": "13f7e9ada41f2425@lampenwelt.de", "timestamp": "2019-04-10T12:45:32.956066", "browser": "chrome", "browser-platform": "windows", "browser-version": "73.0.3683.86"}
{"method": "POST", "path": "/data-sets/.distribution-chart-52", "endpoint": "data_sets.distribution_chart", "view-args": {"pos": 52}, "status": 200, "user": "13f7e9ada41f2425@lampenwelt.de", "timestamp": "2019-04-10T12:45:33.219240", "browser": "chrome", "browser-platform": "windows", "browser-version": "73.0.3683.86"}
{"method": "POST", "path": "/data-sets/.row-count", "endpoint": "data_sets.row_count", "view-args": {}, "status": 200, "user": "13f7e9ada41f2425@lampenwelt.de", "timestamp": "2019-04-10T12:45:33.258838", "browser": "chrome", "browser-platform": "windows", "browser-version": "73.0.3683.86"}
{"method": "POST", "path": "/data-sets/.distribution-chart-61", "endpoint": "data_sets.distribution_chart", "view-args": {"pos": 61}, "status": 200, "user": "13f7e9ada41f2425@lampenwelt.de", "timestamp": "2019-04-10T12:45:33.293427", "browser": "chrome", "browser-platform": "windows", "browser-version": "73.0.3683.86"}
{"method": "POST", "path": "/data-sets/.distribution-chart-86", "endpoint": "data_sets.distribution_chart", "view-args": {"pos": 86}, "status": 200, "user": "13f7e9ada41f2425@lampenwelt.de", "timestamp": "2019-04-10T12:45:33.395682", "browser": "chrome", "browser-platform": "windows", "browser-version": "73.0.3683.86"}
{"method": "GET", "path": "/data-sets/.auto-complete", "endpoint": "data_sets.auto_complete", "view-args": {}, "status": 200, "user": "13f7e9ada41f2425@lampenwelt.de", "timestamp": "2019-04-10T12:45:33.871791", "browser": "chrome", "browser-platform": "windows", "browser-version": "73.0.3683.86"}
{"method": "POST", "path": "/data-sets/.preview", "endpoint": "data_sets.preview", "view-args": {}, "status": 200, "user": "13f7e9ada41f2425@lampenwelt.de", "timestamp": "2019-04-10T12:45:35.318059", "browser": "chrome", "browser-platform": "windows", "browser-version": "73.0.3683.86"}
{"method": "POST", "path": "/data-sets/.filter-row-count-3", "endpoint": "data_sets.filter_row_count", "view-args": {"filter_pos": 3}, "status": 200, "user": "13f7e9ada41f2425@lampenwelt.de", "timestamp": "2019-04-10T12:45:35.376681", "browser": "chrome", "browser-platform": "windows", "browser-version": "73.0.3683.86"}
{"method": "POST", "path": "/data-sets/.row-count", "endpoint": "data_sets.row_count", "view-args": {}, "status": 200, "user": "13f7e9ada41f2425@lampenwelt.de", "timestamp": "2019-04-10T12:45:35.449268", "browser": "chrome", "browser-platform": "windows", "browser-version": "73.0.3683.86"}
{"method": "POST", "path": "/data-sets/.distribution-chart-23", "endpoint": "data_sets.distribution_chart", "view-args": {"pos": 23}, "status": 200, "user": "13f7e9ada41f2425@lampenwelt.de", "timestamp": "2019-04-10T12:45:35.806434", "browser": "chrome", "browser-platform": "windows", "browser-version": "73.0.3683.86"}
{"method": "POST", "path": "/data-sets/.distribution-chart-31", "endpoint": "data_sets.distribution_chart", "view-args": {"pos": 31}, "status": 200, "user": "13f7e9ada41f2425@lampenwelt.de", "timestamp": "2019-04-10T12:45:35.822281", "browser": "chrome", "browser-platform": "windows", "browser-version": "73.0.3683.86"}
{"method": "POST", "path": "/data-sets/.distribution-chart-0", "endpoint": "data_sets.distribution_chart", "view-args": {"pos": 0}, "status": 200, "user": "13f7e9ada41f2425@lampenwelt.de", "timestamp": "2019-04-10T12:45:35.834844", "browser": "chrome", "browser-platform": "windows", "browser-version": "73.0.3683.86"}
{"method": "POST", "path": "/data-sets/.distribution-chart-32", "endpoint": "data_sets.distribution_chart", "view-args": {"pos": 32}, "status": 200, "user": "13f7e9ada41f2425@lampenwelt.de", "timestamp": "2019-04-10T12:45:36.189910", "browser": "chrome", "browser-platform": "windows", "browser-version": "73.0.3683.86"}
{"method": "POST", "path": "/data-sets/.distribution-chart-36", "endpoint": "data_sets.distribution_chart", "view-args": {"pos": 36}, "status": 200, "user": "13f7e9ada41f2425@lampenwelt.de", "timestamp": "2019-04-10T12:45:36.247723", "browser": "chrome", "browser-platform": "windows", "browser-version": "73.0.3683.86"}
{"method": "POST", "path": "/data-sets/.distribution-chart-35", "endpoint": "data_sets.distribution_chart", "view-args": {"pos": 35}, "status": 200, "user": "13f7e9ada41f2425@lampenwelt.de", "timestamp": "2019-04-10T12:45:36.258025", "browser": "chrome", "browser-platform": "windows", "browser-version": "73.0.3683.86"}
{"method": "POST", "path": "/data-sets/.distribution-chart-52", "endpoint": "data_sets.distribution_chart", "view-args": {"pos": 52}, "status": 200, "user": "13f7e9ada41f2425@lampenwelt.de", "timestamp": "2019-04-10T12:45:36.574704", "browser": "chrome", "browser-platform": "windows", "browser-version": "73.0.3683.86"}
{"method": "POST", "path": "/data-sets/.distribution-chart-61", "endpoint": "data_sets.distribution_chart", "view-args": {"pos": 61}, "status": 200, "user": "13f7e9ada41f2425@lampenwelt.de", "timestamp": "2019-04-10T12:45:36.639361", "browser": "chrome", "browser-platform": "windows", "browser-version": "73.0.3683.86"}
{"method": "POST", "path": "/data-sets/.distribution-chart-86", "endpoint": "data_sets.distribution_chart", "view-args": {"pos": 86}, "status": 200, "user": "13f7e9ada41f2425@lampenwelt.de", "timestamp": "2019-04-10T12:45:36.842069", "browser": "chrome", "browser-platform": "windows", "browser-version": "73.0.3683.86"}
{"method": "GET", "path": "/mondrian/saiku", "endpoint": "py_mondrian.saiku", "view-args": {}, "status": 302, "user": "20afbf2131feb737@lampenwelt.de", "timestamp": "2019-04-10T12:54:45.917010", "browser": "chrome", "browser-platform": "windows", "browser-version": "73.0.3683.103"}
{"method": "POST", "path": "/mondrian/saiku/authorize", "endpoint": "py_mondrian.saiku_authorize", "view-args": {}, "status": 200, "user": "35675e68f4b5af7b@localhost", "timestamp": "2019-04-10T12:54:56.087473", "browser": null, "browser-platform": null, "browser-version": null}
{"method": "POST", "path": "/mondrian/saiku/authorize", "endpoint": "py_mondrian.saiku_authorize", "view-args": {}, "status": 200, "user": "35675e68f4b5af7b@localhost", "timestamp": "2019-04-10T12:54:56.092228", "browser": null, "browser-platform": null, "browser-version": null}
{"method": "POST", "path": "/mondrian/saiku/authorize", "endpoint": "py_mondrian.saiku_authorize", "view-args": {}, "status": 200, "user": "35675e68f4b5af7b@localhost", "timestamp": "2019-04-10T12:54:56.486914", "browser": null, "browser-platform": null, "browser-version": null}
