{"method": "GET", "path": "/", "endpoint": "start_page.start_page", "view-args": {}, "status": 302, "user": "78b858772f907e50@lampenwelt.de", "timestamp": "2019-04-08T15:01:02.345330", "browser": "chrome", "browser-platform": "windows", "browser-version": "73.0.3683.86"}
{"method": "GET", "path": "/", "endpoint": "start_page.start_page", "view-args": {}, "status": 302, "user": "78b858772f907e50@lampenwelt.de", "timestamp": "2019-04-08T15:01:02.568325", "browser": "chrome", "browser-platform": "windows", "browser-version": "73.0.3683.86"}
{"method": "GET", "path": "/dashboards/marketing-overview", "endpoint": "dashboards.view_dashboard", "view-args": {"id": "marketing-overview"}, "status": 200, "user": "78b858772f907e50@lampenwelt.de", "timestamp": "2019-04-08T15:01:02.629503", "browser": "chrome", "browser-platform": "windows", "browser-version": "73.0.3683.86"}
{"method": "GET", "path": "/dashboards/marketing-overview", "endpoint": "dashboards.view_dashboard", "view-args": {"id": "marketing-overview"}, "status": 200, "user": "78b858772f907e50@lampenwelt.de", "timestamp": "2019-04-08T15:01:02.895059", "browser": "chrome", "browser-platform": "windows", "browser-version": "73.0.3683.86"}
{"method": "GET", "path": "/dashboards/_render_async_sql_query/fd62fbb3-ed8e-43ab-97a4-d9e250a1b492", "endpoint": "dashboards.render_async_sql_query", "view-args": {"id": "fd62fbb3-ed8e-43ab-97a4-d9e250a1b492"}, "status": 200, "user": "78b858772f907e50@lampenwelt.de", "timestamp": "2019-04-08T15:01:03.339028", "browser": "chrome", "browser-platform": "windows", "browser-version": "73.0.3683.86"}
{"method": "GET", "path": "/dashboards/_render_async_sql_query/accb59f8-1edf-466f-8435-c4ef67c4dfcf", "endpoint": "dashboards.render_async_sql_query", "view-args": {"id": "accb59f8-1edf-466f-8435-c4ef67c4dfcf"}, "status": 200, "user": "78b858772f907e50@lampenwelt.de", "timestamp": "2019-04-08T15:01:03.347892", "browser": "chrome", "browser-platform": "windows", "browser-version": "73.0.3683.86"}
{"method": "GET", "path": "/dashboards/_render_async_sql_query/6582e43c-b179-4ea5-bf84-8f7d5ca6cfc8", "endpoint": "dashboards.render_async_sql_query", "view-args": {"id": "6582e43c-b179-4ea5-bf84-8f7d5ca6cfc8"}, "status": 200, "user": "78b858772f907e50@lampenwelt.de", "timestamp": "2019-04-08T15:01:03.359589", "browser": "chrome", "browser-platform": "windows", "browser-version": "73.0.3683.86"}
{"method": "GET", "path": "/dashboards/_last_successful_import", "endpoint": "dashboards.last_successful_import", "view-args": {}, "status": 200, "user": "78b858772f907e50@lampenwelt.de", "timestamp": "2019-04-08T15:01:03.371815", "browser": "chrome", "browser-platform": "windows", "browser-version": "73.0.3683.86"}
{"method": "GET", "path": "/dashboards/_render_async_sql_query/b84498ce-0614-40aa-8ec3-78caa3ac308d", "endpoint": "dashboards.render_async_sql_query", "view-args": {"id": "b84498ce-0614-40aa-8ec3-78caa3ac308d"}, "status": 200, "user": "78b858772f907e50@lampenwelt.de", "timestamp": "2019-04-08T15:01:03.377074", "browser": "chrome", "browser-platform": "windows", "browser-version": "73.0.3683.86"}
{"method": "GET", "path": "/dashboards/_last_marketing_cost/marketing-overview", "endpoint": "dashboards.last_marketing_cost", "view-args": {"id": "marketing-overview"}, "status": 200, "user": "78b858772f907e50@lampenwelt.de", "timestamp": "2019-04-08T15:01:03.379117", "browser": "chrome", "browser-platform": "windows", "browser-version": "73.0.3683.86"}
{"method": "GET", "path": "/dashboards/_render_async_sql_query/d117710b-8ebd-4340-b211-3390dfbeda3b", "endpoint": "dashboards.render_async_sql_query", "view-args": {"id": "d117710b-8ebd-4340-b211-3390dfbeda3b"}, "status": 200, "user": "78b858772f907e50@lampenwelt.de", "timestamp": "2019-04-08T15:01:03.444556", "browser": "chrome", "browser-platform": "windows", "browser-version": "73.0.3683.86"}
{"method": "GET", "path": "/dashboards/_render_async_sql_query/c24a2c0d-5fb3-447f-bfa1-23bf89144e00", "endpoint": "dashboards.render_async_sql_query", "view-args": {"id": "c24a2c0d-5fb3-447f-bfa1-23bf89144e00"}, "status": 200, "user": "78b858772f907e50@lampenwelt.de", "timestamp": "2019-04-08T15:01:03.451429", "browser": "chrome", "browser-platform": "windows", "browser-version": "73.0.3683.86"}
{"method": "GET", "path": "/dashboards/_render_async_sql_query/e0beefd7-7219-4456-85db-4d3798874f36", "endpoint": "dashboards.render_async_sql_query", "view-args": {"id": "e0beefd7-7219-4456-85db-4d3798874f36"}, "status": 200, "user": "78b858772f907e50@lampenwelt.de", "timestamp": "2019-04-08T15:01:03.451745", "browser": "chrome", "browser-platform": "windows", "browser-version": "73.0.3683.86"}
{"method": "GET", "path": "/dashboards/_render_async_sql_query/91c71bb9-9522-460d-af10-f2e8644a7fc2", "endpoint": "dashboards.render_async_sql_query", "view-args": {"id": "91c71bb9-9522-460d-af10-f2e8644a7fc2"}, "status": 200, "user": "78b858772f907e50@lampenwelt.de", "timestamp": "2019-04-08T15:01:03.479055", "browser": "chrome", "browser-platform": "windows", "browser-version": "73.0.3683.86"}
{"method": "GET", "path": "/dashboards/_render_async_sql_query/c3bc1060-02f7-4744-89f6-62599b4a8eb4", "endpoint": "dashboards.render_async_sql_query", "view-args": {"id": "c3bc1060-02f7-4744-89f6-62599b4a8eb4"}, "status": 200, "user": "78b858772f907e50@lampenwelt.de", "timestamp": "2019-04-08T15:01:03.487575", "browser": "chrome", "browser-platform": "windows", "browser-version": "73.0.3683.86"}
{"method": "GET", "path": "/dashboards/_render_async_sql_query/c0baea14-99ec-417a-8111-3023e7936fa5", "endpoint": "dashboards.render_async_sql_query", "view-args": {"id": "c0baea14-99ec-417a-8111-3023e7936fa5"}, "status": 200, "user": "78b858772f907e50@lampenwelt.de", "timestamp": "2019-04-08T15:01:03.492567", "browser": "chrome", "browser-platform": "windows", "browser-version": "73.0.3683.86"}
{"method": "GET", "path": "/dashboards/_render_async_sql_query/bd480164-4dcc-4572-8c1c-19e993327858", "endpoint": "dashboards.render_async_sql_query", "view-args": {"id": "bd480164-4dcc-4572-8c1c-19e993327858"}, "status": 200, "user": "78b858772f907e50@lampenwelt.de", "timestamp": "2019-04-08T15:01:03.507902", "browser": "chrome", "browser-platform": "windows", "browser-version": "73.0.3683.86"}
{"method": "GET", "path": "/dashboards/_render_async_sql_query/39bf0aa2-a391-4533-b2ec-3eab656c9c56", "endpoint": "dashboards.render_async_sql_query", "view-args": {"id": "39bf0aa2-a391-4533-b2ec-3eab656c9c56"}, "status": 200, "user": "78b858772f907e50@lampenwelt.de", "timestamp": "2019-04-08T15:01:03.668281", "browser": "chrome", "browser-platform": "windows", "browser-version": "73.0.3683.86"}
{"method": "GET", "path": "/dashboards/_render_async_sql_query/61e225c1-9305-4384-8710-6a2c339c60fc", "endpoint": "dashboards.render_async_sql_query", "view-args": {"id": "61e225c1-9305-4384-8710-6a2c339c60fc"}, "status": 200, "user": "78b858772f907e50@lampenwelt.de", "timestamp": "2019-04-08T15:01:03.671501", "browser": "chrome", "browser-platform": "windows", "browser-version": "73.0.3683.86"}
{"method": "GET", "path": "/dashboards/_render_async_sql_query/640b8bd6-fdee-45c7-a895-db9cbec48e5e", "endpoint": "dashboards.render_async_sql_query", "view-args": {"id": "640b8bd6-fdee-45c7-a895-db9cbec48e5e"}, "status": 200, "user": "78b858772f907e50@lampenwelt.de", "timestamp": "2019-04-08T15:01:03.674571", "browser": "chrome", "browser-platform": "windows", "browser-version": "73.0.3683.86"}
{"method": "GET", "path": "/dashboards/_render_async_sql_query/aa977ad1-ac6e-49e7-a2fc-6f711012aaf6", "endpoint": "dashboards.render_async_sql_query", "view-args": {"id": "aa977ad1-ac6e-49e7-a2fc-6f711012aaf6"}, "status": 200, "user": "78b858772f907e50@lampenwelt.de", "timestamp": "2019-04-08T15:01:03.691645", "browser": "chrome", "browser-platform": "windows", "browser-version": "73.0.3683.86"}
{"method": "GET", "path": "/dashboards/_render_async_sql_query/7baec248-b270-434b-9fa4-3ba416ffed16", "endpoint": "dashboards.render_async_sql_query", "view-args": {"id": "7baec248-b270-434b-9fa4-3ba416ffed16"}, "status": 200, "user": "78b858772f907e50@lampenwelt.de", "timestamp": "2019-04-08T15:01:03.746113", "browser": "chrome", "browser-platform": "windows", "browser-version": "73.0.3683.86"}
{"method": "POST", "path": "/data-sets/.preview", "endpoint": "data_sets.preview", "view-args": {}, "status": 200, "user": "e5063e1f25c24f00@lampenwelt.de", "timestamp": "2019-04-08T15:02:26.700331", "browser": "chrome", "browser-platform": "windows", "browser-version": "73.0.3683.86"}
{"method": "POST", "path": "/data-sets/.distribution-chart-9", "endpoint": "data_sets.distribution_chart", "view-args": {"pos": 9}, "status": 200, "user": "e5063e1f25c24f00@lampenwelt.de", "timestamp": "2019-04-08T15:02:27.988151", "browser": "chrome", "browser-platform": "windows", "browser-version": "73.0.3683.86"}
{"method": "POST", "path": "/data-sets/.preview", "endpoint": "data_sets.preview", "view-args": {}, "status": 200, "user": "e5063e1f25c24f00@lampenwelt.de", "timestamp": "2019-04-08T15:02:28.429091", "browser": "chrome", "browser-platform": "windows", "browser-version": "73.0.3683.86"}
{"method": "GET", "path": "/dashboards/shop-performance-overview", "endpoint": "dashboards.view_dashboard", "view-args": {"id": "shop-performance-overview"}, "status": 200, "user": "13f7e9ada41f2425@lampenwelt.de", "timestamp": "2019-04-08T15:04:24.876229", "browser": "chrome", "browser-platform": "windows", "browser-version": "73.0.3683.86"}
{"method": "GET", "path": "/dashboards/_render_async_sql_query/f3e54158-e0a4-4284-8abb-19901933f581", "endpoint": "dashboards.render_async_sql_query", "view-args": {"id": "f3e54158-e0a4-4284-8abb-19901933f581"}, "status": 200, "user": "13f7e9ada41f2425@lampenwelt.de", "timestamp": "2019-04-08T15:04:25.668926", "browser": "chrome", "browser-platform": "windows", "browser-version": "73.0.3683.86"}
{"method": "GET", "path": "/dashboards/_render_async_sql_query/435d7efa-3b94-4739-a1fb-97d177af571c", "endpoint": "dashboards.render_async_sql_query", "view-args": {"id": "435d7efa-3b94-4739-a1fb-97d177af571c"}, "status": 200, "user": "13f7e9ada41f2425@lampenwelt.de", "timestamp": "2019-04-08T15:04:25.669740", "browser": "chrome", "browser-platform": "windows", "browser-version": "73.0.3683.86"}
{"method": "GET", "path": "/dashboards/_last_marketing_cost/shop-performance-overview", "endpoint": "dashboards.last_marketing_cost", "view-args": {"id": "shop-performance-overview"}, "status": 200, "user": "13f7e9ada41f2425@lampenwelt.de", "timestamp": "2019-04-08T15:04:25.682295", "browser": "chrome", "browser-platform": "windows", "browser-version": "73.0.3683.86"}
{"method": "GET", "path": "/dashboards/_render_async_sql_query/6e614cd9-c2fc-4808-a3b3-91a4e92cdc7f", "endpoint": "dashboards.render_async_sql_query", "view-args": {"id": "6e614cd9-c2fc-4808-a3b3-91a4e92cdc7f"}, "status": 200, "user": "13f7e9ada41f2425@lampenwelt.de", "timestamp": "2019-04-08T15:04:25.698177", "browser": "chrome", "browser-platform": "windows", "browser-version": "73.0.3683.86"}
{"method": "GET", "path": "/dashboards/_last_successful_import", "endpoint": "dashboards.last_successful_import", "view-args": {}, "status": 200, "user": "13f7e9ada41f2425@lampenwelt.de", "timestamp": "2019-04-08T15:04:25.701093", "browser": "chrome", "browser-platform": "windows", "browser-version": "73.0.3683.86"}
{"method": "GET", "path": "/dashboards/_render_async_sql_query/1180f51b-c9a5-4251-ba9e-17158f966f3e", "endpoint": "dashboards.render_async_sql_query", "view-args": {"id": "1180f51b-c9a5-4251-ba9e-17158f966f3e"}, "status": 200, "user": "13f7e9ada41f2425@lampenwelt.de", "timestamp": "2019-04-08T15:04:25.702440", "browser": "chrome", "browser-platform": "windows", "browser-version": "73.0.3683.86"}
{"method": "GET", "path": "/dashboards/_render_async_sql_query/68a8a1ff-6672-4f6c-80ff-b6548d41bde2", "endpoint": "dashboards.render_async_sql_query", "view-args": {"id": "68a8a1ff-6672-4f6c-80ff-b6548d41bde2"}, "status": 200, "user": "13f7e9ada41f2425@lampenwelt.de", "timestamp": "2019-04-08T15:04:25.812201", "browser": "chrome", "browser-platform": "windows", "browser-version": "73.0.3683.86"}
{"method": "GET", "path": "/dashboards/_render_async_sql_query/9e293694-6af1-4fcf-95de-3926c9059739", "endpoint": "dashboards.render_async_sql_query", "view-args": {"id": "9e293694-6af1-4fcf-95de-3926c9059739"}, "status": 200, "user": "13f7e9ada41f2425@lampenwelt.de", "timestamp": "2019-04-08T15:04:25.814997", "browser": "chrome", "browser-platform": "windows", "browser-version": "73.0.3683.86"}
{"method": "GET", "path": "/dashboards/_render_async_sql_query/4498c188-effd-46dd-8086-7e9a37b987e9", "endpoint": "dashboards.render_async_sql_query", "view-args": {"id": "4498c188-effd-46dd-8086-7e9a37b987e9"}, "status": 200, "user": "13f7e9ada41f2425@lampenwelt.de", "timestamp": "2019-04-08T15:04:25.857823", "browser": "chrome", "browser-platform": "windows", "browser-version": "73.0.3683.86"}
{"method": "GET", "path": "/dashboards/_render_async_sql_query/fc638c41-9a7f-4cd4-8b84-19451de25374", "endpoint": "dashboards.render_async_sql_query", "view-args": {"id": "fc638c41-9a7f-4cd4-8b84-19451de25374"}, "status": 200, "user": "13f7e9ada41f2425@lampenwelt.de", "timestamp": "2019-04-08T15:04:25.867629", "browser": "chrome", "browser-platform": "windows", "browser-version": "73.0.3683.86"}
{"method": "GET", "path": "/dashboards/_render_async_sql_query/0a5c03a7-c3e8-4d4e-a364-25c66d7c6d84", "endpoint": "dashboards.render_async_sql_query", "view-args": {"id": "0a5c03a7-c3e8-4d4e-a364-25c66d7c6d84"}, "status": 200, "user": "13f7e9ada41f2425@lampenwelt.de", "timestamp": "2019-04-08T15:04:25.989809", "browser": "chrome", "browser-platform": "windows", "browser-version": "73.0.3683.86"}
{"method": "GET", "path": "/dashboards/_render_async_sql_query/7de66a77-4c7b-40d0-83b2-3303c56964a5", "endpoint": "dashboards.render_async_sql_query", "view-args": {"id": "7de66a77-4c7b-40d0-83b2-3303c56964a5"}, "status": 200, "user": "13f7e9ada41f2425@lampenwelt.de", "timestamp": "2019-04-08T15:04:25.990175", "browser": "chrome", "browser-platform": "windows", "browser-version": "73.0.3683.86"}
{"method": "GET", "path": "/dashboards/_render_async_sql_query/e5313081-b3bc-441e-a42e-d9897e7607a2", "endpoint": "dashboards.render_async_sql_query", "view-args": {"id": "e5313081-b3bc-441e-a42e-d9897e7607a2"}, "status": 200, "user": "13f7e9ada41f2425@lampenwelt.de", "timestamp": "2019-04-08T15:04:26.002754", "browser": "chrome", "browser-platform": "windows", "browser-version": "73.0.3683.86"}
{"method": "GET", "path": "/dashboards/_render_async_sql_query/4fdecb3c-b81c-4e32-a5e3-617edd7b662a", "endpoint": "dashboards.render_async_sql_query", "view-args": {"id": "4fdecb3c-b81c-4e32-a5e3-617edd7b662a"}, "status": 200, "user": "13f7e9ada41f2425@lampenwelt.de", "timestamp": "2019-04-08T15:04:26.015871", "browser": "chrome", "browser-platform": "windows", "browser-version": "73.0.3683.86"}
{"method": "GET", "path": "/dashboards/_render_async_sql_query/088bfb56-4988-46a6-ba33-c903869086b3", "endpoint": "dashboards.render_async_sql_query", "view-args": {"id": "088bfb56-4988-46a6-ba33-c903869086b3"}, "status": 200, "user": "13f7e9ada41f2425@lampenwelt.de", "timestamp": "2019-04-08T15:04:26.077596", "browser": "chrome", "browser-platform": "windows", "browser-version": "73.0.3683.86"}
{"method": "GET", "path": "/dashboards/_render_async_sql_query/fe4a8c07-b340-4418-b45b-5feac67e7c09", "endpoint": "dashboards.render_async_sql_query", "view-args": {"id": "fe4a8c07-b340-4418-b45b-5feac67e7c09"}, "status": 200, "user": "13f7e9ada41f2425@lampenwelt.de", "timestamp": "2019-04-08T15:04:26.081930", "browser": "chrome", "browser-platform": "windows", "browser-version": "73.0.3683.86"}
{"method": "GET", "path": "/dashboards/_render_async_sql_query/2a6ff4c9-8d3a-4857-a9bd-c440cc4092a1", "endpoint": "dashboards.render_async_sql_query", "view-args": {"id": "2a6ff4c9-8d3a-4857-a9bd-c440cc4092a1"}, "status": 200, "user": "13f7e9ada41f2425@lampenwelt.de", "timestamp": "2019-04-08T15:04:26.085642", "browser": "chrome", "browser-platform": "windows", "browser-version": "73.0.3683.86"}
{"method": "GET", "path": "/dashboards/_render_async_sql_query/d5c32cce-b3e4-475a-beed-caa73bf84392", "endpoint": "dashboards.render_async_sql_query", "view-args": {"id": "d5c32cce-b3e4-475a-beed-caa73bf84392"}, "status": 200, "user": "13f7e9ada41f2425@lampenwelt.de", "timestamp": "2019-04-08T15:04:26.096922", "browser": "chrome", "browser-platform": "windows", "browser-version": "73.0.3683.86"}
{"method": "GET", "path": "/dashboards/_render_async_sql_query/915ebd19-8ef0-407c-863c-8bcea76ddd43", "endpoint": "dashboards.render_async_sql_query", "view-args": {"id": "915ebd19-8ef0-407c-863c-8bcea76ddd43"}, "status": 200, "user": "13f7e9ada41f2425@lampenwelt.de", "timestamp": "2019-04-08T15:04:26.674301", "browser": "chrome", "browser-platform": "windows", "browser-version": "73.0.3683.86"}
{"method": "GET", "path": "/dashboards/_render_async_sql_query/624a8dee-364c-4bec-a20b-7091020d5e97", "endpoint": "dashboards.render_async_sql_query", "view-args": {"id": "624a8dee-364c-4bec-a20b-7091020d5e97"}, "status": 200, "user": "13f7e9ada41f2425@lampenwelt.de", "timestamp": "2019-04-08T15:04:26.677287", "browser": "chrome", "browser-platform": "windows", "browser-version": "73.0.3683.86"}
{"method": "GET", "path": "/dashboards/_render_async_sql_query/ae5a6fb8-70d1-4618-884c-b0682ae67dcc", "endpoint": "dashboards.render_async_sql_query", "view-args": {"id": "ae5a6fb8-70d1-4618-884c-b0682ae67dcc"}, "status": 200, "user": "13f7e9ada41f2425@lampenwelt.de", "timestamp": "2019-04-08T15:04:26.681366", "browser": "chrome", "browser-platform": "windows", "browser-version": "73.0.3683.86"}
{"method": "GET", "path": "/dashboards/_render_async_sql_query/f7baee26-9da1-4abc-ae05-eee8aa5e628e", "endpoint": "dashboards.render_async_sql_query", "view-args": {"id": "f7baee26-9da1-4abc-ae05-eee8aa5e628e"}, "status": 200, "user": "13f7e9ada41f2425@lampenwelt.de", "timestamp": "2019-04-08T15:04:26.694052", "browser": "chrome", "browser-platform": "windows", "browser-version": "73.0.3683.86"}
{"method": "GET", "path": "/dashboards/_render_async_sql_query/9f3c83df-8759-40e6-beca-02d033fd06f4", "endpoint": "dashboards.render_async_sql_query", "view-args": {"id": "9f3c83df-8759-40e6-beca-02d033fd06f4"}, "status": 200, "user": "13f7e9ada41f2425@lampenwelt.de", "timestamp": "2019-04-08T15:04:26.710893", "browser": "chrome", "browser-platform": "windows", "browser-version": "73.0.3683.86"}
{"method": "GET", "path": "/dashboards/_render_async_sql_query/23514a91-9047-4751-9526-34fce7ba96e3", "endpoint": "dashboards.render_async_sql_query", "view-args": {"id": "23514a91-9047-4751-9526-34fce7ba96e3"}, "status": 200, "user": "13f7e9ada41f2425@lampenwelt.de", "timestamp": "2019-04-08T15:04:26.717632", "browser": "chrome", "browser-platform": "windows", "browser-version": "73.0.3683.86"}
{"method": "GET", "path": "/dashboards/_render_async_sql_query/b5189916-4974-42a2-8c59-46625a060bfe", "endpoint": "dashboards.render_async_sql_query", "view-args": {"id": "b5189916-4974-42a2-8c59-46625a060bfe"}, "status": 200, "user": "13f7e9ada41f2425@lampenwelt.de", "timestamp": "2019-04-08T15:04:26.724772", "browser": "chrome", "browser-platform": "windows", "browser-version": "73.0.3683.86"}
{"method": "POST", "path": "/mondrian/excel/authorize", "endpoint": "py_mondrian.excel_authorize", "view-args": {}, "status": 200, "user": "35675e68f4b5af7b@localhost", "timestamp": "2019-04-08T15:07:32.215266", "browser": null, "browser-platform": null, "browser-version": null}
{"method": "GET", "path": "/dashboards/marketing-overview", "endpoint": "dashboards.view_dashboard", "view-args": {"id": "marketing-overview"}, "status": 200, "user": "35603b1cbf60ede6@lampenwelt.de", "timestamp": "2019-04-08T15:07:43.107881", "browser": "chrome", "browser-platform": "windows", "browser-version": "73.0.3683.86"}
{"method": "GET", "path": "/dashboards/_render_async_sql_query/e247a54f-8de2-42fd-9d6b-c28a0d4f1195", "endpoint": "dashboards.render_async_sql_query", "view-args": {"id": "e247a54f-8de2-42fd-9d6b-c28a0d4f1195"}, "status": 200, "user": "35603b1cbf60ede6@lampenwelt.de", "timestamp": "2019-04-08T15:07:43.653963", "browser": "chrome", "browser-platform": "windows", "browser-version": "73.0.3683.86"}
{"method": "GET", "path": "/dashboards/_render_async_sql_query/2d659646-d3a0-4278-9a29-5be22bb20f78", "endpoint": "dashboards.render_async_sql_query", "view-args": {"id": "2d659646-d3a0-4278-9a29-5be22bb20f78"}, "status": 200, "user": "35603b1cbf60ede6@lampenwelt.de", "timestamp": "2019-04-08T15:07:43.654514", "browser": "chrome", "browser-platform": "windows", "browser-version": "73.0.3683.86"}
{"method": "GET", "path": "/dashboards/_render_async_sql_query/ab824dd4-f145-49e8-9684-5ce5a3bf1c90", "endpoint": "dashboards.render_async_sql_query", "view-args": {"id": "ab824dd4-f145-49e8-9684-5ce5a3bf1c90"}, "status": 200, "user": "35603b1cbf60ede6@lampenwelt.de", "timestamp": "2019-04-08T15:07:43.700555", "browser": "chrome", "browser-platform": "windows", "browser-version": "73.0.3683.86"}
{"method": "GET", "path": "/dashboards/_render_async_sql_query/eb576266-c254-4418-a057-cf989a841a18", "endpoint": "dashboards.render_async_sql_query", "view-args": {"id": "eb576266-c254-4418-a057-cf989a841a18"}, "status": 200, "user": "35603b1cbf60ede6@lampenwelt.de", "timestamp": "2019-04-08T15:07:43.706146", "browser": "chrome", "browser-platform": "windows", "browser-version": "73.0.3683.86"}
{"method": "GET", "path": "/dashboards/_last_successful_import", "endpoint": "dashboards.last_successful_import", "view-args": {}, "status": 200, "user": "35603b1cbf60ede6@lampenwelt.de", "timestamp": "2019-04-08T15:07:43.717474", "browser": "chrome", "browser-platform": "windows", "browser-version": "73.0.3683.86"}
{"method": "GET", "path": "/dashboards/_last_marketing_cost/marketing-overview", "endpoint": "dashboards.last_marketing_cost", "view-args": {"id": "marketing-overview"}, "status": 200, "user": "35603b1cbf60ede6@lampenwelt.de", "timestamp": "2019-04-08T15:07:43.722827", "browser": "chrome", "browser-platform": "windows", "browser-version": "73.0.3683.86"}
{"method": "GET", "path": "/dashboards/_render_async_sql_query/8eb435f7-3929-4f2a-ac34-ab47adc72d50", "endpoint": "dashboards.render_async_sql_query", "view-args": {"id": "8eb435f7-3929-4f2a-ac34-ab47adc72d50"}, "status": 200, "user": "35603b1cbf60ede6@lampenwelt.de", "timestamp": "2019-04-08T15:07:43.768533", "browser": "chrome", "browser-platform": "windows", "browser-version": "73.0.3683.86"}
{"method": "GET", "path": "/dashboards/_render_async_sql_query/4c524c50-0ff1-42a4-9fb8-8ef2576e805d", "endpoint": "dashboards.render_async_sql_query", "view-args": {"id": "4c524c50-0ff1-42a4-9fb8-8ef2576e805d"}, "status": 200, "user": "35603b1cbf60ede6@lampenwelt.de", "timestamp": "2019-04-08T15:07:43.823843", "browser": "chrome", "browser-platform": "windows", "browser-version": "73.0.3683.86"}
{"method": "GET", "path": "/dashboards/_render_async_sql_query/d10520dd-1129-461a-99ff-a1e2905fd043", "endpoint": "dashboards.render_async_sql_query", "view-args": {"id": "d10520dd-1129-461a-99ff-a1e2905fd043"}, "status": 200, "user": "35603b1cbf60ede6@lampenwelt.de", "timestamp": "2019-04-08T15:07:43.824871", "browser": "chrome", "browser-platform": "windows", "browser-version": "73.0.3683.86"}
{"method": "GET", "path": "/dashboards/_render_async_sql_query/a5398109-079d-4b8c-bc13-7d6842ca6886", "endpoint": "dashboards.render_async_sql_query", "view-args": {"id": "a5398109-079d-4b8c-bc13-7d6842ca6886"}, "status": 200, "user": "35603b1cbf60ede6@lampenwelt.de", "timestamp": "2019-04-08T15:07:43.832081", "browser": "chrome", "browser-platform": "windows", "browser-version": "73.0.3683.86"}
{"method": "GET", "path": "/dashboards/_render_async_sql_query/73463570-b847-4898-80ba-a31b3563a3fd", "endpoint": "dashboards.render_async_sql_query", "view-args": {"id": "73463570-b847-4898-80ba-a31b3563a3fd"}, "status": 200, "user": "35603b1cbf60ede6@lampenwelt.de", "timestamp": "2019-04-08T15:07:43.850145", "browser": "chrome", "browser-platform": "windows", "browser-version": "73.0.3683.86"}
{"method": "GET", "path": "/dashboards/_render_async_sql_query/c7ca8e64-d0a6-4f23-91a7-db0100f5679f", "endpoint": "dashboards.render_async_sql_query", "view-args": {"id": "c7ca8e64-d0a6-4f23-91a7-db0100f5679f"}, "status": 200, "user": "35603b1cbf60ede6@lampenwelt.de", "timestamp": "2019-04-08T15:07:43.879061", "browser": "chrome", "browser-platform": "windows", "browser-version": "73.0.3683.86"}
{"method": "GET", "path": "/dashboards/_render_async_sql_query/188efc95-8aa7-4279-827b-ace44ef52534", "endpoint": "dashboards.render_async_sql_query", "view-args": {"id": "188efc95-8aa7-4279-827b-ace44ef52534"}, "status": 200, "user": "35603b1cbf60ede6@lampenwelt.de", "timestamp": "2019-04-08T15:07:43.886806", "browser": "chrome", "browser-platform": "windows", "browser-version": "73.0.3683.86"}
{"method": "GET", "path": "/dashboards/_render_async_sql_query/bfd3d539-71e4-4ba8-9d2a-fa68607a35b1", "endpoint": "dashboards.render_async_sql_query", "view-args": {"id": "bfd3d539-71e4-4ba8-9d2a-fa68607a35b1"}, "status": 200, "user": "35603b1cbf60ede6@lampenwelt.de", "timestamp": "2019-04-08T15:07:43.889570", "browser": "chrome", "browser-platform": "windows", "browser-version": "73.0.3683.86"}
{"method": "GET", "path": "/dashboards/_render_async_sql_query/29a0acc1-1718-4e48-b6b8-1424eb45f28c", "endpoint": "dashboards.render_async_sql_query", "view-args": {"id": "29a0acc1-1718-4e48-b6b8-1424eb45f28c"}, "status": 200, "user": "35603b1cbf60ede6@lampenwelt.de", "timestamp": "2019-04-08T15:07:43.909468", "browser": "chrome", "browser-platform": "windows", "browser-version": "73.0.3683.86"}
{"method": "GET", "path": "/dashboards/_render_async_sql_query/0b159964-6d88-4d9c-bc3e-c9cb0ff1b017", "endpoint": "dashboards.render_async_sql_query", "view-args": {"id": "0b159964-6d88-4d9c-bc3e-c9cb0ff1b017"}, "status": 200, "user": "35603b1cbf60ede6@lampenwelt.de", "timestamp": "2019-04-08T15:07:43.919003", "browser": "chrome", "browser-platform": "windows", "browser-version": "73.0.3683.86"}
{"method": "GET", "path": "/dashboards/_render_async_sql_query/286ca118-69a0-4173-b3c7-483dfc8ece39", "endpoint": "dashboards.render_async_sql_query", "view-args": {"id": "286ca118-69a0-4173-b3c7-483dfc8ece39"}, "status": 200, "user": "35603b1cbf60ede6@lampenwelt.de", "timestamp": "2019-04-08T15:07:43.919586", "browser": "chrome", "browser-platform": "windows", "browser-version": "73.0.3683.86"}
{"method": "GET", "path": "/dashboards/_render_async_sql_query/01ce46da-ddaf-4ccc-9d89-d732e0d5bd61", "endpoint": "dashboards.render_async_sql_query", "view-args": {"id": "01ce46da-ddaf-4ccc-9d89-d732e0d5bd61"}, "status": 200, "user": "35603b1cbf60ede6@lampenwelt.de", "timestamp": "2019-04-08T15:07:43.934797", "browser": "chrome", "browser-platform": "windows", "browser-version": "73.0.3683.86"}
{"method": "GET", "path": "/mondrian/excel", "endpoint": "py_mondrian.excel", "view-args": {}, "status": 200, "user": "e5063e1f25c24f00@lampenwelt.de", "timestamp": "2019-04-08T15:07:44.326553", "browser": "chrome", "browser-platform": "windows", "browser-version": "73.0.3683.86"}
{"method": "GET", "path": "/dashboards/shop-performance-overview", "endpoint": "dashboards.view_dashboard", "view-args": {"id": "shop-performance-overview"}, "status": 200, "user": "35603b1cbf60ede6@lampenwelt.de", "timestamp": "2019-04-08T15:07:52.663438", "browser": "chrome", "browser-platform": "windows", "browser-version": "73.0.3683.86"}
{"method": "GET", "path": "/dashboards/_render_async_sql_query/419b9776-1862-46ba-b0e5-188ffe45621b", "endpoint": "dashboards.render_async_sql_query", "view-args": {"id": "419b9776-1862-46ba-b0e5-188ffe45621b"}, "status": 200, "user": "35603b1cbf60ede6@lampenwelt.de", "timestamp": "2019-04-08T15:07:52.985194", "browser": "chrome", "browser-platform": "windows", "browser-version": "73.0.3683.86"}
{"method": "GET", "path": "/dashboards/_render_async_sql_query/b1419d46-96fc-4cbc-8a9b-23134d3b1d5c", "endpoint": "dashboards.render_async_sql_query", "view-args": {"id": "b1419d46-96fc-4cbc-8a9b-23134d3b1d5c"}, "status": 200, "user": "35603b1cbf60ede6@lampenwelt.de", "timestamp": "2019-04-08T15:07:52.989258", "browser": "chrome", "browser-platform": "windows", "browser-version": "73.0.3683.86"}
{"method": "GET", "path": "/dashboards/_render_async_sql_query/edd4b394-c010-4fa3-826c-3d3b2396f7f5", "endpoint": "dashboards.render_async_sql_query", "view-args": {"id": "edd4b394-c010-4fa3-826c-3d3b2396f7f5"}, "status": 200, "user": "35603b1cbf60ede6@lampenwelt.de", "timestamp": "2019-04-08T15:07:52.994958", "browser": "chrome", "browser-platform": "windows", "browser-version": "73.0.3683.86"}
{"method": "GET", "path": "/dashboards/_last_marketing_cost/shop-performance-overview", "endpoint": "dashboards.last_marketing_cost", "view-args": {"id": "shop-performance-overview"}, "status": 200, "user": "35603b1cbf60ede6@lampenwelt.de", "timestamp": "2019-04-08T15:07:53.006455", "browser": "chrome", "browser-platform": "windows", "browser-version": "73.0.3683.86"}
{"method": "GET", "path": "/dashboards/_last_successful_import", "endpoint": "dashboards.last_successful_import", "view-args": {}, "status": 200, "user": "35603b1cbf60ede6@lampenwelt.de", "timestamp": "2019-04-08T15:07:53.014003", "browser": "chrome", "browser-platform": "windows", "browser-version": "73.0.3683.86"}
{"method": "GET", "path": "/dashboards/_render_async_sql_query/4d7391f0-735f-4d8e-ad44-d4bcfcf90ec9", "endpoint": "dashboards.render_async_sql_query", "view-args": {"id": "4d7391f0-735f-4d8e-ad44-d4bcfcf90ec9"}, "status": 200, "user": "35603b1cbf60ede6@lampenwelt.de", "timestamp": "2019-04-08T15:07:53.023971", "browser": "chrome", "browser-platform": "windows", "browser-version": "73.0.3683.86"}
{"method": "GET", "path": "/dashboards/_render_async_sql_query/09cb8ce1-ad18-46c7-9ae7-a61332ed5c60", "endpoint": "dashboards.render_async_sql_query", "view-args": {"id": "09cb8ce1-ad18-46c7-9ae7-a61332ed5c60"}, "status": 200, "user": "35603b1cbf60ede6@lampenwelt.de", "timestamp": "2019-04-08T15:07:53.105129", "browser": "chrome", "browser-platform": "windows", "browser-version": "73.0.3683.86"}
{"method": "GET", "path": "/dashboards/_render_async_sql_query/5851dabd-3c42-460e-966a-130a28afb830", "endpoint": "dashboards.render_async_sql_query", "view-args": {"id": "5851dabd-3c42-460e-966a-130a28afb830"}, "status": 200, "user": "35603b1cbf60ede6@lampenwelt.de", "timestamp": "2019-04-08T15:07:53.107788", "browser": "chrome", "browser-platform": "windows", "browser-version": "73.0.3683.86"}
{"method": "GET", "path": "/dashboards/_render_async_sql_query/29aa56d5-5f76-4849-be30-5d289b944d95", "endpoint": "dashboards.render_async_sql_query", "view-args": {"id": "29aa56d5-5f76-4849-be30-5d289b944d95"}, "status": 200, "user": "35603b1cbf60ede6@lampenwelt.de", "timestamp": "2019-04-08T15:07:53.120436", "browser": "chrome", "browser-platform": "windows", "browser-version": "73.0.3683.86"}
{"method": "GET", "path": "/dashboards/_render_async_sql_query/5607762e-7c5b-457d-a286-21ab25668004", "endpoint": "dashboards.render_async_sql_query", "view-args": {"id": "5607762e-7c5b-457d-a286-21ab25668004"}, "status": 200, "user": "35603b1cbf60ede6@lampenwelt.de", "timestamp": "2019-04-08T15:07:53.146577", "browser": "chrome", "browser-platform": "windows", "browser-version": "73.0.3683.86"}
{"method": "GET", "path": "/dashboards/_render_async_sql_query/ee226acd-0691-48ae-a1c7-364906a5b746", "endpoint": "dashboards.render_async_sql_query", "view-args": {"id": "ee226acd-0691-48ae-a1c7-364906a5b746"}, "status": 200, "user": "35603b1cbf60ede6@lampenwelt.de", "timestamp": "2019-04-08T15:07:53.160865", "browser": "chrome", "browser-platform": "windows", "browser-version": "73.0.3683.86"}
{"method": "GET", "path": "/dashboards/_render_async_sql_query/cc518915-67c4-41c1-8625-0f803acaa257", "endpoint": "dashboards.render_async_sql_query", "view-args": {"id": "cc518915-67c4-41c1-8625-0f803acaa257"}, "status": 200, "user": "35603b1cbf60ede6@lampenwelt.de", "timestamp": "2019-04-08T15:07:53.163163", "browser": "chrome", "browser-platform": "windows", "browser-version": "73.0.3683.86"}
{"method": "GET", "path": "/dashboards/_render_async_sql_query/eed970ff-6ceb-4402-9715-a8dbd12a599e", "endpoint": "dashboards.render_async_sql_query", "view-args": {"id": "eed970ff-6ceb-4402-9715-a8dbd12a599e"}, "status": 200, "user": "35603b1cbf60ede6@lampenwelt.de", "timestamp": "2019-04-08T15:07:53.194625", "browser": "chrome", "browser-platform": "windows", "browser-version": "73.0.3683.86"}
{"method": "GET", "path": "/dashboards/_render_async_sql_query/b8c66e24-8abb-4b4e-81ed-f1c6dfbec816", "endpoint": "dashboards.render_async_sql_query", "view-args": {"id": "b8c66e24-8abb-4b4e-81ed-f1c6dfbec816"}, "status": 200, "user": "35603b1cbf60ede6@lampenwelt.de", "timestamp": "2019-04-08T15:07:53.201012", "browser": "chrome", "browser-platform": "windows", "browser-version": "73.0.3683.86"}
{"method": "GET", "path": "/dashboards/_render_async_sql_query/7e348229-e1db-4302-b10e-e055a1d2fac9", "endpoint": "dashboards.render_async_sql_query", "view-args": {"id": "7e348229-e1db-4302-b10e-e055a1d2fac9"}, "status": 200, "user": "35603b1cbf60ede6@lampenwelt.de", "timestamp": "2019-04-08T15:07:53.201934", "browser": "chrome", "browser-platform": "windows", "browser-version": "73.0.3683.86"}
{"method": "GET", "path": "/dashboards/_render_async_sql_query/f860395e-c8e8-45c3-a87a-6f240f7a09ad", "endpoint": "dashboards.render_async_sql_query", "view-args": {"id": "f860395e-c8e8-45c3-a87a-6f240f7a09ad"}, "status": 200, "user": "35603b1cbf60ede6@lampenwelt.de", "timestamp": "2019-04-08T15:07:53.213411", "browser": "chrome", "browser-platform": "windows", "browser-version": "73.0.3683.86"}
{"method": "GET", "path": "/dashboards/_render_async_sql_query/eba67ac3-7b53-4767-a378-90de99a37748", "endpoint": "dashboards.render_async_sql_query", "view-args": {"id": "eba67ac3-7b53-4767-a378-90de99a37748"}, "status": 200, "user": "35603b1cbf60ede6@lampenwelt.de", "timestamp": "2019-04-08T15:07:53.442436", "browser": "chrome", "browser-platform": "windows", "browser-version": "73.0.3683.86"}
{"method": "GET", "path": "/dashboards/_render_async_sql_query/021ead69-61fc-4e4c-bb59-7b9f8b6b25ae", "endpoint": "dashboards.render_async_sql_query", "view-args": {"id": "021ead69-61fc-4e4c-bb59-7b9f8b6b25ae"}, "status": 200, "user": "35603b1cbf60ede6@lampenwelt.de", "timestamp": "2019-04-08T15:07:53.443983", "browser": "chrome", "browser-platform": "windows", "browser-version": "73.0.3683.86"}
{"method": "GET", "path": "/dashboards/_render_async_sql_query/73b68d63-0208-49eb-bfeb-38492ed8aa91", "endpoint": "dashboards.render_async_sql_query", "view-args": {"id": "73b68d63-0208-49eb-bfeb-38492ed8aa91"}, "status": 200, "user": "35603b1cbf60ede6@lampenwelt.de", "timestamp": "2019-04-08T15:07:53.451819", "browser": "chrome", "browser-platform": "windows", "browser-version": "73.0.3683.86"}
{"method": "GET", "path": "/dashboards/_render_async_sql_query/7586bddd-6195-4518-8e21-384e7e639829", "endpoint": "dashboards.render_async_sql_query", "view-args": {"id": "7586bddd-6195-4518-8e21-384e7e639829"}, "status": 200, "user": "35603b1cbf60ede6@lampenwelt.de", "timestamp": "2019-04-08T15:07:53.469448", "browser": "chrome", "browser-platform": "windows", "browser-version": "73.0.3683.86"}
{"method": "GET", "path": "/dashboards/_render_async_sql_query/7d991355-1801-447d-bbe4-df325293c482", "endpoint": "dashboards.render_async_sql_query", "view-args": {"id": "7d991355-1801-447d-bbe4-df325293c482"}, "status": 200, "user": "35603b1cbf60ede6@lampenwelt.de", "timestamp": "2019-04-08T15:07:53.485717", "browser": "chrome", "browser-platform": "windows", "browser-version": "73.0.3683.86"}
{"method": "GET", "path": "/dashboards/_render_async_sql_query/31798e5e-7c59-4d4c-bd2b-62202ed9973c", "endpoint": "dashboards.render_async_sql_query", "view-args": {"id": "31798e5e-7c59-4d4c-bd2b-62202ed9973c"}, "status": 200, "user": "35603b1cbf60ede6@lampenwelt.de", "timestamp": "2019-04-08T15:07:53.488239", "browser": "chrome", "browser-platform": "windows", "browser-version": "73.0.3683.86"}
{"method": "GET", "path": "/dashboards/_render_async_sql_query/34524084-385c-4bfa-af69-e04bf81cb83c", "endpoint": "dashboards.render_async_sql_query", "view-args": {"id": "34524084-385c-4bfa-af69-e04bf81cb83c"}, "status": 200, "user": "35603b1cbf60ede6@lampenwelt.de", "timestamp": "2019-04-08T15:07:53.491392", "browser": "chrome", "browser-platform": "windows", "browser-version": "73.0.3683.86"}
{"method": "GET", "path": "/dashboards/_render_async_sql_query/50708d15-ee6c-4c8c-8716-6900aa227b31", "endpoint": "dashboards.render_async_sql_query", "view-args": {"id": "50708d15-ee6c-4c8c-8716-6900aa227b31"}, "status": 200, "user": "35603b1cbf60ede6@lampenwelt.de", "timestamp": "2019-04-08T15:07:53.509623", "browser": "chrome", "browser-platform": "windows", "browser-version": "73.0.3683.86"}
{"method": "GET", "path": "/dashboards/_render_async_sql_query/00313509-48ef-48a5-9c37-15bef2081ff1", "endpoint": "dashboards.render_async_sql_query", "view-args": {"id": "00313509-48ef-48a5-9c37-15bef2081ff1"}, "status": 200, "user": "35603b1cbf60ede6@lampenwelt.de", "timestamp": "2019-04-08T15:07:53.527905", "browser": "chrome", "browser-platform": "windows", "browser-version": "73.0.3683.86"}
{"method": "POST", "path": "/mondrian/excel/authorize", "endpoint": "py_mondrian.excel_authorize", "view-args": {}, "status": 200, "user": "35675e68f4b5af7b@localhost", "timestamp": "2019-04-08T15:07:53.709958", "browser": null, "browser-platform": null, "browser-version": null}
{"method": "POST", "path": "/mondrian/excel/authorize", "endpoint": "py_mondrian.excel_authorize", "view-args": {}, "status": 200, "user": "35675e68f4b5af7b@localhost", "timestamp": "2019-04-08T15:08:08.551070", "browser": null, "browser-platform": null, "browser-version": null}
{"method": "GET", "path": "/dashboards/_auto-complete/shop_dim.webshop_performance_fact/shop/", "endpoint": "dashboards.auto_complete", "view-args": {"table_name": "shop_dim.webshop_performance_fact", "column_name": "shop"}, "status": 200, "user": "35603b1cbf60ede6@lampenwelt.de", "timestamp": "2019-04-08T15:08:32.934850", "browser": "chrome", "browser-platform": "windows", "browser-version": "73.0.3683.86"}
{"method": "GET", "path": "/dashboards/_auto-complete/shop_dim.webshop_performance_fact/shop/home", "endpoint": "dashboards.auto_complete", "view-args": {"table_name": "shop_dim.webshop_performance_fact", "column_name": "shop", "term": "home"}, "status": 200, "user": "35603b1cbf60ede6@lampenwelt.de", "timestamp": "2019-04-08T15:08:43.998267", "browser": "chrome", "browser-platform": "windows", "browser-version": "73.0.3683.86"}
{"method": "GET", "path": "/dashboards/_auto-complete/shop_dim.webshop_performance_fact/shop/home24", "endpoint": "dashboards.auto_complete", "view-args": {"table_name": "shop_dim.webshop_performance_fact", "column_name": "shop", "term": "home24"}, "status": 200, "user": "35603b1cbf60ede6@lampenwelt.de", "timestamp": "2019-04-08T15:08:45.166320", "browser": "chrome", "browser-platform": "windows", "browser-version": "73.0.3683.86"}
{"method": "POST", "path": "/mondrian/saiku/authorize", "endpoint": "py_mondrian.saiku_authorize", "view-args": {}, "status": 200, "user": "35675e68f4b5af7b@localhost", "timestamp": "2019-04-08T15:15:44.914732", "browser": null, "browser-platform": null, "browser-version": null}
{"method": "POST", "path": "/mondrian/saiku/authorize", "endpoint": "py_mondrian.saiku_authorize", "view-args": {}, "status": 200, "user": "35675e68f4b5af7b@localhost", "timestamp": "2019-04-08T15:15:45.404098", "browser": null, "browser-platform": null, "browser-version": null}
{"method": "GET", "path": "/", "endpoint": "start_page.start_page", "view-args": {}, "status": 302, "user": "78b858772f907e50@lampenwelt.de", "timestamp": "2019-04-08T15:16:03.944509", "browser": "chrome", "browser-platform": "windows", "browser-version": "73.0.3683.86"}
{"method": "GET", "path": "/dashboards/marketing-overview", "endpoint": "dashboards.view_dashboard", "view-args": {"id": "marketing-overview"}, "status": 200, "user": "78b858772f907e50@lampenwelt.de", "timestamp": "2019-04-08T15:16:04.253789", "browser": "chrome", "browser-platform": "windows", "browser-version": "73.0.3683.86"}
{"method": "GET", "path": "/", "endpoint": "start_page.start_page", "view-args": {}, "status": 302, "user": "78b858772f907e50@lampenwelt.de", "timestamp": "2019-04-08T15:16:05.054666", "browser": "chrome", "browser-platform": "windows", "browser-version": "73.0.3683.86"}
{"method": "GET", "path": "/dashboards/marketing-overview", "endpoint": "dashboards.view_dashboard", "view-args": {"id": "marketing-overview"}, "status": 200, "user": "78b858772f907e50@lampenwelt.de", "timestamp": "2019-04-08T15:16:05.311039", "browser": "chrome", "browser-platform": "windows", "browser-version": "73.0.3683.86"}
{"method": "GET", "path": "/dashboards/_render_async_sql_query/06793539-9eda-400b-98d0-c4370b097dcb", "endpoint": "dashboards.render_async_sql_query", "view-args": {"id": "06793539-9eda-400b-98d0-c4370b097dcb"}, "status": 200, "user": "78b858772f907e50@lampenwelt.de", "timestamp": "2019-04-08T15:16:05.746049", "browser": "chrome", "browser-platform": "windows", "browser-version": "73.0.3683.86"}
{"method": "GET", "path": "/dashboards/_render_async_sql_query/ec03937a-1059-4f02-b731-09b9e0eb9e43", "endpoint": "dashboards.render_async_sql_query", "view-args": {"id": "ec03937a-1059-4f02-b731-09b9e0eb9e43"}, "status": 200, "user": "78b858772f907e50@lampenwelt.de", "timestamp": "2019-04-08T15:16:05.752050", "browser": "chrome", "browser-platform": "windows", "browser-version": "73.0.3683.86"}
{"method": "GET", "path": "/dashboards/_render_async_sql_query/180f8446-c179-48f9-ac6b-bf2a23355a5e", "endpoint": "dashboards.render_async_sql_query", "view-args": {"id": "180f8446-c179-48f9-ac6b-bf2a23355a5e"}, "status": 200, "user": "78b858772f907e50@lampenwelt.de", "timestamp": "2019-04-08T15:16:05.769119", "browser": "chrome", "browser-platform": "windows", "browser-version": "73.0.3683.86"}
{"method": "GET", "path": "/dashboards/_last_successful_import", "endpoint": "dashboards.last_successful_import", "view-args": {}, "status": 200, "user": "78b858772f907e50@lampenwelt.de", "timestamp": "2019-04-08T15:16:05.769403", "browser": "chrome", "browser-platform": "windows", "browser-version": "73.0.3683.86"}
{"method": "GET", "path": "/dashboards/_render_async_sql_query/200b9b98-f4bb-470e-b1c1-e9ee4b3ab5fa", "endpoint": "dashboards.render_async_sql_query", "view-args": {"id": "200b9b98-f4bb-470e-b1c1-e9ee4b3ab5fa"}, "status": 200, "user": "78b858772f907e50@lampenwelt.de", "timestamp": "2019-04-08T15:16:05.783498", "browser": "chrome", "browser-platform": "windows", "browser-version": "73.0.3683.86"}
{"method": "GET", "path": "/dashboards/_last_marketing_cost/marketing-overview", "endpoint": "dashboards.last_marketing_cost", "view-args": {"id": "marketing-overview"}, "status": 200, "user": "78b858772f907e50@lampenwelt.de", "timestamp": "2019-04-08T15:16:05.786840", "browser": "chrome", "browser-platform": "windows", "browser-version": "73.0.3683.86"}
{"method": "GET", "path": "/dashboards/_render_async_sql_query/6a8c7a40-09cb-4692-bf41-073f9788037e", "endpoint": "dashboards.render_async_sql_query", "view-args": {"id": "6a8c7a40-09cb-4692-bf41-073f9788037e"}, "status": 200, "user": "78b858772f907e50@lampenwelt.de", "timestamp": "2019-04-08T15:16:05.843603", "browser": "chrome", "browser-platform": "windows", "browser-version": "73.0.3683.86"}
{"method": "GET", "path": "/dashboards/_render_async_sql_query/ea88215d-8aae-4abc-81c1-1dc2c931efad", "endpoint": "dashboards.render_async_sql_query", "view-args": {"id": "ea88215d-8aae-4abc-81c1-1dc2c931efad"}, "status": 200, "user": "78b858772f907e50@lampenwelt.de", "timestamp": "2019-04-08T15:16:05.847361", "browser": "chrome", "browser-platform": "windows", "browser-version": "73.0.3683.86"}
{"method": "GET", "path": "/dashboards/_render_async_sql_query/3f102b8e-d2ae-499c-aa84-f1ebd118738f", "endpoint": "dashboards.render_async_sql_query", "view-args": {"id": "3f102b8e-d2ae-499c-aa84-f1ebd118738f"}, "status": 200, "user": "78b858772f907e50@lampenwelt.de", "timestamp": "2019-04-08T15:16:05.853612", "browser": "chrome", "browser-platform": "windows", "browser-version": "73.0.3683.86"}
{"method": "GET", "path": "/dashboards/_render_async_sql_query/1786d079-837e-4516-8e79-7296a8324dff", "endpoint": "dashboards.render_async_sql_query", "view-args": {"id": "1786d079-837e-4516-8e79-7296a8324dff"}, "status": 200, "user": "78b858772f907e50@lampenwelt.de", "timestamp": "2019-04-08T15:16:05.866631", "browser": "chrome", "browser-platform": "windows", "browser-version": "73.0.3683.86"}
{"method": "GET", "path": "/dashboards/_render_async_sql_query/dc3122d3-e824-4454-852f-adb46b788e3c", "endpoint": "dashboards.render_async_sql_query", "view-args": {"id": "dc3122d3-e824-4454-852f-adb46b788e3c"}, "status": 200, "user": "78b858772f907e50@lampenwelt.de", "timestamp": "2019-04-08T15:16:06.061864", "browser": "chrome", "browser-platform": "windows", "browser-version": "73.0.3683.86"}
{"method": "GET", "path": "/dashboards/_render_async_sql_query/4cb30b65-f309-4eef-933f-9baded232aa1", "endpoint": "dashboards.render_async_sql_query", "view-args": {"id": "4cb30b65-f309-4eef-933f-9baded232aa1"}, "status": 200, "user": "78b858772f907e50@lampenwelt.de", "timestamp": "2019-04-08T15:16:06.064570", "browser": "chrome", "browser-platform": "windows", "browser-version": "73.0.3683.86"}
{"method": "GET", "path": "/dashboards/_render_async_sql_query/6edfe0a5-a9e4-4a4c-acce-3918329e9336", "endpoint": "dashboards.render_async_sql_query", "view-args": {"id": "6edfe0a5-a9e4-4a4c-acce-3918329e9336"}, "status": 200, "user": "78b858772f907e50@lampenwelt.de", "timestamp": "2019-04-08T15:16:06.071291", "browser": "chrome", "browser-platform": "windows", "browser-version": "73.0.3683.86"}
{"method": "GET", "path": "/dashboards/_render_async_sql_query/67bbc9c6-cbba-44b4-a9b1-fadc27b450ae", "endpoint": "dashboards.render_async_sql_query", "view-args": {"id": "67bbc9c6-cbba-44b4-a9b1-fadc27b450ae"}, "status": 200, "user": "78b858772f907e50@lampenwelt.de", "timestamp": "2019-04-08T15:16:06.088457", "browser": "chrome", "browser-platform": "windows", "browser-version": "73.0.3683.86"}
{"method": "GET", "path": "/dashboards/_render_async_sql_query/6383a55a-1d3e-4854-889a-038e74a4cb19", "endpoint": "dashboards.render_async_sql_query", "view-args": {"id": "6383a55a-1d3e-4854-889a-038e74a4cb19"}, "status": 200, "user": "78b858772f907e50@lampenwelt.de", "timestamp": "2019-04-08T15:16:06.098942", "browser": "chrome", "browser-platform": "windows", "browser-version": "73.0.3683.86"}
{"method": "GET", "path": "/dashboards/_render_async_sql_query/26752800-aab0-406f-be27-4ef5564d2f1f", "endpoint": "dashboards.render_async_sql_query", "view-args": {"id": "26752800-aab0-406f-be27-4ef5564d2f1f"}, "status": 200, "user": "78b858772f907e50@lampenwelt.de", "timestamp": "2019-04-08T15:16:06.105185", "browser": "chrome", "browser-platform": "windows", "browser-version": "73.0.3683.86"}
{"method": "GET", "path": "/dashboards/_render_async_sql_query/1ee1e28b-c99b-4597-8705-5fdef6ff8309", "endpoint": "dashboards.render_async_sql_query", "view-args": {"id": "1ee1e28b-c99b-4597-8705-5fdef6ff8309"}, "status": 200, "user": "78b858772f907e50@lampenwelt.de", "timestamp": "2019-04-08T15:16:06.130525", "browser": "chrome", "browser-platform": "windows", "browser-version": "73.0.3683.86"}
{"method": "GET", "path": "/dashboards/_render_async_sql_query/c93bfc61-6c88-427d-aa7f-a7edd669b4b6", "endpoint": "dashboards.render_async_sql_query", "view-args": {"id": "c93bfc61-6c88-427d-aa7f-a7edd669b4b6"}, "status": 200, "user": "78b858772f907e50@lampenwelt.de", "timestamp": "2019-04-08T15:16:06.138002", "browser": "chrome", "browser-platform": "windows", "browser-version": "73.0.3683.86"}
{"method": "GET", "path": "/", "endpoint": "start_page.start_page", "view-args": {}, "status": 302, "user": "78b858772f907e50@lampenwelt.de", "timestamp": "2019-04-08T15:21:10.977722", "browser": "chrome", "browser-platform": "windows", "browser-version": "73.0.3683.86"}
{"method": "GET", "path": "/dashboards/marketing-overview", "endpoint": "dashboards.view_dashboard", "view-args": {"id": "marketing-overview"}, "status": 200, "user": "78b858772f907e50@lampenwelt.de", "timestamp": "2019-04-08T15:21:11.270028", "browser": "chrome", "browser-platform": "windows", "browser-version": "73.0.3683.86"}
{"method": "GET", "path": "/dashboards/_auto-complete/shop_dim.webshop_performance_fact/is_mobile/", "endpoint": "dashboards.auto_complete", "view-args": {"table_name": "shop_dim.webshop_performance_fact", "column_name": "is_mobile"}, "status": 200, "user": "13f7e9ada41f2425@lampenwelt.de", "timestamp": "2019-04-08T15:24:24.213336", "browser": "chrome", "browser-platform": "windows", "browser-version": "73.0.3683.86"}
{"method": "GET", "path": "/dashboards/_auto-complete/shop_dim.webshop_performance_fact/is_mobile/", "endpoint": "dashboards.auto_complete", "view-args": {"table_name": "shop_dim.webshop_performance_fact", "column_name": "is_mobile"}, "status": 200, "user": "13f7e9ada41f2425@lampenwelt.de", "timestamp": "2019-04-08T15:24:24.466414", "browser": "chrome", "browser-platform": "windows", "browser-version": "73.0.3683.86"}
{"method": "POST", "path": "/dashboards/shop-performance-overview", "endpoint": "dashboards.view_dashboard", "view-args": {"id": "shop-performance-overview"}, "status": 200, "user": "13f7e9ada41f2425@lampenwelt.de", "timestamp": "2019-04-08T15:24:29.293905", "browser": "chrome", "browser-platform": "windows", "browser-version": "73.0.3683.86"}
{"method": "GET", "path": "/dashboards/_render_async_sql_query/41aa2806-0dfa-4cb7-95cb-bcbc0fc032f4", "endpoint": "dashboards.render_async_sql_query", "view-args": {"id": "41aa2806-0dfa-4cb7-95cb-bcbc0fc032f4"}, "status": 200, "user": "13f7e9ada41f2425@lampenwelt.de", "timestamp": "2019-04-08T15:24:30.700916", "browser": "chrome", "browser-platform": "windows", "browser-version": "73.0.3683.86"}
{"method": "GET", "path": "/dashboards/_render_async_sql_query/5100a7d9-c5b0-402e-a2ef-167b599716bd", "endpoint": "dashboards.render_async_sql_query", "view-args": {"id": "5100a7d9-c5b0-402e-a2ef-167b599716bd"}, "status": 200, "user": "13f7e9ada41f2425@lampenwelt.de", "timestamp": "2019-04-08T15:24:30.721338", "browser": "chrome", "browser-platform": "windows", "browser-version": "73.0.3683.86"}
{"method": "GET", "path": "/dashboards/_last_successful_import", "endpoint": "dashboards.last_successful_import", "view-args": {}, "status": 200, "user": "13f7e9ada41f2425@lampenwelt.de", "timestamp": "2019-04-08T15:24:30.739023", "browser": "chrome", "browser-platform": "windows", "browser-version": "73.0.3683.86"}
{"method": "GET", "path": "/dashboards/_last_marketing_cost/shop-performance-overview", "endpoint": "dashboards.last_marketing_cost", "view-args": {"id": "shop-performance-overview"}, "status": 200, "user": "13f7e9ada41f2425@lampenwelt.de", "timestamp": "2019-04-08T15:24:30.749179", "browser": "chrome", "browser-platform": "windows", "browser-version": "73.0.3683.86"}
{"method": "GET", "path": "/dashboards/_render_async_sql_query/de9d69be-213d-4906-966b-fde70fc178ef", "endpoint": "dashboards.render_async_sql_query", "view-args": {"id": "de9d69be-213d-4906-966b-fde70fc178ef"}, "status": 200, "user": "13f7e9ada41f2425@lampenwelt.de", "timestamp": "2019-04-08T15:24:30.797818", "browser": "chrome", "browser-platform": "windows", "browser-version": "73.0.3683.86"}
{"method": "GET", "path": "/dashboards/_render_async_sql_query/0fe00aa8-fa90-49d8-9c02-b19d6e2d3063", "endpoint": "dashboards.render_async_sql_query", "view-args": {"id": "0fe00aa8-fa90-49d8-9c02-b19d6e2d3063"}, "status": 200, "user": "13f7e9ada41f2425@lampenwelt.de", "timestamp": "2019-04-08T15:24:31.130722", "browser": "chrome", "browser-platform": "windows", "browser-version": "73.0.3683.86"}
{"method": "GET", "path": "/dashboards/_render_async_sql_query/ab06c196-2529-4e2b-a509-f36cbed75336", "endpoint": "dashboards.render_async_sql_query", "view-args": {"id": "ab06c196-2529-4e2b-a509-f36cbed75336"}, "status": 200, "user": "13f7e9ada41f2425@lampenwelt.de", "timestamp": "2019-04-08T15:24:31.155946", "browser": "chrome", "browser-platform": "windows", "browser-version": "73.0.3683.86"}
{"method": "GET", "path": "/dashboards/_render_async_sql_query/3a527806-f3f7-4262-9c37-4ad744a79f7a", "endpoint": "dashboards.render_async_sql_query", "view-args": {"id": "3a527806-f3f7-4262-9c37-4ad744a79f7a"}, "status": 200, "user": "13f7e9ada41f2425@lampenwelt.de", "timestamp": "2019-04-08T15:24:31.298585", "browser": "chrome", "browser-platform": "windows", "browser-version": "73.0.3683.86"}
{"method": "GET", "path": "/dashboards/_render_async_sql_query/8e1fa54e-b6e9-44f9-89e9-05bb75293b6b", "endpoint": "dashboards.render_async_sql_query", "view-args": {"id": "8e1fa54e-b6e9-44f9-89e9-05bb75293b6b"}, "status": 200, "user": "13f7e9ada41f2425@lampenwelt.de", "timestamp": "2019-04-08T15:24:31.563681", "browser": "chrome", "browser-platform": "windows", "browser-version": "73.0.3683.86"}
{"method": "GET", "path": "/dashboards/_render_async_sql_query/82c6d7ee-4870-4e0a-8506-67c87fedc4c2", "endpoint": "dashboards.render_async_sql_query", "view-args": {"id": "82c6d7ee-4870-4e0a-8506-67c87fedc4c2"}, "status": 200, "user": "13f7e9ada41f2425@lampenwelt.de", "timestamp": "2019-04-08T15:24:32.176714", "browser": "chrome", "browser-platform": "windows", "browser-version": "73.0.3683.86"}
{"method": "GET", "path": "/dashboards/_render_async_sql_query/f53d1555-5c31-460f-b584-83b6e216b674", "endpoint": "dashboards.render_async_sql_query", "view-args": {"id": "f53d1555-5c31-460f-b584-83b6e216b674"}, "status": 200, "user": "13f7e9ada41f2425@lampenwelt.de", "timestamp": "2019-04-08T15:24:32.180615", "browser": "chrome", "browser-platform": "windows", "browser-version": "73.0.3683.86"}
{"method": "GET", "path": "/dashboards/_render_async_sql_query/8b9608ba-dab0-406b-8245-9cdb19b4776e", "endpoint": "dashboards.render_async_sql_query", "view-args": {"id": "8b9608ba-dab0-406b-8245-9cdb19b4776e"}, "status": 200, "user": "13f7e9ada41f2425@lampenwelt.de", "timestamp": "2019-04-08T15:24:32.205264", "browser": "chrome", "browser-platform": "windows", "browser-version": "73.0.3683.86"}
{"method": "GET", "path": "/dashboards/_render_async_sql_query/12dbb3f4-b09b-4266-a5b9-691ac6630f70", "endpoint": "dashboards.render_async_sql_query", "view-args": {"id": "12dbb3f4-b09b-4266-a5b9-691ac6630f70"}, "status": 200, "user": "13f7e9ada41f2425@lampenwelt.de", "timestamp": "2019-04-08T15:24:32.619107", "browser": "chrome", "browser-platform": "windows", "browser-version": "73.0.3683.86"}
{"method": "GET", "path": "/dashboards/_render_async_sql_query/2a5c0139-f80f-41a0-a2bb-2ca73f253360", "endpoint": "dashboards.render_async_sql_query", "view-args": {"id": "2a5c0139-f80f-41a0-a2bb-2ca73f253360"}, "status": 200, "user": "13f7e9ada41f2425@lampenwelt.de", "timestamp": "2019-04-08T15:24:32.620271", "browser": "chrome", "browser-platform": "windows", "browser-version": "73.0.3683.86"}
{"method": "GET", "path": "/dashboards/_render_async_sql_query/aa9e01f1-91c8-4124-a8f4-647144c3d98e", "endpoint": "dashboards.render_async_sql_query", "view-args": {"id": "aa9e01f1-91c8-4124-a8f4-647144c3d98e"}, "status": 200, "user": "13f7e9ada41f2425@lampenwelt.de", "timestamp": "2019-04-08T15:24:32.661480", "browser": "chrome", "browser-platform": "windows", "browser-version": "73.0.3683.86"}
{"method": "GET", "path": "/dashboards/_render_async_sql_query/86a30ffa-a3db-4d8a-9408-e82f58c9c15e", "endpoint": "dashboards.render_async_sql_query", "view-args": {"id": "86a30ffa-a3db-4d8a-9408-e82f58c9c15e"}, "status": 200, "user": "13f7e9ada41f2425@lampenwelt.de", "timestamp": "2019-04-08T15:24:32.807017", "browser": "chrome", "browser-platform": "windows", "browser-version": "73.0.3683.86"}
{"method": "GET", "path": "/dashboards/_render_async_sql_query/e697c7e3-7b2c-4aa0-85b1-571c79c498b5", "endpoint": "dashboards.render_async_sql_query", "view-args": {"id": "e697c7e3-7b2c-4aa0-85b1-571c79c498b5"}, "status": 200, "user": "13f7e9ada41f2425@lampenwelt.de", "timestamp": "2019-04-08T15:24:32.828222", "browser": "chrome", "browser-platform": "windows", "browser-version": "73.0.3683.86"}
{"method": "GET", "path": "/dashboards/_render_async_sql_query/bf4cd98f-ac37-4d6f-b820-063dd3d23f93", "endpoint": "dashboards.render_async_sql_query", "view-args": {"id": "bf4cd98f-ac37-4d6f-b820-063dd3d23f93"}, "status": 200, "user": "13f7e9ada41f2425@lampenwelt.de", "timestamp": "2019-04-08T15:24:32.921976", "browser": "chrome", "browser-platform": "windows", "browser-version": "73.0.3683.86"}
{"method": "GET", "path": "/dashboards/_render_async_sql_query/f9cd7dc9-8d81-4a2a-a2e1-b69e12c17dd9", "endpoint": "dashboards.render_async_sql_query", "view-args": {"id": "f9cd7dc9-8d81-4a2a-a2e1-b69e12c17dd9"}, "status": 200, "user": "13f7e9ada41f2425@lampenwelt.de", "timestamp": "2019-04-08T15:24:33.002380", "browser": "chrome", "browser-platform": "windows", "browser-version": "73.0.3683.86"}
{"method": "GET", "path": "/dashboards/_render_async_sql_query/4f05b94d-0a4f-47e9-bbb2-2f7fba779a71", "endpoint": "dashboards.render_async_sql_query", "view-args": {"id": "4f05b94d-0a4f-47e9-bbb2-2f7fba779a71"}, "status": 200, "user": "13f7e9ada41f2425@lampenwelt.de", "timestamp": "2019-04-08T15:24:33.041655", "browser": "chrome", "browser-platform": "windows", "browser-version": "73.0.3683.86"}
{"method": "GET", "path": "/dashboards/_render_async_sql_query/745f222d-f76c-42d6-8e08-c2b8dd1fa521", "endpoint": "dashboards.render_async_sql_query", "view-args": {"id": "745f222d-f76c-42d6-8e08-c2b8dd1fa521"}, "status": 200, "user": "13f7e9ada41f2425@lampenwelt.de", "timestamp": "2019-04-08T15:24:33.149634", "browser": "chrome", "browser-platform": "windows", "browser-version": "73.0.3683.86"}
{"method": "GET", "path": "/dashboards/_render_async_sql_query/ad89a90b-8866-4ab1-9f3b-207f928f2ae5", "endpoint": "dashboards.render_async_sql_query", "view-args": {"id": "ad89a90b-8866-4ab1-9f3b-207f928f2ae5"}, "status": 200, "user": "13f7e9ada41f2425@lampenwelt.de", "timestamp": "2019-04-08T15:24:33.207483", "browser": "chrome", "browser-platform": "windows", "browser-version": "73.0.3683.86"}
{"method": "GET", "path": "/dashboards/_render_async_sql_query/0a955d77-34df-4cce-aa57-18f6b62c779c", "endpoint": "dashboards.render_async_sql_query", "view-args": {"id": "0a955d77-34df-4cce-aa57-18f6b62c779c"}, "status": 200, "user": "13f7e9ada41f2425@lampenwelt.de", "timestamp": "2019-04-08T15:24:33.241667", "browser": "chrome", "browser-platform": "windows", "browser-version": "73.0.3683.86"}
{"method": "GET", "path": "/dashboards/_render_async_sql_query/8d8fae9e-2d0b-4925-a497-f9c64b4d9d4f", "endpoint": "dashboards.render_async_sql_query", "view-args": {"id": "8d8fae9e-2d0b-4925-a497-f9c64b4d9d4f"}, "status": 200, "user": "13f7e9ada41f2425@lampenwelt.de", "timestamp": "2019-04-08T15:24:33.363695", "browser": "chrome", "browser-platform": "windows", "browser-version": "73.0.3683.86"}
{"method": "GET", "path": "/dashboards/_render_async_sql_query/fe526a6f-93c6-462d-8d45-ab6614bc1ff9", "endpoint": "dashboards.render_async_sql_query", "view-args": {"id": "fe526a6f-93c6-462d-8d45-ab6614bc1ff9"}, "status": 200, "user": "13f7e9ada41f2425@lampenwelt.de", "timestamp": "2019-04-08T15:24:33.416126", "browser": "chrome", "browser-platform": "windows", "browser-version": "73.0.3683.86"}
{"method": "POST", "path": "/mondrian/saiku/authorize", "endpoint": "py_mondrian.saiku_authorize", "view-args": {}, "status": 200, "user": "35675e68f4b5af7b@localhost", "timestamp": "2019-04-08T15:34:37.437617", "browser": null, "browser-platform": null, "browser-version": null}
{"method": "POST", "path": "/mondrian/saiku/authorize", "endpoint": "py_mondrian.saiku_authorize", "view-args": {}, "status": 200, "user": "35675e68f4b5af7b@localhost", "timestamp": "2019-04-08T15:34:37.575166", "browser": null, "browser-platform": null, "browser-version": null}
{"method": "POST", "path": "/mondrian/excel/authorize", "endpoint": "py_mondrian.excel_authorize", "view-args": {}, "status": 200, "user": "35675e68f4b5af7b@localhost", "timestamp": "2019-04-08T15:35:35.881891", "browser": null, "browser-platform": null, "browser-version": null}
{"method": "GET", "path": "/campaign-tree", "endpoint": "campaign_tree.index_page", "view-args": {}, "status": 200, "user": "e5063e1f25c24f00@lampenwelt.de", "timestamp": "2019-04-08T15:37:29.162817", "browser": "chrome", "browser-platform": "windows", "browser-version": "73.0.3683.86"}
{"method": "POST", "path": "/campaign-tree/search", "endpoint": "campaign_tree.search", "view-args": {}, "status": 200, "user": "e5063e1f25c24f00@lampenwelt.de", "timestamp": "2019-04-08T15:37:29.957574", "browser": "chrome", "browser-platform": "windows", "browser-version": "73.0.3683.86"}
{"method": "POST", "path": "/campaign-tree/count", "endpoint": "campaign_tree.count", "view-args": {}, "status": 200, "user": "e5063e1f25c24f00@lampenwelt.de", "timestamp": "2019-04-08T15:37:30.326999", "browser": "chrome", "browser-platform": "windows", "browser-version": "73.0.3683.86"}
{"method": "POST", "path": "/campaign-tree/search", "endpoint": "campaign_tree.search", "view-args": {}, "status": 200, "user": "e5063e1f25c24f00@lampenwelt.de", "timestamp": "2019-04-08T15:37:34.645644", "browser": "chrome", "browser-platform": "windows", "browser-version": "73.0.3683.86"}
{"method": "POST", "path": "/campaign-tree/count", "endpoint": "campaign_tree.count", "view-args": {}, "status": 200, "user": "e5063e1f25c24f00@lampenwelt.de", "timestamp": "2019-04-08T15:37:34.996424", "browser": "chrome", "browser-platform": "windows", "browser-version": "73.0.3683.86"}
{"method": "POST", "path": "/campaign-tree/search", "endpoint": "campaign_tree.search", "view-args": {}, "status": 200, "user": "e5063e1f25c24f00@lampenwelt.de", "timestamp": "2019-04-08T15:37:36.808193", "browser": "chrome", "browser-platform": "windows", "browser-version": "73.0.3683.86"}
{"method": "POST", "path": "/campaign-tree/count", "endpoint": "campaign_tree.count", "view-args": {}, "status": 200, "user": "e5063e1f25c24f00@lampenwelt.de", "timestamp": "2019-04-08T15:37:37.051528", "browser": "chrome", "browser-platform": "windows", "browser-version": "73.0.3683.86"}
{"method": "POST", "path": "/campaign-tree/search", "endpoint": "campaign_tree.search", "view-args": {}, "status": 200, "user": "e5063e1f25c24f00@lampenwelt.de", "timestamp": "2019-04-08T15:37:37.192405", "browser": "chrome", "browser-platform": "windows", "browser-version": "73.0.3683.86"}
{"method": "POST", "path": "/campaign-tree/count", "endpoint": "campaign_tree.count", "view-args": {}, "status": 200, "user": "e5063e1f25c24f00@lampenwelt.de", "timestamp": "2019-04-08T15:37:37.433417", "browser": "chrome", "browser-platform": "windows", "browser-version": "73.0.3683.86"}
{"method": "POST", "path": "/campaign-tree/search", "endpoint": "campaign_tree.search", "view-args": {}, "status": 200, "user": "e5063e1f25c24f00@lampenwelt.de", "timestamp": "2019-04-08T15:37:37.630205", "browser": "chrome", "browser-platform": "windows", "browser-version": "73.0.3683.86"}
{"method": "POST", "path": "/campaign-tree/search", "endpoint": "campaign_tree.search", "view-args": {}, "status": 200, "user": "e5063e1f25c24f00@lampenwelt.de", "timestamp": "2019-04-08T15:37:37.763218", "browser": "chrome", "browser-platform": "windows", "browser-version": "73.0.3683.86"}
{"method": "POST", "path": "/campaign-tree/search", "endpoint": "campaign_tree.search", "view-args": {}, "status": 200, "user": "e5063e1f25c24f00@lampenwelt.de", "timestamp": "2019-04-08T15:37:37.835287", "browser": "chrome", "browser-platform": "windows", "browser-version": "73.0.3683.86"}
{"method": "POST", "path": "/campaign-tree/count", "endpoint": "campaign_tree.count", "view-args": {}, "status": 200, "user": "e5063e1f25c24f00@lampenwelt.de", "timestamp": "2019-04-08T15:37:38.096968", "browser": "chrome", "browser-platform": "windows", "browser-version": "73.0.3683.86"}
{"method": "POST", "path": "/campaign-tree/search", "endpoint": "campaign_tree.search", "view-args": {}, "status": 200, "user": "e5063e1f25c24f00@lampenwelt.de", "timestamp": "2019-04-08T15:37:38.288721", "browser": "chrome", "browser-platform": "windows", "browser-version": "73.0.3683.86"}
{"method": "POST", "path": "/campaign-tree/count", "endpoint": "campaign_tree.count", "view-args": {}, "status": 200, "user": "e5063e1f25c24f00@lampenwelt.de", "timestamp": "2019-04-08T15:37:38.549922", "browser": "chrome", "browser-platform": "windows", "browser-version": "73.0.3683.86"}
{"method": "POST", "path": "/campaign-tree/search", "endpoint": "campaign_tree.search", "view-args": {}, "status": 200, "user": "e5063e1f25c24f00@lampenwelt.de", "timestamp": "2019-04-08T15:37:38.878646", "browser": "chrome", "browser-platform": "windows", "browser-version": "73.0.3683.86"}
{"method": "POST", "path": "/campaign-tree/search", "endpoint": "campaign_tree.search", "view-args": {}, "status": 200, "user": "e5063e1f25c24f00@lampenwelt.de", "timestamp": "2019-04-08T15:37:39.039413", "browser": "chrome", "browser-platform": "windows", "browser-version": "73.0.3683.86"}
{"method": "POST", "path": "/campaign-tree/count", "endpoint": "campaign_tree.count", "view-args": {}, "status": 200, "user": "e5063e1f25c24f00@lampenwelt.de", "timestamp": "2019-04-08T15:37:39.277943", "browser": "chrome", "browser-platform": "windows", "browser-version": "73.0.3683.86"}
{"method": "POST", "path": "/campaign-tree/search", "endpoint": "campaign_tree.search", "view-args": {}, "status": 200, "user": "e5063e1f25c24f00@lampenwelt.de", "timestamp": "2019-04-08T15:37:39.804597", "browser": "chrome", "browser-platform": "windows", "browser-version": "73.0.3683.86"}
{"method": "POST", "path": "/campaign-tree/count", "endpoint": "campaign_tree.count", "view-args": {}, "status": 200, "user": "e5063e1f25c24f00@lampenwelt.de", "timestamp": "2019-04-08T15:37:40.041279", "browser": "chrome", "browser-platform": "windows", "browser-version": "73.0.3683.86"}
{"method": "POST", "path": "/campaign-tree/search", "endpoint": "campaign_tree.search", "view-args": {}, "status": 200, "user": "e5063e1f25c24f00@lampenwelt.de", "timestamp": "2019-04-08T15:37:40.083539", "browser": "chrome", "browser-platform": "windows", "browser-version": "73.0.3683.86"}
{"method": "POST", "path": "/campaign-tree/count", "endpoint": "campaign_tree.count", "view-args": {}, "status": 200, "user": "e5063e1f25c24f00@lampenwelt.de", "timestamp": "2019-04-08T15:37:40.348199", "browser": "chrome", "browser-platform": "windows", "browser-version": "73.0.3683.86"}
{"method": "POST", "path": "/campaign-tree/search", "endpoint": "campaign_tree.search", "view-args": {}, "status": 200, "user": "e5063e1f25c24f00@lampenwelt.de", "timestamp": "2019-04-08T15:37:40.431865", "browser": "chrome", "browser-platform": "windows", "browser-version": "73.0.3683.86"}
{"method": "POST", "path": "/campaign-tree/search", "endpoint": "campaign_tree.search", "view-args": {}, "status": 200, "user": "e5063e1f25c24f00@lampenwelt.de", "timestamp": "2019-04-08T15:37:40.592040", "browser": "chrome", "browser-platform": "windows", "browser-version": "73.0.3683.86"}
{"method": "POST", "path": "/campaign-tree/count", "endpoint": "campaign_tree.count", "view-args": {}, "status": 200, "user": "e5063e1f25c24f00@lampenwelt.de", "timestamp": "2019-04-08T15:37:40.844662", "browser": "chrome", "browser-platform": "windows", "browser-version": "73.0.3683.86"}
{"method": "POST", "path": "/campaign-tree/search", "endpoint": "campaign_tree.search", "view-args": {}, "status": 200, "user": "e5063e1f25c24f00@lampenwelt.de", "timestamp": "2019-04-08T15:37:40.920737", "browser": "chrome", "browser-platform": "windows", "browser-version": "73.0.3683.86"}
{"method": "POST", "path": "/campaign-tree/search", "endpoint": "campaign_tree.search", "view-args": {}, "status": 200, "user": "e5063e1f25c24f00@lampenwelt.de", "timestamp": "2019-04-08T15:37:41.004485", "browser": "chrome", "browser-platform": "windows", "browser-version": "73.0.3683.86"}
{"method": "POST", "path": "/campaign-tree/count", "endpoint": "campaign_tree.count", "view-args": {}, "status": 200, "user": "e5063e1f25c24f00@lampenwelt.de", "timestamp": "2019-04-08T15:37:41.238090", "browser": "chrome", "browser-platform": "windows", "browser-version": "73.0.3683.86"}
