{"method": "POST", "path": "/mondrian/saiku/authorize", "endpoint": "py_mondrian.saiku_authorize", "view-args": {}, "status": 200, "user": "35675e68f4b5af7b@localhost", "timestamp": "2019-04-15T07:32:02.573739", "browser": null, "browser-platform": null, "browser-version": null}
{"method": "POST", "path": "/mondrian/saiku/authorize", "endpoint": "py_mondrian.saiku_authorize", "view-args": {}, "status": 200, "user": "35675e68f4b5af7b@localhost", "timestamp": "2019-04-15T07:32:02.576218", "browser": null, "browser-platform": null, "browser-version": null}
{"method": "POST", "path": "/mondrian/saiku/authorize", "endpoint": "py_mondrian.saiku_authorize", "view-args": {}, "status": 200, "user": "35675e68f4b5af7b@localhost", "timestamp": "2019-04-15T07:32:03.437189", "browser": null, "browser-platform": null, "browser-version": null}
{"method": "POST", "path": "/mondrian/excel/authorize", "endpoint": "py_mondrian.excel_authorize", "view-args": {}, "status": 200, "user": "35675e68f4b5af7b@localhost", "timestamp": "2019-04-15T07:38:05.304093", "browser": null, "browser-platform": null, "browser-version": null}
{"method": "GET", "path": "/mondrian/excel", "endpoint": "py_mondrian.excel", "view-args": {}, "status": 200, "user": "20afbf2131feb737@lampenwelt.de", "timestamp": "2019-04-15T07:38:15.372164", "browser": "chrome", "browser-platform": "windows", "browser-version": "73.0.3683.103"}
{"method": "POST", "path": "/mondrian/excel/authorize", "endpoint": "py_mondrian.excel_authorize", "view-args": {}, "status": 200, "user": "35675e68f4b5af7b@localhost", "timestamp": "2019-04-15T07:38:24.641964", "browser": null, "browser-platform": null, "browser-version": null}
{"method": "GET", "path": "/dashboards/marketing-overview", "endpoint": "dashboards.view_dashboard", "view-args": {"id": "marketing-overview"}, "status": 200, "user": "db0fdd3ef09fda0a@lampenwelt.de", "timestamp": "2019-04-15T07:47:14.487813", "browser": "chrome", "browser-platform": "windows", "browser-version": "73.0.3683.103"}
{"method": "GET", "path": "/dashboards/_render_async_sql_query/ddd8effb-06f0-44fd-adef-27ede310481c", "endpoint": "dashboards.render_async_sql_query", "view-args": {"id": "ddd8effb-06f0-44fd-adef-27ede310481c"}, "status": 200, "user": "db0fdd3ef09fda0a@lampenwelt.de", "timestamp": "2019-04-15T07:47:15.057959", "browser": "chrome", "browser-platform": "windows", "browser-version": "73.0.3683.103"}
{"method": "GET", "path": "/dashboards/_render_async_sql_query/69a757a9-ee52-45bd-a94d-b1b93b6e1609", "endpoint": "dashboards.render_async_sql_query", "view-args": {"id": "69a757a9-ee52-45bd-a94d-b1b93b6e1609"}, "status": 200, "user": "db0fdd3ef09fda0a@lampenwelt.de", "timestamp": "2019-04-15T07:47:15.059855", "browser": "chrome", "browser-platform": "windows", "browser-version": "73.0.3683.103"}
{"method": "GET", "path": "/dashboards/_render_async_sql_query/80e451c8-7df3-430e-970e-0989d9512a47", "endpoint": "dashboards.render_async_sql_query", "view-args": {"id": "80e451c8-7df3-430e-970e-0989d9512a47"}, "status": 200, "user": "db0fdd3ef09fda0a@lampenwelt.de", "timestamp": "2019-04-15T07:47:15.061918", "browser": "chrome", "browser-platform": "windows", "browser-version": "73.0.3683.103"}
{"method": "GET", "path": "/dashboards/_last_successful_import", "endpoint": "dashboards.last_successful_import", "view-args": {}, "status": 200, "user": "db0fdd3ef09fda0a@lampenwelt.de", "timestamp": "2019-04-15T07:47:15.074091", "browser": "chrome", "browser-platform": "windows", "browser-version": "73.0.3683.103"}
{"method": "GET", "path": "/dashboards/_render_async_sql_query/c0afd06d-1350-413a-a89a-2c40211551b8", "endpoint": "dashboards.render_async_sql_query", "view-args": {"id": "c0afd06d-1350-413a-a89a-2c40211551b8"}, "status": 200, "user": "db0fdd3ef09fda0a@lampenwelt.de", "timestamp": "2019-04-15T07:47:15.083059", "browser": "chrome", "browser-platform": "windows", "browser-version": "73.0.3683.103"}
{"method": "GET", "path": "/dashboards/_last_marketing_cost/marketing-overview", "endpoint": "dashboards.last_marketing_cost", "view-args": {"id": "marketing-overview"}, "status": 200, "user": "db0fdd3ef09fda0a@lampenwelt.de", "timestamp": "2019-04-15T07:47:15.094475", "browser": "chrome", "browser-platform": "windows", "browser-version": "73.0.3683.103"}
{"method": "GET", "path": "/dashboards/_render_async_sql_query/c9f7e919-a11d-4688-88b3-960e933c9a86", "endpoint": "dashboards.render_async_sql_query", "view-args": {"id": "c9f7e919-a11d-4688-88b3-960e933c9a86"}, "status": 200, "user": "db0fdd3ef09fda0a@lampenwelt.de", "timestamp": "2019-04-15T07:47:15.200412", "browser": "chrome", "browser-platform": "windows", "browser-version": "73.0.3683.103"}
{"method": "GET", "path": "/dashboards/_render_async_sql_query/5716fa8a-9da5-4114-8b07-c596d6c15acd", "endpoint": "dashboards.render_async_sql_query", "view-args": {"id": "5716fa8a-9da5-4114-8b07-c596d6c15acd"}, "status": 200, "user": "db0fdd3ef09fda0a@lampenwelt.de", "timestamp": "2019-04-15T07:47:15.209881", "browser": "chrome", "browser-platform": "windows", "browser-version": "73.0.3683.103"}
{"method": "GET", "path": "/dashboards/_render_async_sql_query/625956ec-71f1-4ab2-b06b-af306f4f6b11", "endpoint": "dashboards.render_async_sql_query", "view-args": {"id": "625956ec-71f1-4ab2-b06b-af306f4f6b11"}, "status": 200, "user": "db0fdd3ef09fda0a@lampenwelt.de", "timestamp": "2019-04-15T07:47:15.231154", "browser": "chrome", "browser-platform": "windows", "browser-version": "73.0.3683.103"}
{"method": "GET", "path": "/dashboards/_render_async_sql_query/160ef687-47df-4883-b408-d1f3e78cc5a5", "endpoint": "dashboards.render_async_sql_query", "view-args": {"id": "160ef687-47df-4883-b408-d1f3e78cc5a5"}, "status": 200, "user": "db0fdd3ef09fda0a@lampenwelt.de", "timestamp": "2019-04-15T07:47:15.264620", "browser": "chrome", "browser-platform": "windows", "browser-version": "73.0.3683.103"}
{"method": "GET", "path": "/dashboards/_render_async_sql_query/4e854733-b766-4963-9394-b8ec12c83f88", "endpoint": "dashboards.render_async_sql_query", "view-args": {"id": "4e854733-b766-4963-9394-b8ec12c83f88"}, "status": 200, "user": "db0fdd3ef09fda0a@lampenwelt.de", "timestamp": "2019-04-15T07:47:15.278194", "browser": "chrome", "browser-platform": "windows", "browser-version": "73.0.3683.103"}
{"method": "GET", "path": "/dashboards/_render_async_sql_query/d0c8842c-6c6e-4a43-bf02-5fde55481a8d", "endpoint": "dashboards.render_async_sql_query", "view-args": {"id": "d0c8842c-6c6e-4a43-bf02-5fde55481a8d"}, "status": 200, "user": "db0fdd3ef09fda0a@lampenwelt.de", "timestamp": "2019-04-15T07:47:15.281386", "browser": "chrome", "browser-platform": "windows", "browser-version": "73.0.3683.103"}
{"method": "GET", "path": "/dashboards/_render_async_sql_query/d5af450c-2c14-452c-af1b-647b22a590c8", "endpoint": "dashboards.render_async_sql_query", "view-args": {"id": "d5af450c-2c14-452c-af1b-647b22a590c8"}, "status": 200, "user": "db0fdd3ef09fda0a@lampenwelt.de", "timestamp": "2019-04-15T07:47:15.287934", "browser": "chrome", "browser-platform": "windows", "browser-version": "73.0.3683.103"}
{"method": "GET", "path": "/dashboards/_render_async_sql_query/997daea7-0c60-4d1c-bc4a-0c3f4d56409c", "endpoint": "dashboards.render_async_sql_query", "view-args": {"id": "997daea7-0c60-4d1c-bc4a-0c3f4d56409c"}, "status": 200, "user": "db0fdd3ef09fda0a@lampenwelt.de", "timestamp": "2019-04-15T07:47:15.370675", "browser": "chrome", "browser-platform": "windows", "browser-version": "73.0.3683.103"}
{"method": "GET", "path": "/dashboards/_render_async_sql_query/27d93611-7477-47bb-9038-618c5fcf3900", "endpoint": "dashboards.render_async_sql_query", "view-args": {"id": "27d93611-7477-47bb-9038-618c5fcf3900"}, "status": 200, "user": "db0fdd3ef09fda0a@lampenwelt.de", "timestamp": "2019-04-15T07:47:15.391883", "browser": "chrome", "browser-platform": "windows", "browser-version": "73.0.3683.103"}
{"method": "GET", "path": "/dashboards/_render_async_sql_query/673fd445-15bc-448b-acb3-1a6d131a9955", "endpoint": "dashboards.render_async_sql_query", "view-args": {"id": "673fd445-15bc-448b-acb3-1a6d131a9955"}, "status": 200, "user": "db0fdd3ef09fda0a@lampenwelt.de", "timestamp": "2019-04-15T07:47:15.397158", "browser": "chrome", "browser-platform": "windows", "browser-version": "73.0.3683.103"}
{"method": "GET", "path": "/dashboards/_render_async_sql_query/38096f86-7ba0-403b-9df9-c10cb1eb4396", "endpoint": "dashboards.render_async_sql_query", "view-args": {"id": "38096f86-7ba0-403b-9df9-c10cb1eb4396"}, "status": 200, "user": "db0fdd3ef09fda0a@lampenwelt.de", "timestamp": "2019-04-15T07:47:15.397154", "browser": "chrome", "browser-platform": "windows", "browser-version": "73.0.3683.103"}
{"method": "GET", "path": "/dashboards/_render_async_sql_query/17f4c3b7-4389-45ca-93b2-a2e8fa801fd2", "endpoint": "dashboards.render_async_sql_query", "view-args": {"id": "17f4c3b7-4389-45ca-93b2-a2e8fa801fd2"}, "status": 200, "user": "db0fdd3ef09fda0a@lampenwelt.de", "timestamp": "2019-04-15T07:47:15.480080", "browser": "chrome", "browser-platform": "windows", "browser-version": "73.0.3683.103"}
{"method": "GET", "path": "/dashboards/weekly-overview", "endpoint": "dashboards.view_dashboard", "view-args": {"id": "weekly-overview"}, "status": 200, "user": "db0fdd3ef09fda0a@lampenwelt.de", "timestamp": "2019-04-15T07:47:41.968422", "browser": "chrome", "browser-platform": "windows", "browser-version": "73.0.3683.103"}
{"method": "GET", "path": "/dashboards/_last_marketing_cost/weekly-overview", "endpoint": "dashboards.last_marketing_cost", "view-args": {"id": "weekly-overview"}, "status": 200, "user": "db0fdd3ef09fda0a@lampenwelt.de", "timestamp": "2019-04-15T07:47:42.315572", "browser": "chrome", "browser-platform": "windows", "browser-version": "73.0.3683.103"}
{"method": "GET", "path": "/dashboards/_last_successful_import", "endpoint": "dashboards.last_successful_import", "view-args": {}, "status": 200, "user": "db0fdd3ef09fda0a@lampenwelt.de", "timestamp": "2019-04-15T07:47:42.320996", "browser": "chrome", "browser-platform": "windows", "browser-version": "73.0.3683.103"}
{"method": "GET", "path": "/dashboards/sales-comparison", "endpoint": "dashboards.view_dashboard", "view-args": {"id": "sales-comparison"}, "status": 200, "user": "db0fdd3ef09fda0a@lampenwelt.de", "timestamp": "2019-04-15T07:47:47.954765", "browser": "chrome", "browser-platform": "windows", "browser-version": "73.0.3683.103"}
{"method": "GET", "path": "/dashboards/_render_async_sql_query/b6b732b2-1f95-4449-bb04-bbdc6c57a103", "endpoint": "dashboards.render_async_sql_query", "view-args": {"id": "b6b732b2-1f95-4449-bb04-bbdc6c57a103"}, "status": 200, "user": "db0fdd3ef09fda0a@lampenwelt.de", "timestamp": "2019-04-15T07:47:48.163693", "browser": "chrome", "browser-platform": "windows", "browser-version": "73.0.3683.103"}
{"method": "GET", "path": "/dashboards/_render_async_sql_query/a7bf110f-050c-4e7a-9b4f-cab06d80ebb7", "endpoint": "dashboards.render_async_sql_query", "view-args": {"id": "a7bf110f-050c-4e7a-9b4f-cab06d80ebb7"}, "status": 200, "user": "db0fdd3ef09fda0a@lampenwelt.de", "timestamp": "2019-04-15T07:47:48.164275", "browser": "chrome", "browser-platform": "windows", "browser-version": "73.0.3683.103"}
{"method": "GET", "path": "/dashboards/_render_async_sql_query/55a13a26-44aa-4aeb-afec-a320b2e27d2a", "endpoint": "dashboards.render_async_sql_query", "view-args": {"id": "55a13a26-44aa-4aeb-afec-a320b2e27d2a"}, "status": 200, "user": "db0fdd3ef09fda0a@lampenwelt.de", "timestamp": "2019-04-15T07:47:48.170407", "browser": "chrome", "browser-platform": "windows", "browser-version": "73.0.3683.103"}
{"method": "GET", "path": "/dashboards/_last_successful_import", "endpoint": "dashboards.last_successful_import", "view-args": {}, "status": 200, "user": "db0fdd3ef09fda0a@lampenwelt.de", "timestamp": "2019-04-15T07:47:48.178158", "browser": "chrome", "browser-platform": "windows", "browser-version": "73.0.3683.103"}
{"method": "GET", "path": "/dashboards/_last_marketing_cost/sales-comparison", "endpoint": "dashboards.last_marketing_cost", "view-args": {"id": "sales-comparison"}, "status": 200, "user": "db0fdd3ef09fda0a@lampenwelt.de", "timestamp": "2019-04-15T07:47:48.182298", "browser": "chrome", "browser-platform": "windows", "browser-version": "73.0.3683.103"}
{"method": "GET", "path": "/dashboards/_render_async_sql_query/da9f2ad8-e00a-47a8-be9d-f2a99cecb1c5", "endpoint": "dashboards.render_async_sql_query", "view-args": {"id": "da9f2ad8-e00a-47a8-be9d-f2a99cecb1c5"}, "status": 200, "user": "db0fdd3ef09fda0a@lampenwelt.de", "timestamp": "2019-04-15T07:47:48.186183", "browser": "chrome", "browser-platform": "windows", "browser-version": "73.0.3683.103"}
{"method": "GET", "path": "/dashboards/_render_async_sql_query/142e82aa-6587-47b2-a4cc-4d3a66ce8104", "endpoint": "dashboards.render_async_sql_query", "view-args": {"id": "142e82aa-6587-47b2-a4cc-4d3a66ce8104"}, "status": 200, "user": "db0fdd3ef09fda0a@lampenwelt.de", "timestamp": "2019-04-15T07:47:48.276762", "browser": "chrome", "browser-platform": "windows", "browser-version": "73.0.3683.103"}
{"method": "GET", "path": "/dashboards/_render_async_sql_query/6af81cb5-19df-482f-9b38-3a899c5f4e6d", "endpoint": "dashboards.render_async_sql_query", "view-args": {"id": "6af81cb5-19df-482f-9b38-3a899c5f4e6d"}, "status": 200, "user": "db0fdd3ef09fda0a@lampenwelt.de", "timestamp": "2019-04-15T07:47:48.276823", "browser": "chrome", "browser-platform": "windows", "browser-version": "73.0.3683.103"}
{"method": "GET", "path": "/dashboards/_auto-complete/reporting.weekly_summary/sales_channel/", "endpoint": "dashboards.auto_complete", "view-args": {"table_name": "reporting.weekly_summary", "column_name": "sales_channel"}, "status": 200, "user": "db0fdd3ef09fda0a@lampenwelt.de", "timestamp": "2019-04-15T07:47:56.091540", "browser": "chrome", "browser-platform": "windows", "browser-version": "73.0.3683.103"}
{"method": "GET", "path": "/dashboards/_auto-complete/reporting.weekly_summary/sales_channel/pl", "endpoint": "dashboards.auto_complete", "view-args": {"table_name": "reporting.weekly_summary", "column_name": "sales_channel", "term": "pl"}, "status": 200, "user": "db0fdd3ef09fda0a@lampenwelt.de", "timestamp": "2019-04-15T07:47:57.345459", "browser": "chrome", "browser-platform": "windows", "browser-version": "73.0.3683.103"}
{"method": "POST", "path": "/mondrian/excel/authorize", "endpoint": "py_mondrian.excel_authorize", "view-args": {}, "status": 200, "user": "35675e68f4b5af7b@localhost", "timestamp": "2019-04-15T07:47:59.651449", "browser": null, "browser-platform": null, "browser-version": null}
{"method": "POST", "path": "/dashboards/sales-comparison", "endpoint": "dashboards.view_dashboard", "view-args": {"id": "sales-comparison"}, "status": 200, "user": "db0fdd3ef09fda0a@lampenwelt.de", "timestamp": "2019-04-15T07:48:00.693228", "browser": "chrome", "browser-platform": "windows", "browser-version": "73.0.3683.103"}
{"method": "GET", "path": "/dashboards/_render_async_sql_query/92bef7c5-f254-43ff-bd72-46b1d0975f18", "endpoint": "dashboards.render_async_sql_query", "view-args": {"id": "92bef7c5-f254-43ff-bd72-46b1d0975f18"}, "status": 200, "user": "db0fdd3ef09fda0a@lampenwelt.de", "timestamp": "2019-04-15T07:48:00.937628", "browser": "chrome", "browser-platform": "windows", "browser-version": "73.0.3683.103"}
{"method": "GET", "path": "/dashboards/_render_async_sql_query/4d31133b-e434-47f9-a072-8bf46fa2420d", "endpoint": "dashboards.render_async_sql_query", "view-args": {"id": "4d31133b-e434-47f9-a072-8bf46fa2420d"}, "status": 200, "user": "db0fdd3ef09fda0a@lampenwelt.de", "timestamp": "2019-04-15T07:48:00.945336", "browser": "chrome", "browser-platform": "windows", "browser-version": "73.0.3683.103"}
{"method": "GET", "path": "/dashboards/_render_async_sql_query/fe81e2d4-846b-4a98-b673-2eae75fd2553", "endpoint": "dashboards.render_async_sql_query", "view-args": {"id": "fe81e2d4-846b-4a98-b673-2eae75fd2553"}, "status": 200, "user": "db0fdd3ef09fda0a@lampenwelt.de", "timestamp": "2019-04-15T07:48:00.945365", "browser": "chrome", "browser-platform": "windows", "browser-version": "73.0.3683.103"}
{"method": "GET", "path": "/dashboards/_last_marketing_cost/sales-comparison", "endpoint": "dashboards.last_marketing_cost", "view-args": {"id": "sales-comparison"}, "status": 200, "user": "db0fdd3ef09fda0a@lampenwelt.de", "timestamp": "2019-04-15T07:48:00.953082", "browser": "chrome", "browser-platform": "windows", "browser-version": "73.0.3683.103"}
{"method": "GET", "path": "/dashboards/_last_successful_import", "endpoint": "dashboards.last_successful_import", "view-args": {}, "status": 200, "user": "db0fdd3ef09fda0a@lampenwelt.de", "timestamp": "2019-04-15T07:48:00.959801", "browser": "chrome", "browser-platform": "windows", "browser-version": "73.0.3683.103"}
{"method": "GET", "path": "/dashboards/_render_async_sql_query/cc9890e1-80d3-4cb6-a36c-cb0b7c6f773d", "endpoint": "dashboards.render_async_sql_query", "view-args": {"id": "cc9890e1-80d3-4cb6-a36c-cb0b7c6f773d"}, "status": 200, "user": "db0fdd3ef09fda0a@lampenwelt.de", "timestamp": "2019-04-15T07:48:00.989658", "browser": "chrome", "browser-platform": "windows", "browser-version": "73.0.3683.103"}
{"method": "GET", "path": "/dashboards/_render_async_sql_query/db0e5d96-17e7-4282-b7a2-5e46aa3ef8e4", "endpoint": "dashboards.render_async_sql_query", "view-args": {"id": "db0e5d96-17e7-4282-b7a2-5e46aa3ef8e4"}, "status": 200, "user": "db0fdd3ef09fda0a@lampenwelt.de", "timestamp": "2019-04-15T07:48:01.088457", "browser": "chrome", "browser-platform": "windows", "browser-version": "73.0.3683.103"}
{"method": "GET", "path": "/dashboards/_render_async_sql_query/fe5118f1-1773-4f80-b254-b01e320dce1a", "endpoint": "dashboards.render_async_sql_query", "view-args": {"id": "fe5118f1-1773-4f80-b254-b01e320dce1a"}, "status": 200, "user": "db0fdd3ef09fda0a@lampenwelt.de", "timestamp": "2019-04-15T07:48:01.095949", "browser": "chrome", "browser-platform": "windows", "browser-version": "73.0.3683.103"}
{"method": "GET", "path": "/dashboards/_auto-complete/reporting.weekly_summary/sales_channel/", "endpoint": "dashboards.auto_complete", "view-args": {"table_name": "reporting.weekly_summary", "column_name": "sales_channel"}, "status": 200, "user": "db0fdd3ef09fda0a@lampenwelt.de", "timestamp": "2019-04-15T07:48:45.089107", "browser": "chrome", "browser-platform": "windows", "browser-version": "73.0.3683.103"}
{"method": "GET", "path": "/dashboards/_auto-complete/reporting.weekly_summary/sales_channel/n", "endpoint": "dashboards.auto_complete", "view-args": {"table_name": "reporting.weekly_summary", "column_name": "sales_channel", "term": "n"}, "status": 200, "user": "db0fdd3ef09fda0a@lampenwelt.de", "timestamp": "2019-04-15T07:48:46.851400", "browser": "chrome", "browser-platform": "windows", "browser-version": "73.0.3683.103"}
{"method": "GET", "path": "/dashboards/_auto-complete/reporting.weekly_summary/sales_channel/nl", "endpoint": "dashboards.auto_complete", "view-args": {"table_name": "reporting.weekly_summary", "column_name": "sales_channel", "term": "nl"}, "status": 200, "user": "db0fdd3ef09fda0a@lampenwelt.de", "timestamp": "2019-04-15T07:48:47.182559", "browser": "chrome", "browser-platform": "windows", "browser-version": "73.0.3683.103"}
{"method": "POST", "path": "/dashboards/sales-comparison", "endpoint": "dashboards.view_dashboard", "view-args": {"id": "sales-comparison"}, "status": 200, "user": "db0fdd3ef09fda0a@lampenwelt.de", "timestamp": "2019-04-15T07:48:49.807062", "browser": "chrome", "browser-platform": "windows", "browser-version": "73.0.3683.103"}
{"method": "GET", "path": "/dashboards/_render_async_sql_query/b569b0ed-b0c3-4924-a014-6d56e4f1f9ff", "endpoint": "dashboards.render_async_sql_query", "view-args": {"id": "b569b0ed-b0c3-4924-a014-6d56e4f1f9ff"}, "status": 200, "user": "db0fdd3ef09fda0a@lampenwelt.de", "timestamp": "2019-04-15T07:48:50.116339", "browser": "chrome", "browser-platform": "windows", "browser-version": "73.0.3683.103"}
{"method": "GET", "path": "/dashboards/_render_async_sql_query/64dc75e1-df81-43cc-9a6a-fd2d48af3c04", "endpoint": "dashboards.render_async_sql_query", "view-args": {"id": "64dc75e1-df81-43cc-9a6a-fd2d48af3c04"}, "status": 200, "user": "db0fdd3ef09fda0a@lampenwelt.de", "timestamp": "2019-04-15T07:48:50.124010", "browser": "chrome", "browser-platform": "windows", "browser-version": "73.0.3683.103"}
{"method": "GET", "path": "/dashboards/_render_async_sql_query/5b26d2d9-e37e-4707-8104-f109d8ff84c6", "endpoint": "dashboards.render_async_sql_query", "view-args": {"id": "5b26d2d9-e37e-4707-8104-f109d8ff84c6"}, "status": 200, "user": "db0fdd3ef09fda0a@lampenwelt.de", "timestamp": "2019-04-15T07:48:50.124060", "browser": "chrome", "browser-platform": "windows", "browser-version": "73.0.3683.103"}
{"method": "GET", "path": "/dashboards/_last_marketing_cost/sales-comparison", "endpoint": "dashboards.last_marketing_cost", "view-args": {"id": "sales-comparison"}, "status": 200, "user": "db0fdd3ef09fda0a@lampenwelt.de", "timestamp": "2019-04-15T07:48:50.133298", "browser": "chrome", "browser-platform": "windows", "browser-version": "73.0.3683.103"}
{"method": "GET", "path": "/dashboards/_last_successful_import", "endpoint": "dashboards.last_successful_import", "view-args": {}, "status": 200, "user": "db0fdd3ef09fda0a@lampenwelt.de", "timestamp": "2019-04-15T07:48:50.141858", "browser": "chrome", "browser-platform": "windows", "browser-version": "73.0.3683.103"}
{"method": "GET", "path": "/dashboards/_render_async_sql_query/27ccc156-9718-4290-9b2f-aceb545bc6d5", "endpoint": "dashboards.render_async_sql_query", "view-args": {"id": "27ccc156-9718-4290-9b2f-aceb545bc6d5"}, "status": 200, "user": "db0fdd3ef09fda0a@lampenwelt.de", "timestamp": "2019-04-15T07:48:50.170845", "browser": "chrome", "browser-platform": "windows", "browser-version": "73.0.3683.103"}
{"method": "GET", "path": "/dashboards/_render_async_sql_query/0158606b-e578-4318-b7ec-987b345453c2", "endpoint": "dashboards.render_async_sql_query", "view-args": {"id": "0158606b-e578-4318-b7ec-987b345453c2"}, "status": 200, "user": "db0fdd3ef09fda0a@lampenwelt.de", "timestamp": "2019-04-15T07:48:50.272097", "browser": "chrome", "browser-platform": "windows", "browser-version": "73.0.3683.103"}
{"method": "GET", "path": "/dashboards/_render_async_sql_query/c1377e73-148d-4cbd-9bc6-0793699e7f9e", "endpoint": "dashboards.render_async_sql_query", "view-args": {"id": "c1377e73-148d-4cbd-9bc6-0793699e7f9e"}, "status": 200, "user": "db0fdd3ef09fda0a@lampenwelt.de", "timestamp": "2019-04-15T07:48:50.279153", "browser": "chrome", "browser-platform": "windows", "browser-version": "73.0.3683.103"}
{"method": "GET", "path": "/dashboards/_auto-complete/reporting.weekly_summary/order_origin_name/", "endpoint": "dashboards.auto_complete", "view-args": {"table_name": "reporting.weekly_summary", "column_name": "order_origin_name"}, "status": 200, "user": "db0fdd3ef09fda0a@lampenwelt.de", "timestamp": "2019-04-15T07:49:04.373566", "browser": "chrome", "browser-platform": "windows", "browser-version": "73.0.3683.103"}
{"method": "POST", "path": "/dashboards/sales-comparison", "endpoint": "dashboards.view_dashboard", "view-args": {"id": "sales-comparison"}, "status": 200, "user": "db0fdd3ef09fda0a@lampenwelt.de", "timestamp": "2019-04-15T07:49:09.264050", "browser": "chrome", "browser-platform": "windows", "browser-version": "73.0.3683.103"}
{"method": "GET", "path": "/dashboards/_render_async_sql_query/f21c226b-56ed-4032-b8b1-3185d4723c0f", "endpoint": "dashboards.render_async_sql_query", "view-args": {"id": "f21c226b-56ed-4032-b8b1-3185d4723c0f"}, "status": 200, "user": "db0fdd3ef09fda0a@lampenwelt.de", "timestamp": "2019-04-15T07:49:09.559156", "browser": "chrome", "browser-platform": "windows", "browser-version": "73.0.3683.103"}
{"method": "GET", "path": "/dashboards/_render_async_sql_query/2df45761-5545-4480-9c64-ba122ebe6c23", "endpoint": "dashboards.render_async_sql_query", "view-args": {"id": "2df45761-5545-4480-9c64-ba122ebe6c23"}, "status": 200, "user": "db0fdd3ef09fda0a@lampenwelt.de", "timestamp": "2019-04-15T07:49:09.572576", "browser": "chrome", "browser-platform": "windows", "browser-version": "73.0.3683.103"}
{"method": "GET", "path": "/dashboards/_render_async_sql_query/83845e14-c36b-47ce-9ccf-4205fbd66413", "endpoint": "dashboards.render_async_sql_query", "view-args": {"id": "83845e14-c36b-47ce-9ccf-4205fbd66413"}, "status": 200, "user": "db0fdd3ef09fda0a@lampenwelt.de", "timestamp": "2019-04-15T07:49:09.574411", "browser": "chrome", "browser-platform": "windows", "browser-version": "73.0.3683.103"}
{"method": "GET", "path": "/dashboards/_last_marketing_cost/sales-comparison", "endpoint": "dashboards.last_marketing_cost", "view-args": {"id": "sales-comparison"}, "status": 200, "user": "db0fdd3ef09fda0a@lampenwelt.de", "timestamp": "2019-04-15T07:49:09.584231", "browser": "chrome", "browser-platform": "windows", "browser-version": "73.0.3683.103"}
{"method": "GET", "path": "/dashboards/_last_successful_import", "endpoint": "dashboards.last_successful_import", "view-args": {}, "status": 200, "user": "db0fdd3ef09fda0a@lampenwelt.de", "timestamp": "2019-04-15T07:49:09.590737", "browser": "chrome", "browser-platform": "windows", "browser-version": "73.0.3683.103"}
{"method": "GET", "path": "/dashboards/_render_async_sql_query/c4305302-4633-4a31-a510-f510830a46a8", "endpoint": "dashboards.render_async_sql_query", "view-args": {"id": "c4305302-4633-4a31-a510-f510830a46a8"}, "status": 200, "user": "db0fdd3ef09fda0a@lampenwelt.de", "timestamp": "2019-04-15T07:49:09.626173", "browser": "chrome", "browser-platform": "windows", "browser-version": "73.0.3683.103"}
{"method": "GET", "path": "/dashboards/_render_async_sql_query/749cc3ae-f055-4b3c-93fd-65bbe33f52b6", "endpoint": "dashboards.render_async_sql_query", "view-args": {"id": "749cc3ae-f055-4b3c-93fd-65bbe33f52b6"}, "status": 200, "user": "db0fdd3ef09fda0a@lampenwelt.de", "timestamp": "2019-04-15T07:49:09.711307", "browser": "chrome", "browser-platform": "windows", "browser-version": "73.0.3683.103"}
{"method": "GET", "path": "/dashboards/_render_async_sql_query/38ee1245-447c-4e49-bb06-f840831ebd17", "endpoint": "dashboards.render_async_sql_query", "view-args": {"id": "38ee1245-447c-4e49-bb06-f840831ebd17"}, "status": 200, "user": "db0fdd3ef09fda0a@lampenwelt.de", "timestamp": "2019-04-15T07:49:09.726246", "browser": "chrome", "browser-platform": "windows", "browser-version": "73.0.3683.103"}
{"method": "GET", "path": "/dashboards/_auto-complete/reporting.weekly_summary/sales_channel/", "endpoint": "dashboards.auto_complete", "view-args": {"table_name": "reporting.weekly_summary", "column_name": "sales_channel"}, "status": 200, "user": "db0fdd3ef09fda0a@lampenwelt.de", "timestamp": "2019-04-15T07:49:15.607244", "browser": "chrome", "browser-platform": "windows", "browser-version": "73.0.3683.103"}
{"method": "GET", "path": "/dashboards/_auto-complete/reporting.weekly_summary/sales_channel/pl", "endpoint": "dashboards.auto_complete", "view-args": {"table_name": "reporting.weekly_summary", "column_name": "sales_channel", "term": "pl"}, "status": 200, "user": "db0fdd3ef09fda0a@lampenwelt.de", "timestamp": "2019-04-15T07:49:17.425279", "browser": "chrome", "browser-platform": "windows", "browser-version": "73.0.3683.103"}
{"method": "POST", "path": "/dashboards/sales-comparison", "endpoint": "dashboards.view_dashboard", "view-args": {"id": "sales-comparison"}, "status": 200, "user": "db0fdd3ef09fda0a@lampenwelt.de", "timestamp": "2019-04-15T07:49:20.018025", "browser": "chrome", "browser-platform": "windows", "browser-version": "73.0.3683.103"}
{"method": "GET", "path": "/dashboards/_render_async_sql_query/48bf9d5d-44a8-4c1b-8b2e-dd68da757825", "endpoint": "dashboards.render_async_sql_query", "view-args": {"id": "48bf9d5d-44a8-4c1b-8b2e-dd68da757825"}, "status": 200, "user": "db0fdd3ef09fda0a@lampenwelt.de", "timestamp": "2019-04-15T07:49:20.292523", "browser": "chrome", "browser-platform": "windows", "browser-version": "73.0.3683.103"}
{"method": "GET", "path": "/dashboards/_render_async_sql_query/68580c7e-4a9e-4ed9-9049-d82f627de86d", "endpoint": "dashboards.render_async_sql_query", "view-args": {"id": "68580c7e-4a9e-4ed9-9049-d82f627de86d"}, "status": 200, "user": "db0fdd3ef09fda0a@lampenwelt.de", "timestamp": "2019-04-15T07:49:20.292693", "browser": "chrome", "browser-platform": "windows", "browser-version": "73.0.3683.103"}
{"method": "GET", "path": "/dashboards/_render_async_sql_query/36b00982-aa70-49bb-90b1-76ca95f0cbe7", "endpoint": "dashboards.render_async_sql_query", "view-args": {"id": "36b00982-aa70-49bb-90b1-76ca95f0cbe7"}, "status": 200, "user": "db0fdd3ef09fda0a@lampenwelt.de", "timestamp": "2019-04-15T07:49:20.300326", "browser": "chrome", "browser-platform": "windows", "browser-version": "73.0.3683.103"}
{"method": "GET", "path": "/dashboards/_last_marketing_cost/sales-comparison", "endpoint": "dashboards.last_marketing_cost", "view-args": {"id": "sales-comparison"}, "status": 200, "user": "db0fdd3ef09fda0a@lampenwelt.de", "timestamp": "2019-04-15T07:49:20.309372", "browser": "chrome", "browser-platform": "windows", "browser-version": "73.0.3683.103"}
{"method": "GET", "path": "/dashboards/_last_successful_import", "endpoint": "dashboards.last_successful_import", "view-args": {}, "status": 200, "user": "db0fdd3ef09fda0a@lampenwelt.de", "timestamp": "2019-04-15T07:49:20.318942", "browser": "chrome", "browser-platform": "windows", "browser-version": "73.0.3683.103"}
{"method": "GET", "path": "/dashboards/_render_async_sql_query/f291ee91-b9ce-4754-a0aa-0800ca817a34", "endpoint": "dashboards.render_async_sql_query", "view-args": {"id": "f291ee91-b9ce-4754-a0aa-0800ca817a34"}, "status": 200, "user": "db0fdd3ef09fda0a@lampenwelt.de", "timestamp": "2019-04-15T07:49:20.352041", "browser": "chrome", "browser-platform": "windows", "browser-version": "73.0.3683.103"}
{"method": "GET", "path": "/dashboards/_render_async_sql_query/5c886e2a-7cf7-442e-a009-db8338b77529", "endpoint": "dashboards.render_async_sql_query", "view-args": {"id": "5c886e2a-7cf7-442e-a009-db8338b77529"}, "status": 200, "user": "db0fdd3ef09fda0a@lampenwelt.de", "timestamp": "2019-04-15T07:49:20.409221", "browser": "chrome", "browser-platform": "windows", "browser-version": "73.0.3683.103"}
{"method": "GET", "path": "/dashboards/_render_async_sql_query/48d70ad7-a27f-45d9-8b7b-0adecec59941", "endpoint": "dashboards.render_async_sql_query", "view-args": {"id": "48d70ad7-a27f-45d9-8b7b-0adecec59941"}, "status": 200, "user": "db0fdd3ef09fda0a@lampenwelt.de", "timestamp": "2019-04-15T07:49:20.409514", "browser": "chrome", "browser-platform": "windows", "browser-version": "73.0.3683.103"}
{"method": "POST", "path": "/dashboards/sales-comparison", "endpoint": "dashboards.view_dashboard", "view-args": {"id": "sales-comparison"}, "status": 200, "user": "9635ba394a33875c@lampenwelt.de", "timestamp": "2019-04-15T07:51:46.286623", "browser": "chrome", "browser-platform": "windows", "browser-version": "73.0.3683.86"}
{"method": "GET", "path": "/dashboards/_render_async_sql_query/22b7453c-0240-4bd5-9664-0a8c7cb45760", "endpoint": "dashboards.render_async_sql_query", "view-args": {"id": "22b7453c-0240-4bd5-9664-0a8c7cb45760"}, "status": 200, "user": "9635ba394a33875c@lampenwelt.de", "timestamp": "2019-04-15T07:51:47.238712", "browser": "chrome", "browser-platform": "windows", "browser-version": "73.0.3683.86"}
{"method": "GET", "path": "/dashboards/_render_async_sql_query/f1ca5a71-57cf-4e36-9a07-3ab554d9b8a6", "endpoint": "dashboards.render_async_sql_query", "view-args": {"id": "f1ca5a71-57cf-4e36-9a07-3ab554d9b8a6"}, "status": 200, "user": "9635ba394a33875c@lampenwelt.de", "timestamp": "2019-04-15T07:51:47.264455", "browser": "chrome", "browser-platform": "windows", "browser-version": "73.0.3683.86"}
{"method": "GET", "path": "/dashboards/_render_async_sql_query/cc1377aa-e98d-4af4-a4ac-cf3e24b971ce", "endpoint": "dashboards.render_async_sql_query", "view-args": {"id": "cc1377aa-e98d-4af4-a4ac-cf3e24b971ce"}, "status": 200, "user": "9635ba394a33875c@lampenwelt.de", "timestamp": "2019-04-15T07:51:47.296358", "browser": "chrome", "browser-platform": "windows", "browser-version": "73.0.3683.86"}
{"method": "GET", "path": "/dashboards/_last_marketing_cost/sales-comparison", "endpoint": "dashboards.last_marketing_cost", "view-args": {"id": "sales-comparison"}, "status": 200, "user": "9635ba394a33875c@lampenwelt.de", "timestamp": "2019-04-15T07:51:47.344728", "browser": "chrome", "browser-platform": "windows", "browser-version": "73.0.3683.86"}
{"method": "GET", "path": "/dashboards/_last_successful_import", "endpoint": "dashboards.last_successful_import", "view-args": {}, "status": 200, "user": "9635ba394a33875c@lampenwelt.de", "timestamp": "2019-04-15T07:51:47.352094", "browser": "chrome", "browser-platform": "windows", "browser-version": "73.0.3683.86"}
{"method": "GET", "path": "/dashboards/_render_async_sql_query/b7248459-1015-4c5f-a3df-cb22c74c0984", "endpoint": "dashboards.render_async_sql_query", "view-args": {"id": "b7248459-1015-4c5f-a3df-cb22c74c0984"}, "status": 200, "user": "9635ba394a33875c@lampenwelt.de", "timestamp": "2019-04-15T07:51:47.457050", "browser": "chrome", "browser-platform": "windows", "browser-version": "73.0.3683.86"}
{"method": "GET", "path": "/dashboards/_render_async_sql_query/637327c2-9c85-4655-af51-fa26d70d1e2e", "endpoint": "dashboards.render_async_sql_query", "view-args": {"id": "637327c2-9c85-4655-af51-fa26d70d1e2e"}, "status": 200, "user": "9635ba394a33875c@lampenwelt.de", "timestamp": "2019-04-15T07:51:47.620626", "browser": "chrome", "browser-platform": "windows", "browser-version": "73.0.3683.86"}
{"method": "GET", "path": "/dashboards/_render_async_sql_query/42698a7f-a2cd-4c96-91fe-5807de81a4f3", "endpoint": "dashboards.render_async_sql_query", "view-args": {"id": "42698a7f-a2cd-4c96-91fe-5807de81a4f3"}, "status": 200, "user": "9635ba394a33875c@lampenwelt.de", "timestamp": "2019-04-15T07:51:47.659396", "browser": "chrome", "browser-platform": "windows", "browser-version": "73.0.3683.86"}
{"method": "POST", "path": "/dashboards/sales-comparison", "endpoint": "dashboards.view_dashboard", "view-args": {"id": "sales-comparison"}, "status": 200, "user": "9635ba394a33875c@lampenwelt.de", "timestamp": "2019-04-15T07:51:56.287899", "browser": "chrome", "browser-platform": "windows", "browser-version": "73.0.3683.86"}
{"method": "GET", "path": "/dashboards/_render_async_sql_query/94d08b99-baea-4415-b706-f00e26c0d88c", "endpoint": "dashboards.render_async_sql_query", "view-args": {"id": "94d08b99-baea-4415-b706-f00e26c0d88c"}, "status": 200, "user": "9635ba394a33875c@lampenwelt.de", "timestamp": "2019-04-15T07:51:56.564201", "browser": "chrome", "browser-platform": "windows", "browser-version": "73.0.3683.86"}
{"method": "GET", "path": "/dashboards/_render_async_sql_query/d29c375f-79c3-4e10-b4ee-7e0caadbd420", "endpoint": "dashboards.render_async_sql_query", "view-args": {"id": "d29c375f-79c3-4e10-b4ee-7e0caadbd420"}, "status": 200, "user": "9635ba394a33875c@lampenwelt.de", "timestamp": "2019-04-15T07:51:56.567686", "browser": "chrome", "browser-platform": "windows", "browser-version": "73.0.3683.86"}
{"method": "GET", "path": "/dashboards/_render_async_sql_query/0cbd4084-083a-48d7-815a-60e2ea993b8c", "endpoint": "dashboards.render_async_sql_query", "view-args": {"id": "0cbd4084-083a-48d7-815a-60e2ea993b8c"}, "status": 200, "user": "9635ba394a33875c@lampenwelt.de", "timestamp": "2019-04-15T07:51:56.571465", "browser": "chrome", "browser-platform": "windows", "browser-version": "73.0.3683.86"}
{"method": "GET", "path": "/dashboards/_last_marketing_cost/sales-comparison", "endpoint": "dashboards.last_marketing_cost", "view-args": {"id": "sales-comparison"}, "status": 200, "user": "9635ba394a33875c@lampenwelt.de", "timestamp": "2019-04-15T07:51:56.580149", "browser": "chrome", "browser-platform": "windows", "browser-version": "73.0.3683.86"}
{"method": "GET", "path": "/dashboards/_last_successful_import", "endpoint": "dashboards.last_successful_import", "view-args": {}, "status": 200, "user": "9635ba394a33875c@lampenwelt.de", "timestamp": "2019-04-15T07:51:56.585842", "browser": "chrome", "browser-platform": "windows", "browser-version": "73.0.3683.86"}
{"method": "GET", "path": "/dashboards/_render_async_sql_query/2658570c-5935-445d-a5e5-739f2be51e8c", "endpoint": "dashboards.render_async_sql_query", "view-args": {"id": "2658570c-5935-445d-a5e5-739f2be51e8c"}, "status": 200, "user": "9635ba394a33875c@lampenwelt.de", "timestamp": "2019-04-15T07:51:56.590500", "browser": "chrome", "browser-platform": "windows", "browser-version": "73.0.3683.86"}
{"method": "GET", "path": "/dashboards/_render_async_sql_query/002f6469-5026-4608-8eca-6184d0449056", "endpoint": "dashboards.render_async_sql_query", "view-args": {"id": "002f6469-5026-4608-8eca-6184d0449056"}, "status": 200, "user": "9635ba394a33875c@lampenwelt.de", "timestamp": "2019-04-15T07:51:56.653952", "browser": "chrome", "browser-platform": "windows", "browser-version": "73.0.3683.86"}
{"method": "GET", "path": "/dashboards/_render_async_sql_query/c798dad2-b221-437a-85e0-22f2c694ccc2", "endpoint": "dashboards.render_async_sql_query", "view-args": {"id": "c798dad2-b221-437a-85e0-22f2c694ccc2"}, "status": 200, "user": "9635ba394a33875c@lampenwelt.de", "timestamp": "2019-04-15T07:51:56.661467", "browser": "chrome", "browser-platform": "windows", "browser-version": "73.0.3683.86"}
{"method": "GET", "path": "/dashboards/_auto-complete/reporting.weekly_summary/sales_channel/", "endpoint": "dashboards.auto_complete", "view-args": {"table_name": "reporting.weekly_summary", "column_name": "sales_channel"}, "status": 200, "user": "9635ba394a33875c@lampenwelt.de", "timestamp": "2019-04-15T07:52:21.979031", "browser": "chrome", "browser-platform": "windows", "browser-version": "73.0.3683.86"}
{"method": "POST", "path": "/dashboards/sales-comparison", "endpoint": "dashboards.view_dashboard", "view-args": {"id": "sales-comparison"}, "status": 200, "user": "9635ba394a33875c@lampenwelt.de", "timestamp": "2019-04-15T07:52:27.883175", "browser": "chrome", "browser-platform": "windows", "browser-version": "73.0.3683.86"}
{"method": "GET", "path": "/dashboards/_render_async_sql_query/1cdbccb0-7b35-464b-8d36-1bd4f1cd4c23", "endpoint": "dashboards.render_async_sql_query", "view-args": {"id": "1cdbccb0-7b35-464b-8d36-1bd4f1cd4c23"}, "status": 200, "user": "9635ba394a33875c@lampenwelt.de", "timestamp": "2019-04-15T07:52:28.226575", "browser": "chrome", "browser-platform": "windows", "browser-version": "73.0.3683.86"}
{"method": "GET", "path": "/dashboards/_render_async_sql_query/f09837dd-aba7-45d8-9fff-083c55097440", "endpoint": "dashboards.render_async_sql_query", "view-args": {"id": "f09837dd-aba7-45d8-9fff-083c55097440"}, "status": 200, "user": "9635ba394a33875c@lampenwelt.de", "timestamp": "2019-04-15T07:52:28.244005", "browser": "chrome", "browser-platform": "windows", "browser-version": "73.0.3683.86"}
{"method": "GET", "path": "/dashboards/_render_async_sql_query/52f9ff66-8272-47c9-8b4a-ae216d66a594", "endpoint": "dashboards.render_async_sql_query", "view-args": {"id": "52f9ff66-8272-47c9-8b4a-ae216d66a594"}, "status": 200, "user": "9635ba394a33875c@lampenwelt.de", "timestamp": "2019-04-15T07:52:28.260515", "browser": "chrome", "browser-platform": "windows", "browser-version": "73.0.3683.86"}
{"method": "GET", "path": "/dashboards/_last_successful_import", "endpoint": "dashboards.last_successful_import", "view-args": {}, "status": 200, "user": "9635ba394a33875c@lampenwelt.de", "timestamp": "2019-04-15T07:52:28.262838", "browser": "chrome", "browser-platform": "windows", "browser-version": "73.0.3683.86"}
{"method": "GET", "path": "/dashboards/_last_marketing_cost/sales-comparison", "endpoint": "dashboards.last_marketing_cost", "view-args": {"id": "sales-comparison"}, "status": 200, "user": "9635ba394a33875c@lampenwelt.de", "timestamp": "2019-04-15T07:52:28.280149", "browser": "chrome", "browser-platform": "windows", "browser-version": "73.0.3683.86"}
{"method": "GET", "path": "/dashboards/_render_async_sql_query/cd5c8c04-cd31-48c6-9a6a-7372fdc4cf7f", "endpoint": "dashboards.render_async_sql_query", "view-args": {"id": "cd5c8c04-cd31-48c6-9a6a-7372fdc4cf7f"}, "status": 200, "user": "9635ba394a33875c@lampenwelt.de", "timestamp": "2019-04-15T07:52:28.300325", "browser": "chrome", "browser-platform": "windows", "browser-version": "73.0.3683.86"}
{"method": "GET", "path": "/dashboards/_render_async_sql_query/a7c18afe-927a-4566-af9c-f27da31ff203", "endpoint": "dashboards.render_async_sql_query", "view-args": {"id": "a7c18afe-927a-4566-af9c-f27da31ff203"}, "status": 200, "user": "9635ba394a33875c@lampenwelt.de", "timestamp": "2019-04-15T07:52:28.334039", "browser": "chrome", "browser-platform": "windows", "browser-version": "73.0.3683.86"}
{"method": "GET", "path": "/dashboards/_render_async_sql_query/23aa2cfc-d73e-47c2-8b88-86549d41b464", "endpoint": "dashboards.render_async_sql_query", "view-args": {"id": "23aa2cfc-d73e-47c2-8b88-86549d41b464"}, "status": 200, "user": "9635ba394a33875c@lampenwelt.de", "timestamp": "2019-04-15T07:52:28.364795", "browser": "chrome", "browser-platform": "windows", "browser-version": "73.0.3683.86"}
{"method": "GET", "path": "/dashboards/_auto-complete/reporting.weekly_summary/order_origin_name/", "endpoint": "dashboards.auto_complete", "view-args": {"table_name": "reporting.weekly_summary", "column_name": "order_origin_name"}, "status": 200, "user": "9635ba394a33875c@lampenwelt.de", "timestamp": "2019-04-15T07:53:09.744353", "browser": "chrome", "browser-platform": "windows", "browser-version": "73.0.3683.86"}
{"method": "POST", "path": "/dashboards/sales-comparison", "endpoint": "dashboards.view_dashboard", "view-args": {"id": "sales-comparison"}, "status": 200, "user": "9635ba394a33875c@lampenwelt.de", "timestamp": "2019-04-15T07:53:13.322165", "browser": "chrome", "browser-platform": "windows", "browser-version": "73.0.3683.86"}
{"method": "GET", "path": "/dashboards/_render_async_sql_query/bbdd5c33-eb0e-4b77-8bd1-b14ecc5228d5", "endpoint": "dashboards.render_async_sql_query", "view-args": {"id": "bbdd5c33-eb0e-4b77-8bd1-b14ecc5228d5"}, "status": 200, "user": "9635ba394a33875c@lampenwelt.de", "timestamp": "2019-04-15T07:53:13.633553", "browser": "chrome", "browser-platform": "windows", "browser-version": "73.0.3683.86"}
{"method": "GET", "path": "/dashboards/_render_async_sql_query/905d58b3-934b-424c-ac39-b8cc497aa0a2", "endpoint": "dashboards.render_async_sql_query", "view-args": {"id": "905d58b3-934b-424c-ac39-b8cc497aa0a2"}, "status": 200, "user": "9635ba394a33875c@lampenwelt.de", "timestamp": "2019-04-15T07:53:13.640882", "browser": "chrome", "browser-platform": "windows", "browser-version": "73.0.3683.86"}
{"method": "GET", "path": "/dashboards/_render_async_sql_query/cb950c34-6ab8-4c39-8cc7-e858a415116e", "endpoint": "dashboards.render_async_sql_query", "view-args": {"id": "cb950c34-6ab8-4c39-8cc7-e858a415116e"}, "status": 200, "user": "9635ba394a33875c@lampenwelt.de", "timestamp": "2019-04-15T07:53:13.641006", "browser": "chrome", "browser-platform": "windows", "browser-version": "73.0.3683.86"}
{"method": "GET", "path": "/dashboards/_last_marketing_cost/sales-comparison", "endpoint": "dashboards.last_marketing_cost", "view-args": {"id": "sales-comparison"}, "status": 200, "user": "9635ba394a33875c@lampenwelt.de", "timestamp": "2019-04-15T07:53:13.650322", "browser": "chrome", "browser-platform": "windows", "browser-version": "73.0.3683.86"}
{"method": "GET", "path": "/dashboards/_last_successful_import", "endpoint": "dashboards.last_successful_import", "view-args": {}, "status": 200, "user": "9635ba394a33875c@lampenwelt.de", "timestamp": "2019-04-15T07:53:13.657656", "browser": "chrome", "browser-platform": "windows", "browser-version": "73.0.3683.86"}
{"method": "GET", "path": "/dashboards/_render_async_sql_query/b005184a-e260-401a-a9d4-513c0fb87897", "endpoint": "dashboards.render_async_sql_query", "view-args": {"id": "b005184a-e260-401a-a9d4-513c0fb87897"}, "status": 200, "user": "9635ba394a33875c@lampenwelt.de", "timestamp": "2019-04-15T07:53:13.693684", "browser": "chrome", "browser-platform": "windows", "browser-version": "73.0.3683.86"}
{"method": "GET", "path": "/dashboards/_render_async_sql_query/80473bdf-76d6-4473-aa8b-e4115d4055e2", "endpoint": "dashboards.render_async_sql_query", "view-args": {"id": "80473bdf-76d6-4473-aa8b-e4115d4055e2"}, "status": 200, "user": "9635ba394a33875c@lampenwelt.de", "timestamp": "2019-04-15T07:53:13.739094", "browser": "chrome", "browser-platform": "windows", "browser-version": "73.0.3683.86"}
{"method": "GET", "path": "/dashboards/_render_async_sql_query/7fdbec7a-f5b7-46af-82ea-8fe3ba09e6bc", "endpoint": "dashboards.render_async_sql_query", "view-args": {"id": "7fdbec7a-f5b7-46af-82ea-8fe3ba09e6bc"}, "status": 200, "user": "9635ba394a33875c@lampenwelt.de", "timestamp": "2019-04-15T07:53:13.739527", "browser": "chrome", "browser-platform": "windows", "browser-version": "73.0.3683.86"}
{"method": "GET", "path": "/dashboards/_auto-complete/reporting.weekly_summary/order_origin_name/", "endpoint": "dashboards.auto_complete", "view-args": {"table_name": "reporting.weekly_summary", "column_name": "order_origin_name"}, "status": 200, "user": "9635ba394a33875c@lampenwelt.de", "timestamp": "2019-04-15T07:53:17.753853", "browser": "chrome", "browser-platform": "windows", "browser-version": "73.0.3683.86"}
{"method": "POST", "path": "/dashboards/sales-comparison", "endpoint": "dashboards.view_dashboard", "view-args": {"id": "sales-comparison"}, "status": 200, "user": "9635ba394a33875c@lampenwelt.de", "timestamp": "2019-04-15T07:53:27.748607", "browser": "chrome", "browser-platform": "windows", "browser-version": "73.0.3683.86"}
{"method": "GET", "path": "/dashboards/_render_async_sql_query/c8d6c1d6-ac9b-485f-a53b-ec195aaccefb", "endpoint": "dashboards.render_async_sql_query", "view-args": {"id": "c8d6c1d6-ac9b-485f-a53b-ec195aaccefb"}, "status": 200, "user": "9635ba394a33875c@lampenwelt.de", "timestamp": "2019-04-15T07:53:27.973231", "browser": "chrome", "browser-platform": "windows", "browser-version": "73.0.3683.86"}
{"method": "GET", "path": "/dashboards/_render_async_sql_query/2daea618-41ae-455a-958e-9965e607b3e3", "endpoint": "dashboards.render_async_sql_query", "view-args": {"id": "2daea618-41ae-455a-958e-9965e607b3e3"}, "status": 200, "user": "9635ba394a33875c@lampenwelt.de", "timestamp": "2019-04-15T07:53:27.977796", "browser": "chrome", "browser-platform": "windows", "browser-version": "73.0.3683.86"}
{"method": "GET", "path": "/dashboards/_render_async_sql_query/fb0be2ce-1653-41ee-80c7-158fe37fc754", "endpoint": "dashboards.render_async_sql_query", "view-args": {"id": "fb0be2ce-1653-41ee-80c7-158fe37fc754"}, "status": 200, "user": "9635ba394a33875c@lampenwelt.de", "timestamp": "2019-04-15T07:53:27.979014", "browser": "chrome", "browser-platform": "windows", "browser-version": "73.0.3683.86"}
{"method": "GET", "path": "/dashboards/_last_marketing_cost/sales-comparison", "endpoint": "dashboards.last_marketing_cost", "view-args": {"id": "sales-comparison"}, "status": 200, "user": "9635ba394a33875c@lampenwelt.de", "timestamp": "2019-04-15T07:53:27.988592", "browser": "chrome", "browser-platform": "windows", "browser-version": "73.0.3683.86"}
{"method": "GET", "path": "/dashboards/_last_successful_import", "endpoint": "dashboards.last_successful_import", "view-args": {}, "status": 200, "user": "9635ba394a33875c@lampenwelt.de", "timestamp": "2019-04-15T07:53:27.996465", "browser": "chrome", "browser-platform": "windows", "browser-version": "73.0.3683.86"}
{"method": "GET", "path": "/dashboards/_render_async_sql_query/e8344f41-6475-4bc6-843f-e41ad9904433", "endpoint": "dashboards.render_async_sql_query", "view-args": {"id": "e8344f41-6475-4bc6-843f-e41ad9904433"}, "status": 200, "user": "9635ba394a33875c@lampenwelt.de", "timestamp": "2019-04-15T07:53:28.001060", "browser": "chrome", "browser-platform": "windows", "browser-version": "73.0.3683.86"}
{"method": "GET", "path": "/dashboards/_render_async_sql_query/178da057-286e-4150-8a5e-8f825f3c1a5f", "endpoint": "dashboards.render_async_sql_query", "view-args": {"id": "178da057-286e-4150-8a5e-8f825f3c1a5f"}, "status": 200, "user": "9635ba394a33875c@lampenwelt.de", "timestamp": "2019-04-15T07:53:28.037144", "browser": "chrome", "browser-platform": "windows", "browser-version": "73.0.3683.86"}
{"method": "GET", "path": "/dashboards/_render_async_sql_query/acf9e41e-36a1-4eb8-baf2-2ade7210162c", "endpoint": "dashboards.render_async_sql_query", "view-args": {"id": "acf9e41e-36a1-4eb8-baf2-2ade7210162c"}, "status": 200, "user": "9635ba394a33875c@lampenwelt.de", "timestamp": "2019-04-15T07:53:28.045532", "browser": "chrome", "browser-platform": "windows", "browser-version": "73.0.3683.86"}
{"method": "GET", "path": "/dashboards/_auto-complete/reporting.weekly_summary/sales_channel/", "endpoint": "dashboards.auto_complete", "view-args": {"table_name": "reporting.weekly_summary", "column_name": "sales_channel"}, "status": 200, "user": "9635ba394a33875c@lampenwelt.de", "timestamp": "2019-04-15T07:54:03.399662", "browser": "chrome", "browser-platform": "windows", "browser-version": "73.0.3683.86"}
{"method": "POST", "path": "/dashboards/sales-comparison", "endpoint": "dashboards.view_dashboard", "view-args": {"id": "sales-comparison"}, "status": 200, "user": "9635ba394a33875c@lampenwelt.de", "timestamp": "2019-04-15T07:54:07.671393", "browser": "chrome", "browser-platform": "windows", "browser-version": "73.0.3683.86"}
{"method": "GET", "path": "/dashboards/_render_async_sql_query/962548b8-85c4-41b2-a10c-349a2711cb92", "endpoint": "dashboards.render_async_sql_query", "view-args": {"id": "962548b8-85c4-41b2-a10c-349a2711cb92"}, "status": 200, "user": "9635ba394a33875c@lampenwelt.de", "timestamp": "2019-04-15T07:54:07.954103", "browser": "chrome", "browser-platform": "windows", "browser-version": "73.0.3683.86"}
{"method": "GET", "path": "/dashboards/_render_async_sql_query/d46bf58c-5e6c-4c59-93d9-03008490b73c", "endpoint": "dashboards.render_async_sql_query", "view-args": {"id": "d46bf58c-5e6c-4c59-93d9-03008490b73c"}, "status": 200, "user": "9635ba394a33875c@lampenwelt.de", "timestamp": "2019-04-15T07:54:07.964054", "browser": "chrome", "browser-platform": "windows", "browser-version": "73.0.3683.86"}
{"method": "GET", "path": "/dashboards/_render_async_sql_query/799c6f86-7c2a-431c-9bab-545168c6e2e0", "endpoint": "dashboards.render_async_sql_query", "view-args": {"id": "799c6f86-7c2a-431c-9bab-545168c6e2e0"}, "status": 200, "user": "9635ba394a33875c@lampenwelt.de", "timestamp": "2019-04-15T07:54:07.964562", "browser": "chrome", "browser-platform": "windows", "browser-version": "73.0.3683.86"}
{"method": "GET", "path": "/dashboards/_last_marketing_cost/sales-comparison", "endpoint": "dashboards.last_marketing_cost", "view-args": {"id": "sales-comparison"}, "status": 200, "user": "9635ba394a33875c@lampenwelt.de", "timestamp": "2019-04-15T07:54:07.971979", "browser": "chrome", "browser-platform": "windows", "browser-version": "73.0.3683.86"}
{"method": "GET", "path": "/dashboards/_last_successful_import", "endpoint": "dashboards.last_successful_import", "view-args": {}, "status": 200, "user": "9635ba394a33875c@lampenwelt.de", "timestamp": "2019-04-15T07:54:07.980405", "browser": "chrome", "browser-platform": "windows", "browser-version": "73.0.3683.86"}
{"method": "GET", "path": "/dashboards/_render_async_sql_query/d4f74ef7-db12-4470-abcc-0adb09e4d5b1", "endpoint": "dashboards.render_async_sql_query", "view-args": {"id": "d4f74ef7-db12-4470-abcc-0adb09e4d5b1"}, "status": 200, "user": "9635ba394a33875c@lampenwelt.de", "timestamp": "2019-04-15T07:54:07.983458", "browser": "chrome", "browser-platform": "windows", "browser-version": "73.0.3683.86"}
{"method": "GET", "path": "/dashboards/_render_async_sql_query/5a336bea-3f9f-41c5-badc-5c9fcb939bc6", "endpoint": "dashboards.render_async_sql_query", "view-args": {"id": "5a336bea-3f9f-41c5-badc-5c9fcb939bc6"}, "status": 200, "user": "9635ba394a33875c@lampenwelt.de", "timestamp": "2019-04-15T07:54:08.012170", "browser": "chrome", "browser-platform": "windows", "browser-version": "73.0.3683.86"}
{"method": "GET", "path": "/dashboards/_render_async_sql_query/855a232e-f07e-43ea-bb87-e308334ad7d1", "endpoint": "dashboards.render_async_sql_query", "view-args": {"id": "855a232e-f07e-43ea-bb87-e308334ad7d1"}, "status": 200, "user": "9635ba394a33875c@lampenwelt.de", "timestamp": "2019-04-15T07:54:08.034125", "browser": "chrome", "browser-platform": "windows", "browser-version": "73.0.3683.86"}
