{"method": "GET", "path": "/", "endpoint": "start_page.start_page", "view-args": {}, "status": 302, "user": "78b858772f907e50@lampenwelt.de", "timestamp": "2019-04-03T17:47:42.999409", "browser": "chrome", "browser-platform": "windows", "browser-version": "73.0.3683.86"}
{"method": "GET", "path": "/dashboards/marketing-overview", "endpoint": "dashboards.view_dashboard", "view-args": {"id": "marketing-overview"}, "status": 200, "user": "78b858772f907e50@lampenwelt.de", "timestamp": "2019-04-03T17:47:43.204367", "browser": "chrome", "browser-platform": "windows", "browser-version": "73.0.3683.86"}
{"method": "GET", "path": "/", "endpoint": "start_page.start_page", "view-args": {}, "status": 302, "user": "78b858772f907e50@lampenwelt.de", "timestamp": "2019-04-03T17:47:43.371215", "browser": "chrome", "browser-platform": "windows", "browser-version": "73.0.3683.86"}
{"method": "GET", "path": "/dashboards/marketing-overview", "endpoint": "dashboards.view_dashboard", "view-args": {"id": "marketing-overview"}, "status": 200, "user": "78b858772f907e50@lampenwelt.de", "timestamp": "2019-04-03T17:47:43.563211", "browser": "chrome", "browser-platform": "windows", "browser-version": "73.0.3683.86"}
{"method": "GET", "path": "/dashboards/_render_async_sql_query/5a56281d-5727-48ae-8330-a4f73f62b689", "endpoint": "dashboards.render_async_sql_query", "view-args": {"id": "5a56281d-5727-48ae-8330-a4f73f62b689"}, "status": 500, "user": "78b858772f907e50@lampenwelt.de", "timestamp": "2019-04-03T17:47:44.069691", "browser": "chrome", "browser-platform": "windows", "browser-version": "73.0.3683.86"}
{"method": "GET", "path": "/dashboards/_render_async_sql_query/cd6d0b95-9a6a-4757-8ce8-6fc2028c0a23", "endpoint": "dashboards.render_async_sql_query", "view-args": {"id": "cd6d0b95-9a6a-4757-8ce8-6fc2028c0a23"}, "status": 500, "user": "78b858772f907e50@lampenwelt.de", "timestamp": "2019-04-03T17:47:44.090503", "browser": "chrome", "browser-platform": "windows", "browser-version": "73.0.3683.86"}
{"method": "GET", "path": "/dashboards/_render_async_sql_query/38222251-11b6-491c-9ec0-2dad5f40fd11", "endpoint": "dashboards.render_async_sql_query", "view-args": {"id": "38222251-11b6-491c-9ec0-2dad5f40fd11"}, "status": 500, "user": "78b858772f907e50@lampenwelt.de", "timestamp": "2019-04-03T17:47:44.104263", "browser": "chrome", "browser-platform": "windows", "browser-version": "73.0.3683.86"}
{"method": "GET", "path": "/dashboards/_last_successful_import", "endpoint": "dashboards.last_successful_import", "view-args": {}, "status": 200, "user": "78b858772f907e50@lampenwelt.de", "timestamp": "2019-04-03T17:47:44.106111", "browser": "chrome", "browser-platform": "windows", "browser-version": "73.0.3683.86"}
{"method": "GET", "path": "/dashboards/_render_async_sql_query/b4d508ea-c259-4389-8536-450cbbb00812", "endpoint": "dashboards.render_async_sql_query", "view-args": {"id": "b4d508ea-c259-4389-8536-450cbbb00812"}, "status": 500, "user": "78b858772f907e50@lampenwelt.de", "timestamp": "2019-04-03T17:47:44.117252", "browser": "chrome", "browser-platform": "windows", "browser-version": "73.0.3683.86"}
{"method": "GET", "path": "/dashboards/_last_marketing_cost/marketing-overview", "endpoint": "dashboards.last_marketing_cost", "view-args": {"id": "marketing-overview"}, "status": 200, "user": "78b858772f907e50@lampenwelt.de", "timestamp": "2019-04-03T17:47:44.121454", "browser": "chrome", "browser-platform": "windows", "browser-version": "73.0.3683.86"}
{"method": "GET", "path": "/dashboards/_render_async_sql_query/37e5f109-a35f-4867-9af9-ce4c6e207732", "endpoint": "dashboards.render_async_sql_query", "view-args": {"id": "37e5f109-a35f-4867-9af9-ce4c6e207732"}, "status": 500, "user": "78b858772f907e50@lampenwelt.de", "timestamp": "2019-04-03T17:47:44.298538", "browser": "chrome", "browser-platform": "windows", "browser-version": "73.0.3683.86"}
{"method": "GET", "path": "/dashboards/_render_async_sql_query/fad274b9-99bf-45ec-83e2-53251e03c06c", "endpoint": "dashboards.render_async_sql_query", "view-args": {"id": "fad274b9-99bf-45ec-83e2-53251e03c06c"}, "status": 500, "user": "78b858772f907e50@lampenwelt.de", "timestamp": "2019-04-03T17:47:44.303310", "browser": "chrome", "browser-platform": "windows", "browser-version": "73.0.3683.86"}
{"method": "GET", "path": "/dashboards/_render_async_sql_query/26fcb271-816a-45a3-8a8c-942baf9e6820", "endpoint": "dashboards.render_async_sql_query", "view-args": {"id": "26fcb271-816a-45a3-8a8c-942baf9e6820"}, "status": 500, "user": "78b858772f907e50@lampenwelt.de", "timestamp": "2019-04-03T17:47:44.308875", "browser": "chrome", "browser-platform": "windows", "browser-version": "73.0.3683.86"}
{"method": "GET", "path": "/dashboards/_render_async_sql_query/2ad508ad-0b07-46ff-ae4f-bb760a3b28b5", "endpoint": "dashboards.render_async_sql_query", "view-args": {"id": "2ad508ad-0b07-46ff-ae4f-bb760a3b28b5"}, "status": 500, "user": "78b858772f907e50@lampenwelt.de", "timestamp": "2019-04-03T17:47:44.333877", "browser": "chrome", "browser-platform": "windows", "browser-version": "73.0.3683.86"}
{"method": "GET", "path": "/dashboards/_render_async_sql_query/6bae3f3b-958a-4a46-bc4b-2abb81e58145", "endpoint": "dashboards.render_async_sql_query", "view-args": {"id": "6bae3f3b-958a-4a46-bc4b-2abb81e58145"}, "status": 200, "user": "78b858772f907e50@lampenwelt.de", "timestamp": "2019-04-03T17:47:44.348532", "browser": "chrome", "browser-platform": "windows", "browser-version": "73.0.3683.86"}
{"method": "GET", "path": "/dashboards/_render_async_sql_query/1cbaf48e-1fa4-4180-a536-a9fee2189631", "endpoint": "dashboards.render_async_sql_query", "view-args": {"id": "1cbaf48e-1fa4-4180-a536-a9fee2189631"}, "status": 500, "user": "78b858772f907e50@lampenwelt.de", "timestamp": "2019-04-03T17:47:44.352675", "browser": "chrome", "browser-platform": "windows", "browser-version": "73.0.3683.86"}
{"method": "GET", "path": "/dashboards/_render_async_sql_query/d22c1b44-a672-4ecc-8eb2-d908bac3c551", "endpoint": "dashboards.render_async_sql_query", "view-args": {"id": "d22c1b44-a672-4ecc-8eb2-d908bac3c551"}, "status": 500, "user": "78b858772f907e50@lampenwelt.de", "timestamp": "2019-04-03T17:47:44.368483", "browser": "chrome", "browser-platform": "windows", "browser-version": "73.0.3683.86"}
{"method": "GET", "path": "/dashboards/_render_async_sql_query/75afab69-a479-458f-9d94-049518a51868", "endpoint": "dashboards.render_async_sql_query", "view-args": {"id": "75afab69-a479-458f-9d94-049518a51868"}, "status": 500, "user": "78b858772f907e50@lampenwelt.de", "timestamp": "2019-04-03T17:47:44.519991", "browser": "chrome", "browser-platform": "windows", "browser-version": "73.0.3683.86"}
{"method": "GET", "path": "/dashboards/_render_async_sql_query/27dc2e8e-8521-4908-8c4b-14eccfb888f7", "endpoint": "dashboards.render_async_sql_query", "view-args": {"id": "27dc2e8e-8521-4908-8c4b-14eccfb888f7"}, "status": 200, "user": "78b858772f907e50@lampenwelt.de", "timestamp": "2019-04-03T17:47:44.520911", "browser": "chrome", "browser-platform": "windows", "browser-version": "73.0.3683.86"}
{"method": "GET", "path": "/dashboards/_render_async_sql_query/23770198-74fc-4472-a255-954d04de4f48", "endpoint": "dashboards.render_async_sql_query", "view-args": {"id": "23770198-74fc-4472-a255-954d04de4f48"}, "status": 200, "user": "78b858772f907e50@lampenwelt.de", "timestamp": "2019-04-03T17:47:44.526786", "browser": "chrome", "browser-platform": "windows", "browser-version": "73.0.3683.86"}
{"method": "GET", "path": "/dashboards/_render_async_sql_query/7a2bc952-71c0-4fcc-99c1-bf16209c7940", "endpoint": "dashboards.render_async_sql_query", "view-args": {"id": "7a2bc952-71c0-4fcc-99c1-bf16209c7940"}, "status": 200, "user": "78b858772f907e50@lampenwelt.de", "timestamp": "2019-04-03T17:47:44.535984", "browser": "chrome", "browser-platform": "windows", "browser-version": "73.0.3683.86"}
{"method": "GET", "path": "/dashboards/_render_async_sql_query/601e24e2-2c3f-43cc-8a97-059eb9529db3", "endpoint": "dashboards.render_async_sql_query", "view-args": {"id": "601e24e2-2c3f-43cc-8a97-059eb9529db3"}, "status": 200, "user": "78b858772f907e50@lampenwelt.de", "timestamp": "2019-04-03T17:47:44.579192", "browser": "chrome", "browser-platform": "windows", "browser-version": "73.0.3683.86"}
{"method": "GET", "path": "/data-integration", "endpoint": "data_integration.node_page", "view-args": {"path": ""}, "status": 200, "user": "78b858772f907e50@lampenwelt.de", "timestamp": "2019-04-03T17:47:54.538571", "browser": "chrome", "browser-platform": "windows", "browser-version": "73.0.3683.86"}
{"method": "GET", "path": "/data-integration/run-time-chart", "endpoint": "data_integration.run_time_chart", "view-args": {"path": ""}, "status": 200, "user": "78b858772f907e50@lampenwelt.de", "timestamp": "2019-04-03T17:47:54.720898", "browser": "chrome", "browser-platform": "windows", "browser-version": "73.0.3683.86"}
{"method": "GET", "path": "/data-integration/pipeline-children-table", "endpoint": "data_integration.pipeline_children_table", "view-args": {"path": ""}, "status": 200, "user": "78b858772f907e50@lampenwelt.de", "timestamp": "2019-04-03T17:47:54.722107", "browser": "chrome", "browser-platform": "windows", "browser-version": "73.0.3683.86"}
{"method": "GET", "path": "/data-integration/last-runs-selector", "endpoint": "data_integration.last_runs_selector", "view-args": {"path": ""}, "status": 200, "user": "78b858772f907e50@lampenwelt.de", "timestamp": "2019-04-03T17:47:54.742435", "browser": "chrome", "browser-platform": "windows", "browser-version": "73.0.3683.86"}
{"method": "GET", "path": "/data-integration/dependency-graph", "endpoint": "data_integration.dependency_graph", "view-args": {"path": ""}, "status": 200, "user": "78b858772f907e50@lampenwelt.de", "timestamp": "2019-04-03T17:47:54.787044", "browser": "chrome", "browser-platform": "windows", "browser-version": "73.0.3683.86"}
{"method": "GET", "path": "/data-integration/timeline-chart", "endpoint": "data_integration.timeline_chart", "view-args": {"path": "", "run_id": null}, "status": 200, "user": "78b858772f907e50@lampenwelt.de", "timestamp": "2019-04-03T17:47:54.819100", "browser": "chrome", "browser-platform": "windows", "browser-version": "73.0.3683.86"}
{"method": "GET", "path": "/data-integration/run-output-limited", "endpoint": "data_integration.run_output", "view-args": {"path": "", "run_id": null, "limit": true}, "status": 200, "user": "78b858772f907e50@lampenwelt.de", "timestamp": "2019-04-03T17:47:54.819107", "browser": "chrome", "browser-platform": "windows", "browser-version": "73.0.3683.86"}
{"method": "GET", "path": "/data-integration/system-stats", "endpoint": "data_integration.system_stats", "view-args": {"path": "", "run_id": null}, "status": 200, "user": "78b858772f907e50@lampenwelt.de", "timestamp": "2019-04-03T17:47:54.819165", "browser": "chrome", "browser-platform": "windows", "browser-version": "73.0.3683.86"}
{"method": "GET", "path": "/", "endpoint": "start_page.start_page", "view-args": {}, "status": 302, "user": "e5063e1f25c24f00@lampenwelt.de", "timestamp": "2019-04-03T17:47:57.715858", "browser": "chrome", "browser-platform": "windows", "browser-version": "73.0.3683.86"}
{"method": "GET", "path": "/dashboards/marketing-overview", "endpoint": "dashboards.view_dashboard", "view-args": {"id": "marketing-overview"}, "status": 200, "user": "e5063e1f25c24f00@lampenwelt.de", "timestamp": "2019-04-03T17:47:57.931885", "browser": "chrome", "browser-platform": "windows", "browser-version": "73.0.3683.86"}
{"method": "GET", "path": "/dashboards/_render_async_sql_query/bdf0af69-67bb-4ca6-9ca7-e2b084a1c825", "endpoint": "dashboards.render_async_sql_query", "view-args": {"id": "bdf0af69-67bb-4ca6-9ca7-e2b084a1c825"}, "status": 500, "user": "e5063e1f25c24f00@lampenwelt.de", "timestamp": "2019-04-03T17:47:58.688780", "browser": "chrome", "browser-platform": "windows", "browser-version": "73.0.3683.86"}
{"method": "GET", "path": "/dashboards/_render_async_sql_query/be4c9edb-3243-4f53-8f58-caab278b52c0", "endpoint": "dashboards.render_async_sql_query", "view-args": {"id": "be4c9edb-3243-4f53-8f58-caab278b52c0"}, "status": 500, "user": "e5063e1f25c24f00@lampenwelt.de", "timestamp": "2019-04-03T17:47:58.694775", "browser": "chrome", "browser-platform": "windows", "browser-version": "73.0.3683.86"}
{"method": "GET", "path": "/dashboards/_render_async_sql_query/fb136647-226b-4de8-a08b-1fa1620497f9", "endpoint": "dashboards.render_async_sql_query", "view-args": {"id": "fb136647-226b-4de8-a08b-1fa1620497f9"}, "status": 500, "user": "e5063e1f25c24f00@lampenwelt.de", "timestamp": "2019-04-03T17:47:58.697114", "browser": "chrome", "browser-platform": "windows", "browser-version": "73.0.3683.86"}
{"method": "GET", "path": "/dashboards/_last_successful_import", "endpoint": "dashboards.last_successful_import", "view-args": {}, "status": 200, "user": "e5063e1f25c24f00@lampenwelt.de", "timestamp": "2019-04-03T17:47:58.707797", "browser": "chrome", "browser-platform": "windows", "browser-version": "73.0.3683.86"}
{"method": "GET", "path": "/dashboards/_last_marketing_cost/marketing-overview", "endpoint": "dashboards.last_marketing_cost", "view-args": {"id": "marketing-overview"}, "status": 200, "user": "e5063e1f25c24f00@lampenwelt.de", "timestamp": "2019-04-03T17:47:58.713128", "browser": "chrome", "browser-platform": "windows", "browser-version": "73.0.3683.86"}
{"method": "GET", "path": "/dashboards/_render_async_sql_query/1047c052-efe7-4387-9a52-8b1392bb0450", "endpoint": "dashboards.render_async_sql_query", "view-args": {"id": "1047c052-efe7-4387-9a52-8b1392bb0450"}, "status": 500, "user": "e5063e1f25c24f00@lampenwelt.de", "timestamp": "2019-04-03T17:47:58.720979", "browser": "chrome", "browser-platform": "windows", "browser-version": "73.0.3683.86"}
{"method": "GET", "path": "/dashboards/_render_async_sql_query/9f78ba8e-24a1-401c-989f-5fbdf211a033", "endpoint": "dashboards.render_async_sql_query", "view-args": {"id": "9f78ba8e-24a1-401c-989f-5fbdf211a033"}, "status": 500, "user": "e5063e1f25c24f00@lampenwelt.de", "timestamp": "2019-04-03T17:47:58.932575", "browser": "chrome", "browser-platform": "windows", "browser-version": "73.0.3683.86"}
{"method": "GET", "path": "/dashboards/_render_async_sql_query/2779dc4e-0259-4e71-85be-bf4ce46e8523", "endpoint": "dashboards.render_async_sql_query", "view-args": {"id": "2779dc4e-0259-4e71-85be-bf4ce46e8523"}, "status": 500, "user": "e5063e1f25c24f00@lampenwelt.de", "timestamp": "2019-04-03T17:47:59.008931", "browser": "chrome", "browser-platform": "windows", "browser-version": "73.0.3683.86"}
{"method": "GET", "path": "/dashboards/_render_async_sql_query/c967d703-e6f7-466d-9e48-cde0a978267b", "endpoint": "dashboards.render_async_sql_query", "view-args": {"id": "c967d703-e6f7-466d-9e48-cde0a978267b"}, "status": 500, "user": "e5063e1f25c24f00@lampenwelt.de", "timestamp": "2019-04-03T17:47:59.009990", "browser": "chrome", "browser-platform": "windows", "browser-version": "73.0.3683.86"}
{"method": "GET", "path": "/dashboards/_render_async_sql_query/181a0036-f72c-4764-8526-61793afaf466", "endpoint": "dashboards.render_async_sql_query", "view-args": {"id": "181a0036-f72c-4764-8526-61793afaf466"}, "status": 500, "user": "e5063e1f25c24f00@lampenwelt.de", "timestamp": "2019-04-03T17:47:59.012295", "browser": "chrome", "browser-platform": "windows", "browser-version": "73.0.3683.86"}
{"method": "GET", "path": "/dashboards/_render_async_sql_query/667b004b-f058-4769-ae3c-74c6fa608fab", "endpoint": "dashboards.render_async_sql_query", "view-args": {"id": "667b004b-f058-4769-ae3c-74c6fa608fab"}, "status": 500, "user": "e5063e1f25c24f00@lampenwelt.de", "timestamp": "2019-04-03T17:47:59.038623", "browser": "chrome", "browser-platform": "windows", "browser-version": "73.0.3683.86"}
{"method": "GET", "path": "/dashboards/_render_async_sql_query/a6168736-f166-4da6-ba0a-21b200f4a317", "endpoint": "dashboards.render_async_sql_query", "view-args": {"id": "a6168736-f166-4da6-ba0a-21b200f4a317"}, "status": 200, "user": "e5063e1f25c24f00@lampenwelt.de", "timestamp": "2019-04-03T17:47:59.063858", "browser": "chrome", "browser-platform": "windows", "browser-version": "73.0.3683.86"}
{"method": "GET", "path": "/dashboards/_render_async_sql_query/69c1a78b-f5c2-4274-a5f2-06d05275428d", "endpoint": "dashboards.render_async_sql_query", "view-args": {"id": "69c1a78b-f5c2-4274-a5f2-06d05275428d"}, "status": 500, "user": "e5063e1f25c24f00@lampenwelt.de", "timestamp": "2019-04-03T17:47:59.081554", "browser": "chrome", "browser-platform": "windows", "browser-version": "73.0.3683.86"}
{"method": "GET", "path": "/dashboards/_render_async_sql_query/b9917b91-3c02-4b9a-a240-7e52b165331c", "endpoint": "dashboards.render_async_sql_query", "view-args": {"id": "b9917b91-3c02-4b9a-a240-7e52b165331c"}, "status": 200, "user": "e5063e1f25c24f00@lampenwelt.de", "timestamp": "2019-04-03T17:47:59.096102", "browser": "chrome", "browser-platform": "windows", "browser-version": "73.0.3683.86"}
{"method": "GET", "path": "/dashboards/_render_async_sql_query/b21707f2-0f0b-4353-9798-30e1f6eaa6b6", "endpoint": "dashboards.render_async_sql_query", "view-args": {"id": "b21707f2-0f0b-4353-9798-30e1f6eaa6b6"}, "status": 500, "user": "e5063e1f25c24f00@lampenwelt.de", "timestamp": "2019-04-03T17:47:59.103326", "browser": "chrome", "browser-platform": "windows", "browser-version": "73.0.3683.86"}
{"method": "GET", "path": "/dashboards/_render_async_sql_query/0bc51b1e-5c45-4be0-995f-3d354695f112", "endpoint": "dashboards.render_async_sql_query", "view-args": {"id": "0bc51b1e-5c45-4be0-995f-3d354695f112"}, "status": 200, "user": "e5063e1f25c24f00@lampenwelt.de", "timestamp": "2019-04-03T17:47:59.103246", "browser": "chrome", "browser-platform": "windows", "browser-version": "73.0.3683.86"}
{"method": "GET", "path": "/dashboards/_render_async_sql_query/b4af85e9-67da-4eb5-a36e-54f3af31b8d2", "endpoint": "dashboards.render_async_sql_query", "view-args": {"id": "b4af85e9-67da-4eb5-a36e-54f3af31b8d2"}, "status": 200, "user": "e5063e1f25c24f00@lampenwelt.de", "timestamp": "2019-04-03T17:47:59.321083", "browser": "chrome", "browser-platform": "windows", "browser-version": "73.0.3683.86"}
{"method": "GET", "path": "/dashboards/_render_async_sql_query/68ddfe21-171f-45e8-9db1-08616edf8e26", "endpoint": "dashboards.render_async_sql_query", "view-args": {"id": "68ddfe21-171f-45e8-9db1-08616edf8e26"}, "status": 200, "user": "e5063e1f25c24f00@lampenwelt.de", "timestamp": "2019-04-03T17:47:59.327923", "browser": "chrome", "browser-platform": "windows", "browser-version": "73.0.3683.86"}
{"method": "GET", "path": "/data-integration/data_transformation", "endpoint": "data_integration.node_page", "view-args": {"path": "data_transformation"}, "status": 200, "user": "78b858772f907e50@lampenwelt.de", "timestamp": "2019-04-03T17:48:05.437821", "browser": "chrome", "browser-platform": "windows", "browser-version": "73.0.3683.86"}
{"method": "GET", "path": "/data-integration/data_transformation/dependency-graph", "endpoint": "data_integration.dependency_graph", "view-args": {"path": "data_transformation"}, "status": 200, "user": "78b858772f907e50@lampenwelt.de", "timestamp": "2019-04-03T17:48:05.583513", "browser": "chrome", "browser-platform": "windows", "browser-version": "73.0.3683.86"}
{"method": "GET", "path": "/data-integration/data_transformation/pipeline-children-table", "endpoint": "data_integration.pipeline_children_table", "view-args": {"path": "data_transformation"}, "status": 200, "user": "78b858772f907e50@lampenwelt.de", "timestamp": "2019-04-03T17:48:05.585018", "browser": "chrome", "browser-platform": "windows", "browser-version": "73.0.3683.86"}
{"method": "GET", "path": "/data-integration/data_transformation/run-time-chart", "endpoint": "data_integration.run_time_chart", "view-args": {"path": "data_transformation"}, "status": 200, "user": "78b858772f907e50@lampenwelt.de", "timestamp": "2019-04-03T17:48:05.586872", "browser": "chrome", "browser-platform": "windows", "browser-version": "73.0.3683.86"}
{"method": "GET", "path": "/data-integration/data_transformation/last-runs-selector", "endpoint": "data_integration.last_runs_selector", "view-args": {"path": "data_transformation"}, "status": 200, "user": "78b858772f907e50@lampenwelt.de", "timestamp": "2019-04-03T17:48:05.602814", "browser": "chrome", "browser-platform": "windows", "browser-version": "73.0.3683.86"}
{"method": "GET", "path": "/data-integration/data_transformation/timeline-chart", "endpoint": "data_integration.timeline_chart", "view-args": {"path": "data_transformation", "run_id": null}, "status": 200, "user": "78b858772f907e50@lampenwelt.de", "timestamp": "2019-04-03T17:48:05.606660", "browser": "chrome", "browser-platform": "windows", "browser-version": "73.0.3683.86"}
{"method": "GET", "path": "/data-integration/data_transformation/system-stats", "endpoint": "data_integration.system_stats", "view-args": {"path": "data_transformation", "run_id": null}, "status": 200, "user": "78b858772f907e50@lampenwelt.de", "timestamp": "2019-04-03T17:48:05.607204", "browser": "chrome", "browser-platform": "windows", "browser-version": "73.0.3683.86"}
{"method": "GET", "path": "/data-integration/data_transformation/run-output-limited", "endpoint": "data_integration.run_output", "view-args": {"path": "data_transformation", "run_id": null, "limit": true}, "status": 200, "user": "78b858772f907e50@lampenwelt.de", "timestamp": "2019-04-03T17:48:05.625923", "browser": "chrome", "browser-platform": "windows", "browser-version": "73.0.3683.86"}
{"method": "GET", "path": "/data-integration/data_transformation", "endpoint": "data_integration.node_page", "view-args": {"path": "data_transformation"}, "status": 200, "user": "78b858772f907e50@lampenwelt.de", "timestamp": "2019-04-03T17:50:28.047878", "browser": "chrome", "browser-platform": "windows", "browser-version": "73.0.3683.86"}
{"method": "GET", "path": "/data-integration/data_transformation/dependency-graph", "endpoint": "data_integration.dependency_graph", "view-args": {"path": "data_transformation"}, "status": 200, "user": "78b858772f907e50@lampenwelt.de", "timestamp": "2019-04-03T17:50:28.280839", "browser": "chrome", "browser-platform": "windows", "browser-version": "73.0.3683.86"}
{"method": "GET", "path": "/data-integration/data_transformation/last-runs-selector", "endpoint": "data_integration.last_runs_selector", "view-args": {"path": "data_transformation"}, "status": 200, "user": "78b858772f907e50@lampenwelt.de", "timestamp": "2019-04-03T17:50:28.316599", "browser": "chrome", "browser-platform": "windows", "browser-version": "73.0.3683.86"}
{"method": "GET", "path": "/data-integration/data_transformation/system-stats", "endpoint": "data_integration.system_stats", "view-args": {"path": "data_transformation", "run_id": null}, "status": 200, "user": "78b858772f907e50@lampenwelt.de", "timestamp": "2019-04-03T17:50:28.362083", "browser": "chrome", "browser-platform": "windows", "browser-version": "73.0.3683.86"}
{"method": "GET", "path": "/data-integration/data_transformation/run-time-chart", "endpoint": "data_integration.run_time_chart", "view-args": {"path": "data_transformation"}, "status": 200, "user": "78b858772f907e50@lampenwelt.de", "timestamp": "2019-04-03T17:50:28.364984", "browser": "chrome", "browser-platform": "windows", "browser-version": "73.0.3683.86"}
{"method": "GET", "path": "/data-integration/data_transformation/timeline-chart", "endpoint": "data_integration.timeline_chart", "view-args": {"path": "data_transformation", "run_id": null}, "status": 200, "user": "78b858772f907e50@lampenwelt.de", "timestamp": "2019-04-03T17:50:28.410759", "browser": "chrome", "browser-platform": "windows", "browser-version": "73.0.3683.86"}
{"method": "GET", "path": "/data-integration/data_transformation", "endpoint": "data_integration.node_page", "view-args": {"path": "data_transformation"}, "status": 200, "user": "e5063e1f25c24f00@lampenwelt.de", "timestamp": "2019-04-03T17:50:28.442240", "browser": "chrome", "browser-platform": "windows", "browser-version": "73.0.3683.86"}
{"method": "GET", "path": "/data-integration/data_transformation/run-output-limited", "endpoint": "data_integration.run_output", "view-args": {"path": "data_transformation", "run_id": null, "limit": true}, "status": 200, "user": "78b858772f907e50@lampenwelt.de", "timestamp": "2019-04-03T17:50:28.484430", "browser": "chrome", "browser-platform": "windows", "browser-version": "73.0.3683.86"}
{"method": "GET", "path": "/data-integration/data_transformation/dependency-graph", "endpoint": "data_integration.dependency_graph", "view-args": {"path": "data_transformation"}, "status": 200, "user": "e5063e1f25c24f00@lampenwelt.de", "timestamp": "2019-04-03T17:50:28.705072", "browser": "chrome", "browser-platform": "windows", "browser-version": "73.0.3683.86"}
{"method": "GET", "path": "/data-integration/data_transformation/run-time-chart", "endpoint": "data_integration.run_time_chart", "view-args": {"path": "data_transformation"}, "status": 200, "user": "e5063e1f25c24f00@lampenwelt.de", "timestamp": "2019-04-03T17:50:28.778297", "browser": "chrome", "browser-platform": "windows", "browser-version": "73.0.3683.86"}
{"method": "GET", "path": "/data-integration/data_transformation/last-runs-selector", "endpoint": "data_integration.last_runs_selector", "view-args": {"path": "data_transformation"}, "status": 200, "user": "e5063e1f25c24f00@lampenwelt.de", "timestamp": "2019-04-03T17:50:28.801985", "browser": "chrome", "browser-platform": "windows", "browser-version": "73.0.3683.86"}
{"method": "GET", "path": "/data-integration/data_transformation/system-stats", "endpoint": "data_integration.system_stats", "view-args": {"path": "data_transformation", "run_id": null}, "status": 200, "user": "e5063e1f25c24f00@lampenwelt.de", "timestamp": "2019-04-03T17:50:28.851188", "browser": "chrome", "browser-platform": "windows", "browser-version": "73.0.3683.86"}
{"method": "GET", "path": "/data-integration/data_transformation/timeline-chart", "endpoint": "data_integration.timeline_chart", "view-args": {"path": "data_transformation", "run_id": null}, "status": 200, "user": "e5063e1f25c24f00@lampenwelt.de", "timestamp": "2019-04-03T17:50:28.900691", "browser": "chrome", "browser-platform": "windows", "browser-version": "73.0.3683.86"}
{"method": "GET", "path": "/data-integration/data_transformation/run-output-limited", "endpoint": "data_integration.run_output", "view-args": {"path": "data_transformation", "run_id": null, "limit": true}, "status": 200, "user": "e5063e1f25c24f00@lampenwelt.de", "timestamp": "2019-04-03T17:50:29.018421", "browser": "chrome", "browser-platform": "windows", "browser-version": "73.0.3683.86"}
{"method": "GET", "path": "/data-integration/data_transformation/pipeline-children-table", "endpoint": "data_integration.pipeline_children_table", "view-args": {"path": "data_transformation"}, "status": 200, "user": "78b858772f907e50@lampenwelt.de", "timestamp": "2019-04-03T17:50:29.855655", "browser": "chrome", "browser-platform": "windows", "browser-version": "73.0.3683.86"}
{"method": "GET", "path": "/data-integration/data_transformation/pipeline-children-table", "endpoint": "data_integration.pipeline_children_table", "view-args": {"path": "data_transformation"}, "status": 200, "user": "e5063e1f25c24f00@lampenwelt.de", "timestamp": "2019-04-03T17:50:30.283697", "browser": "chrome", "browser-platform": "windows", "browser-version": "73.0.3683.86"}
{"method": "GET", "path": "/data-integration/data_transformation/sales/preprocess_order", "endpoint": "data_integration.node_page", "view-args": {"path": "data_transformation/sales/preprocess_order"}, "status": 200, "user": "78b858772f907e50@lampenwelt.de", "timestamp": "2019-04-03T17:50:38.191774", "browser": "chrome", "browser-platform": "windows", "browser-version": "73.0.3683.86"}
{"method": "GET", "path": "/data-integration/data_transformation/sales/preprocess_order/last-runs-selector", "endpoint": "data_integration.last_runs_selector", "view-args": {"path": "data_transformation/sales/preprocess_order"}, "status": 200, "user": "78b858772f907e50@lampenwelt.de", "timestamp": "2019-04-03T17:50:39.169724", "browser": "chrome", "browser-platform": "windows", "browser-version": "73.0.3683.86"}
{"method": "GET", "path": "/data-integration/data_transformation/sales/preprocess_order/dependency-graph", "endpoint": "data_integration.dependency_graph", "view-args": {"path": "data_transformation/sales/preprocess_order"}, "status": 200, "user": "78b858772f907e50@lampenwelt.de", "timestamp": "2019-04-03T17:50:39.188781", "browser": "chrome", "browser-platform": "windows", "browser-version": "73.0.3683.86"}
{"method": "GET", "path": "/data-integration/data_transformation/sales/preprocess_order/system-stats", "endpoint": "data_integration.system_stats", "view-args": {"path": "data_transformation/sales/preprocess_order", "run_id": null}, "status": 200, "user": "78b858772f907e50@lampenwelt.de", "timestamp": "2019-04-03T17:50:39.197380", "browser": "chrome", "browser-platform": "windows", "browser-version": "73.0.3683.86"}
{"method": "GET", "path": "/data-integration/data_transformation/sales/preprocess_order/run-time-chart", "endpoint": "data_integration.run_time_chart", "view-args": {"path": "data_transformation/sales/preprocess_order"}, "status": 200, "user": "78b858772f907e50@lampenwelt.de", "timestamp": "2019-04-03T17:50:39.224932", "browser": "chrome", "browser-platform": "windows", "browser-version": "73.0.3683.86"}
{"method": "GET", "path": "/data-integration/data_transformation/sales/preprocess_order/timeline-chart", "endpoint": "data_integration.timeline_chart", "view-args": {"path": "data_transformation/sales/preprocess_order", "run_id": null}, "status": 200, "user": "78b858772f907e50@lampenwelt.de", "timestamp": "2019-04-03T17:50:39.230675", "browser": "chrome", "browser-platform": "windows", "browser-version": "73.0.3683.86"}
{"method": "GET", "path": "/data-integration/data_transformation/sales/preprocess_order/run-output-limited", "endpoint": "data_integration.run_output", "view-args": {"path": "data_transformation/sales/preprocess_order", "run_id": null, "limit": true}, "status": 200, "user": "78b858772f907e50@lampenwelt.de", "timestamp": "2019-04-03T17:50:39.280224", "browser": "chrome", "browser-platform": "windows", "browser-version": "73.0.3683.86"}
{"method": "GET", "path": "/data-integration/data_transformation/sales", "endpoint": "data_integration.node_page", "view-args": {"path": "data_transformation/sales"}, "status": 200, "user": "78b858772f907e50@lampenwelt.de", "timestamp": "2019-04-03T17:50:45.101638", "browser": "chrome", "browser-platform": "windows", "browser-version": "73.0.3683.86"}
{"method": "GET", "path": "/data-integration/data_transformation/sales/dependency-graph", "endpoint": "data_integration.dependency_graph", "view-args": {"path": "data_transformation/sales"}, "status": 200, "user": "78b858772f907e50@lampenwelt.de", "timestamp": "2019-04-03T17:50:45.284881", "browser": "chrome", "browser-platform": "windows", "browser-version": "73.0.3683.86"}
{"method": "GET", "path": "/data-integration/data_transformation/sales/pipeline-children-table", "endpoint": "data_integration.pipeline_children_table", "view-args": {"path": "data_transformation/sales"}, "status": 200, "user": "78b858772f907e50@lampenwelt.de", "timestamp": "2019-04-03T17:50:45.312300", "browser": "chrome", "browser-platform": "windows", "browser-version": "73.0.3683.86"}
{"method": "GET", "path": "/data-integration/data_transformation/sales/last-runs-selector", "endpoint": "data_integration.last_runs_selector", "view-args": {"path": "data_transformation/sales"}, "status": 200, "user": "78b858772f907e50@lampenwelt.de", "timestamp": "2019-04-03T17:50:45.316249", "browser": "chrome", "browser-platform": "windows", "browser-version": "73.0.3683.86"}
{"method": "GET", "path": "/data-integration/data_transformation/sales/run-time-chart", "endpoint": "data_integration.run_time_chart", "view-args": {"path": "data_transformation/sales"}, "status": 200, "user": "78b858772f907e50@lampenwelt.de", "timestamp": "2019-04-03T17:50:45.338566", "browser": "chrome", "browser-platform": "windows", "browser-version": "73.0.3683.86"}
{"method": "GET", "path": "/data-integration/data_transformation/sales/system-stats", "endpoint": "data_integration.system_stats", "view-args": {"path": "data_transformation/sales", "run_id": null}, "status": 200, "user": "78b858772f907e50@lampenwelt.de", "timestamp": "2019-04-03T17:50:45.354862", "browser": "chrome", "browser-platform": "windows", "browser-version": "73.0.3683.86"}
{"method": "GET", "path": "/data-integration/data_transformation/sales/timeline-chart", "endpoint": "data_integration.timeline_chart", "view-args": {"path": "data_transformation/sales", "run_id": null}, "status": 200, "user": "78b858772f907e50@lampenwelt.de", "timestamp": "2019-04-03T17:50:45.357744", "browser": "chrome", "browser-platform": "windows", "browser-version": "73.0.3683.86"}
{"method": "GET", "path": "/data-integration/data_transformation/sales/run-output-limited", "endpoint": "data_integration.run_output", "view-args": {"path": "data_transformation/sales", "run_id": null, "limit": true}, "status": 200, "user": "78b858772f907e50@lampenwelt.de", "timestamp": "2019-04-03T17:50:45.425289", "browser": "chrome", "browser-platform": "windows", "browser-version": "73.0.3683.86"}
{"method": "GET", "path": "/dashboards/marketing-overview", "endpoint": "dashboards.view_dashboard", "view-args": {"id": "marketing-overview"}, "status": 200, "user": "78b858772f907e50@lampenwelt.de", "timestamp": "2019-04-03T17:50:58.544144", "browser": "chrome", "browser-platform": "windows", "browser-version": "73.0.3683.86"}
{"method": "GET", "path": "/dashboards/_render_async_sql_query/b3d9fc95-6932-48de-8d17-029146808f50", "endpoint": "dashboards.render_async_sql_query", "view-args": {"id": "b3d9fc95-6932-48de-8d17-029146808f50"}, "status": 500, "user": "78b858772f907e50@lampenwelt.de", "timestamp": "2019-04-03T17:50:58.827716", "browser": "chrome", "browser-platform": "windows", "browser-version": "73.0.3683.86"}
{"method": "GET", "path": "/dashboards/_render_async_sql_query/f5cb7bc5-e506-4216-9896-4bdfdfc44e6a", "endpoint": "dashboards.render_async_sql_query", "view-args": {"id": "f5cb7bc5-e506-4216-9896-4bdfdfc44e6a"}, "status": 500, "user": "78b858772f907e50@lampenwelt.de", "timestamp": "2019-04-03T17:50:58.828819", "browser": "chrome", "browser-platform": "windows", "browser-version": "73.0.3683.86"}
{"method": "GET", "path": "/dashboards/_render_async_sql_query/998d00a5-0ddb-4f3b-8be2-4b5e0650cf16", "endpoint": "dashboards.render_async_sql_query", "view-args": {"id": "998d00a5-0ddb-4f3b-8be2-4b5e0650cf16"}, "status": 500, "user": "78b858772f907e50@lampenwelt.de", "timestamp": "2019-04-03T17:50:58.837275", "browser": "chrome", "browser-platform": "windows", "browser-version": "73.0.3683.86"}
{"method": "GET", "path": "/dashboards/_last_successful_import", "endpoint": "dashboards.last_successful_import", "view-args": {}, "status": 200, "user": "78b858772f907e50@lampenwelt.de", "timestamp": "2019-04-03T17:50:58.845629", "browser": "chrome", "browser-platform": "windows", "browser-version": "73.0.3683.86"}
{"method": "GET", "path": "/dashboards/_last_marketing_cost/marketing-overview", "endpoint": "dashboards.last_marketing_cost", "view-args": {"id": "marketing-overview"}, "status": 200, "user": "78b858772f907e50@lampenwelt.de", "timestamp": "2019-04-03T17:50:58.861656", "browser": "chrome", "browser-platform": "windows", "browser-version": "73.0.3683.86"}
{"method": "GET", "path": "/dashboards/_render_async_sql_query/58228825-a455-4a51-b698-2b0a805227fd", "endpoint": "dashboards.render_async_sql_query", "view-args": {"id": "58228825-a455-4a51-b698-2b0a805227fd"}, "status": 500, "user": "78b858772f907e50@lampenwelt.de", "timestamp": "2019-04-03T17:50:58.870172", "browser": "chrome", "browser-platform": "windows", "browser-version": "73.0.3683.86"}
{"method": "GET", "path": "/dashboards/_render_async_sql_query/245f16bf-86fe-4923-aa1b-9aed079e0949", "endpoint": "dashboards.render_async_sql_query", "view-args": {"id": "245f16bf-86fe-4923-aa1b-9aed079e0949"}, "status": 500, "user": "78b858772f907e50@lampenwelt.de", "timestamp": "2019-04-03T17:50:59.049566", "browser": "chrome", "browser-platform": "windows", "browser-version": "73.0.3683.86"}
{"method": "GET", "path": "/dashboards/_render_async_sql_query/118c8c35-aea3-42b4-945f-06d2bb192a23", "endpoint": "dashboards.render_async_sql_query", "view-args": {"id": "118c8c35-aea3-42b4-945f-06d2bb192a23"}, "status": 500, "user": "78b858772f907e50@lampenwelt.de", "timestamp": "2019-04-03T17:50:59.081664", "browser": "chrome", "browser-platform": "windows", "browser-version": "73.0.3683.86"}
{"method": "GET", "path": "/dashboards/_render_async_sql_query/b5b3ee28-5c59-4963-8b3d-6314fe115531", "endpoint": "dashboards.render_async_sql_query", "view-args": {"id": "b5b3ee28-5c59-4963-8b3d-6314fe115531"}, "status": 500, "user": "78b858772f907e50@lampenwelt.de", "timestamp": "2019-04-03T17:50:59.094359", "browser": "chrome", "browser-platform": "windows", "browser-version": "73.0.3683.86"}
{"method": "GET", "path": "/dashboards/_render_async_sql_query/059fdbc1-8acf-4722-8328-9ad24bb1c348", "endpoint": "dashboards.render_async_sql_query", "view-args": {"id": "059fdbc1-8acf-4722-8328-9ad24bb1c348"}, "status": 500, "user": "78b858772f907e50@lampenwelt.de", "timestamp": "2019-04-03T17:50:59.103262", "browser": "chrome", "browser-platform": "windows", "browser-version": "73.0.3683.86"}
{"method": "GET", "path": "/dashboards/_render_async_sql_query/0eb7adf0-a29f-40b9-b710-a9193eacc301", "endpoint": "dashboards.render_async_sql_query", "view-args": {"id": "0eb7adf0-a29f-40b9-b710-a9193eacc301"}, "status": 200, "user": "78b858772f907e50@lampenwelt.de", "timestamp": "2019-04-03T17:50:59.135763", "browser": "chrome", "browser-platform": "windows", "browser-version": "73.0.3683.86"}
{"method": "GET", "path": "/dashboards/_render_async_sql_query/cdf9551b-203f-4d8e-b759-b7d4527aaeac", "endpoint": "dashboards.render_async_sql_query", "view-args": {"id": "cdf9551b-203f-4d8e-b759-b7d4527aaeac"}, "status": 500, "user": "78b858772f907e50@lampenwelt.de", "timestamp": "2019-04-03T17:50:59.143423", "browser": "chrome", "browser-platform": "windows", "browser-version": "73.0.3683.86"}
{"method": "GET", "path": "/dashboards/_render_async_sql_query/4a10e893-f7ec-4c59-8e00-5f20278f9375", "endpoint": "dashboards.render_async_sql_query", "view-args": {"id": "4a10e893-f7ec-4c59-8e00-5f20278f9375"}, "status": 500, "user": "78b858772f907e50@lampenwelt.de", "timestamp": "2019-04-03T17:50:59.157504", "browser": "chrome", "browser-platform": "windows", "browser-version": "73.0.3683.86"}
{"method": "GET", "path": "/dashboards/_render_async_sql_query/1ecc19dd-13a9-4a51-8fb9-5554a61b0a11", "endpoint": "dashboards.render_async_sql_query", "view-args": {"id": "1ecc19dd-13a9-4a51-8fb9-5554a61b0a11"}, "status": 500, "user": "78b858772f907e50@lampenwelt.de", "timestamp": "2019-04-03T17:50:59.166557", "browser": "chrome", "browser-platform": "windows", "browser-version": "73.0.3683.86"}
{"method": "GET", "path": "/dashboards/_render_async_sql_query/7bdfa457-780c-471d-bc15-73fec71c4c6c", "endpoint": "dashboards.render_async_sql_query", "view-args": {"id": "7bdfa457-780c-471d-bc15-73fec71c4c6c"}, "status": 200, "user": "78b858772f907e50@lampenwelt.de", "timestamp": "2019-04-03T17:50:59.186052", "browser": "chrome", "browser-platform": "windows", "browser-version": "73.0.3683.86"}
{"method": "GET", "path": "/dashboards/_render_async_sql_query/eab977d7-681c-4750-93ea-60742c115d47", "endpoint": "dashboards.render_async_sql_query", "view-args": {"id": "eab977d7-681c-4750-93ea-60742c115d47"}, "status": 200, "user": "78b858772f907e50@lampenwelt.de", "timestamp": "2019-04-03T17:50:59.194734", "browser": "chrome", "browser-platform": "windows", "browser-version": "73.0.3683.86"}
{"method": "GET", "path": "/dashboards/_render_async_sql_query/a4a7d429-7863-4236-b965-c18bbf7314bf", "endpoint": "dashboards.render_async_sql_query", "view-args": {"id": "a4a7d429-7863-4236-b965-c18bbf7314bf"}, "status": 200, "user": "78b858772f907e50@lampenwelt.de", "timestamp": "2019-04-03T17:50:59.201278", "browser": "chrome", "browser-platform": "windows", "browser-version": "73.0.3683.86"}
{"method": "GET", "path": "/dashboards/_render_async_sql_query/b8492450-3244-4f45-86c8-fee924095409", "endpoint": "dashboards.render_async_sql_query", "view-args": {"id": "b8492450-3244-4f45-86c8-fee924095409"}, "status": 200, "user": "78b858772f907e50@lampenwelt.de", "timestamp": "2019-04-03T17:50:59.214428", "browser": "chrome", "browser-platform": "windows", "browser-version": "73.0.3683.86"}
