{"method": "GET", "path": "/dashboards/marketing-overview", "endpoint": "dashboards.view_dashboard", "view-args": {"id": "marketing-overview"}, "status": 200, "user": "78b858772f907e50@lampenwelt.de", "timestamp": "2019-04-03T18:24:35.407466", "browser": "chrome", "browser-platform": "windows", "browser-version": "73.0.3683.86"}
{"method": "GET", "path": "/dashboards/_render_async_sql_query/797f11e1-0fe5-40ce-a76d-beb8bbc1eb75", "endpoint": "dashboards.render_async_sql_query", "view-args": {"id": "797f11e1-0fe5-40ce-a76d-beb8bbc1eb75"}, "status": 500, "user": "78b858772f907e50@lampenwelt.de", "timestamp": "2019-04-03T18:24:35.830795", "browser": "chrome", "browser-platform": "windows", "browser-version": "73.0.3683.86"}
{"method": "GET", "path": "/dashboards/_render_async_sql_query/b5b0fa61-8d35-4aa9-bde7-45e1e26cd894", "endpoint": "dashboards.render_async_sql_query", "view-args": {"id": "b5b0fa61-8d35-4aa9-bde7-45e1e26cd894"}, "status": 500, "user": "78b858772f907e50@lampenwelt.de", "timestamp": "2019-04-03T18:24:35.834216", "browser": "chrome", "browser-platform": "windows", "browser-version": "73.0.3683.86"}
{"method": "GET", "path": "/dashboards/_last_successful_import", "endpoint": "dashboards.last_successful_import", "view-args": {}, "status": 200, "user": "78b858772f907e50@lampenwelt.de", "timestamp": "2019-04-03T18:24:35.847573", "browser": "chrome", "browser-platform": "windows", "browser-version": "73.0.3683.86"}
{"method": "GET", "path": "/dashboards/_render_async_sql_query/badabbae-5fbf-45f0-98fb-654a07ab9e79", "endpoint": "dashboards.render_async_sql_query", "view-args": {"id": "badabbae-5fbf-45f0-98fb-654a07ab9e79"}, "status": 500, "user": "78b858772f907e50@lampenwelt.de", "timestamp": "2019-04-03T18:24:35.850098", "browser": "chrome", "browser-platform": "windows", "browser-version": "73.0.3683.86"}
{"method": "GET", "path": "/dashboards/_last_marketing_cost/marketing-overview", "endpoint": "dashboards.last_marketing_cost", "view-args": {"id": "marketing-overview"}, "status": 200, "user": "78b858772f907e50@lampenwelt.de", "timestamp": "2019-04-03T18:24:35.868811", "browser": "chrome", "browser-platform": "windows", "browser-version": "73.0.3683.86"}
{"method": "GET", "path": "/dashboards/_render_async_sql_query/42ea7e7d-5fbb-493b-8c7c-235526ea304c", "endpoint": "dashboards.render_async_sql_query", "view-args": {"id": "42ea7e7d-5fbb-493b-8c7c-235526ea304c"}, "status": 500, "user": "78b858772f907e50@lampenwelt.de", "timestamp": "2019-04-03T18:24:35.870734", "browser": "chrome", "browser-platform": "windows", "browser-version": "73.0.3683.86"}
{"method": "GET", "path": "/dashboards/_render_async_sql_query/a1ae9188-92f4-4925-a297-9a17b36971ed", "endpoint": "dashboards.render_async_sql_query", "view-args": {"id": "a1ae9188-92f4-4925-a297-9a17b36971ed"}, "status": 500, "user": "78b858772f907e50@lampenwelt.de", "timestamp": "2019-04-03T18:24:36.071441", "browser": "chrome", "browser-platform": "windows", "browser-version": "73.0.3683.86"}
{"method": "GET", "path": "/dashboards/_render_async_sql_query/5629e53c-a4c2-431d-a813-df4318e44f0d", "endpoint": "dashboards.render_async_sql_query", "view-args": {"id": "5629e53c-a4c2-431d-a813-df4318e44f0d"}, "status": 500, "user": "78b858772f907e50@lampenwelt.de", "timestamp": "2019-04-03T18:24:36.104389", "browser": "chrome", "browser-platform": "windows", "browser-version": "73.0.3683.86"}
{"method": "GET", "path": "/dashboards/_render_async_sql_query/31fb1a29-8dd5-4acc-9958-f455cb50c050", "endpoint": "dashboards.render_async_sql_query", "view-args": {"id": "31fb1a29-8dd5-4acc-9958-f455cb50c050"}, "status": 500, "user": "78b858772f907e50@lampenwelt.de", "timestamp": "2019-04-03T18:24:36.118116", "browser": "chrome", "browser-platform": "windows", "browser-version": "73.0.3683.86"}
{"method": "GET", "path": "/dashboards/_render_async_sql_query/bee906fd-d763-4fac-b2a5-97911c2d2447", "endpoint": "dashboards.render_async_sql_query", "view-args": {"id": "bee906fd-d763-4fac-b2a5-97911c2d2447"}, "status": 500, "user": "78b858772f907e50@lampenwelt.de", "timestamp": "2019-04-03T18:24:36.133175", "browser": "chrome", "browser-platform": "windows", "browser-version": "73.0.3683.86"}
{"method": "GET", "path": "/dashboards/_render_async_sql_query/fde496ff-8b83-4818-bb7f-9dfc2b49930e", "endpoint": "dashboards.render_async_sql_query", "view-args": {"id": "fde496ff-8b83-4818-bb7f-9dfc2b49930e"}, "status": 200, "user": "78b858772f907e50@lampenwelt.de", "timestamp": "2019-04-03T18:24:36.161515", "browser": "chrome", "browser-platform": "windows", "browser-version": "73.0.3683.86"}
{"method": "GET", "path": "/dashboards/_render_async_sql_query/2e13e747-2439-4f5e-8ee2-7759860e28ab", "endpoint": "dashboards.render_async_sql_query", "view-args": {"id": "2e13e747-2439-4f5e-8ee2-7759860e28ab"}, "status": 500, "user": "78b858772f907e50@lampenwelt.de", "timestamp": "2019-04-03T18:24:36.163612", "browser": "chrome", "browser-platform": "windows", "browser-version": "73.0.3683.86"}
{"method": "GET", "path": "/dashboards/_render_async_sql_query/17519d59-974d-4ab1-aed2-111e2d8c5688", "endpoint": "dashboards.render_async_sql_query", "view-args": {"id": "17519d59-974d-4ab1-aed2-111e2d8c5688"}, "status": 500, "user": "78b858772f907e50@lampenwelt.de", "timestamp": "2019-04-03T18:24:36.184624", "browser": "chrome", "browser-platform": "windows", "browser-version": "73.0.3683.86"}
{"method": "GET", "path": "/dashboards/_render_async_sql_query/5dad6b70-4cd9-407b-ae88-05e1fe993583", "endpoint": "dashboards.render_async_sql_query", "view-args": {"id": "5dad6b70-4cd9-407b-ae88-05e1fe993583"}, "status": 200, "user": "78b858772f907e50@lampenwelt.de", "timestamp": "2019-04-03T18:24:36.199417", "browser": "chrome", "browser-platform": "windows", "browser-version": "73.0.3683.86"}
{"method": "GET", "path": "/dashboards/_render_async_sql_query/d4883165-f0b0-48de-8fb1-03075dab7f2c", "endpoint": "dashboards.render_async_sql_query", "view-args": {"id": "d4883165-f0b0-48de-8fb1-03075dab7f2c"}, "status": 500, "user": "78b858772f907e50@lampenwelt.de", "timestamp": "2019-04-03T18:24:36.200706", "browser": "chrome", "browser-platform": "windows", "browser-version": "73.0.3683.86"}
{"method": "GET", "path": "/dashboards/_render_async_sql_query/d80436de-ffa1-4b15-b7f8-4ee011f245e1", "endpoint": "dashboards.render_async_sql_query", "view-args": {"id": "d80436de-ffa1-4b15-b7f8-4ee011f245e1"}, "status": 200, "user": "78b858772f907e50@lampenwelt.de", "timestamp": "2019-04-03T18:24:36.212455", "browser": "chrome", "browser-platform": "windows", "browser-version": "73.0.3683.86"}
{"method": "GET", "path": "/dashboards/_render_async_sql_query/0a37d7b5-cab2-45de-b96c-7b98178623db", "endpoint": "dashboards.render_async_sql_query", "view-args": {"id": "0a37d7b5-cab2-45de-b96c-7b98178623db"}, "status": 200, "user": "78b858772f907e50@lampenwelt.de", "timestamp": "2019-04-03T18:24:36.433299", "browser": "chrome", "browser-platform": "windows", "browser-version": "73.0.3683.86"}
{"method": "GET", "path": "/dashboards/_render_async_sql_query/61fcfac5-6aac-4f63-99c0-95506dbf1a5f", "endpoint": "dashboards.render_async_sql_query", "view-args": {"id": "61fcfac5-6aac-4f63-99c0-95506dbf1a5f"}, "status": 200, "user": "78b858772f907e50@lampenwelt.de", "timestamp": "2019-04-03T18:24:36.436599", "browser": "chrome", "browser-platform": "windows", "browser-version": "73.0.3683.86"}
{"method": "GET", "path": "/product-performance-analyzer/", "endpoint": "product-performance-analyzer.product_filter_panel", "view-args": {}, "status": 200, "user": "78b858772f907e50@lampenwelt.de", "timestamp": "2019-04-03T18:24:38.802731", "browser": "chrome", "browser-platform": "windows", "browser-version": "73.0.3683.86"}
{"method": "GET", "path": "/product-performance-analyzer/_last_successful_import", "endpoint": "product-performance-analyzer.last_successful_import", "view-args": {}, "status": 200, "user": "78b858772f907e50@lampenwelt.de", "timestamp": "2019-04-03T18:24:39.078532", "browser": "chrome", "browser-platform": "windows", "browser-version": "73.0.3683.86"}
{"method": "POST", "path": "/product-performance-analyzer/_render-mdx-request", "endpoint": "product-performance-analyzer.render_mdx_request", "view-args": {}, "status": 200, "user": "78b858772f907e50@lampenwelt.de", "timestamp": "2019-04-03T18:24:41.250550", "browser": "chrome", "browser-platform": "windows", "browser-version": "73.0.3683.86"}
{"method": "GET", "path": "/data-sets", "endpoint": "data_sets.index_page", "view-args": {}, "status": 200, "user": "78b858772f907e50@lampenwelt.de", "timestamp": "2019-04-03T18:24:55.199377", "browser": "chrome", "browser-platform": "windows", "browser-version": "73.0.3683.86"}
{"method": "GET", "path": "/data-sets/ad-performance/.preview", "endpoint": "data_sets.data_set_preview", "view-args": {"data_set_id": "ad-performance"}, "status": 500, "user": "78b858772f907e50@lampenwelt.de", "timestamp": "2019-04-03T18:24:55.435760", "browser": "chrome", "browser-platform": "windows", "browser-version": "73.0.3683.86"}
{"method": "GET", "path": "/data-sets/customers/.preview", "endpoint": "data_sets.data_set_preview", "view-args": {"data_set_id": "customers"}, "status": 500, "user": "78b858772f907e50@lampenwelt.de", "timestamp": "2019-04-03T18:24:55.461343", "browser": "chrome", "browser-platform": "windows", "browser-version": "73.0.3683.86"}
{"method": "GET", "path": "/data-sets/affiliate-sales-validation/.preview", "endpoint": "data_sets.data_set_preview", "view-args": {"data_set_id": "affiliate-sales-validation"}, "status": 500, "user": "78b858772f907e50@lampenwelt.de", "timestamp": "2019-04-03T18:24:55.487981", "browser": "chrome", "browser-platform": "windows", "browser-version": "73.0.3683.86"}
{"method": "GET", "path": "/data-sets/deduplication-errors/.preview", "endpoint": "data_sets.data_set_preview", "view-args": {"data_set_id": "deduplication-errors"}, "status": 500, "user": "78b858772f907e50@lampenwelt.de", "timestamp": "2019-04-03T18:24:55.517833", "browser": "chrome", "browser-platform": "windows", "browser-version": "73.0.3683.86"}
{"method": "GET", "path": "/data-sets/orders/.preview", "endpoint": "data_sets.data_set_preview", "view-args": {"data_set_id": "orders"}, "status": 500, "user": "78b858772f907e50@lampenwelt.de", "timestamp": "2019-04-03T18:24:55.573575", "browser": "chrome", "browser-platform": "windows", "browser-version": "73.0.3683.86"}
{"method": "GET", "path": "/data-sets/mail-campaign-performance/.preview", "endpoint": "data_sets.data_set_preview", "view-args": {"data_set_id": "mail-campaign-performance"}, "status": 500, "user": "78b858772f907e50@lampenwelt.de", "timestamp": "2019-04-03T18:24:55.596049", "browser": "chrome", "browser-platform": "windows", "browser-version": "73.0.3683.86"}
{"method": "GET", "path": "/data-sets/email-contacts/.preview", "endpoint": "data_sets.data_set_preview", "view-args": {"data_set_id": "email-contacts"}, "status": 500, "user": "78b858772f907e50@lampenwelt.de", "timestamp": "2019-04-03T18:24:55.597797", "browser": "chrome", "browser-platform": "windows", "browser-version": "73.0.3683.86"}
{"method": "GET", "path": "/data-sets/marketing-cost/.preview", "endpoint": "data_sets.data_set_preview", "view-args": {"data_set_id": "marketing-cost"}, "status": 500, "user": "78b858772f907e50@lampenwelt.de", "timestamp": "2019-04-03T18:24:55.670044", "browser": "chrome", "browser-platform": "windows", "browser-version": "73.0.3683.86"}
{"method": "GET", "path": "/data-sets/merged-customers/.preview", "endpoint": "data_sets.data_set_preview", "view-args": {"data_set_id": "merged-customers"}, "status": 500, "user": "78b858772f907e50@lampenwelt.de", "timestamp": "2019-04-03T18:24:55.689045", "browser": "chrome", "browser-platform": "windows", "browser-version": "73.0.3683.86"}
{"method": "GET", "path": "/data-sets/marketing-touchpoints/.preview", "endpoint": "data_sets.data_set_preview", "view-args": {"data_set_id": "marketing-touchpoints"}, "status": 500, "user": "78b858772f907e50@lampenwelt.de", "timestamp": "2019-04-03T18:24:55.689897", "browser": "chrome", "browser-platform": "windows", "browser-version": "73.0.3683.86"}
{"method": "GET", "path": "/data-sets/quotes/.preview", "endpoint": "data_sets.data_set_preview", "view-args": {"data_set_id": "quotes"}, "status": 500, "user": "78b858772f907e50@lampenwelt.de", "timestamp": "2019-04-03T18:24:55.755971", "browser": "chrome", "browser-platform": "windows", "browser-version": "73.0.3683.86"}
{"method": "GET", "path": "/data-sets/sales/.preview", "endpoint": "data_sets.data_set_preview", "view-args": {"data_set_id": "sales"}, "status": 500, "user": "78b858772f907e50@lampenwelt.de", "timestamp": "2019-04-03T18:24:55.764555", "browser": "chrome", "browser-platform": "windows", "browser-version": "73.0.3683.86"}
{"method": "GET", "path": "/data-sets/shop-performance-test/.preview", "endpoint": "data_sets.data_set_preview", "view-args": {"data_set_id": "shop-performance-test"}, "status": 500, "user": "78b858772f907e50@lampenwelt.de", "timestamp": "2019-04-03T18:24:55.768752", "browser": "chrome", "browser-platform": "windows", "browser-version": "73.0.3683.86"}
{"method": "GET", "path": "/data-sets/warehouse-inventory/.preview", "endpoint": "data_sets.data_set_preview", "view-args": {"data_set_id": "warehouse-inventory"}, "status": 500, "user": "78b858772f907e50@lampenwelt.de", "timestamp": "2019-04-03T18:24:55.865993", "browser": "chrome", "browser-platform": "windows", "browser-version": "73.0.3683.86"}
{"method": "GET", "path": "/data-sets/warehouse-shipment/.preview", "endpoint": "data_sets.data_set_preview", "view-args": {"data_set_id": "warehouse-shipment"}, "status": 500, "user": "78b858772f907e50@lampenwelt.de", "timestamp": "2019-04-03T18:24:55.876503", "browser": "chrome", "browser-platform": "windows", "browser-version": "73.0.3683.86"}
{"method": "GET", "path": "/mondrian/saiku", "endpoint": "py_mondrian.saiku", "view-args": {}, "status": 302, "user": "78b858772f907e50@lampenwelt.de", "timestamp": "2019-04-03T18:24:58.624387", "browser": "chrome", "browser-platform": "windows", "browser-version": "73.0.3683.86"}
{"method": "GET", "path": "/dashboards/user-stats", "endpoint": "dashboards.view_dashboard", "view-args": {"id": "user-stats"}, "status": 200, "user": "78b858772f907e50@lampenwelt.de", "timestamp": "2019-04-03T18:25:41.211438", "browser": "chrome", "browser-platform": "windows", "browser-version": "73.0.3683.86"}
{"method": "GET", "path": "/dashboards/_render_async_sql_query/b326e81a-485a-4800-93a3-a1603ab63571", "endpoint": "dashboards.render_async_sql_query", "view-args": {"id": "b326e81a-485a-4800-93a3-a1603ab63571"}, "status": 200, "user": "78b858772f907e50@lampenwelt.de", "timestamp": "2019-04-03T18:25:41.561371", "browser": "chrome", "browser-platform": "windows", "browser-version": "73.0.3683.86"}
{"method": "GET", "path": "/dashboards/_render_async_sql_query/a3cc07e7-7b4b-4a5b-95d4-039a8dc65a3e", "endpoint": "dashboards.render_async_sql_query", "view-args": {"id": "a3cc07e7-7b4b-4a5b-95d4-039a8dc65a3e"}, "status": 200, "user": "78b858772f907e50@lampenwelt.de", "timestamp": "2019-04-03T18:25:41.562132", "browser": "chrome", "browser-platform": "windows", "browser-version": "73.0.3683.86"}
{"method": "GET", "path": "/dashboards/_render_async_sql_query/32049463-3cc9-47fe-913e-1da09f9e1d32", "endpoint": "dashboards.render_async_sql_query", "view-args": {"id": "32049463-3cc9-47fe-913e-1da09f9e1d32"}, "status": 200, "user": "78b858772f907e50@lampenwelt.de", "timestamp": "2019-04-03T18:25:41.567118", "browser": "chrome", "browser-platform": "windows", "browser-version": "73.0.3683.86"}
{"method": "GET", "path": "/dashboards/_last_marketing_cost/user-stats", "endpoint": "dashboards.last_marketing_cost", "view-args": {"id": "user-stats"}, "status": 200, "user": "78b858772f907e50@lampenwelt.de", "timestamp": "2019-04-03T18:25:41.575068", "browser": "chrome", "browser-platform": "windows", "browser-version": "73.0.3683.86"}
{"method": "GET", "path": "/dashboards/_render_async_sql_query/4c5d01db-fae9-4828-a355-09613afd2425", "endpoint": "dashboards.render_async_sql_query", "view-args": {"id": "4c5d01db-fae9-4828-a355-09613afd2425"}, "status": 200, "user": "78b858772f907e50@lampenwelt.de", "timestamp": "2019-04-03T18:25:41.579025", "browser": "chrome", "browser-platform": "windows", "browser-version": "73.0.3683.86"}
{"method": "GET", "path": "/dashboards/_last_successful_import", "endpoint": "dashboards.last_successful_import", "view-args": {}, "status": 200, "user": "78b858772f907e50@lampenwelt.de", "timestamp": "2019-04-03T18:25:41.579200", "browser": "chrome", "browser-platform": "windows", "browser-version": "73.0.3683.86"}
{"method": "GET", "path": "/dashboards/_render_async_sql_query/e57a132b-02b0-469e-8949-f4fe176430f9", "endpoint": "dashboards.render_async_sql_query", "view-args": {"id": "e57a132b-02b0-469e-8949-f4fe176430f9"}, "status": 200, "user": "78b858772f907e50@lampenwelt.de", "timestamp": "2019-04-03T18:25:41.637608", "browser": "chrome", "browser-platform": "windows", "browser-version": "73.0.3683.86"}
{"method": "GET", "path": "/dashboards/_render_async_sql_query/b0057e4b-b873-4afe-b60f-58b703366822", "endpoint": "dashboards.render_async_sql_query", "view-args": {"id": "b0057e4b-b873-4afe-b60f-58b703366822"}, "status": 200, "user": "78b858772f907e50@lampenwelt.de", "timestamp": "2019-04-03T18:25:41.639842", "browser": "chrome", "browser-platform": "windows", "browser-version": "73.0.3683.86"}
{"method": "GET", "path": "/dashboards/_render_async_sql_query/98f53fa0-6cee-4ac0-9923-4ea6fe276f0d", "endpoint": "dashboards.render_async_sql_query", "view-args": {"id": "98f53fa0-6cee-4ac0-9923-4ea6fe276f0d"}, "status": 200, "user": "78b858772f907e50@lampenwelt.de", "timestamp": "2019-04-03T18:25:41.663307", "browser": "chrome", "browser-platform": "windows", "browser-version": "73.0.3683.86"}
{"method": "GET", "path": "/dashboards/_render_async_sql_query/6e627f9b-5e7e-4417-acba-b5a5bb91de13", "endpoint": "dashboards.render_async_sql_query", "view-args": {"id": "6e627f9b-5e7e-4417-acba-b5a5bb91de13"}, "status": 200, "user": "78b858772f907e50@lampenwelt.de", "timestamp": "2019-04-03T18:25:41.670788", "browser": "chrome", "browser-platform": "windows", "browser-version": "73.0.3683.86"}
{"method": "GET", "path": "/dashboards/_render_async_sql_query/fceeb246-1b89-4176-8d03-adab6dc44002", "endpoint": "dashboards.render_async_sql_query", "view-args": {"id": "fceeb246-1b89-4176-8d03-adab6dc44002"}, "status": 200, "user": "78b858772f907e50@lampenwelt.de", "timestamp": "2019-04-03T18:25:41.676013", "browser": "chrome", "browser-platform": "windows", "browser-version": "73.0.3683.86"}
{"method": "GET", "path": "/dashboards/_render_async_sql_query/57e7e379-dae1-4c98-a845-012818e92a1a", "endpoint": "dashboards.render_async_sql_query", "view-args": {"id": "57e7e379-dae1-4c98-a845-012818e92a1a"}, "status": 200, "user": "78b858772f907e50@lampenwelt.de", "timestamp": "2019-04-03T18:25:41.680018", "browser": "chrome", "browser-platform": "windows", "browser-version": "73.0.3683.86"}
