{"method": "POST", "path": "/mondrian/saiku/authorize", "endpoint": "py_mondrian.saiku_authorize", "view-args": {}, "status": 200, "user": "35675e68f4b5af7b@localhost", "timestamp": "2019-03-08T14:08:23.498355", "browser": null, "browser-platform": null, "browser-version": null}
{"method": "POST", "path": "/mondrian/saiku/authorize", "endpoint": "py_mondrian.saiku_authorize", "view-args": {}, "status": 200, "user": "35675e68f4b5af7b@localhost", "timestamp": "2019-03-08T14:08:23.664045", "browser": null, "browser-platform": null, "browser-version": null}
{"method": "POST", "path": "/mondrian/saiku/authorize", "endpoint": "py_mondrian.saiku_authorize", "view-args": {}, "status": 200, "user": "35675e68f4b5af7b@localhost", "timestamp": "2019-03-08T14:08:42.977310", "browser": null, "browser-platform": null, "browser-version": null}
{"method": "POST", "path": "/mondrian/saiku/authorize", "endpoint": "py_mondrian.saiku_authorize", "view-args": {}, "status": 200, "user": "35675e68f4b5af7b@localhost", "timestamp": "2019-03-08T14:08:43.133207", "browser": null, "browser-platform": null, "browser-version": null}
{"method": "POST", "path": "/mondrian/excel/authorize", "endpoint": "py_mondrian.excel_authorize", "view-args": {}, "status": 200, "user": "35675e68f4b5af7b@localhost", "timestamp": "2019-03-08T14:15:28.220008", "browser": null, "browser-platform": null, "browser-version": null}
{"method": "GET", "path": "/dashboards/shop-performance-overview", "endpoint": "dashboards.view_dashboard", "view-args": {"id": "shop-performance-overview"}, "status": 200, "user": "8665041ecb30c06e@lampenwelt.de", "timestamp": "2019-03-08T14:37:48.493661", "browser": "chrome", "browser-platform": "windows", "browser-version": "72.0.3626.121"}
{"method": "GET", "path": "/dashboards/_render_async_sql_query/716db2db-2df9-4546-91f2-3968c81cadcb", "endpoint": "dashboards.render_async_sql_query", "view-args": {"id": "716db2db-2df9-4546-91f2-3968c81cadcb"}, "status": 200, "user": "8665041ecb30c06e@lampenwelt.de", "timestamp": "2019-03-08T14:37:48.914790", "browser": "chrome", "browser-platform": "windows", "browser-version": "72.0.3626.121"}
{"method": "GET", "path": "/dashboards/_render_async_sql_query/dd48b453-9f0e-4120-ae0f-af2e71ed6bc5", "endpoint": "dashboards.render_async_sql_query", "view-args": {"id": "dd48b453-9f0e-4120-ae0f-af2e71ed6bc5"}, "status": 200, "user": "8665041ecb30c06e@lampenwelt.de", "timestamp": "2019-03-08T14:37:48.922822", "browser": "chrome", "browser-platform": "windows", "browser-version": "72.0.3626.121"}
{"method": "GET", "path": "/dashboards/_render_async_sql_query/ce9e8185-a41f-4764-8096-f8e642ef9e28", "endpoint": "dashboards.render_async_sql_query", "view-args": {"id": "ce9e8185-a41f-4764-8096-f8e642ef9e28"}, "status": 200, "user": "8665041ecb30c06e@lampenwelt.de", "timestamp": "2019-03-08T14:37:48.928849", "browser": "chrome", "browser-platform": "windows", "browser-version": "72.0.3626.121"}
{"method": "GET", "path": "/dashboards/_last_marketing_cost/shop-performance-overview", "endpoint": "dashboards.last_marketing_cost", "view-args": {"id": "shop-performance-overview"}, "status": 200, "user": "8665041ecb30c06e@lampenwelt.de", "timestamp": "2019-03-08T14:37:48.938018", "browser": "chrome", "browser-platform": "windows", "browser-version": "72.0.3626.121"}
{"method": "GET", "path": "/dashboards/_last_successful_import", "endpoint": "dashboards.last_successful_import", "view-args": {}, "status": 200, "user": "8665041ecb30c06e@lampenwelt.de", "timestamp": "2019-03-08T14:37:48.939622", "browser": "chrome", "browser-platform": "windows", "browser-version": "72.0.3626.121"}
{"method": "GET", "path": "/dashboards/_render_async_sql_query/151febcd-88a0-49a8-abac-e30819f2771a", "endpoint": "dashboards.render_async_sql_query", "view-args": {"id": "151febcd-88a0-49a8-abac-e30819f2771a"}, "status": 200, "user": "8665041ecb30c06e@lampenwelt.de", "timestamp": "2019-03-08T14:37:48.945778", "browser": "chrome", "browser-platform": "windows", "browser-version": "72.0.3626.121"}
{"method": "GET", "path": "/dashboards/_render_async_sql_query/ab6e0984-e355-4b05-be75-d81047462704", "endpoint": "dashboards.render_async_sql_query", "view-args": {"id": "ab6e0984-e355-4b05-be75-d81047462704"}, "status": 200, "user": "8665041ecb30c06e@lampenwelt.de", "timestamp": "2019-03-08T14:37:48.977065", "browser": "chrome", "browser-platform": "windows", "browser-version": "72.0.3626.121"}
{"method": "GET", "path": "/dashboards/_render_async_sql_query/f79f91cf-e0a7-41a1-9eeb-b9bceb8aeefc", "endpoint": "dashboards.render_async_sql_query", "view-args": {"id": "f79f91cf-e0a7-41a1-9eeb-b9bceb8aeefc"}, "status": 200, "user": "8665041ecb30c06e@lampenwelt.de", "timestamp": "2019-03-08T14:37:49.002504", "browser": "chrome", "browser-platform": "windows", "browser-version": "72.0.3626.121"}
{"method": "GET", "path": "/dashboards/_render_async_sql_query/135dd1bc-84c6-4fdf-88e3-5486e3dec332", "endpoint": "dashboards.render_async_sql_query", "view-args": {"id": "135dd1bc-84c6-4fdf-88e3-5486e3dec332"}, "status": 200, "user": "8665041ecb30c06e@lampenwelt.de", "timestamp": "2019-03-08T14:37:49.002399", "browser": "chrome", "browser-platform": "windows", "browser-version": "72.0.3626.121"}
{"method": "GET", "path": "/dashboards/_render_async_sql_query/35ab1bca-10d3-4d00-af71-77763cd63e9d", "endpoint": "dashboards.render_async_sql_query", "view-args": {"id": "35ab1bca-10d3-4d00-af71-77763cd63e9d"}, "status": 200, "user": "8665041ecb30c06e@lampenwelt.de", "timestamp": "2019-03-08T14:37:49.027956", "browser": "chrome", "browser-platform": "windows", "browser-version": "72.0.3626.121"}
{"method": "GET", "path": "/dashboards/_render_async_sql_query/5897d507-3c37-43c3-9613-f81393b6d867", "endpoint": "dashboards.render_async_sql_query", "view-args": {"id": "5897d507-3c37-43c3-9613-f81393b6d867"}, "status": 200, "user": "8665041ecb30c06e@lampenwelt.de", "timestamp": "2019-03-08T14:37:49.034338", "browser": "chrome", "browser-platform": "windows", "browser-version": "72.0.3626.121"}
{"method": "GET", "path": "/dashboards/_render_async_sql_query/4126cd40-6967-4735-b79c-e7d9982e75a7", "endpoint": "dashboards.render_async_sql_query", "view-args": {"id": "4126cd40-6967-4735-b79c-e7d9982e75a7"}, "status": 200, "user": "8665041ecb30c06e@lampenwelt.de", "timestamp": "2019-03-08T14:37:49.188193", "browser": "chrome", "browser-platform": "windows", "browser-version": "72.0.3626.121"}
{"method": "GET", "path": "/dashboards/_render_async_sql_query/ab39cba2-5cd3-4298-a6da-6b77deef9fa6", "endpoint": "dashboards.render_async_sql_query", "view-args": {"id": "ab39cba2-5cd3-4298-a6da-6b77deef9fa6"}, "status": 200, "user": "8665041ecb30c06e@lampenwelt.de", "timestamp": "2019-03-08T14:37:49.190292", "browser": "chrome", "browser-platform": "windows", "browser-version": "72.0.3626.121"}
{"method": "GET", "path": "/dashboards/_render_async_sql_query/73c49e57-c2c1-4fcf-bff0-25d415520ded", "endpoint": "dashboards.render_async_sql_query", "view-args": {"id": "73c49e57-c2c1-4fcf-bff0-25d415520ded"}, "status": 200, "user": "8665041ecb30c06e@lampenwelt.de", "timestamp": "2019-03-08T14:37:49.204616", "browser": "chrome", "browser-platform": "windows", "browser-version": "72.0.3626.121"}
{"method": "GET", "path": "/dashboards/_render_async_sql_query/00641c06-3039-44cf-896e-8e6df0a3bb89", "endpoint": "dashboards.render_async_sql_query", "view-args": {"id": "00641c06-3039-44cf-896e-8e6df0a3bb89"}, "status": 200, "user": "8665041ecb30c06e@lampenwelt.de", "timestamp": "2019-03-08T14:37:49.220477", "browser": "chrome", "browser-platform": "windows", "browser-version": "72.0.3626.121"}
{"method": "GET", "path": "/dashboards/_render_async_sql_query/bf8746eb-9c67-4540-b343-8753a34a5ced", "endpoint": "dashboards.render_async_sql_query", "view-args": {"id": "bf8746eb-9c67-4540-b343-8753a34a5ced"}, "status": 200, "user": "8665041ecb30c06e@lampenwelt.de", "timestamp": "2019-03-08T14:37:49.242298", "browser": "chrome", "browser-platform": "windows", "browser-version": "72.0.3626.121"}
{"method": "GET", "path": "/dashboards/_render_async_sql_query/ebf1b218-5519-4d35-9ec2-ee03fc9bbedd", "endpoint": "dashboards.render_async_sql_query", "view-args": {"id": "ebf1b218-5519-4d35-9ec2-ee03fc9bbedd"}, "status": 200, "user": "8665041ecb30c06e@lampenwelt.de", "timestamp": "2019-03-08T14:37:49.248457", "browser": "chrome", "browser-platform": "windows", "browser-version": "72.0.3626.121"}
{"method": "GET", "path": "/dashboards/_render_async_sql_query/b8afad5a-2998-4bcb-9f9f-93a8aebf5ba7", "endpoint": "dashboards.render_async_sql_query", "view-args": {"id": "b8afad5a-2998-4bcb-9f9f-93a8aebf5ba7"}, "status": 200, "user": "8665041ecb30c06e@lampenwelt.de", "timestamp": "2019-03-08T14:37:49.254909", "browser": "chrome", "browser-platform": "windows", "browser-version": "72.0.3626.121"}
{"method": "GET", "path": "/dashboards/_render_async_sql_query/1bae8fda-7f4e-4d1d-8ab9-1b3da5030c41", "endpoint": "dashboards.render_async_sql_query", "view-args": {"id": "1bae8fda-7f4e-4d1d-8ab9-1b3da5030c41"}, "status": 200, "user": "8665041ecb30c06e@lampenwelt.de", "timestamp": "2019-03-08T14:37:49.264335", "browser": "chrome", "browser-platform": "windows", "browser-version": "72.0.3626.121"}
{"method": "GET", "path": "/dashboards/_render_async_sql_query/6991ab44-77ac-4b1a-a6ec-cab6d47d1ec3", "endpoint": "dashboards.render_async_sql_query", "view-args": {"id": "6991ab44-77ac-4b1a-a6ec-cab6d47d1ec3"}, "status": 200, "user": "8665041ecb30c06e@lampenwelt.de", "timestamp": "2019-03-08T14:37:49.280886", "browser": "chrome", "browser-platform": "windows", "browser-version": "72.0.3626.121"}
{"method": "GET", "path": "/dashboards/_render_async_sql_query/43d83a10-ac06-4141-b0a4-78bc565a10dd", "endpoint": "dashboards.render_async_sql_query", "view-args": {"id": "43d83a10-ac06-4141-b0a4-78bc565a10dd"}, "status": 200, "user": "8665041ecb30c06e@lampenwelt.de", "timestamp": "2019-03-08T14:37:49.281514", "browser": "chrome", "browser-platform": "windows", "browser-version": "72.0.3626.121"}
{"method": "GET", "path": "/dashboards/_render_async_sql_query/d10efc2d-4268-4d01-9202-329f84965380", "endpoint": "dashboards.render_async_sql_query", "view-args": {"id": "d10efc2d-4268-4d01-9202-329f84965380"}, "status": 200, "user": "8665041ecb30c06e@lampenwelt.de", "timestamp": "2019-03-08T14:37:49.292395", "browser": "chrome", "browser-platform": "windows", "browser-version": "72.0.3626.121"}
{"method": "GET", "path": "/dashboards/_render_async_sql_query/f3c818d3-4fbe-4d0c-afd1-e071c1e07d1a", "endpoint": "dashboards.render_async_sql_query", "view-args": {"id": "f3c818d3-4fbe-4d0c-afd1-e071c1e07d1a"}, "status": 200, "user": "8665041ecb30c06e@lampenwelt.de", "timestamp": "2019-03-08T14:37:49.309739", "browser": "chrome", "browser-platform": "windows", "browser-version": "72.0.3626.121"}
{"method": "GET", "path": "/dashboards/_render_async_sql_query/b0c5cb46-ebab-45c7-adb1-945642c3bd2d", "endpoint": "dashboards.render_async_sql_query", "view-args": {"id": "b0c5cb46-ebab-45c7-adb1-945642c3bd2d"}, "status": 200, "user": "8665041ecb30c06e@lampenwelt.de", "timestamp": "2019-03-08T14:37:49.319884", "browser": "chrome", "browser-platform": "windows", "browser-version": "72.0.3626.121"}
{"method": "GET", "path": "/dashboards/_render_async_sql_query/0076104f-396b-4e99-95cf-acd7dfabf1b5", "endpoint": "dashboards.render_async_sql_query", "view-args": {"id": "0076104f-396b-4e99-95cf-acd7dfabf1b5"}, "status": 200, "user": "8665041ecb30c06e@lampenwelt.de", "timestamp": "2019-03-08T14:37:49.327294", "browser": "chrome", "browser-platform": "windows", "browser-version": "72.0.3626.121"}
{"method": "POST", "path": "/mondrian/saiku/authorize", "endpoint": "py_mondrian.saiku_authorize", "view-args": {}, "status": 200, "user": "35675e68f4b5af7b@localhost", "timestamp": "2019-03-08T14:38:01.105093", "browser": null, "browser-platform": null, "browser-version": null}
{"method": "POST", "path": "/mondrian/saiku/authorize", "endpoint": "py_mondrian.saiku_authorize", "view-args": {}, "status": 200, "user": "35675e68f4b5af7b@localhost", "timestamp": "2019-03-08T14:38:01.919736", "browser": null, "browser-platform": null, "browser-version": null}
{"method": "GET", "path": "/product-performance-analyzer/", "endpoint": "product-performance-analyzer.product_filter_panel", "view-args": {}, "status": 200, "user": "8665041ecb30c06e@lampenwelt.de", "timestamp": "2019-03-08T14:38:27.368238", "browser": "chrome", "browser-platform": "windows", "browser-version": "72.0.3626.121"}
{"method": "GET", "path": "/product-performance-analyzer/_last_successful_import", "endpoint": "product-performance-analyzer.last_successful_import", "view-args": {}, "status": 200, "user": "8665041ecb30c06e@lampenwelt.de", "timestamp": "2019-03-08T14:38:27.805349", "browser": "chrome", "browser-platform": "windows", "browser-version": "72.0.3626.121"}
{"method": "POST", "path": "/product-performance-analyzer/_render-mdx-request", "endpoint": "product-performance-analyzer.render_mdx_request", "view-args": {}, "status": 200, "user": "8665041ecb30c06e@lampenwelt.de", "timestamp": "2019-03-08T14:38:30.657911", "browser": "chrome", "browser-platform": "windows", "browser-version": "72.0.3626.121"}
{"method": "GET", "path": "/product-performance-analyzer/_product_images/1/9620334.jpg", "endpoint": "product-performance-analyzer.get_product_image", "view-args": {"filename": "1/9620334.jpg"}, "status": 200, "user": "8665041ecb30c06e@lampenwelt.de", "timestamp": "2019-03-08T14:38:30.744741", "browser": "chrome", "browser-platform": "windows", "browser-version": "72.0.3626.121"}
{"method": "GET", "path": "/product-performance-analyzer/_product_images/1/9956008.jpg", "endpoint": "product-performance-analyzer.get_product_image", "view-args": {"filename": "1/9956008.jpg"}, "status": 200, "user": "8665041ecb30c06e@lampenwelt.de", "timestamp": "2019-03-08T14:38:30.744983", "browser": "chrome", "browser-platform": "windows", "browser-version": "72.0.3626.121"}
{"method": "GET", "path": "/product-performance-analyzer/_product_images/1/9956002.jpg", "endpoint": "product-performance-analyzer.get_product_image", "view-args": {"filename": "1/9956002.jpg"}, "status": 200, "user": "8665041ecb30c06e@lampenwelt.de", "timestamp": "2019-03-08T14:38:30.745176", "browser": "chrome", "browser-platform": "windows", "browser-version": "72.0.3626.121"}
{"method": "GET", "path": "/product-performance-analyzer/_product_images/1/9956001.jpg", "endpoint": "product-performance-analyzer.get_product_image", "view-args": {"filename": "1/9956001.jpg"}, "status": 200, "user": "8665041ecb30c06e@lampenwelt.de", "timestamp": "2019-03-08T14:38:30.755110", "browser": "chrome", "browser-platform": "windows", "browser-version": "72.0.3626.121"}
{"method": "GET", "path": "/product-performance-analyzer/_product_images/1/9956004.jpg", "endpoint": "product-performance-analyzer.get_product_image", "view-args": {"filename": "1/9956004.jpg"}, "status": 200, "user": "8665041ecb30c06e@lampenwelt.de", "timestamp": "2019-03-08T14:38:30.755204", "browser": "chrome", "browser-platform": "windows", "browser-version": "72.0.3626.121"}
{"method": "GET", "path": "/product-performance-analyzer/_product_images/1/9956006.jpg", "endpoint": "product-performance-analyzer.get_product_image", "view-args": {"filename": "1/9956006.jpg"}, "status": 200, "user": "8665041ecb30c06e@lampenwelt.de", "timestamp": "2019-03-08T14:38:30.756781", "browser": "chrome", "browser-platform": "windows", "browser-version": "72.0.3626.121"}
{"method": "GET", "path": "/product-performance-analyzer/_product_images/1/9956005.jpg", "endpoint": "product-performance-analyzer.get_product_image", "view-args": {"filename": "1/9956005.jpg"}, "status": 200, "user": "8665041ecb30c06e@lampenwelt.de", "timestamp": "2019-03-08T14:38:30.788105", "browser": "chrome", "browser-platform": "windows", "browser-version": "72.0.3626.121"}
{"method": "GET", "path": "/product-performance-analyzer/_product_images/1/9639015.jpg", "endpoint": "product-performance-analyzer.get_product_image", "view-args": {"filename": "1/9639015.jpg"}, "status": 200, "user": "8665041ecb30c06e@lampenwelt.de", "timestamp": "2019-03-08T14:38:30.793460", "browser": "chrome", "browser-platform": "windows", "browser-version": "72.0.3626.121"}
{"method": "GET", "path": "/product-performance-analyzer/_product_images/1/9978020.jpg", "endpoint": "product-performance-analyzer.get_product_image", "view-args": {"filename": "1/9978020.jpg"}, "status": 200, "user": "8665041ecb30c06e@lampenwelt.de", "timestamp": "2019-03-08T14:38:30.825905", "browser": "chrome", "browser-platform": "windows", "browser-version": "72.0.3626.121"}
{"method": "GET", "path": "/product-performance-analyzer/_product_images/1/9621743.jpg", "endpoint": "product-performance-analyzer.get_product_image", "view-args": {"filename": "1/9621743.jpg"}, "status": 200, "user": "8665041ecb30c06e@lampenwelt.de", "timestamp": "2019-03-08T14:38:30.826190", "browser": "chrome", "browser-platform": "windows", "browser-version": "72.0.3626.121"}
{"method": "GET", "path": "/product-performance-analyzer/_product_images/1/9620632.jpg", "endpoint": "product-performance-analyzer.get_product_image", "view-args": {"filename": "1/9620632.jpg"}, "status": 200, "user": "8665041ecb30c06e@lampenwelt.de", "timestamp": "2019-03-08T14:38:30.830866", "browser": "chrome", "browser-platform": "windows", "browser-version": "72.0.3626.121"}
{"method": "GET", "path": "/product-performance-analyzer/_product_images/1/9639031.jpg", "endpoint": "product-performance-analyzer.get_product_image", "view-args": {"filename": "1/9639031.jpg"}, "status": 200, "user": "8665041ecb30c06e@lampenwelt.de", "timestamp": "2019-03-08T14:38:30.835248", "browser": "chrome", "browser-platform": "windows", "browser-version": "72.0.3626.121"}
{"method": "GET", "path": "/product-performance-analyzer/_product_images/1/9978018.jpg", "endpoint": "product-performance-analyzer.get_product_image", "view-args": {"filename": "1/9978018.jpg"}, "status": 200, "user": "8665041ecb30c06e@lampenwelt.de", "timestamp": "2019-03-08T14:38:30.842912", "browser": "chrome", "browser-platform": "windows", "browser-version": "72.0.3626.121"}
{"method": "GET", "path": "/product-performance-analyzer/_product_images/1/7261139.jpg", "endpoint": "product-performance-analyzer.get_product_image", "view-args": {"filename": "1/7261139.jpg"}, "status": 200, "user": "8665041ecb30c06e@lampenwelt.de", "timestamp": "2019-03-08T14:38:30.842988", "browser": "chrome", "browser-platform": "windows", "browser-version": "72.0.3626.121"}
{"method": "GET", "path": "/product-performance-analyzer/_product_images/1/9978021.jpg", "endpoint": "product-performance-analyzer.get_product_image", "view-args": {"filename": "1/9978021.jpg"}, "status": 200, "user": "8665041ecb30c06e@lampenwelt.de", "timestamp": "2019-03-08T14:38:30.862012", "browser": "chrome", "browser-platform": "windows", "browser-version": "72.0.3626.121"}
{"method": "GET", "path": "/product-performance-analyzer/_product_images/1/9613055.jpg", "endpoint": "product-performance-analyzer.get_product_image", "view-args": {"filename": "1/9613055.jpg"}, "status": 200, "user": "8665041ecb30c06e@lampenwelt.de", "timestamp": "2019-03-08T14:38:30.894258", "browser": "chrome", "browser-platform": "windows", "browser-version": "72.0.3626.121"}
{"method": "GET", "path": "/product-performance-analyzer/_product_images/1/9994028.jpg", "endpoint": "product-performance-analyzer.get_product_image", "view-args": {"filename": "1/9994028.jpg"}, "status": 200, "user": "8665041ecb30c06e@lampenwelt.de", "timestamp": "2019-03-08T14:38:30.898261", "browser": "chrome", "browser-platform": "windows", "browser-version": "72.0.3626.121"}
{"method": "GET", "path": "/product-performance-analyzer/_product_images/1/9978019.jpg", "endpoint": "product-performance-analyzer.get_product_image", "view-args": {"filename": "1/9978019.jpg"}, "status": 200, "user": "8665041ecb30c06e@lampenwelt.de", "timestamp": "2019-03-08T14:38:30.909964", "browser": "chrome", "browser-platform": "windows", "browser-version": "72.0.3626.121"}
{"method": "GET", "path": "/product-performance-analyzer/_product_images/1/9621184.jpg", "endpoint": "product-performance-analyzer.get_product_image", "view-args": {"filename": "1/9621184.jpg"}, "status": 200, "user": "8665041ecb30c06e@lampenwelt.de", "timestamp": "2019-03-08T14:38:30.910000", "browser": "chrome", "browser-platform": "windows", "browser-version": "72.0.3626.121"}
{"method": "GET", "path": "/product-performance-analyzer/_product_images/1/9621855.jpg", "endpoint": "product-performance-analyzer.get_product_image", "view-args": {"filename": "1/9621855.jpg"}, "status": 200, "user": "8665041ecb30c06e@lampenwelt.de", "timestamp": "2019-03-08T14:38:30.910678", "browser": "chrome", "browser-platform": "windows", "browser-version": "72.0.3626.121"}
{"method": "GET", "path": "/product-performance-analyzer/_product_images/1/9620329.jpg", "endpoint": "product-performance-analyzer.get_product_image", "view-args": {"filename": "1/9620329.jpg"}, "status": 200, "user": "8665041ecb30c06e@lampenwelt.de", "timestamp": "2019-03-08T14:38:30.927622", "browser": "chrome", "browser-platform": "windows", "browser-version": "72.0.3626.121"}
{"method": "GET", "path": "/product-performance-analyzer/_product_images/1/9621530.jpg", "endpoint": "product-performance-analyzer.get_product_image", "view-args": {"filename": "1/9621530.jpg"}, "status": 200, "user": "8665041ecb30c06e@lampenwelt.de", "timestamp": "2019-03-08T14:38:30.936416", "browser": "chrome", "browser-platform": "windows", "browser-version": "72.0.3626.121"}
{"method": "GET", "path": "/product-performance-analyzer/_product_images/1/9620633.jpg", "endpoint": "product-performance-analyzer.get_product_image", "view-args": {"filename": "1/9620633.jpg"}, "status": 200, "user": "8665041ecb30c06e@lampenwelt.de", "timestamp": "2019-03-08T14:38:30.953501", "browser": "chrome", "browser-platform": "windows", "browser-version": "72.0.3626.121"}
{"method": "GET", "path": "/product-performance-analyzer/_product_images/1/9621336.jpg", "endpoint": "product-performance-analyzer.get_product_image", "view-args": {"filename": "1/9621336.jpg"}, "status": 200, "user": "8665041ecb30c06e@lampenwelt.de", "timestamp": "2019-03-08T14:38:30.986955", "browser": "chrome", "browser-platform": "windows", "browser-version": "72.0.3626.121"}
{"method": "GET", "path": "/product-performance-analyzer/_product_images/1/9621285.jpg", "endpoint": "product-performance-analyzer.get_product_image", "view-args": {"filename": "1/9621285.jpg"}, "status": 200, "user": "8665041ecb30c06e@lampenwelt.de", "timestamp": "2019-03-08T14:38:30.991619", "browser": "chrome", "browser-platform": "windows", "browser-version": "72.0.3626.121"}
{"method": "GET", "path": "/product-performance-analyzer/_product_images/1/9956007.jpg", "endpoint": "product-performance-analyzer.get_product_image", "view-args": {"filename": "1/9956007.jpg"}, "status": 200, "user": "8665041ecb30c06e@lampenwelt.de", "timestamp": "2019-03-08T14:38:30.999669", "browser": "chrome", "browser-platform": "windows", "browser-version": "72.0.3626.121"}
{"method": "GET", "path": "/product-performance-analyzer/_product_images/1/7610578.jpg", "endpoint": "product-performance-analyzer.get_product_image", "view-args": {"filename": "1/7610578.jpg"}, "status": 200, "user": "8665041ecb30c06e@lampenwelt.de", "timestamp": "2019-03-08T14:38:31.016771", "browser": "chrome", "browser-platform": "windows", "browser-version": "72.0.3626.121"}
{"method": "GET", "path": "/product-performance-analyzer/_product_images/1/9621352.jpg", "endpoint": "product-performance-analyzer.get_product_image", "view-args": {"filename": "1/9621352.jpg"}, "status": 200, "user": "8665041ecb30c06e@lampenwelt.de", "timestamp": "2019-03-08T14:38:31.028091", "browser": "chrome", "browser-platform": "windows", "browser-version": "72.0.3626.121"}
{"method": "GET", "path": "/product-performance-analyzer/_product_images/1/9620732.jpg", "endpoint": "product-performance-analyzer.get_product_image", "view-args": {"filename": "1/9620732.jpg"}, "status": 200, "user": "8665041ecb30c06e@lampenwelt.de", "timestamp": "2019-03-08T14:38:31.041071", "browser": "chrome", "browser-platform": "windows", "browser-version": "72.0.3626.121"}
{"method": "GET", "path": "/product-performance-analyzer/_product_images/1/9978024.jpg", "endpoint": "product-performance-analyzer.get_product_image", "view-args": {"filename": "1/9978024.jpg"}, "status": 200, "user": "8665041ecb30c06e@lampenwelt.de", "timestamp": "2019-03-08T14:38:31.048834", "browser": "chrome", "browser-platform": "windows", "browser-version": "72.0.3626.121"}
{"method": "GET", "path": "/product-performance-analyzer/_product_images/1/9621926.jpg", "endpoint": "product-performance-analyzer.get_product_image", "view-args": {"filename": "1/9621926.jpg"}, "status": 200, "user": "8665041ecb30c06e@lampenwelt.de", "timestamp": "2019-03-08T14:38:31.085129", "browser": "chrome", "browser-platform": "windows", "browser-version": "72.0.3626.121"}
{"method": "GET", "path": "/product-performance-analyzer/_product_images/1/9621701.jpg", "endpoint": "product-performance-analyzer.get_product_image", "view-args": {"filename": "1/9621701.jpg"}, "status": 200, "user": "8665041ecb30c06e@lampenwelt.de", "timestamp": "2019-03-08T14:38:31.102630", "browser": "chrome", "browser-platform": "windows", "browser-version": "72.0.3626.121"}
{"method": "GET", "path": "/product-performance-analyzer/_product_images/1/9621214.jpg", "endpoint": "product-performance-analyzer.get_product_image", "view-args": {"filename": "1/9621214.jpg"}, "status": 200, "user": "8665041ecb30c06e@lampenwelt.de", "timestamp": "2019-03-08T14:38:31.107896", "browser": "chrome", "browser-platform": "windows", "browser-version": "72.0.3626.121"}
{"method": "GET", "path": "/product-performance-analyzer/_product_images/1/9625040.jpg", "endpoint": "product-performance-analyzer.get_product_image", "view-args": {"filename": "1/9625040.jpg"}, "status": 200, "user": "8665041ecb30c06e@lampenwelt.de", "timestamp": "2019-03-08T14:38:31.110605", "browser": "chrome", "browser-platform": "windows", "browser-version": "72.0.3626.121"}
{"method": "GET", "path": "/product-performance-analyzer/_product_images/1/9620169.jpg", "endpoint": "product-performance-analyzer.get_product_image", "view-args": {"filename": "1/9620169.jpg"}, "status": 200, "user": "8665041ecb30c06e@lampenwelt.de", "timestamp": "2019-03-08T14:38:31.115306", "browser": "chrome", "browser-platform": "windows", "browser-version": "72.0.3626.121"}
{"method": "GET", "path": "/product-performance-analyzer/_product_images/1/3032040.jpg", "endpoint": "product-performance-analyzer.get_product_image", "view-args": {"filename": "1/3032040.jpg"}, "status": 200, "user": "8665041ecb30c06e@lampenwelt.de", "timestamp": "2019-03-08T14:38:31.120577", "browser": "chrome", "browser-platform": "windows", "browser-version": "72.0.3626.121"}
{"method": "GET", "path": "/product-performance-analyzer/_product_images/1/9620730.jpg", "endpoint": "product-performance-analyzer.get_product_image", "view-args": {"filename": "1/9620730.jpg"}, "status": 200, "user": "8665041ecb30c06e@lampenwelt.de", "timestamp": "2019-03-08T14:38:31.121175", "browser": "chrome", "browser-platform": "windows", "browser-version": "72.0.3626.121"}
{"method": "GET", "path": "/product-performance-analyzer/_product_images/1/9613008.jpg", "endpoint": "product-performance-analyzer.get_product_image", "view-args": {"filename": "1/9613008.jpg"}, "status": 200, "user": "8665041ecb30c06e@lampenwelt.de", "timestamp": "2019-03-08T14:38:31.138717", "browser": "chrome", "browser-platform": "windows", "browser-version": "72.0.3626.121"}
{"method": "GET", "path": "/product-performance-analyzer/_product_images/1/9621305.jpg", "endpoint": "product-performance-analyzer.get_product_image", "view-args": {"filename": "1/9621305.jpg"}, "status": 200, "user": "8665041ecb30c06e@lampenwelt.de", "timestamp": "2019-03-08T14:38:31.153039", "browser": "chrome", "browser-platform": "windows", "browser-version": "72.0.3626.121"}
{"method": "GET", "path": "/product-performance-analyzer/_product_images/1/9620332.jpg", "endpoint": "product-performance-analyzer.get_product_image", "view-args": {"filename": "1/9620332.jpg"}, "status": 200, "user": "8665041ecb30c06e@lampenwelt.de", "timestamp": "2019-03-08T14:38:31.153039", "browser": "chrome", "browser-platform": "windows", "browser-version": "72.0.3626.121"}
{"method": "GET", "path": "/product-performance-analyzer/_product_images/1/9621154.jpg", "endpoint": "product-performance-analyzer.get_product_image", "view-args": {"filename": "1/9621154.jpg"}, "status": 200, "user": "8665041ecb30c06e@lampenwelt.de", "timestamp": "2019-03-08T14:38:31.158086", "browser": "chrome", "browser-platform": "windows", "browser-version": "72.0.3626.121"}
{"method": "GET", "path": "/product-performance-analyzer/_product_images/1/9621553.jpg", "endpoint": "product-performance-analyzer.get_product_image", "view-args": {"filename": "1/9621553.jpg"}, "status": 200, "user": "8665041ecb30c06e@lampenwelt.de", "timestamp": "2019-03-08T14:38:31.164582", "browser": "chrome", "browser-platform": "windows", "browser-version": "72.0.3626.121"}
{"method": "GET", "path": "/product-performance-analyzer/_product_images/1/7500212.jpg", "endpoint": "product-performance-analyzer.get_product_image", "view-args": {"filename": "1/7500212.jpg"}, "status": 200, "user": "8665041ecb30c06e@lampenwelt.de", "timestamp": "2019-03-08T14:38:31.176152", "browser": "chrome", "browser-platform": "windows", "browser-version": "72.0.3626.121"}
{"method": "GET", "path": "/product-performance-analyzer/_product_images/1/9621216.jpg", "endpoint": "product-performance-analyzer.get_product_image", "view-args": {"filename": "1/9621216.jpg"}, "status": 200, "user": "8665041ecb30c06e@lampenwelt.de", "timestamp": "2019-03-08T14:38:31.211099", "browser": "chrome", "browser-platform": "windows", "browser-version": "72.0.3626.121"}
{"method": "GET", "path": "/product-performance-analyzer/_product_images/1/9621472.jpg", "endpoint": "product-performance-analyzer.get_product_image", "view-args": {"filename": "1/9621472.jpg"}, "status": 200, "user": "8665041ecb30c06e@lampenwelt.de", "timestamp": "2019-03-08T14:38:31.225215", "browser": "chrome", "browser-platform": "windows", "browser-version": "72.0.3626.121"}
{"method": "GET", "path": "/product-performance-analyzer/_product_images/1/9621531.jpg", "endpoint": "product-performance-analyzer.get_product_image", "view-args": {"filename": "1/9621531.jpg"}, "status": 200, "user": "8665041ecb30c06e@lampenwelt.de", "timestamp": "2019-03-08T14:38:31.226992", "browser": "chrome", "browser-platform": "windows", "browser-version": "72.0.3626.121"}
{"method": "GET", "path": "/product-performance-analyzer/_product_images/1/9620330.jpg", "endpoint": "product-performance-analyzer.get_product_image", "view-args": {"filename": "1/9620330.jpg"}, "status": 200, "user": "8665041ecb30c06e@lampenwelt.de", "timestamp": "2019-03-08T14:38:31.233420", "browser": "chrome", "browser-platform": "windows", "browser-version": "72.0.3626.121"}
{"method": "GET", "path": "/product-performance-analyzer/_product_images/1/9639014.jpg", "endpoint": "product-performance-analyzer.get_product_image", "view-args": {"filename": "1/9639014.jpg"}, "status": 200, "user": "8665041ecb30c06e@lampenwelt.de", "timestamp": "2019-03-08T14:38:31.236587", "browser": "chrome", "browser-platform": "windows", "browser-version": "72.0.3626.121"}
{"method": "GET", "path": "/product-performance-analyzer/_product_images/1/9975025.jpg", "endpoint": "product-performance-analyzer.get_product_image", "view-args": {"filename": "1/9975025.jpg"}, "status": 200, "user": "8665041ecb30c06e@lampenwelt.de", "timestamp": "2019-03-08T14:38:31.254991", "browser": "chrome", "browser-platform": "windows", "browser-version": "72.0.3626.121"}
{"method": "GET", "path": "/product-performance-analyzer/_product_images/1/9613001.jpg", "endpoint": "product-performance-analyzer.get_product_image", "view-args": {"filename": "1/9613001.jpg"}, "status": 200, "user": "8665041ecb30c06e@lampenwelt.de", "timestamp": "2019-03-08T14:38:31.289723", "browser": "chrome", "browser-platform": "windows", "browser-version": "72.0.3626.121"}
{"method": "GET", "path": "/product-performance-analyzer/_auto-complete/global_dim.sales_channel/sales_channel/", "endpoint": "product-performance-analyzer.auto_complete", "view-args": {"table_name": "global_dim.sales_channel", "column_name": "sales_channel"}, "status": 200, "user": "8665041ecb30c06e@lampenwelt.de", "timestamp": "2019-03-08T14:39:07.324109", "browser": "chrome", "browser-platform": "windows", "browser-version": "72.0.3626.121"}
{"method": "GET", "path": "/product-performance-analyzer/_auto-complete/global_dim.sales_channel/sales_channel/i", "endpoint": "product-performance-analyzer.auto_complete", "view-args": {"table_name": "global_dim.sales_channel", "column_name": "sales_channel", "term": "i"}, "status": 200, "user": "8665041ecb30c06e@lampenwelt.de", "timestamp": "2019-03-08T14:39:35.716019", "browser": "chrome", "browser-platform": "windows", "browser-version": "72.0.3626.121"}
{"method": "POST", "path": "/product-performance-analyzer/_render-mdx-request", "endpoint": "product-performance-analyzer.render_mdx_request", "view-args": {}, "status": 200, "user": "8665041ecb30c06e@lampenwelt.de", "timestamp": "2019-03-08T14:39:45.298402", "browser": "chrome", "browser-platform": "windows", "browser-version": "72.0.3626.121"}
{"method": "GET", "path": "/product-performance-analyzer/_product_images/1/7590002.jpg", "endpoint": "product-performance-analyzer.get_product_image", "view-args": {"filename": "1/7590002.jpg"}, "status": 404, "user": "8665041ecb30c06e@lampenwelt.de", "timestamp": "2019-03-08T14:39:45.365521", "browser": "chrome", "browser-platform": "windows", "browser-version": "72.0.3626.121"}
{"method": "GET", "path": "/product-performance-analyzer/_product_images/1/4014992.jpg", "endpoint": "product-performance-analyzer.get_product_image", "view-args": {"filename": "1/4014992.jpg"}, "status": 200, "user": "8665041ecb30c06e@lampenwelt.de", "timestamp": "2019-03-08T14:39:45.378893", "browser": "chrome", "browser-platform": "windows", "browser-version": "72.0.3626.121"}
{"method": "GET", "path": "/product-performance-analyzer/_product_images/1/5517305.jpg", "endpoint": "product-performance-analyzer.get_product_image", "view-args": {"filename": "1/5517305.jpg"}, "status": 200, "user": "8665041ecb30c06e@lampenwelt.de", "timestamp": "2019-03-08T14:39:45.388153", "browser": "chrome", "browser-platform": "windows", "browser-version": "72.0.3626.121"}
{"method": "GET", "path": "/product-performance-analyzer/_product_images/1/9620048.jpg", "endpoint": "product-performance-analyzer.get_product_image", "view-args": {"filename": "1/9620048.jpg"}, "status": 200, "user": "8665041ecb30c06e@lampenwelt.de", "timestamp": "2019-03-08T14:39:45.390406", "browser": "chrome", "browser-platform": "windows", "browser-version": "72.0.3626.121"}
{"method": "GET", "path": "/product-performance-analyzer/_product_images/1/9970114.jpg", "endpoint": "product-performance-analyzer.get_product_image", "view-args": {"filename": "1/9970114.jpg"}, "status": 200, "user": "8665041ecb30c06e@lampenwelt.de", "timestamp": "2019-03-08T14:39:45.396072", "browser": "chrome", "browser-platform": "windows", "browser-version": "72.0.3626.121"}
{"method": "GET", "path": "/product-performance-analyzer/_product_images/1/4018001.jpg", "endpoint": "product-performance-analyzer.get_product_image", "view-args": {"filename": "1/4018001.jpg"}, "status": 200, "user": "8665041ecb30c06e@lampenwelt.de", "timestamp": "2019-03-08T14:39:45.396262", "browser": "chrome", "browser-platform": "windows", "browser-version": "72.0.3626.121"}
{"method": "GET", "path": "/product-performance-analyzer/_product_images/1/6054992.jpg", "endpoint": "product-performance-analyzer.get_product_image", "view-args": {"filename": "1/6054992.jpg"}, "status": 200, "user": "8665041ecb30c06e@lampenwelt.de", "timestamp": "2019-03-08T14:39:45.400135", "browser": "chrome", "browser-platform": "windows", "browser-version": "72.0.3626.121"}
{"method": "GET", "path": "/product-performance-analyzer/_product_images/1/7590001.jpg", "endpoint": "product-performance-analyzer.get_product_image", "view-args": {"filename": "1/7590001.jpg"}, "status": 404, "user": "8665041ecb30c06e@lampenwelt.de", "timestamp": "2019-03-08T14:39:45.418053", "browser": "chrome", "browser-platform": "windows", "browser-version": "72.0.3626.121"}
{"method": "GET", "path": "/product-performance-analyzer/_product_images/1/6500209.jpg", "endpoint": "product-performance-analyzer.get_product_image", "view-args": {"filename": "1/6500209.jpg"}, "status": 200, "user": "8665041ecb30c06e@lampenwelt.de", "timestamp": "2019-03-08T14:39:45.425573", "browser": "chrome", "browser-platform": "windows", "browser-version": "72.0.3626.121"}
{"method": "GET", "path": "/product-performance-analyzer/_product_images/1/9970036.jpg", "endpoint": "product-performance-analyzer.get_product_image", "view-args": {"filename": "1/9970036.jpg"}, "status": 200, "user": "8665041ecb30c06e@lampenwelt.de", "timestamp": "2019-03-08T14:39:45.426400", "browser": "chrome", "browser-platform": "windows", "browser-version": "72.0.3626.121"}
{"method": "GET", "path": "/product-performance-analyzer/_product_images/1/3031863.jpg", "endpoint": "product-performance-analyzer.get_product_image", "view-args": {"filename": "1/3031863.jpg"}, "status": 200, "user": "8665041ecb30c06e@lampenwelt.de", "timestamp": "2019-03-08T14:39:45.439477", "browser": "chrome", "browser-platform": "windows", "browser-version": "72.0.3626.121"}
{"method": "GET", "path": "/product-performance-analyzer/_product_images/1/1522391.jpg", "endpoint": "product-performance-analyzer.get_product_image", "view-args": {"filename": "1/1522391.jpg"}, "status": 200, "user": "8665041ecb30c06e@lampenwelt.de", "timestamp": "2019-03-08T14:39:45.439778", "browser": "chrome", "browser-platform": "windows", "browser-version": "72.0.3626.121"}
{"method": "GET", "path": "/product-performance-analyzer/_product_images/1/9621169.jpg", "endpoint": "product-performance-analyzer.get_product_image", "view-args": {"filename": "1/9621169.jpg"}, "status": 200, "user": "8665041ecb30c06e@lampenwelt.de", "timestamp": "2019-03-08T14:39:45.446471", "browser": "chrome", "browser-platform": "windows", "browser-version": "72.0.3626.121"}
{"method": "GET", "path": "/product-performance-analyzer/_product_images/1/9960049.jpg", "endpoint": "product-performance-analyzer.get_product_image", "view-args": {"filename": "1/9960049.jpg"}, "status": 200, "user": "8665041ecb30c06e@lampenwelt.de", "timestamp": "2019-03-08T14:39:45.452626", "browser": "chrome", "browser-platform": "windows", "browser-version": "72.0.3626.121"}
{"method": "GET", "path": "/product-performance-analyzer/_product_images/1/9973006.jpg", "endpoint": "product-performance-analyzer.get_product_image", "view-args": {"filename": "1/9973006.jpg"}, "status": 200, "user": "8665041ecb30c06e@lampenwelt.de", "timestamp": "2019-03-08T14:39:45.482259", "browser": "chrome", "browser-platform": "windows", "browser-version": "72.0.3626.121"}
{"method": "GET", "path": "/product-performance-analyzer/_product_images/1/9978023.jpg", "endpoint": "product-performance-analyzer.get_product_image", "view-args": {"filename": "1/9978023.jpg"}, "status": 200, "user": "8665041ecb30c06e@lampenwelt.de", "timestamp": "2019-03-08T14:39:45.494126", "browser": "chrome", "browser-platform": "windows", "browser-version": "72.0.3626.121"}
{"method": "GET", "path": "/product-performance-analyzer/_product_images/1/9981020.jpg", "endpoint": "product-performance-analyzer.get_product_image", "view-args": {"filename": "1/9981020.jpg"}, "status": 200, "user": "8665041ecb30c06e@lampenwelt.de", "timestamp": "2019-03-08T14:39:45.505221", "browser": "chrome", "browser-platform": "windows", "browser-version": "72.0.3626.121"}
{"method": "GET", "path": "/product-performance-analyzer/_product_images/1/2501587.jpg", "endpoint": "product-performance-analyzer.get_product_image", "view-args": {"filename": "1/2501587.jpg"}, "status": 200, "user": "8665041ecb30c06e@lampenwelt.de", "timestamp": "2019-03-08T14:39:45.506053", "browser": "chrome", "browser-platform": "windows", "browser-version": "72.0.3626.121"}
{"method": "GET", "path": "/product-performance-analyzer/_product_images/1/3031750.jpg", "endpoint": "product-performance-analyzer.get_product_image", "view-args": {"filename": "1/3031750.jpg"}, "status": 200, "user": "8665041ecb30c06e@lampenwelt.de", "timestamp": "2019-03-08T14:39:45.531560", "browser": "chrome", "browser-platform": "windows", "browser-version": "72.0.3626.121"}
{"method": "GET", "path": "/product-performance-analyzer/_product_images/1/3031860.jpg", "endpoint": "product-performance-analyzer.get_product_image", "view-args": {"filename": "1/3031860.jpg"}, "status": 200, "user": "8665041ecb30c06e@lampenwelt.de", "timestamp": "2019-03-08T14:39:45.539724", "browser": "chrome", "browser-platform": "windows", "browser-version": "72.0.3626.121"}
{"method": "GET", "path": "/product-performance-analyzer/_product_images/1/3031945.jpg", "endpoint": "product-performance-analyzer.get_product_image", "view-args": {"filename": "1/3031945.jpg"}, "status": 200, "user": "8665041ecb30c06e@lampenwelt.de", "timestamp": "2019-03-08T14:39:45.543852", "browser": "chrome", "browser-platform": "windows", "browser-version": "72.0.3626.121"}
{"method": "GET", "path": "/product-performance-analyzer/_product_images/1/7261332.jpg", "endpoint": "product-performance-analyzer.get_product_image", "view-args": {"filename": "1/7261332.jpg"}, "status": 200, "user": "8665041ecb30c06e@lampenwelt.de", "timestamp": "2019-03-08T14:39:45.545499", "browser": "chrome", "browser-platform": "windows", "browser-version": "72.0.3626.121"}
{"method": "GET", "path": "/product-performance-analyzer/_product_images/1/9613046.jpg", "endpoint": "product-performance-analyzer.get_product_image", "view-args": {"filename": "1/9613046.jpg"}, "status": 200, "user": "8665041ecb30c06e@lampenwelt.de", "timestamp": "2019-03-08T14:39:45.552349", "browser": "chrome", "browser-platform": "windows", "browser-version": "72.0.3626.121"}
{"method": "GET", "path": "/product-performance-analyzer/_product_images/1/9620920.jpg", "endpoint": "product-performance-analyzer.get_product_image", "view-args": {"filename": "1/9620920.jpg"}, "status": 200, "user": "8665041ecb30c06e@lampenwelt.de", "timestamp": "2019-03-08T14:39:45.553466", "browser": "chrome", "browser-platform": "windows", "browser-version": "72.0.3626.121"}
{"method": "GET", "path": "/product-performance-analyzer/_product_images/1/9620987.jpg", "endpoint": "product-performance-analyzer.get_product_image", "view-args": {"filename": "1/9620987.jpg"}, "status": 200, "user": "8665041ecb30c06e@lampenwelt.de", "timestamp": "2019-03-08T14:39:45.559574", "browser": "chrome", "browser-platform": "windows", "browser-version": "72.0.3626.121"}
{"method": "GET", "path": "/product-performance-analyzer/_product_images/1/9621031.jpg", "endpoint": "product-performance-analyzer.get_product_image", "view-args": {"filename": "1/9621031.jpg"}, "status": 200, "user": "8665041ecb30c06e@lampenwelt.de", "timestamp": "2019-03-08T14:39:45.569525", "browser": "chrome", "browser-platform": "windows", "browser-version": "72.0.3626.121"}
{"method": "GET", "path": "/product-performance-analyzer/_product_images/1/9621182.jpg", "endpoint": "product-performance-analyzer.get_product_image", "view-args": {"filename": "1/9621182.jpg"}, "status": 200, "user": "8665041ecb30c06e@lampenwelt.de", "timestamp": "2019-03-08T14:39:45.571847", "browser": "chrome", "browser-platform": "windows", "browser-version": "72.0.3626.121"}
{"method": "GET", "path": "/product-performance-analyzer/_product_images/1/9621288.jpg", "endpoint": "product-performance-analyzer.get_product_image", "view-args": {"filename": "1/9621288.jpg"}, "status": 200, "user": "8665041ecb30c06e@lampenwelt.de", "timestamp": "2019-03-08T14:39:45.614752", "browser": "chrome", "browser-platform": "windows", "browser-version": "72.0.3626.121"}
{"method": "GET", "path": "/product-performance-analyzer/_product_images/1/9974028.jpg", "endpoint": "product-performance-analyzer.get_product_image", "view-args": {"filename": "1/9974028.jpg"}, "status": 200, "user": "8665041ecb30c06e@lampenwelt.de", "timestamp": "2019-03-08T14:39:45.622256", "browser": "chrome", "browser-platform": "windows", "browser-version": "72.0.3626.121"}
{"method": "GET", "path": "/product-performance-analyzer/_product_images/1/9976011.jpg", "endpoint": "product-performance-analyzer.get_product_image", "view-args": {"filename": "1/9976011.jpg"}, "status": 200, "user": "8665041ecb30c06e@lampenwelt.de", "timestamp": "2019-03-08T14:39:45.622585", "browser": "chrome", "browser-platform": "windows", "browser-version": "72.0.3626.121"}
{"method": "GET", "path": "/product-performance-analyzer/_product_images/1/9994007.jpg", "endpoint": "product-performance-analyzer.get_product_image", "view-args": {"filename": "1/9994007.jpg"}, "status": 200, "user": "8665041ecb30c06e@lampenwelt.de", "timestamp": "2019-03-08T14:39:45.675375", "browser": "chrome", "browser-platform": "windows", "browser-version": "72.0.3626.121"}
{"method": "GET", "path": "/product-performance-analyzer/_product_images/1/9987059.jpg", "endpoint": "product-performance-analyzer.get_product_image", "view-args": {"filename": "1/9987059.jpg"}, "status": 200, "user": "8665041ecb30c06e@lampenwelt.de", "timestamp": "2019-03-08T14:39:45.675374", "browser": "chrome", "browser-platform": "windows", "browser-version": "72.0.3626.121"}
{"method": "GET", "path": "/product-performance-analyzer/_product_images/1/3031864.jpg", "endpoint": "product-performance-analyzer.get_product_image", "view-args": {"filename": "1/3031864.jpg"}, "status": 200, "user": "8665041ecb30c06e@lampenwelt.de", "timestamp": "2019-03-08T14:39:45.681693", "browser": "chrome", "browser-platform": "windows", "browser-version": "72.0.3626.121"}
{"method": "GET", "path": "/product-performance-analyzer/_product_images/1/5540033.jpg", "endpoint": "product-performance-analyzer.get_product_image", "view-args": {"filename": "1/5540033.jpg"}, "status": 200, "user": "8665041ecb30c06e@lampenwelt.de", "timestamp": "2019-03-08T14:39:45.685413", "browser": "chrome", "browser-platform": "windows", "browser-version": "72.0.3626.121"}
{"method": "GET", "path": "/product-performance-analyzer/_product_images/1/4018015.jpg", "endpoint": "product-performance-analyzer.get_product_image", "view-args": {"filename": "1/4018015.jpg"}, "status": 200, "user": "8665041ecb30c06e@lampenwelt.de", "timestamp": "2019-03-08T14:39:45.691981", "browser": "chrome", "browser-platform": "windows", "browser-version": "72.0.3626.121"}
{"method": "GET", "path": "/product-performance-analyzer/_product_images/1/5522142.jpg", "endpoint": "product-performance-analyzer.get_product_image", "view-args": {"filename": "1/5522142.jpg"}, "status": 200, "user": "8665041ecb30c06e@lampenwelt.de", "timestamp": "2019-03-08T14:39:45.691974", "browser": "chrome", "browser-platform": "windows", "browser-version": "72.0.3626.121"}
{"method": "GET", "path": "/product-performance-analyzer/_product_images/1/6054351.jpg", "endpoint": "product-performance-analyzer.get_product_image", "view-args": {"filename": "1/6054351.jpg"}, "status": 200, "user": "8665041ecb30c06e@lampenwelt.de", "timestamp": "2019-03-08T14:39:45.701909", "browser": "chrome", "browser-platform": "windows", "browser-version": "72.0.3626.121"}
{"method": "GET", "path": "/product-performance-analyzer/_product_images/1/6055259.jpg", "endpoint": "product-performance-analyzer.get_product_image", "view-args": {"filename": "1/6055259.jpg"}, "status": 200, "user": "8665041ecb30c06e@lampenwelt.de", "timestamp": "2019-03-08T14:39:45.712348", "browser": "chrome", "browser-platform": "windows", "browser-version": "72.0.3626.121"}
{"method": "GET", "path": "/product-performance-analyzer/_product_images/1/6511217.jpg", "endpoint": "product-performance-analyzer.get_product_image", "view-args": {"filename": "1/6511217.jpg"}, "status": 200, "user": "8665041ecb30c06e@lampenwelt.de", "timestamp": "2019-03-08T14:39:45.736669", "browser": "chrome", "browser-platform": "windows", "browser-version": "72.0.3626.121"}
{"method": "GET", "path": "/product-performance-analyzer/_product_images/1/7255094.jpg", "endpoint": "product-performance-analyzer.get_product_image", "view-args": {"filename": "1/7255094.jpg"}, "status": 200, "user": "8665041ecb30c06e@lampenwelt.de", "timestamp": "2019-03-08T14:39:45.738729", "browser": "chrome", "browser-platform": "windows", "browser-version": "72.0.3626.121"}
{"method": "GET", "path": "/dashboards/shop-performance-overview", "endpoint": "dashboards.view_dashboard", "view-args": {"id": "shop-performance-overview"}, "status": 200, "user": "8665041ecb30c06e@lampenwelt.de", "timestamp": "2019-03-08T14:40:25.257847", "browser": "chrome", "browser-platform": "windows", "browser-version": "72.0.3626.121"}
{"method": "GET", "path": "/dashboards/_render_async_sql_query/0666a1e1-19b7-4bf3-9654-ab94f3ad63a6", "endpoint": "dashboards.render_async_sql_query", "view-args": {"id": "0666a1e1-19b7-4bf3-9654-ab94f3ad63a6"}, "status": 200, "user": "8665041ecb30c06e@lampenwelt.de", "timestamp": "2019-03-08T14:40:25.534307", "browser": "chrome", "browser-platform": "windows", "browser-version": "72.0.3626.121"}
{"method": "GET", "path": "/dashboards/_render_async_sql_query/d2589b8e-980b-4c36-8a5f-4143e71b1c21", "endpoint": "dashboards.render_async_sql_query", "view-args": {"id": "d2589b8e-980b-4c36-8a5f-4143e71b1c21"}, "status": 200, "user": "8665041ecb30c06e@lampenwelt.de", "timestamp": "2019-03-08T14:40:25.534318", "browser": "chrome", "browser-platform": "windows", "browser-version": "72.0.3626.121"}
{"method": "GET", "path": "/dashboards/_render_async_sql_query/31657d6f-4b5f-49ab-8c07-de403f0b118a", "endpoint": "dashboards.render_async_sql_query", "view-args": {"id": "31657d6f-4b5f-49ab-8c07-de403f0b118a"}, "status": 200, "user": "8665041ecb30c06e@lampenwelt.de", "timestamp": "2019-03-08T14:40:25.537172", "browser": "chrome", "browser-platform": "windows", "browser-version": "72.0.3626.121"}
{"method": "GET", "path": "/dashboards/_last_marketing_cost/shop-performance-overview", "endpoint": "dashboards.last_marketing_cost", "view-args": {"id": "shop-performance-overview"}, "status": 200, "user": "8665041ecb30c06e@lampenwelt.de", "timestamp": "2019-03-08T14:40:25.544986", "browser": "chrome", "browser-platform": "windows", "browser-version": "72.0.3626.121"}
{"method": "GET", "path": "/dashboards/_last_successful_import", "endpoint": "dashboards.last_successful_import", "view-args": {}, "status": 200, "user": "8665041ecb30c06e@lampenwelt.de", "timestamp": "2019-03-08T14:40:25.552859", "browser": "chrome", "browser-platform": "windows", "browser-version": "72.0.3626.121"}
{"method": "GET", "path": "/dashboards/_render_async_sql_query/7b32dcda-61bc-43f4-b883-9bda6c0cb948", "endpoint": "dashboards.render_async_sql_query", "view-args": {"id": "7b32dcda-61bc-43f4-b883-9bda6c0cb948"}, "status": 200, "user": "8665041ecb30c06e@lampenwelt.de", "timestamp": "2019-03-08T14:40:25.564900", "browser": "chrome", "browser-platform": "windows", "browser-version": "72.0.3626.121"}
{"method": "GET", "path": "/dashboards/_render_async_sql_query/f5486e3d-85a4-440c-ac35-d05017d70a1a", "endpoint": "dashboards.render_async_sql_query", "view-args": {"id": "f5486e3d-85a4-440c-ac35-d05017d70a1a"}, "status": 200, "user": "8665041ecb30c06e@lampenwelt.de", "timestamp": "2019-03-08T14:40:25.606783", "browser": "chrome", "browser-platform": "windows", "browser-version": "72.0.3626.121"}
{"method": "GET", "path": "/dashboards/_render_async_sql_query/a2b7f65b-09e2-4697-a46a-faecc738956a", "endpoint": "dashboards.render_async_sql_query", "view-args": {"id": "a2b7f65b-09e2-4697-a46a-faecc738956a"}, "status": 200, "user": "8665041ecb30c06e@lampenwelt.de", "timestamp": "2019-03-08T14:40:25.607072", "browser": "chrome", "browser-platform": "windows", "browser-version": "72.0.3626.121"}
{"method": "GET", "path": "/dashboards/_render_async_sql_query/f385a1a2-5b4e-4779-b451-f7b096b33a5f", "endpoint": "dashboards.render_async_sql_query", "view-args": {"id": "f385a1a2-5b4e-4779-b451-f7b096b33a5f"}, "status": 200, "user": "8665041ecb30c06e@lampenwelt.de", "timestamp": "2019-03-08T14:40:25.613705", "browser": "chrome", "browser-platform": "windows", "browser-version": "72.0.3626.121"}
{"method": "GET", "path": "/dashboards/_render_async_sql_query/122fbd77-253f-40a9-86ad-b5b4e03aca33", "endpoint": "dashboards.render_async_sql_query", "view-args": {"id": "122fbd77-253f-40a9-86ad-b5b4e03aca33"}, "status": 200, "user": "8665041ecb30c06e@lampenwelt.de", "timestamp": "2019-03-08T14:40:25.637962", "browser": "chrome", "browser-platform": "windows", "browser-version": "72.0.3626.121"}
{"method": "GET", "path": "/dashboards/_render_async_sql_query/7887c3fa-a9bb-43cf-93cd-5ee0c1e597be", "endpoint": "dashboards.render_async_sql_query", "view-args": {"id": "7887c3fa-a9bb-43cf-93cd-5ee0c1e597be"}, "status": 200, "user": "8665041ecb30c06e@lampenwelt.de", "timestamp": "2019-03-08T14:40:25.812182", "browser": "chrome", "browser-platform": "windows", "browser-version": "72.0.3626.121"}
{"method": "GET", "path": "/dashboards/_render_async_sql_query/77898c33-2191-4ba8-819e-4ef5c19fbb14", "endpoint": "dashboards.render_async_sql_query", "view-args": {"id": "77898c33-2191-4ba8-819e-4ef5c19fbb14"}, "status": 200, "user": "8665041ecb30c06e@lampenwelt.de", "timestamp": "2019-03-08T14:40:25.816599", "browser": "chrome", "browser-platform": "windows", "browser-version": "72.0.3626.121"}
{"method": "GET", "path": "/dashboards/_render_async_sql_query/84cba286-5b11-4ad6-a991-03ec247a7bae", "endpoint": "dashboards.render_async_sql_query", "view-args": {"id": "84cba286-5b11-4ad6-a991-03ec247a7bae"}, "status": 200, "user": "8665041ecb30c06e@lampenwelt.de", "timestamp": "2019-03-08T14:40:25.821018", "browser": "chrome", "browser-platform": "windows", "browser-version": "72.0.3626.121"}
{"method": "GET", "path": "/dashboards/_render_async_sql_query/f7461ebc-dc3d-4a8f-8035-5aa9629c5204", "endpoint": "dashboards.render_async_sql_query", "view-args": {"id": "f7461ebc-dc3d-4a8f-8035-5aa9629c5204"}, "status": 200, "user": "8665041ecb30c06e@lampenwelt.de", "timestamp": "2019-03-08T14:40:25.845289", "browser": "chrome", "browser-platform": "windows", "browser-version": "72.0.3626.121"}
{"method": "GET", "path": "/dashboards/_render_async_sql_query/e9640116-54d4-49c6-9e2e-95ef16de1a27", "endpoint": "dashboards.render_async_sql_query", "view-args": {"id": "e9640116-54d4-49c6-9e2e-95ef16de1a27"}, "status": 200, "user": "8665041ecb30c06e@lampenwelt.de", "timestamp": "2019-03-08T14:40:25.845785", "browser": "chrome", "browser-platform": "windows", "browser-version": "72.0.3626.121"}
{"method": "GET", "path": "/dashboards/_render_async_sql_query/1468819f-5a22-44b4-bf7d-bddb0136cbd6", "endpoint": "dashboards.render_async_sql_query", "view-args": {"id": "1468819f-5a22-44b4-bf7d-bddb0136cbd6"}, "status": 200, "user": "8665041ecb30c06e@lampenwelt.de", "timestamp": "2019-03-08T14:40:25.847038", "browser": "chrome", "browser-platform": "windows", "browser-version": "72.0.3626.121"}
{"method": "GET", "path": "/dashboards/_render_async_sql_query/6ec6f9ec-bdc9-4a0b-a8a3-3af79537e6e6", "endpoint": "dashboards.render_async_sql_query", "view-args": {"id": "6ec6f9ec-bdc9-4a0b-a8a3-3af79537e6e6"}, "status": 200, "user": "8665041ecb30c06e@lampenwelt.de", "timestamp": "2019-03-08T14:40:25.869409", "browser": "chrome", "browser-platform": "windows", "browser-version": "72.0.3626.121"}
{"method": "GET", "path": "/dashboards/_render_async_sql_query/a6505a4c-b903-4e5c-ad9f-8c5d16639fed", "endpoint": "dashboards.render_async_sql_query", "view-args": {"id": "a6505a4c-b903-4e5c-ad9f-8c5d16639fed"}, "status": 200, "user": "8665041ecb30c06e@lampenwelt.de", "timestamp": "2019-03-08T14:40:25.890788", "browser": "chrome", "browser-platform": "windows", "browser-version": "72.0.3626.121"}
{"method": "GET", "path": "/dashboards/_render_async_sql_query/1d54491a-4094-489c-98fb-79125ca49d23", "endpoint": "dashboards.render_async_sql_query", "view-args": {"id": "1d54491a-4094-489c-98fb-79125ca49d23"}, "status": 200, "user": "8665041ecb30c06e@lampenwelt.de", "timestamp": "2019-03-08T14:40:25.897147", "browser": "chrome", "browser-platform": "windows", "browser-version": "72.0.3626.121"}
{"method": "GET", "path": "/dashboards/_render_async_sql_query/5f1d036a-5da1-435a-b950-e13621f5ee16", "endpoint": "dashboards.render_async_sql_query", "view-args": {"id": "5f1d036a-5da1-435a-b950-e13621f5ee16"}, "status": 200, "user": "8665041ecb30c06e@lampenwelt.de", "timestamp": "2019-03-08T14:40:25.897473", "browser": "chrome", "browser-platform": "windows", "browser-version": "72.0.3626.121"}
{"method": "GET", "path": "/dashboards/_render_async_sql_query/70dccc3b-e157-4058-a86f-927295189718", "endpoint": "dashboards.render_async_sql_query", "view-args": {"id": "70dccc3b-e157-4058-a86f-927295189718"}, "status": 200, "user": "8665041ecb30c06e@lampenwelt.de", "timestamp": "2019-03-08T14:40:25.917756", "browser": "chrome", "browser-platform": "windows", "browser-version": "72.0.3626.121"}
{"method": "GET", "path": "/dashboards/_render_async_sql_query/9c65deb4-5af7-49d3-869a-9e833aedb97d", "endpoint": "dashboards.render_async_sql_query", "view-args": {"id": "9c65deb4-5af7-49d3-869a-9e833aedb97d"}, "status": 200, "user": "8665041ecb30c06e@lampenwelt.de", "timestamp": "2019-03-08T14:40:25.923841", "browser": "chrome", "browser-platform": "windows", "browser-version": "72.0.3626.121"}
{"method": "GET", "path": "/dashboards/_render_async_sql_query/b11dc079-b81e-41cf-8820-29aca1812181", "endpoint": "dashboards.render_async_sql_query", "view-args": {"id": "b11dc079-b81e-41cf-8820-29aca1812181"}, "status": 200, "user": "8665041ecb30c06e@lampenwelt.de", "timestamp": "2019-03-08T14:40:25.930006", "browser": "chrome", "browser-platform": "windows", "browser-version": "72.0.3626.121"}
{"method": "GET", "path": "/dashboards/_render_async_sql_query/0e0f5b5b-4619-4311-9f72-b066b0f7dd07", "endpoint": "dashboards.render_async_sql_query", "view-args": {"id": "0e0f5b5b-4619-4311-9f72-b066b0f7dd07"}, "status": 200, "user": "8665041ecb30c06e@lampenwelt.de", "timestamp": "2019-03-08T14:40:25.939110", "browser": "chrome", "browser-platform": "windows", "browser-version": "72.0.3626.121"}
{"method": "GET", "path": "/dashboards/_render_async_sql_query/afa1de6d-db1b-4056-8610-5fa5974c6e14", "endpoint": "dashboards.render_async_sql_query", "view-args": {"id": "afa1de6d-db1b-4056-8610-5fa5974c6e14"}, "status": 200, "user": "8665041ecb30c06e@lampenwelt.de", "timestamp": "2019-03-08T14:40:25.953147", "browser": "chrome", "browser-platform": "windows", "browser-version": "72.0.3626.121"}
{"method": "GET", "path": "/product-performance-analyzer/", "endpoint": "product-performance-analyzer.product_filter_panel", "view-args": {}, "status": 200, "user": "8665041ecb30c06e@lampenwelt.de", "timestamp": "2019-03-08T14:42:16.990799", "browser": "chrome", "browser-platform": "windows", "browser-version": "72.0.3626.121"}
{"method": "GET", "path": "/product-performance-analyzer/_last_successful_import", "endpoint": "product-performance-analyzer.last_successful_import", "view-args": {}, "status": 200, "user": "8665041ecb30c06e@lampenwelt.de", "timestamp": "2019-03-08T14:42:17.284703", "browser": "chrome", "browser-platform": "windows", "browser-version": "72.0.3626.121"}
{"method": "POST", "path": "/product-performance-analyzer/_render-mdx-request", "endpoint": "product-performance-analyzer.render_mdx_request", "view-args": {}, "status": 200, "user": "8665041ecb30c06e@lampenwelt.de", "timestamp": "2019-03-08T14:42:17.564276", "browser": "chrome", "browser-platform": "windows", "browser-version": "72.0.3626.121"}
{"method": "GET", "path": "/product-performance-analyzer/_product_images/1/7590002.jpg", "endpoint": "product-performance-analyzer.get_product_image", "view-args": {"filename": "1/7590002.jpg"}, "status": 404, "user": "8665041ecb30c06e@lampenwelt.de", "timestamp": "2019-03-08T14:42:17.644453", "browser": "chrome", "browser-platform": "windows", "browser-version": "72.0.3626.121"}
{"method": "GET", "path": "/product-performance-analyzer/_product_images/1/7590001.jpg", "endpoint": "product-performance-analyzer.get_product_image", "view-args": {"filename": "1/7590001.jpg"}, "status": 404, "user": "8665041ecb30c06e@lampenwelt.de", "timestamp": "2019-03-08T14:42:17.644865", "browser": "chrome", "browser-platform": "windows", "browser-version": "72.0.3626.121"}
{"method": "POST", "path": "/mondrian/excel/authorize", "endpoint": "py_mondrian.excel_authorize", "view-args": {}, "status": 200, "user": "35675e68f4b5af7b@localhost", "timestamp": "2019-03-08T14:48:16.998971", "browser": null, "browser-platform": null, "browser-version": null}
{"method": "POST", "path": "/mondrian/excel/authorize", "endpoint": "py_mondrian.excel_authorize", "view-args": {}, "status": 200, "user": "35675e68f4b5af7b@localhost", "timestamp": "2019-03-08T14:52:05.510023", "browser": null, "browser-platform": null, "browser-version": null}
