{"method": "GET", "path": "/data-integration/data_transformation", "endpoint": "data_integration.node_page", "view-args": {"path": "data_transformation"}, "status": 200, "user": "e5063e1f25c24f00@lampenwelt.de", "timestamp": "2019-03-12T09:08:30.499085", "browser": "chrome", "browser-platform": "windows", "browser-version": "72.0.3626.121"}
{"method": "GET", "path": "/data-integration/data_transformation/dependency-graph", "endpoint": "data_integration.dependency_graph", "view-args": {"path": "data_transformation"}, "status": 200, "user": "e5063e1f25c24f00@lampenwelt.de", "timestamp": "2019-03-12T09:08:30.796821", "browser": "chrome", "browser-platform": "windows", "browser-version": "72.0.3626.121"}
{"method": "GET", "path": "/data-integration/data_transformation/last-runs-selector", "endpoint": "data_integration.last_runs_selector", "view-args": {"path": "data_transformation"}, "status": 200, "user": "e5063e1f25c24f00@lampenwelt.de", "timestamp": "2019-03-12T09:08:30.926115", "browser": "chrome", "browser-platform": "windows", "browser-version": "72.0.3626.121"}
{"method": "GET", "path": "/data-integration/data_transformation/system-stats", "endpoint": "data_integration.system_stats", "view-args": {"path": "data_transformation", "run_id": null}, "status": 200, "user": "e5063e1f25c24f00@lampenwelt.de", "timestamp": "2019-03-12T09:08:31.103873", "browser": "chrome", "browser-platform": "windows", "browser-version": "72.0.3626.121"}
{"method": "GET", "path": "/data-integration/data_transformation/timeline-chart", "endpoint": "data_integration.timeline_chart", "view-args": {"path": "data_transformation", "run_id": null}, "status": 200, "user": "e5063e1f25c24f00@lampenwelt.de", "timestamp": "2019-03-12T09:08:31.186618", "browser": "chrome", "browser-platform": "windows", "browser-version": "72.0.3626.121"}
{"method": "GET", "path": "/data-integration/data_transformation/run-time-chart", "endpoint": "data_integration.run_time_chart", "view-args": {"path": "data_transformation"}, "status": 200, "user": "e5063e1f25c24f00@lampenwelt.de", "timestamp": "2019-03-12T09:08:31.434842", "browser": "chrome", "browser-platform": "windows", "browser-version": "72.0.3626.121"}
{"method": "GET", "path": "/data-integration/data_transformation/pipeline-children-table", "endpoint": "data_integration.pipeline_children_table", "view-args": {"path": "data_transformation"}, "status": 200, "user": "e5063e1f25c24f00@lampenwelt.de", "timestamp": "2019-03-12T09:08:32.473329", "browser": "chrome", "browser-platform": "windows", "browser-version": "72.0.3626.121"}
{"method": "GET", "path": "/data-integration/data_transformation/run-output-limited", "endpoint": "data_integration.run_output", "view-args": {"path": "data_transformation", "run_id": null, "limit": true}, "status": 200, "user": "e5063e1f25c24f00@lampenwelt.de", "timestamp": "2019-03-12T09:08:32.892576", "browser": "chrome", "browser-platform": "windows", "browser-version": "72.0.3626.121"}
{"method": "GET", "path": "/data-integration/data_load/data_load_erp", "endpoint": "data_integration.node_page", "view-args": {"path": "data_load/data_load_erp"}, "status": 200, "user": "e5063e1f25c24f00@lampenwelt.de", "timestamp": "2019-03-12T09:08:38.275756", "browser": "chrome", "browser-platform": "windows", "browser-version": "72.0.3626.121"}
{"method": "GET", "path": "/data-integration/data_load/data_load_erp/dependency-graph", "endpoint": "data_integration.dependency_graph", "view-args": {"path": "data_load/data_load_erp"}, "status": 200, "user": "e5063e1f25c24f00@lampenwelt.de", "timestamp": "2019-03-12T09:08:38.442499", "browser": "chrome", "browser-platform": "windows", "browser-version": "72.0.3626.121"}
{"method": "GET", "path": "/data-integration/data_load/data_load_erp/last-runs-selector", "endpoint": "data_integration.last_runs_selector", "view-args": {"path": "data_load/data_load_erp"}, "status": 200, "user": "e5063e1f25c24f00@lampenwelt.de", "timestamp": "2019-03-12T09:08:38.474026", "browser": "chrome", "browser-platform": "windows", "browser-version": "72.0.3626.121"}
{"method": "GET", "path": "/data-integration/data_load/data_load_erp/system-stats", "endpoint": "data_integration.system_stats", "view-args": {"path": "data_load/data_load_erp", "run_id": null}, "status": 200, "user": "e5063e1f25c24f00@lampenwelt.de", "timestamp": "2019-03-12T09:08:38.512522", "browser": "chrome", "browser-platform": "windows", "browser-version": "72.0.3626.121"}
{"method": "GET", "path": "/data-integration/data_load/data_load_erp/timeline-chart", "endpoint": "data_integration.timeline_chart", "view-args": {"path": "data_load/data_load_erp", "run_id": null}, "status": 200, "user": "e5063e1f25c24f00@lampenwelt.de", "timestamp": "2019-03-12T09:08:38.555261", "browser": "chrome", "browser-platform": "windows", "browser-version": "72.0.3626.121"}
{"method": "GET", "path": "/data-integration/data_load/data_load_erp/pipeline-children-table", "endpoint": "data_integration.pipeline_children_table", "view-args": {"path": "data_load/data_load_erp"}, "status": 200, "user": "e5063e1f25c24f00@lampenwelt.de", "timestamp": "2019-03-12T09:08:38.582021", "browser": "chrome", "browser-platform": "windows", "browser-version": "72.0.3626.121"}
{"method": "GET", "path": "/data-integration/data_load/data_load_erp/run-time-chart", "endpoint": "data_integration.run_time_chart", "view-args": {"path": "data_load/data_load_erp"}, "status": 200, "user": "e5063e1f25c24f00@lampenwelt.de", "timestamp": "2019-03-12T09:08:38.588946", "browser": "chrome", "browser-platform": "windows", "browser-version": "72.0.3626.121"}
{"method": "GET", "path": "/data-integration/data_load/data_load_erp/run-output-limited", "endpoint": "data_integration.run_output", "view-args": {"path": "data_load/data_load_erp", "run_id": null, "limit": true}, "status": 200, "user": "e5063e1f25c24f00@lampenwelt.de", "timestamp": "2019-03-12T09:08:38.639902", "browser": "chrome", "browser-platform": "windows", "browser-version": "72.0.3626.121"}
{"method": "GET", "path": "/data-integration/data_load/data_load_erp/create_schema", "endpoint": "data_integration.node_page", "view-args": {"path": "data_load/data_load_erp/create_schema"}, "status": 200, "user": "e5063e1f25c24f00@lampenwelt.de", "timestamp": "2019-03-12T09:08:41.519178", "browser": "chrome", "browser-platform": "windows", "browser-version": "72.0.3626.121"}
{"method": "GET", "path": "/data-integration/data_load/data_load_erp/create_schema/last-runs-selector", "endpoint": "data_integration.last_runs_selector", "view-args": {"path": "data_load/data_load_erp/create_schema"}, "status": 200, "user": "e5063e1f25c24f00@lampenwelt.de", "timestamp": "2019-03-12T09:08:41.725587", "browser": "chrome", "browser-platform": "windows", "browser-version": "72.0.3626.121"}
{"method": "GET", "path": "/data-integration/data_load/data_load_erp/create_schema/system-stats", "endpoint": "data_integration.system_stats", "view-args": {"path": "data_load/data_load_erp/create_schema", "run_id": null}, "status": 200, "user": "e5063e1f25c24f00@lampenwelt.de", "timestamp": "2019-03-12T09:08:41.766489", "browser": "chrome", "browser-platform": "windows", "browser-version": "72.0.3626.121"}
{"method": "GET", "path": "/data-integration/data_load/data_load_erp/create_schema/dependency-graph", "endpoint": "data_integration.dependency_graph", "view-args": {"path": "data_load/data_load_erp/create_schema"}, "status": 200, "user": "e5063e1f25c24f00@lampenwelt.de", "timestamp": "2019-03-12T09:08:41.803429", "browser": "chrome", "browser-platform": "windows", "browser-version": "72.0.3626.121"}
{"method": "GET", "path": "/data-integration/data_load/data_load_erp/create_schema/run-time-chart", "endpoint": "data_integration.run_time_chart", "view-args": {"path": "data_load/data_load_erp/create_schema"}, "status": 200, "user": "e5063e1f25c24f00@lampenwelt.de", "timestamp": "2019-03-12T09:08:41.804060", "browser": "chrome", "browser-platform": "windows", "browser-version": "72.0.3626.121"}
{"method": "GET", "path": "/data-integration/data_load/data_load_erp/create_schema/timeline-chart", "endpoint": "data_integration.timeline_chart", "view-args": {"path": "data_load/data_load_erp/create_schema", "run_id": null}, "status": 200, "user": "e5063e1f25c24f00@lampenwelt.de", "timestamp": "2019-03-12T09:08:41.808225", "browser": "chrome", "browser-platform": "windows", "browser-version": "72.0.3626.121"}
{"method": "GET", "path": "/data-integration/data_load/data_load_erp/create_schema/run-output-limited", "endpoint": "data_integration.run_output", "view-args": {"path": "data_load/data_load_erp/create_schema", "run_id": null, "limit": true}, "status": 200, "user": "e5063e1f25c24f00@lampenwelt.de", "timestamp": "2019-03-12T09:08:41.865590", "browser": "chrome", "browser-platform": "windows", "browser-version": "72.0.3626.121"}
{"method": "POST", "path": "/data-sets/.download-csv", "endpoint": "data_sets.download_csv", "view-args": {}, "status": 200, "user": "9942c672b9354771@lampenwelt.de", "timestamp": "2019-03-12T09:09:22.107169", "browser": "chrome", "browser-platform": "windows", "browser-version": "72.0.3626.121"}
{"method": "POST", "path": "/data-sets/.download-csv", "endpoint": "data_sets.download_csv", "view-args": {}, "status": 200, "user": "9942c672b9354771@lampenwelt.de", "timestamp": "2019-03-12T09:09:31.905104", "browser": "chrome", "browser-platform": "windows", "browser-version": "72.0.3626.121"}
{"method": "GET", "path": "/data-integration/data_load/data_load_erp", "endpoint": "data_integration.node_page", "view-args": {"path": "data_load/data_load_erp"}, "status": 200, "user": "e5063e1f25c24f00@lampenwelt.de", "timestamp": "2019-03-12T09:10:40.074058", "browser": "chrome", "browser-platform": "windows", "browser-version": "72.0.3626.121"}
{"method": "GET", "path": "/data-integration/data_load/data_load_erp/dependency-graph", "endpoint": "data_integration.dependency_graph", "view-args": {"path": "data_load/data_load_erp"}, "status": 200, "user": "e5063e1f25c24f00@lampenwelt.de", "timestamp": "2019-03-12T09:10:40.247437", "browser": "chrome", "browser-platform": "windows", "browser-version": "72.0.3626.121"}
{"method": "GET", "path": "/data-integration/data_load/data_load_erp/last-runs-selector", "endpoint": "data_integration.last_runs_selector", "view-args": {"path": "data_load/data_load_erp"}, "status": 200, "user": "e5063e1f25c24f00@lampenwelt.de", "timestamp": "2019-03-12T09:10:40.289061", "browser": "chrome", "browser-platform": "windows", "browser-version": "72.0.3626.121"}
{"method": "GET", "path": "/data-integration/data_load/data_load_erp/system-stats", "endpoint": "data_integration.system_stats", "view-args": {"path": "data_load/data_load_erp", "run_id": null}, "status": 200, "user": "e5063e1f25c24f00@lampenwelt.de", "timestamp": "2019-03-12T09:10:40.330251", "browser": "chrome", "browser-platform": "windows", "browser-version": "72.0.3626.121"}
{"method": "GET", "path": "/data-integration/data_load/data_load_erp/timeline-chart", "endpoint": "data_integration.timeline_chart", "view-args": {"path": "data_load/data_load_erp", "run_id": null}, "status": 200, "user": "e5063e1f25c24f00@lampenwelt.de", "timestamp": "2019-03-12T09:10:40.365626", "browser": "chrome", "browser-platform": "windows", "browser-version": "72.0.3626.121"}
{"method": "GET", "path": "/data-integration/data_load/data_load_erp/run-time-chart", "endpoint": "data_integration.run_time_chart", "view-args": {"path": "data_load/data_load_erp"}, "status": 200, "user": "e5063e1f25c24f00@lampenwelt.de", "timestamp": "2019-03-12T09:10:40.381380", "browser": "chrome", "browser-platform": "windows", "browser-version": "72.0.3626.121"}
{"method": "GET", "path": "/data-integration/data_load/data_load_erp/run-output-limited", "endpoint": "data_integration.run_output", "view-args": {"path": "data_load/data_load_erp", "run_id": null, "limit": true}, "status": 200, "user": "e5063e1f25c24f00@lampenwelt.de", "timestamp": "2019-03-12T09:10:40.440532", "browser": "chrome", "browser-platform": "windows", "browser-version": "72.0.3626.121"}
{"method": "GET", "path": "/data-integration/data_load/data_load_erp/pipeline-children-table", "endpoint": "data_integration.pipeline_children_table", "view-args": {"path": "data_load/data_load_erp"}, "status": 200, "user": "e5063e1f25c24f00@lampenwelt.de", "timestamp": "2019-03-12T09:10:40.471702", "browser": "chrome", "browser-platform": "windows", "browser-version": "72.0.3626.121"}
{"method": "GET", "path": "/data-integration/data_load/data_load_erp/load_sales_header", "endpoint": "data_integration.node_page", "view-args": {"path": "data_load/data_load_erp/load_sales_header"}, "status": 200, "user": "e5063e1f25c24f00@lampenwelt.de", "timestamp": "2019-03-12T09:10:52.983432", "browser": "chrome", "browser-platform": "windows", "browser-version": "72.0.3626.121"}
{"method": "GET", "path": "/data-integration/data_load/data_load_erp/load_sales_header/dependency-graph", "endpoint": "data_integration.dependency_graph", "view-args": {"path": "data_load/data_load_erp/load_sales_header"}, "status": 200, "user": "e5063e1f25c24f00@lampenwelt.de", "timestamp": "2019-03-12T09:10:53.206726", "browser": "chrome", "browser-platform": "windows", "browser-version": "72.0.3626.121"}
{"method": "GET", "path": "/data-integration/data_load/data_load_erp/load_sales_header/last-runs-selector", "endpoint": "data_integration.last_runs_selector", "view-args": {"path": "data_load/data_load_erp/load_sales_header"}, "status": 200, "user": "e5063e1f25c24f00@lampenwelt.de", "timestamp": "2019-03-12T09:10:53.225684", "browser": "chrome", "browser-platform": "windows", "browser-version": "72.0.3626.121"}
{"method": "GET", "path": "/data-integration/data_load/data_load_erp/load_sales_header/system-stats", "endpoint": "data_integration.system_stats", "view-args": {"path": "data_load/data_load_erp/load_sales_header", "run_id": null}, "status": 200, "user": "e5063e1f25c24f00@lampenwelt.de", "timestamp": "2019-03-12T09:10:53.249553", "browser": "chrome", "browser-platform": "windows", "browser-version": "72.0.3626.121"}
{"method": "GET", "path": "/data-integration/data_load/data_load_erp/load_sales_header/timeline-chart", "endpoint": "data_integration.timeline_chart", "view-args": {"path": "data_load/data_load_erp/load_sales_header", "run_id": null}, "status": 200, "user": "e5063e1f25c24f00@lampenwelt.de", "timestamp": "2019-03-12T09:10:53.260174", "browser": "chrome", "browser-platform": "windows", "browser-version": "72.0.3626.121"}
{"method": "GET", "path": "/data-integration/data_load/data_load_erp/load_sales_header/run-time-chart", "endpoint": "data_integration.run_time_chart", "view-args": {"path": "data_load/data_load_erp/load_sales_header"}, "status": 200, "user": "e5063e1f25c24f00@lampenwelt.de", "timestamp": "2019-03-12T09:10:53.269468", "browser": "chrome", "browser-platform": "windows", "browser-version": "72.0.3626.121"}
{"method": "GET", "path": "/data-integration/data_load/data_load_erp/load_sales_header/run-output-limited", "endpoint": "data_integration.run_output", "view-args": {"path": "data_load/data_load_erp/load_sales_header", "run_id": null, "limit": true}, "status": 200, "user": "e5063e1f25c24f00@lampenwelt.de", "timestamp": "2019-03-12T09:10:53.304866", "browser": "chrome", "browser-platform": "windows", "browser-version": "72.0.3626.121"}
{"method": "GET", "path": "/dashboards/sales-comparison", "endpoint": "dashboards.view_dashboard", "view-args": {"id": "sales-comparison"}, "status": 200, "user": "9942c672b9354771@lampenwelt.de", "timestamp": "2019-03-12T09:12:08.735082", "browser": "chrome", "browser-platform": "windows", "browser-version": "72.0.3626.121"}
{"method": "GET", "path": "/dashboards/_render_async_sql_query/edbef596-ffdf-400c-a2ed-f46219f866f4", "endpoint": "dashboards.render_async_sql_query", "view-args": {"id": "edbef596-ffdf-400c-a2ed-f46219f866f4"}, "status": 200, "user": "9942c672b9354771@lampenwelt.de", "timestamp": "2019-03-12T09:12:09.072553", "browser": "chrome", "browser-platform": "windows", "browser-version": "72.0.3626.121"}
{"method": "GET", "path": "/dashboards/_last_successful_import", "endpoint": "dashboards.last_successful_import", "view-args": {}, "status": 200, "user": "9942c672b9354771@lampenwelt.de", "timestamp": "2019-03-12T09:12:09.073308", "browser": "chrome", "browser-platform": "windows", "browser-version": "72.0.3626.121"}
{"method": "GET", "path": "/dashboards/_render_async_sql_query/581eb096-606e-4b93-b8e2-8f58d164ca51", "endpoint": "dashboards.render_async_sql_query", "view-args": {"id": "581eb096-606e-4b93-b8e2-8f58d164ca51"}, "status": 200, "user": "9942c672b9354771@lampenwelt.de", "timestamp": "2019-03-12T09:12:09.076267", "browser": "chrome", "browser-platform": "windows", "browser-version": "72.0.3626.121"}
{"method": "GET", "path": "/dashboards/_last_marketing_cost/sales-comparison", "endpoint": "dashboards.last_marketing_cost", "view-args": {"id": "sales-comparison"}, "status": 200, "user": "9942c672b9354771@lampenwelt.de", "timestamp": "2019-03-12T09:12:09.080781", "browser": "chrome", "browser-platform": "windows", "browser-version": "72.0.3626.121"}
{"method": "GET", "path": "/mondrian", "endpoint": "py_mondrian.schema_page", "view-args": {}, "status": 200, "user": "9942c672b9354771@lampenwelt.de", "timestamp": "2019-03-12T09:12:14.074349", "browser": "chrome", "browser-platform": "windows", "browser-version": "72.0.3626.121"}
{"method": "GET", "path": "/mondrian/graph/Awin performance", "endpoint": "py_mondrian.measures_graph", "view-args": {"cube_name": "Awin performance"}, "status": 200, "user": "9942c672b9354771@lampenwelt.de", "timestamp": "2019-03-12T09:12:14.358613", "browser": "chrome", "browser-platform": "windows", "browser-version": "72.0.3626.121"}
{"method": "GET", "path": "/mondrian/graph/Business targets", "endpoint": "py_mondrian.measures_graph", "view-args": {"cube_name": "Business targets"}, "status": 200, "user": "9942c672b9354771@lampenwelt.de", "timestamp": "2019-03-12T09:12:14.364006", "browser": "chrome", "browser-platform": "windows", "browser-version": "72.0.3626.121"}
{"method": "GET", "path": "/mondrian/graph/Ad performance", "endpoint": "py_mondrian.measures_graph", "view-args": {"cube_name": "Ad performance"}, "status": 200, "user": "9942c672b9354771@lampenwelt.de", "timestamp": "2019-03-12T09:12:14.368564", "browser": "chrome", "browser-platform": "windows", "browser-version": "72.0.3626.121"}
{"method": "GET", "path": "/mondrian/graph/Call center lost call", "endpoint": "py_mondrian.measures_graph", "view-args": {"cube_name": "Call center lost call"}, "status": 200, "user": "9942c672b9354771@lampenwelt.de", "timestamp": "2019-03-12T09:12:14.397401", "browser": "chrome", "browser-platform": "windows", "browser-version": "72.0.3626.121"}
{"method": "GET", "path": "/mondrian/graph/Call center performance", "endpoint": "py_mondrian.measures_graph", "view-args": {"cube_name": "Call center performance"}, "status": 200, "user": "9942c672b9354771@lampenwelt.de", "timestamp": "2019-03-12T09:12:14.406111", "browser": "chrome", "browser-platform": "windows", "browser-version": "72.0.3626.121"}
{"method": "GET", "path": "/mondrian/graph/Database size", "endpoint": "py_mondrian.measures_graph", "view-args": {"cube_name": "Database size"}, "status": 200, "user": "9942c672b9354771@lampenwelt.de", "timestamp": "2019-03-12T09:12:14.412683", "browser": "chrome", "browser-platform": "windows", "browser-version": "72.0.3626.121"}
{"method": "GET", "path": "/mondrian/graph/Email contacts", "endpoint": "py_mondrian.measures_graph", "view-args": {"cube_name": "Email contacts"}, "status": 200, "user": "9942c672b9354771@lampenwelt.de", "timestamp": "2019-03-12T09:12:14.436415", "browser": "chrome", "browser-platform": "windows", "browser-version": "72.0.3626.121"}
{"method": "GET", "path": "/mondrian/graph/Email performance", "endpoint": "py_mondrian.measures_graph", "view-args": {"cube_name": "Email performance"}, "status": 200, "user": "9942c672b9354771@lampenwelt.de", "timestamp": "2019-03-12T09:12:14.459658", "browser": "chrome", "browser-platform": "windows", "browser-version": "72.0.3626.121"}
{"method": "GET", "path": "/mondrian/graph/Keywords", "endpoint": "py_mondrian.measures_graph", "view-args": {"cube_name": "Keywords"}, "status": 200, "user": "9942c672b9354771@lampenwelt.de", "timestamp": "2019-03-12T09:12:14.459632", "browser": "chrome", "browser-platform": "windows", "browser-version": "72.0.3626.121"}
{"method": "GET", "path": "/mondrian/graph/Marketing cost", "endpoint": "py_mondrian.measures_graph", "view-args": {"cube_name": "Marketing cost"}, "status": 200, "user": "9942c672b9354771@lampenwelt.de", "timestamp": "2019-03-12T09:12:14.479992", "browser": "chrome", "browser-platform": "windows", "browser-version": "72.0.3626.121"}
{"method": "GET", "path": "/mondrian/graph/Marketing touchpoints", "endpoint": "py_mondrian.measures_graph", "view-args": {"cube_name": "Marketing touchpoints"}, "status": 200, "user": "9942c672b9354771@lampenwelt.de", "timestamp": "2019-03-12T09:12:14.501033", "browser": "chrome", "browser-platform": "windows", "browser-version": "72.0.3626.121"}
{"method": "GET", "path": "/mondrian/graph/Merged Customers", "endpoint": "py_mondrian.measures_graph", "view-args": {"cube_name": "Merged Customers"}, "status": 200, "user": "9942c672b9354771@lampenwelt.de", "timestamp": "2019-03-12T09:12:14.507022", "browser": "chrome", "browser-platform": "windows", "browser-version": "72.0.3626.121"}
{"method": "GET", "path": "/mondrian/graph/Order items", "endpoint": "py_mondrian.measures_graph", "view-args": {"cube_name": "Order items"}, "status": 200, "user": "9942c672b9354771@lampenwelt.de", "timestamp": "2019-03-12T09:12:14.520479", "browser": "chrome", "browser-platform": "windows", "browser-version": "72.0.3626.121"}
{"method": "GET", "path": "/mondrian/graph/Products", "endpoint": "py_mondrian.measures_graph", "view-args": {"cube_name": "Products"}, "status": 200, "user": "9942c672b9354771@lampenwelt.de", "timestamp": "2019-03-12T09:12:14.543927", "browser": "chrome", "browser-platform": "windows", "browser-version": "72.0.3626.121"}
{"method": "GET", "path": "/mondrian/graph/Products online", "endpoint": "py_mondrian.measures_graph", "view-args": {"cube_name": "Products online"}, "status": 200, "user": "9942c672b9354771@lampenwelt.de", "timestamp": "2019-03-12T09:12:14.553244", "browser": "chrome", "browser-platform": "windows", "browser-version": "72.0.3626.121"}
{"method": "GET", "path": "/mondrian/graph/Quotes", "endpoint": "py_mondrian.measures_graph", "view-args": {"cube_name": "Quotes"}, "status": 200, "user": "9942c672b9354771@lampenwelt.de", "timestamp": "2019-03-12T09:12:14.563050", "browser": "chrome", "browser-platform": "windows", "browser-version": "72.0.3626.121"}
{"method": "GET", "path": "/mondrian/graph/Sales", "endpoint": "py_mondrian.measures_graph", "view-args": {"cube_name": "Sales"}, "status": 200, "user": "9942c672b9354771@lampenwelt.de", "timestamp": "2019-03-12T09:12:14.583828", "browser": "chrome", "browser-platform": "windows", "browser-version": "72.0.3626.121"}
{"method": "GET", "path": "/mondrian/graph/User stats", "endpoint": "py_mondrian.measures_graph", "view-args": {"cube_name": "User stats"}, "status": 200, "user": "9942c672b9354771@lampenwelt.de", "timestamp": "2019-03-12T09:12:14.590737", "browser": "chrome", "browser-platform": "windows", "browser-version": "72.0.3626.121"}
{"method": "GET", "path": "/mondrian/graph/Warehouse inventory", "endpoint": "py_mondrian.measures_graph", "view-args": {"cube_name": "Warehouse inventory"}, "status": 200, "user": "9942c672b9354771@lampenwelt.de", "timestamp": "2019-03-12T09:12:14.601532", "browser": "chrome", "browser-platform": "windows", "browser-version": "72.0.3626.121"}
{"method": "GET", "path": "/mondrian/graph/Warehouse parcel", "endpoint": "py_mondrian.measures_graph", "view-args": {"cube_name": "Warehouse parcel"}, "status": 200, "user": "9942c672b9354771@lampenwelt.de", "timestamp": "2019-03-12T09:12:14.621501", "browser": "chrome", "browser-platform": "windows", "browser-version": "72.0.3626.121"}
{"method": "GET", "path": "/mondrian/graph/Warehouse shipment", "endpoint": "py_mondrian.measures_graph", "view-args": {"cube_name": "Warehouse shipment"}, "status": 200, "user": "9942c672b9354771@lampenwelt.de", "timestamp": "2019-03-12T09:12:14.631549", "browser": "chrome", "browser-platform": "windows", "browser-version": "72.0.3626.121"}
{"method": "GET", "path": "/mondrian/graph/Warehouse supplies", "endpoint": "py_mondrian.measures_graph", "view-args": {"cube_name": "Warehouse supplies"}, "status": 200, "user": "9942c672b9354771@lampenwelt.de", "timestamp": "2019-03-12T09:12:14.635103", "browser": "chrome", "browser-platform": "windows", "browser-version": "72.0.3626.121"}
{"method": "GET", "path": "/mondrian/graph/Webshop performance", "endpoint": "py_mondrian.measures_graph", "view-args": {"cube_name": "Webshop performance"}, "status": 200, "user": "9942c672b9354771@lampenwelt.de", "timestamp": "2019-03-12T09:12:14.659535", "browser": "chrome", "browser-platform": "windows", "browser-version": "72.0.3626.121"}
{"method": "GET", "path": "/mondrian/graph/Weekly Summary", "endpoint": "py_mondrian.measures_graph", "view-args": {"cube_name": "Weekly Summary"}, "status": 200, "user": "9942c672b9354771@lampenwelt.de", "timestamp": "2019-03-12T09:12:14.676178", "browser": "chrome", "browser-platform": "windows", "browser-version": "72.0.3626.121"}
{"method": "GET", "path": "/data-integration/data_load/data_load_erp", "endpoint": "data_integration.node_page", "view-args": {"path": "data_load/data_load_erp"}, "status": 200, "user": "e5063e1f25c24f00@lampenwelt.de", "timestamp": "2019-03-12T09:14:12.172056", "browser": "chrome", "browser-platform": "windows", "browser-version": "72.0.3626.121"}
{"method": "GET", "path": "/data-integration/data_load/data_load_erp/run-time-chart", "endpoint": "data_integration.run_time_chart", "view-args": {"path": "data_load/data_load_erp"}, "status": 200, "user": "e5063e1f25c24f00@lampenwelt.de", "timestamp": "2019-03-12T09:14:12.484480", "browser": "chrome", "browser-platform": "windows", "browser-version": "72.0.3626.121"}
{"method": "GET", "path": "/data-integration/data_load/data_load_erp/pipeline-children-table", "endpoint": "data_integration.pipeline_children_table", "view-args": {"path": "data_load/data_load_erp"}, "status": 200, "user": "e5063e1f25c24f00@lampenwelt.de", "timestamp": "2019-03-12T09:14:12.486453", "browser": "chrome", "browser-platform": "windows", "browser-version": "72.0.3626.121"}
{"method": "GET", "path": "/data-integration/data_load/data_load_erp/dependency-graph", "endpoint": "data_integration.dependency_graph", "view-args": {"path": "data_load/data_load_erp"}, "status": 200, "user": "e5063e1f25c24f00@lampenwelt.de", "timestamp": "2019-03-12T09:14:12.495861", "browser": "chrome", "browser-platform": "windows", "browser-version": "72.0.3626.121"}
{"method": "GET", "path": "/data-integration/data_load/data_load_erp/last-runs-selector", "endpoint": "data_integration.last_runs_selector", "view-args": {"path": "data_load/data_load_erp"}, "status": 200, "user": "e5063e1f25c24f00@lampenwelt.de", "timestamp": "2019-03-12T09:14:12.511920", "browser": "chrome", "browser-platform": "windows", "browser-version": "72.0.3626.121"}
{"method": "GET", "path": "/data-integration/data_load/data_load_erp/timeline-chart", "endpoint": "data_integration.timeline_chart", "view-args": {"path": "data_load/data_load_erp", "run_id": null}, "status": 200, "user": "e5063e1f25c24f00@lampenwelt.de", "timestamp": "2019-03-12T09:14:12.537192", "browser": "chrome", "browser-platform": "windows", "browser-version": "72.0.3626.121"}
{"method": "GET", "path": "/data-integration/data_load/data_load_erp/system-stats", "endpoint": "data_integration.system_stats", "view-args": {"path": "data_load/data_load_erp", "run_id": null}, "status": 200, "user": "e5063e1f25c24f00@lampenwelt.de", "timestamp": "2019-03-12T09:14:12.542857", "browser": "chrome", "browser-platform": "windows", "browser-version": "72.0.3626.121"}
{"method": "GET", "path": "/data-integration/data_load/data_load_erp/run-output-limited", "endpoint": "data_integration.run_output", "view-args": {"path": "data_load/data_load_erp", "run_id": null, "limit": true}, "status": 200, "user": "e5063e1f25c24f00@lampenwelt.de", "timestamp": "2019-03-12T09:14:12.584369", "browser": "chrome", "browser-platform": "windows", "browser-version": "72.0.3626.121"}
{"method": "POST", "path": "/mondrian/saiku/authorize", "endpoint": "py_mondrian.saiku_authorize", "view-args": {}, "status": 200, "user": "35675e68f4b5af7b@localhost", "timestamp": "2019-03-12T09:17:36.152153", "browser": null, "browser-platform": null, "browser-version": null}
{"method": "POST", "path": "/mondrian/saiku/authorize", "endpoint": "py_mondrian.saiku_authorize", "view-args": {}, "status": 200, "user": "35675e68f4b5af7b@localhost", "timestamp": "2019-03-12T09:17:41.535331", "browser": null, "browser-platform": null, "browser-version": null}
{"method": "POST", "path": "/mondrian/excel/authorize", "endpoint": "py_mondrian.excel_authorize", "view-args": {}, "status": 200, "user": "35675e68f4b5af7b@localhost", "timestamp": "2019-03-12T09:17:45.081114", "browser": null, "browser-platform": null, "browser-version": null}
{"method": "POST", "path": "/mondrian/saiku/authorize", "endpoint": "py_mondrian.saiku_authorize", "view-args": {}, "status": 200, "user": "35675e68f4b5af7b@localhost", "timestamp": "2019-03-12T09:35:10.188270", "browser": null, "browser-platform": null, "browser-version": null}
{"method": "POST", "path": "/mondrian/saiku/authorize", "endpoint": "py_mondrian.saiku_authorize", "view-args": {}, "status": 200, "user": "35675e68f4b5af7b@localhost", "timestamp": "2019-03-12T09:35:10.423019", "browser": null, "browser-platform": null, "browser-version": null}
{"method": "GET", "path": "/product-performance-analyzer/", "endpoint": "product-performance-analyzer.product_filter_panel", "view-args": {}, "status": 200, "user": "9942c672b9354771@lampenwelt.de", "timestamp": "2019-03-12T09:56:35.535508", "browser": "chrome", "browser-platform": "windows", "browser-version": "72.0.3626.121"}
{"method": "GET", "path": "/product-performance-analyzer/_last_successful_import", "endpoint": "product-performance-analyzer.last_successful_import", "view-args": {}, "status": 200, "user": "9942c672b9354771@lampenwelt.de", "timestamp": "2019-03-12T09:56:35.974235", "browser": "chrome", "browser-platform": "windows", "browser-version": "72.0.3626.121"}
{"method": "POST", "path": "/product-performance-analyzer/_render-mdx-request", "endpoint": "product-performance-analyzer.render_mdx_request", "view-args": {}, "status": 200, "user": "9942c672b9354771@lampenwelt.de", "timestamp": "2019-03-12T09:56:43.413668", "browser": "chrome", "browser-platform": "windows", "browser-version": "72.0.3626.121"}
{"method": "GET", "path": "/product-performance-analyzer/_product_images/1/2600411.jpg", "endpoint": "product-performance-analyzer.get_product_image", "view-args": {"filename": "1/2600411.jpg"}, "status": 304, "user": "9942c672b9354771@lampenwelt.de", "timestamp": "2019-03-12T09:56:43.481334", "browser": "chrome", "browser-platform": "windows", "browser-version": "72.0.3626.121"}
{"method": "GET", "path": "/product-performance-analyzer/_product_images/1/2600410.jpg", "endpoint": "product-performance-analyzer.get_product_image", "view-args": {"filename": "1/2600410.jpg"}, "status": 304, "user": "9942c672b9354771@lampenwelt.de", "timestamp": "2019-03-12T09:56:43.484954", "browser": "chrome", "browser-platform": "windows", "browser-version": "72.0.3626.121"}
{"method": "GET", "path": "/product-performance-analyzer/_product_images/1/2600106.jpg", "endpoint": "product-performance-analyzer.get_product_image", "view-args": {"filename": "1/2600106.jpg"}, "status": 304, "user": "9942c672b9354771@lampenwelt.de", "timestamp": "2019-03-12T09:56:43.491104", "browser": "chrome", "browser-platform": "windows", "browser-version": "72.0.3626.121"}
{"method": "GET", "path": "/product-performance-analyzer/_product_images/1/2600409.jpg", "endpoint": "product-performance-analyzer.get_product_image", "view-args": {"filename": "1/2600409.jpg"}, "status": 304, "user": "9942c672b9354771@lampenwelt.de", "timestamp": "2019-03-12T09:56:43.498440", "browser": "chrome", "browser-platform": "windows", "browser-version": "72.0.3626.121"}
{"method": "GET", "path": "/product-performance-analyzer/_product_images/1/2600236.jpg", "endpoint": "product-performance-analyzer.get_product_image", "view-args": {"filename": "1/2600236.jpg"}, "status": 304, "user": "9942c672b9354771@lampenwelt.de", "timestamp": "2019-03-12T09:56:43.502707", "browser": "chrome", "browser-platform": "windows", "browser-version": "72.0.3626.121"}
{"method": "GET", "path": "/product-performance-analyzer/_product_images/1/2600407.jpg", "endpoint": "product-performance-analyzer.get_product_image", "view-args": {"filename": "1/2600407.jpg"}, "status": 304, "user": "9942c672b9354771@lampenwelt.de", "timestamp": "2019-03-12T09:56:43.508330", "browser": "chrome", "browser-platform": "windows", "browser-version": "72.0.3626.121"}
{"method": "GET", "path": "/product-performance-analyzer/_product_images/1/2600496.jpg", "endpoint": "product-performance-analyzer.get_product_image", "view-args": {"filename": "1/2600496.jpg"}, "status": 304, "user": "9942c672b9354771@lampenwelt.de", "timestamp": "2019-03-12T09:56:43.477153", "browser": "chrome", "browser-platform": "windows", "browser-version": "72.0.3626.121"}
{"method": "GET", "path": "/product-performance-analyzer/_product_images/1/2600013.jpg", "endpoint": "product-performance-analyzer.get_product_image", "view-args": {"filename": "1/2600013.jpg"}, "status": 304, "user": "9942c672b9354771@lampenwelt.de", "timestamp": "2019-03-12T09:56:43.519608", "browser": "chrome", "browser-platform": "windows", "browser-version": "72.0.3626.121"}
{"method": "GET", "path": "/product-performance-analyzer/_product_images/1/2600473.jpg", "endpoint": "product-performance-analyzer.get_product_image", "view-args": {"filename": "1/2600473.jpg"}, "status": 304, "user": "9942c672b9354771@lampenwelt.de", "timestamp": "2019-03-12T09:56:43.521511", "browser": "chrome", "browser-platform": "windows", "browser-version": "72.0.3626.121"}
{"method": "GET", "path": "/product-performance-analyzer/_product_images/1/2600408.jpg", "endpoint": "product-performance-analyzer.get_product_image", "view-args": {"filename": "1/2600408.jpg"}, "status": 304, "user": "9942c672b9354771@lampenwelt.de", "timestamp": "2019-03-12T09:56:43.534490", "browser": "chrome", "browser-platform": "windows", "browser-version": "72.0.3626.121"}
{"method": "GET", "path": "/product-performance-analyzer/_product_images/1/2600459.jpg", "endpoint": "product-performance-analyzer.get_product_image", "view-args": {"filename": "1/2600459.jpg"}, "status": 304, "user": "9942c672b9354771@lampenwelt.de", "timestamp": "2019-03-12T09:56:43.534502", "browser": "chrome", "browser-platform": "windows", "browser-version": "72.0.3626.121"}
{"method": "GET", "path": "/product-performance-analyzer/_product_images/1/2600498.jpg", "endpoint": "product-performance-analyzer.get_product_image", "view-args": {"filename": "1/2600498.jpg"}, "status": 404, "user": "9942c672b9354771@lampenwelt.de", "timestamp": "2019-03-12T09:56:43.535169", "browser": "chrome", "browser-platform": "windows", "browser-version": "72.0.3626.121"}
{"method": "GET", "path": "/product-performance-analyzer/_product_images/1/2600497.jpg", "endpoint": "product-performance-analyzer.get_product_image", "view-args": {"filename": "1/2600497.jpg"}, "status": 304, "user": "9942c672b9354771@lampenwelt.de", "timestamp": "2019-03-12T09:56:43.543817", "browser": "chrome", "browser-platform": "windows", "browser-version": "72.0.3626.121"}
{"method": "POST", "path": "/product-performance-analyzer/_render-mdx-request", "endpoint": "product-performance-analyzer.render_mdx_request", "view-args": {}, "status": 200, "user": "9942c672b9354771@lampenwelt.de", "timestamp": "2019-03-12T09:56:53.457399", "browser": "chrome", "browser-platform": "windows", "browser-version": "72.0.3626.121"}
{"method": "GET", "path": "/product-performance-analyzer/_product_images/1/2600498.jpg", "endpoint": "product-performance-analyzer.get_product_image", "view-args": {"filename": "1/2600498.jpg"}, "status": 404, "user": "9942c672b9354771@lampenwelt.de", "timestamp": "2019-03-12T09:56:53.501651", "browser": "chrome", "browser-platform": "windows", "browser-version": "72.0.3626.121"}
{"method": "GET", "path": "/product-performance-analyzer/", "endpoint": "product-performance-analyzer.product_filter_panel", "view-args": {}, "status": 200, "user": "2945b89f775d264f@lampenwelt.de", "timestamp": "2019-03-12T09:56:58.109633", "browser": "chrome", "browser-platform": "windows", "browser-version": "72.0.3626.121"}
{"method": "GET", "path": "/product-performance-analyzer/_last_successful_import", "endpoint": "product-performance-analyzer.last_successful_import", "view-args": {}, "status": 200, "user": "2945b89f775d264f@lampenwelt.de", "timestamp": "2019-03-12T09:56:58.455745", "browser": "chrome", "browser-platform": "windows", "browser-version": "72.0.3626.121"}
{"method": "POST", "path": "/product-performance-analyzer/_render-mdx-request", "endpoint": "product-performance-analyzer.render_mdx_request", "view-args": {}, "status": 200, "user": "2945b89f775d264f@lampenwelt.de", "timestamp": "2019-03-12T09:57:01.320045", "browser": "chrome", "browser-platform": "windows", "browser-version": "72.0.3626.121"}
{"method": "GET", "path": "/product-performance-analyzer/_product_images/1/9955063.jpg", "endpoint": "product-performance-analyzer.get_product_image", "view-args": {"filename": "1/9955063.jpg"}, "status": 200, "user": "2945b89f775d264f@lampenwelt.de", "timestamp": "2019-03-12T09:57:01.405933", "browser": "chrome", "browser-platform": "windows", "browser-version": "72.0.3626.121"}
{"method": "GET", "path": "/product-performance-analyzer/_product_images/1/9955065.jpg", "endpoint": "product-performance-analyzer.get_product_image", "view-args": {"filename": "1/9955065.jpg"}, "status": 200, "user": "2945b89f775d264f@lampenwelt.de", "timestamp": "2019-03-12T09:57:01.406385", "browser": "chrome", "browser-platform": "windows", "browser-version": "72.0.3626.121"}
{"method": "GET", "path": "/product-performance-analyzer/_product_images/1/9620325.jpg", "endpoint": "product-performance-analyzer.get_product_image", "view-args": {"filename": "1/9620325.jpg"}, "status": 200, "user": "2945b89f775d264f@lampenwelt.de", "timestamp": "2019-03-12T09:57:01.407486", "browser": "chrome", "browser-platform": "windows", "browser-version": "72.0.3626.121"}
{"method": "GET", "path": "/product-performance-analyzer/_product_images/1/9639006.jpg", "endpoint": "product-performance-analyzer.get_product_image", "view-args": {"filename": "1/9639006.jpg"}, "status": 404, "user": "2945b89f775d264f@lampenwelt.de", "timestamp": "2019-03-12T09:57:01.437842", "browser": "chrome", "browser-platform": "windows", "browser-version": "72.0.3626.121"}
{"method": "GET", "path": "/product-performance-analyzer/_product_images/1/9620584.jpg", "endpoint": "product-performance-analyzer.get_product_image", "view-args": {"filename": "1/9620584.jpg"}, "status": 404, "user": "2945b89f775d264f@lampenwelt.de", "timestamp": "2019-03-12T09:57:01.440809", "browser": "chrome", "browser-platform": "windows", "browser-version": "72.0.3626.121"}
{"method": "GET", "path": "/product-performance-analyzer/_product_images/1/9955062.jpg", "endpoint": "product-performance-analyzer.get_product_image", "view-args": {"filename": "1/9955062.jpg"}, "status": 200, "user": "2945b89f775d264f@lampenwelt.de", "timestamp": "2019-03-12T09:57:01.447071", "browser": "chrome", "browser-platform": "windows", "browser-version": "72.0.3626.121"}
{"method": "GET", "path": "/product-performance-analyzer/_product_images/1/9955069.jpg", "endpoint": "product-performance-analyzer.get_product_image", "view-args": {"filename": "1/9955069.jpg"}, "status": 200, "user": "2945b89f775d264f@lampenwelt.de", "timestamp": "2019-03-12T09:57:01.447464", "browser": "chrome", "browser-platform": "windows", "browser-version": "72.0.3626.121"}
{"method": "GET", "path": "/product-performance-analyzer/_product_images/1/7589014.jpg", "endpoint": "product-performance-analyzer.get_product_image", "view-args": {"filename": "1/7589014.jpg"}, "status": 404, "user": "2945b89f775d264f@lampenwelt.de", "timestamp": "2019-03-12T09:57:01.455362", "browser": "chrome", "browser-platform": "windows", "browser-version": "72.0.3626.121"}
{"method": "GET", "path": "/product-performance-analyzer/_product_images/1/9955066.jpg", "endpoint": "product-performance-analyzer.get_product_image", "view-args": {"filename": "1/9955066.jpg"}, "status": 200, "user": "2945b89f775d264f@lampenwelt.de", "timestamp": "2019-03-12T09:57:01.464609", "browser": "chrome", "browser-platform": "windows", "browser-version": "72.0.3626.121"}
{"method": "GET", "path": "/product-performance-analyzer/_product_images/1/9955067.jpg", "endpoint": "product-performance-analyzer.get_product_image", "view-args": {"filename": "1/9955067.jpg"}, "status": 200, "user": "2945b89f775d264f@lampenwelt.de", "timestamp": "2019-03-12T09:57:01.476106", "browser": "chrome", "browser-platform": "windows", "browser-version": "72.0.3626.121"}
{"method": "GET", "path": "/product-performance-analyzer/_product_images/1/9621733.jpg", "endpoint": "product-performance-analyzer.get_product_image", "view-args": {"filename": "1/9621733.jpg"}, "status": 200, "user": "2945b89f775d264f@lampenwelt.de", "timestamp": "2019-03-12T09:57:01.476771", "browser": "chrome", "browser-platform": "windows", "browser-version": "72.0.3626.121"}
{"method": "GET", "path": "/product-performance-analyzer/_product_images/1/9978011.jpg", "endpoint": "product-performance-analyzer.get_product_image", "view-args": {"filename": "1/9978011.jpg"}, "status": 200, "user": "2945b89f775d264f@lampenwelt.de", "timestamp": "2019-03-12T09:57:01.499262", "browser": "chrome", "browser-platform": "windows", "browser-version": "72.0.3626.121"}
{"method": "GET", "path": "/product-performance-analyzer/_product_images/1/9978012.jpg", "endpoint": "product-performance-analyzer.get_product_image", "view-args": {"filename": "1/9978012.jpg"}, "status": 200, "user": "2945b89f775d264f@lampenwelt.de", "timestamp": "2019-03-12T09:57:01.514072", "browser": "chrome", "browser-platform": "windows", "browser-version": "72.0.3626.121"}
{"method": "GET", "path": "/product-performance-analyzer/_product_images/1/9621276.jpg", "endpoint": "product-performance-analyzer.get_product_image", "view-args": {"filename": "1/9621276.jpg"}, "status": 200, "user": "2945b89f775d264f@lampenwelt.de", "timestamp": "2019-03-12T09:57:01.528433", "browser": "chrome", "browser-platform": "windows", "browser-version": "72.0.3626.121"}
{"method": "GET", "path": "/product-performance-analyzer/_product_images/1/7261131.jpg", "endpoint": "product-performance-analyzer.get_product_image", "view-args": {"filename": "1/7261131.jpg"}, "status": 404, "user": "2945b89f775d264f@lampenwelt.de", "timestamp": "2019-03-12T09:57:01.556878", "browser": "chrome", "browser-platform": "windows", "browser-version": "72.0.3626.121"}
{"method": "GET", "path": "/product-performance-analyzer/_product_images/1/9978015.jpg", "endpoint": "product-performance-analyzer.get_product_image", "view-args": {"filename": "1/9978015.jpg"}, "status": 200, "user": "2945b89f775d264f@lampenwelt.de", "timestamp": "2019-03-12T09:57:01.578040", "browser": "chrome", "browser-platform": "windows", "browser-version": "72.0.3626.121"}
{"method": "GET", "path": "/product-performance-analyzer/_product_images/1/9621327.jpg", "endpoint": "product-performance-analyzer.get_product_image", "view-args": {"filename": "1/9621327.jpg"}, "status": 200, "user": "2945b89f775d264f@lampenwelt.de", "timestamp": "2019-03-12T09:57:01.579631", "browser": "chrome", "browser-platform": "windows", "browser-version": "72.0.3626.121"}
{"method": "GET", "path": "/product-performance-analyzer/_product_images/1/9978009.jpg", "endpoint": "product-performance-analyzer.get_product_image", "view-args": {"filename": "1/9978009.jpg"}, "status": 200, "user": "2945b89f775d264f@lampenwelt.de", "timestamp": "2019-03-12T09:57:01.584843", "browser": "chrome", "browser-platform": "windows", "browser-version": "72.0.3626.121"}
{"method": "GET", "path": "/product-performance-analyzer/_product_images/1/9620585.jpg", "endpoint": "product-performance-analyzer.get_product_image", "view-args": {"filename": "1/9620585.jpg"}, "status": 404, "user": "2945b89f775d264f@lampenwelt.de", "timestamp": "2019-03-12T09:57:01.597549", "browser": "chrome", "browser-platform": "windows", "browser-version": "72.0.3626.121"}
{"method": "GET", "path": "/product-performance-analyzer/_product_images/1/9621145.jpg", "endpoint": "product-performance-analyzer.get_product_image", "view-args": {"filename": "1/9621145.jpg"}, "status": 404, "user": "2945b89f775d264f@lampenwelt.de", "timestamp": "2019-03-12T09:57:01.601123", "browser": "chrome", "browser-platform": "windows", "browser-version": "72.0.3626.121"}
{"method": "GET", "path": "/product-performance-analyzer/_product_images/1/7500205.jpg", "endpoint": "product-performance-analyzer.get_product_image", "view-args": {"filename": "1/7500205.jpg"}, "status": 404, "user": "2945b89f775d264f@lampenwelt.de", "timestamp": "2019-03-12T09:57:01.606111", "browser": "chrome", "browser-platform": "windows", "browser-version": "72.0.3626.121"}
{"method": "GET", "path": "/product-performance-analyzer/_product_images/1/9621174.jpg", "endpoint": "product-performance-analyzer.get_product_image", "view-args": {"filename": "1/9621174.jpg"}, "status": 200, "user": "2945b89f775d264f@lampenwelt.de", "timestamp": "2019-03-12T09:57:01.611211", "browser": "chrome", "browser-platform": "windows", "browser-version": "72.0.3626.121"}
{"method": "GET", "path": "/product-performance-analyzer/_product_images/1/7610569.jpg", "endpoint": "product-performance-analyzer.get_product_image", "view-args": {"filename": "1/7610569.jpg"}, "status": 200, "user": "2945b89f775d264f@lampenwelt.de", "timestamp": "2019-03-12T09:57:01.616621", "browser": "chrome", "browser-platform": "windows", "browser-version": "72.0.3626.121"}
{"method": "GET", "path": "/product-performance-analyzer/_product_images/1/9978010.jpg", "endpoint": "product-performance-analyzer.get_product_image", "view-args": {"filename": "1/9978010.jpg"}, "status": 200, "user": "2945b89f775d264f@lampenwelt.de", "timestamp": "2019-03-12T09:57:01.617755", "browser": "chrome", "browser-platform": "windows", "browser-version": "72.0.3626.121"}
{"method": "GET", "path": "/product-performance-analyzer/_product_images/1/9955068.jpg", "endpoint": "product-performance-analyzer.get_product_image", "view-args": {"filename": "1/9955068.jpg"}, "status": 200, "user": "2945b89f775d264f@lampenwelt.de", "timestamp": "2019-03-12T09:57:01.630012", "browser": "chrome", "browser-platform": "windows", "browser-version": "72.0.3626.121"}
{"method": "GET", "path": "/product-performance-analyzer/_product_images/1/9978014.jpg", "endpoint": "product-performance-analyzer.get_product_image", "view-args": {"filename": "1/9978014.jpg"}, "status": 200, "user": "2945b89f775d264f@lampenwelt.de", "timestamp": "2019-03-12T09:57:01.630036", "browser": "chrome", "browser-platform": "windows", "browser-version": "72.0.3626.121"}
{"method": "GET", "path": "/product-performance-analyzer/_product_images/1/9639022.jpg", "endpoint": "product-performance-analyzer.get_product_image", "view-args": {"filename": "1/9639022.jpg"}, "status": 200, "user": "2945b89f775d264f@lampenwelt.de", "timestamp": "2019-03-12T09:57:01.644662", "browser": "chrome", "browser-platform": "windows", "browser-version": "72.0.3626.121"}
{"method": "GET", "path": "/product-performance-analyzer/_product_images/1/9620153.jpg", "endpoint": "product-performance-analyzer.get_product_image", "view-args": {"filename": "1/9620153.jpg"}, "status": 404, "user": "2945b89f775d264f@lampenwelt.de", "timestamp": "2019-03-12T09:57:01.644725", "browser": "chrome", "browser-platform": "windows", "browser-version": "72.0.3626.121"}
{"method": "GET", "path": "/product-performance-analyzer/_product_images/1/9620723.jpg", "endpoint": "product-performance-analyzer.get_product_image", "view-args": {"filename": "1/9620723.jpg"}, "status": 404, "user": "2945b89f775d264f@lampenwelt.de", "timestamp": "2019-03-12T09:57:01.648077", "browser": "chrome", "browser-platform": "windows", "browser-version": "72.0.3626.121"}
{"method": "GET", "path": "/product-performance-analyzer/_product_images/1/9621846.jpg", "endpoint": "product-performance-analyzer.get_product_image", "view-args": {"filename": "1/9621846.jpg"}, "status": 200, "user": "2945b89f775d264f@lampenwelt.de", "timestamp": "2019-03-12T09:57:01.654737", "browser": "chrome", "browser-platform": "windows", "browser-version": "72.0.3626.121"}
{"method": "GET", "path": "/product-performance-analyzer/_product_images/1/6500200.jpg", "endpoint": "product-performance-analyzer.get_product_image", "view-args": {"filename": "1/6500200.jpg"}, "status": 404, "user": "2945b89f775d264f@lampenwelt.de", "timestamp": "2019-03-12T09:57:01.657036", "browser": "chrome", "browser-platform": "windows", "browser-version": "72.0.3626.121"}
{"method": "GET", "path": "/product-performance-analyzer/_product_images/1/9612037.jpg", "endpoint": "product-performance-analyzer.get_product_image", "view-args": {"filename": "1/9612037.jpg"}, "status": 404, "user": "2945b89f775d264f@lampenwelt.de", "timestamp": "2019-03-12T09:57:01.668951", "browser": "chrome", "browser-platform": "windows", "browser-version": "72.0.3626.121"}
{"method": "GET", "path": "/product-performance-analyzer/_product_images/1/5000285.jpg", "endpoint": "product-performance-analyzer.get_product_image", "view-args": {"filename": "1/5000285.jpg"}, "status": 404, "user": "2945b89f775d264f@lampenwelt.de", "timestamp": "2019-03-12T09:57:01.669078", "browser": "chrome", "browser-platform": "windows", "browser-version": "72.0.3626.121"}
{"method": "GET", "path": "/product-performance-analyzer/_product_images/1/9621463.jpg", "endpoint": "product-performance-analyzer.get_product_image", "view-args": {"filename": "1/9621463.jpg"}, "status": 200, "user": "2945b89f775d264f@lampenwelt.de", "timestamp": "2019-03-12T09:57:01.686735", "browser": "chrome", "browser-platform": "windows", "browser-version": "72.0.3626.121"}
{"method": "GET", "path": "/product-performance-analyzer/_product_images/1/9994010.jpg", "endpoint": "product-performance-analyzer.get_product_image", "view-args": {"filename": "1/9994010.jpg"}, "status": 404, "user": "2945b89f775d264f@lampenwelt.de", "timestamp": "2019-03-12T09:57:01.691996", "browser": "chrome", "browser-platform": "windows", "browser-version": "72.0.3626.121"}
{"method": "GET", "path": "/product-performance-analyzer/_product_images/1/9613045.jpg", "endpoint": "product-performance-analyzer.get_product_image", "view-args": {"filename": "1/9613045.jpg"}, "status": 200, "user": "2945b89f775d264f@lampenwelt.de", "timestamp": "2019-03-12T09:57:01.692069", "browser": "chrome", "browser-platform": "windows", "browser-version": "72.0.3626.121"}
{"method": "GET", "path": "/product-performance-analyzer/_product_images/1/9620320.jpg", "endpoint": "product-performance-analyzer.get_product_image", "view-args": {"filename": "1/9620320.jpg"}, "status": 200, "user": "2945b89f775d264f@lampenwelt.de", "timestamp": "2019-03-12T09:57:01.699984", "browser": "chrome", "browser-platform": "windows", "browser-version": "72.0.3626.121"}
{"method": "GET", "path": "/product-performance-analyzer/_product_images/1/9950162.jpg", "endpoint": "product-performance-analyzer.get_product_image", "view-args": {"filename": "1/9950162.jpg"}, "status": 404, "user": "2945b89f775d264f@lampenwelt.de", "timestamp": "2019-03-12T09:57:01.719223", "browser": "chrome", "browser-platform": "windows", "browser-version": "72.0.3626.121"}
{"method": "GET", "path": "/product-performance-analyzer/_product_images/1/9624339.jpg", "endpoint": "product-performance-analyzer.get_product_image", "view-args": {"filename": "1/9624339.jpg"}, "status": 404, "user": "2945b89f775d264f@lampenwelt.de", "timestamp": "2019-03-12T09:57:01.719891", "browser": "chrome", "browser-platform": "windows", "browser-version": "72.0.3626.121"}
{"method": "GET", "path": "/product-performance-analyzer/_product_images/1/9620721.jpg", "endpoint": "product-performance-analyzer.get_product_image", "view-args": {"filename": "1/9620721.jpg"}, "status": 404, "user": "2945b89f775d264f@lampenwelt.de", "timestamp": "2019-03-12T09:57:01.728293", "browser": "chrome", "browser-platform": "windows", "browser-version": "72.0.3626.121"}
{"method": "GET", "path": "/product-performance-analyzer/_product_images/1/9641007.jpg", "endpoint": "product-performance-analyzer.get_product_image", "view-args": {"filename": "1/9641007.jpg"}, "status": 200, "user": "2945b89f775d264f@lampenwelt.de", "timestamp": "2019-03-12T09:57:01.728759", "browser": "chrome", "browser-platform": "windows", "browser-version": "72.0.3626.121"}
{"method": "GET", "path": "/product-performance-analyzer/_product_images/1/9620323.jpg", "endpoint": "product-performance-analyzer.get_product_image", "view-args": {"filename": "1/9620323.jpg"}, "status": 200, "user": "2945b89f775d264f@lampenwelt.de", "timestamp": "2019-03-12T09:57:01.736698", "browser": "chrome", "browser-platform": "windows", "browser-version": "72.0.3626.121"}
{"method": "GET", "path": "/product-performance-analyzer/_product_images/1/9621343.jpg", "endpoint": "product-performance-analyzer.get_product_image", "view-args": {"filename": "1/9621343.jpg"}, "status": 200, "user": "2945b89f775d264f@lampenwelt.de", "timestamp": "2019-03-12T09:57:01.749658", "browser": "chrome", "browser-platform": "windows", "browser-version": "72.0.3626.121"}
{"method": "GET", "path": "/product-performance-analyzer/_product_images/1/9621521.jpg", "endpoint": "product-performance-analyzer.get_product_image", "view-args": {"filename": "1/9621521.jpg"}, "status": 200, "user": "2945b89f775d264f@lampenwelt.de", "timestamp": "2019-03-12T09:57:01.751683", "browser": "chrome", "browser-platform": "windows", "browser-version": "72.0.3626.121"}
{"method": "GET", "path": "/product-performance-analyzer/_product_images/1/4018055.jpg", "endpoint": "product-performance-analyzer.get_product_image", "view-args": {"filename": "1/4018055.jpg"}, "status": 200, "user": "2945b89f775d264f@lampenwelt.de", "timestamp": "2019-03-12T09:57:01.771163", "browser": "chrome", "browser-platform": "windows", "browser-version": "72.0.3626.121"}
{"method": "GET", "path": "/product-performance-analyzer/_product_images/1/7610568.jpg", "endpoint": "product-performance-analyzer.get_product_image", "view-args": {"filename": "1/7610568.jpg"}, "status": 200, "user": "2945b89f775d264f@lampenwelt.de", "timestamp": "2019-03-12T09:57:01.771305", "browser": "chrome", "browser-platform": "windows", "browser-version": "72.0.3626.121"}
{"method": "GET", "path": "/product-performance-analyzer/_product_images/1/9625025.jpg", "endpoint": "product-performance-analyzer.get_product_image", "view-args": {"filename": "1/9625025.jpg"}, "status": 404, "user": "2945b89f775d264f@lampenwelt.de", "timestamp": "2019-03-12T09:57:01.773230", "browser": "chrome", "browser-platform": "windows", "browser-version": "72.0.3626.121"}
{"method": "GET", "path": "/product-performance-analyzer/_product_images/1/8559210.jpg", "endpoint": "product-performance-analyzer.get_product_image", "view-args": {"filename": "1/8559210.jpg"}, "status": 200, "user": "2945b89f775d264f@lampenwelt.de", "timestamp": "2019-03-12T09:57:01.785028", "browser": "chrome", "browser-platform": "windows", "browser-version": "72.0.3626.121"}
{"method": "GET", "path": "/product-performance-analyzer/_product_images/1/9620324.jpg", "endpoint": "product-performance-analyzer.get_product_image", "view-args": {"filename": "1/9620324.jpg"}, "status": 200, "user": "2945b89f775d264f@lampenwelt.de", "timestamp": "2019-03-12T09:57:01.805349", "browser": "chrome", "browser-platform": "windows", "browser-version": "72.0.3626.121"}
{"method": "GET", "path": "/product-performance-analyzer/_product_images/1/9515126.jpg", "endpoint": "product-performance-analyzer.get_product_image", "view-args": {"filename": "1/9515126.jpg"}, "status": 404, "user": "2945b89f775d264f@lampenwelt.de", "timestamp": "2019-03-12T09:57:01.805767", "browser": "chrome", "browser-platform": "windows", "browser-version": "72.0.3626.121"}
{"method": "POST", "path": "/product-performance-analyzer/_render-mdx-request", "endpoint": "product-performance-analyzer.render_mdx_request", "view-args": {}, "status": 200, "user": "9942c672b9354771@lampenwelt.de", "timestamp": "2019-03-12T09:57:24.606440", "browser": "chrome", "browser-platform": "windows", "browser-version": "72.0.3626.121"}
