{"method": "GET", "path": "/dashboards/sales-comparison", "endpoint": "dashboards.view_dashboard", "view-args": {"id": "sales-comparison"}, "status": 200, "user": "2945b89f775d264f@lampenwelt.de", "timestamp": "2019-03-12T07:21:47.789993", "browser": "chrome", "browser-platform": "windows", "browser-version": "72.0.3626.121"}
{"method": "GET", "path": "/dashboards/_render_async_sql_query/569fad4e-0ff9-4b70-900e-900c84a27f47", "endpoint": "dashboards.render_async_sql_query", "view-args": {"id": "569fad4e-0ff9-4b70-900e-900c84a27f47"}, "status": 200, "user": "2945b89f775d264f@lampenwelt.de", "timestamp": "2019-03-12T07:21:48.226207", "browser": "chrome", "browser-platform": "windows", "browser-version": "72.0.3626.121"}
{"method": "GET", "path": "/dashboards/_last_successful_import", "endpoint": "dashboards.last_successful_import", "view-args": {}, "status": 200, "user": "2945b89f775d264f@lampenwelt.de", "timestamp": "2019-03-12T07:21:48.228224", "browser": "chrome", "browser-platform": "windows", "browser-version": "72.0.3626.121"}
{"method": "GET", "path": "/dashboards/_render_async_sql_query/baf978dc-c0cb-42f7-b5bb-019bd992f747", "endpoint": "dashboards.render_async_sql_query", "view-args": {"id": "baf978dc-c0cb-42f7-b5bb-019bd992f747"}, "status": 200, "user": "2945b89f775d264f@lampenwelt.de", "timestamp": "2019-03-12T07:21:48.233673", "browser": "chrome", "browser-platform": "windows", "browser-version": "72.0.3626.121"}
{"method": "GET", "path": "/dashboards/_last_marketing_cost/sales-comparison", "endpoint": "dashboards.last_marketing_cost", "view-args": {"id": "sales-comparison"}, "status": 200, "user": "2945b89f775d264f@lampenwelt.de", "timestamp": "2019-03-12T07:21:48.234733", "browser": "chrome", "browser-platform": "windows", "browser-version": "72.0.3626.121"}
