{"method": "GET", "path": "/dashboards/sales-comparison", "endpoint": "dashboards.view_dashboard", "view-args": {"id": "sales-comparison"}, "status": 200, "user": "4cc33a8ae3d9bb44@lampenwelt.de", "timestamp": "2019-04-27T13:21:10.098571", "browser": "chrome", "browser-platform": "windows", "browser-version": "73.0.3683.103"}
{"method": "GET", "path": "/dashboards/_render_async_sql_query/1fef0065-3e17-4f8d-b66e-4415b6cacf77", "endpoint": "dashboards.render_async_sql_query", "view-args": {"id": "1fef0065-3e17-4f8d-b66e-4415b6cacf77"}, "status": 200, "user": "4cc33a8ae3d9bb44@lampenwelt.de", "timestamp": "2019-04-27T13:21:11.026343", "browser": "chrome", "browser-platform": "windows", "browser-version": "73.0.3683.103"}
{"method": "GET", "path": "/dashboards/_render_async_sql_query/b6d42a36-a718-4efd-b725-f98aeb6ec723", "endpoint": "dashboards.render_async_sql_query", "view-args": {"id": "b6d42a36-a718-4efd-b725-f98aeb6ec723"}, "status": 200, "user": "4cc33a8ae3d9bb44@lampenwelt.de", "timestamp": "2019-04-27T13:21:11.031592", "browser": "chrome", "browser-platform": "windows", "browser-version": "73.0.3683.103"}
{"method": "GET", "path": "/dashboards/_render_async_sql_query/2af7d2cd-df04-4396-b581-a47db6a69ef9", "endpoint": "dashboards.render_async_sql_query", "view-args": {"id": "2af7d2cd-df04-4396-b581-a47db6a69ef9"}, "status": 200, "user": "4cc33a8ae3d9bb44@lampenwelt.de", "timestamp": "2019-04-27T13:21:11.034115", "browser": "chrome", "browser-platform": "windows", "browser-version": "73.0.3683.103"}
{"method": "GET", "path": "/dashboards/_last_marketing_cost/sales-comparison", "endpoint": "dashboards.last_marketing_cost", "view-args": {"id": "sales-comparison"}, "status": 200, "user": "4cc33a8ae3d9bb44@lampenwelt.de", "timestamp": "2019-04-27T13:21:11.043684", "browser": "chrome", "browser-platform": "windows", "browser-version": "73.0.3683.103"}
{"method": "GET", "path": "/dashboards/_render_async_sql_query/34b3d330-541f-45e6-80af-5bd0ef7483f7", "endpoint": "dashboards.render_async_sql_query", "view-args": {"id": "34b3d330-541f-45e6-80af-5bd0ef7483f7"}, "status": 200, "user": "4cc33a8ae3d9bb44@lampenwelt.de", "timestamp": "2019-04-27T13:21:11.052784", "browser": "chrome", "browser-platform": "windows", "browser-version": "73.0.3683.103"}
{"method": "GET", "path": "/dashboards/_last_successful_import", "endpoint": "dashboards.last_successful_import", "view-args": {}, "status": 200, "user": "4cc33a8ae3d9bb44@lampenwelt.de", "timestamp": "2019-04-27T13:21:11.125453", "browser": "chrome", "browser-platform": "windows", "browser-version": "73.0.3683.103"}
{"method": "GET", "path": "/dashboards/_render_async_sql_query/dddd4dab-eb28-4a0c-aa80-2104e343b5af", "endpoint": "dashboards.render_async_sql_query", "view-args": {"id": "dddd4dab-eb28-4a0c-aa80-2104e343b5af"}, "status": 200, "user": "4cc33a8ae3d9bb44@lampenwelt.de", "timestamp": "2019-04-27T13:21:11.164445", "browser": "chrome", "browser-platform": "windows", "browser-version": "73.0.3683.103"}
{"method": "GET", "path": "/dashboards/_render_async_sql_query/a2ee12f0-2d04-48e8-ba08-ba784953d86d", "endpoint": "dashboards.render_async_sql_query", "view-args": {"id": "a2ee12f0-2d04-48e8-ba08-ba784953d86d"}, "status": 200, "user": "4cc33a8ae3d9bb44@lampenwelt.de", "timestamp": "2019-04-27T13:21:11.211132", "browser": "chrome", "browser-platform": "windows", "browser-version": "73.0.3683.103"}
